PSA_ID,Domain,Sub_Category,English,Kiswahili,Target_Language,Source,Date,Metadata
HEALTH_001,Health,,"We are advising all health workers to ensure they are wearing masks and PPEs at all times. 
Please take all the measures we have announced seriously.","Tunawashauri wafanyakazi wote wa afya kuhakikisha wamevaa barakoa na vifaa vya kujikinga wakati wote.

Tafadhali chukua hatua zote ambazo tumetangaza kwa uzito.",,https://www.instagram.com/reel/DZfhX7ys8F1/,,original_id=1262; class=extracted_from_class_dataset
HEALTH_002,Health,,"Restaurants must;
1.ensure quality & safety of food, rinse &sanitize food contact surfaces, disinfect surfaces, floors & counters.
2.Install adequate portable running water & accessible washing basins for hand washing purposes, at the entrance & exit points.","Mikahawa lazima;
1. kuhakikisha ubora na usalama wa chakula, suuza na usafi wa nyuso zinazogusa chakula, safisha nyuso, sakafu na kaunta.
2. Weka maji ya kutosha yanayobebeka na beseni za kufulia zinazoweza kufikika kwa ajili ya kunawia mikono, kwenye sehemu za kuingilia na za kutokea.",,https://www.facebook.com/kebs.org/posts/press-releases-kebs-issues-covid-19-hygiene-and-safety-protocols-for-food-busine/5009057725833580/,,original_id=1263; class=extracted_from_class_dataset
HEALTH_003,Health,,"We are advising members of the public to put on masks when getting into a matatu one is advised to put on a mask.
Local production of masks and PPEs has began","Tunawashauri wananchi kuvaa barakoa wanapoingia kwenye matatu, mtu anashauriwa kuvaa barakoa.

Uzalishaji wa barakoa na vifaa vya kujikinga umeanza.",,https://www.facebook.com/KTNNewsKenya/posts/health-ministry-lifts-rule-requiring-kenyans-to-wear-facemasks-in-public-places-/3068158690113363/,,original_id=1264; class=extracted_from_class_dataset
HEALTH_004,Health,,"This are the first steps to keeping your family safe from Covid 19;
1.Wash your hands regularly with soap & running water
2. Cover your mouth and nose with a flexed elbow or tissue, when coughing or sneezing.
3.Avoid close contact with anyone who has cold or flu-like symptoms","Hizi ni hatua za kwanza za kulinda familia yako kutokana na Covid 19;
1. Osha mikono yako mara kwa mara kwa sabuni na maji yanayotiririka
2. Funika mdomo na pua yako kwa kiwiko au tishu iliyokunjwa, unapokohoa au kupiga chafya.
3. Epuka kugusana kwa karibu na mtu yeyote ambaye ana dalili za mafua au mafua.",,https://www.facebook.com/MinistryofHealthTT/posts/protect-yourself-and-your-loved-ones-from-getting-the-novelcoronavirus-by-follow/3110268189002968/,,original_id=1265; class=extracted_from_class_dataset
HEALTH_005,Health,,Alcohol and Smoking will increase the risks of having high blood pressure. While you STAY AT HOME reduce alcohol intake and smoking.,Pombe na Uvutaji Sigara vitaongeza hatari za kuwa na shinikizo la damu. Unapokaa NYUMBANI punguza unywaji wa pombe na uvutaji sigara.,,https://en.wikipedia.org/wiki/Kenya,,original_id=1266; class=extracted_from_class_dataset
HEALTH_006,Health,,"Be safe from coronavirus.Washing your hands is the most important way to stop transmission.
1.Wet hands
2.Apply enough soap
3.Scrub all surfaces of the hands for 20-30 seconds.
4.Rinse thoroughly with running water
5.Dry hands with a clean cloth or single-use towel","Kuwa salama kutokana na virusi vya corona. Kuosha mikono yako ndiyo njia muhimu zaidi ya kuzuia maambukizi.

1. Lowesha mikono
2. Paka sabuni ya kutosha
3. Sugua sehemu zote za mikono kwa sekunde 20-30.

4. Suuza vizuri na maji yanayotiririka
5. Kausha mikono kwa kitambaa safi au taulo ya matumizi moja",,https://www.facebook.com/UNICEFKenya/posts/one-of-the-most-effective-ways-to-protect-yourself-from-coronavirus-is-washing-y/2898164520265020/,,original_id=1267; class=extracted_from_class_dataset
HEALTH_007,Health,,"How to boost your immune system against the COVID-19;
1. Stay hydrated - drink 3-4 litres of water daily.
2. Take antioxidant-rich diet - amla, guava, green leafy veggies, spinach, garlic, green tea, peppers, turmeric
3. Exercise
4. Meditation
5. Quality sleep","Jinsi ya kuimarisha kinga yako dhidi ya COVID-19;
1. Endelea kuwa na maji mwilini - kunywa lita 3-4 za maji kila siku.
2. Chukua lishe yenye vioksidishaji vingi - amla, guava, mboga za majani mabichi, mchicha, kitunguu saumu, chai ya kijani, pilipili hoho, manjano
3. Mazoezi
4. Kutafakari
5. Usingizi bora",,https://www.researchgate.net/publication/352233521_Effect_of_water_consumption_over_the_immune_system_response_given_during_Covid-19,,original_id=1268; class=extracted_from_class_dataset
HEALTH_008,Health,,You have to be registered to get the COVID-19 vaccine.  You can do this at the nearest health facility or be registering on the MOH_Kenya website (http://health.go.ke). All you need is your ID card. Kindly assist your elderly relatives to get registered,Lazima uwe umesajiliwa ili kupata chanjo ya COVID-19. Unaweza kufanya hivi katika kituo cha afya kilicho karibu au kujiandikisha kwenye tovuti ya MOH_Kenya (http://health.go.ke). Unachohitaji ni kitambulisho chako. Tafadhali wasaidie jamaa zako wazee kujiandikisha.,,https://www.facebook.com/SpokesPersonKenya/posts/everyone-above-the-age-of-58-and-above-is-asked-to-visit-any-of-the-following-fa/3625985440860631/,,original_id=1269; class=extracted_from_class_dataset
HEALTH_009,Health,,"Health CS Mutahi Kagwe says total lockdown on the table if coronavirus cases escalate, urges Kenyans to limit social interactions.","Waziri wa Afya Mutahi Kagwe anasema amri ya kutotoka nje ikiwa visa vya virusi vya corona vitaongezeka, anawahimiza Wakenya kupunguza mwingiliano wa kijamii.",,https://www.facebook.com/nation/posts/coming-next-two-weeks-most-critical-for-the-country-in-fight-against-coronavirus/10158502365389497/,,original_id=1270; class=extracted_from_class_dataset
HEALTH_010,Health,,"Covid-19 variant from India detected in Kenya, MoH says the case was reported in Kisumu.","Wizara ya Afya inasema kisa hicho kiliripotiwa Kisumu, aina ya Covid-19 kutoka India ikigunduliwa nchini Kenya.",,https://pmc.ncbi.nlm.nih.gov/articles/PMC8902869/,,original_id=1271; class=extracted_from_class_dataset
HEALTH_011,Health,,"A small number of vaccinated people may get infected with COVID-19 after vaccination; this is called a breakthrough infection, but they are likely to have milder symptoms than if they were not vaccinated.","Idadi ndogo ya watu waliochanjwa wanaweza kuambukizwa COVID-19 baada ya chanjo; hii inaitwa maambukizi ya mafanikio, lakini kuna uwezekano wa kuwa na dalili ndogo kuliko kama hawakuchanjwa.",,https://pmc.ncbi.nlm.nih.gov/articles/PMC9358243/,,original_id=1272; class=extracted_from_class_dataset
HEALTH_012,Health,,"All COVID-19 vaccines are safe for use by adults, breastfeeding mothers and as per current WHO guidelines, can also be used by pregnant women upon recommendation by a qualified physician.","Chanjo zote za COVID-19 ni salama kwa matumizi ya watu wazima, akina mama wanaonyonyesha na kulingana na miongozo ya sasa ya WHO, zinaweza pia kutumiwa na wanawake wajawazito kwa mapendekezo ya daktari aliyehitimu.",,https://pmc.ncbi.nlm.nih.gov/articles/PMC9746464/,,original_id=1273; class=extracted_from_class_dataset
HEALTH_013,Health,,Taking different types of vaccines is not recommended. After being fully vaccinated you will obtain your COVID-19 certificate  from the MOH website https://portal.health.go.ke.,Kuchukua aina tofauti za chanjo haipendekezwi. Baada ya kuchanjwa kikamilifu utapata cheti chako cha COVID-19 kutoka kwa tovuti ya MOH https://portal.health.go.ke.,,https://pmc.ncbi.nlm.nih.gov/articles/PMC9746464/,,original_id=1274; class=extracted_from_class_dataset
HEALTH_014,Health,,"Five new Mpox cases detected in Kenya, one patient in isolation","Visa vitano vipya vya Mpox vyagunduliwa nchini Kenya, mgonjwa mmoja akiwa ametengwa",,https://beaconbio.org/en/report/?reportid=71e3de03-347b-4be7-b434-4ef27a771f34&eventid=7c824e2a-eef1-4b27-8ef4-f947570c80b7,,original_id=1276; class=extracted_from_class_dataset
HEALTH_015,Health,,"Key causes of TB include undernutrition, HIV, alcohol use disorders, smoking, and diabetes. Get the word out! We can eradicate TB together","Sababu kuu za Kifua Kikuu ni pamoja na lishe duni, VVU, matatizo ya matumizi ya pombe, uvutaji sigara, na kisukari. Fahamu! Tunaweza kutokomeza Kifua Kikuu pamoja",,https://www.facebook.com/WHOAFRO/posts/in-2023-these-were-the-key-drivers-of-new-tb-cases-in-africa-hiv-undernutrition-/1113804087593310/,,original_id=1277; class=extracted_from_class_dataset
HEALTH_016,Health,,Coughing! Fever! Night sweats! Chest pains! Weight loss! You could have TB. Testing and treatment are free at all public hospitals!Get tested today!,Kikohozi! Homa! Jasho la usiku! Maumivu ya kifua! Kupunguza uzito! Unaweza kuwa na TB. Upimaji na matibabu ni bure katika hospitali zote za umma! Pima leo!,,https://www.facebook.com/WHO/posts/tuberculosis-or-tb-is-caused-by-bacteria-mycobacterium-tuberculosis-that-mainly-/1490480356444683/,,original_id=1278; class=extracted_from_class_dataset
HEALTH_017,Health,,"To get cured of TB, you must complete the entire course of treatment as advised by the health worker.","Ili kupona kifua kikuu, ni lazima ukamilishe matibabu yote kama ilivyoshauriwa na mfanyakazi wa afya.",,https://www.facebook.com/MoHBhutan/posts/%F0%9D%90%85%F0%9D%90%A2%F0%9D%90%AF%F0%9D%90%9E-%F0%9D%90%A8%F0%9D%90%A7-%F0%9D%90%85%F0%9D%90%AB%F0%9D%90%A2%F0%9D%90%9D%F0%9D%90%9A%F0%9D%90%B2tb-can-be-cured-dont-skip-doses-fof-tb-doph/1331043682181794/,,original_id=1279; class=extracted_from_class_dataset
HEALTH_018,Health,,"Key points to stop Mpox spread: Avoid close contact with individuals showing symptoms. Do not share personal items like towels, utensils, or clothing. Maintain good hygiene by washing hands frequently.","Mambo muhimu ya kuzuia kuenea kwa Mpox: Epuka kugusana kwa karibu na watu wanaoonyesha dalili. Usishiriki vitu vya kibinafsi kama vile taulo, vyombo, au nguo. Dumisha usafi mzuri kwa kunawa mikono mara kwa mara.",,https://www.facebook.com/MSFEasternAfrica/posts/-mpox-what-you-need-to-know-mpox-caused-by-the-monkeypox-virus-has-been-a-growin/917875937050372/,,original_id=1280; class=extracted_from_class_dataset
HEALTH_019,Health,,"Mpox symptoms include fever, rash, and swollen lymph nodes. Seek medical care immediately if you notice any of these.","Dalili za Mpox ni pamoja na homa, upele, na uvimbe wa tezi za limfu. Tafuta huduma ya matibabu mara moja ikiwa utagundua yoyote kati ya haya.",,https://my.clevelandclinic.org/health/diseases/22371-monkeypox,,original_id=1281; class=extracted_from_class_dataset
HEALTH_020,Health,,Mpox outbreak in Mombasa. Two people have died from Monkey Pox disease. Mombasa County has reported 98 Monkey Pox cases. There is a lot of active community transmission,Mlipuko wa Mpox Mombasa. Watu wawili wamefariki kutokana na ugonjwa wa Tumbili. Kaunti ya Mombasa imeripoti visa 98 vya Tumbili. Kuna maambukizi mengi ya kijamii yanayoendelea,,https://www.facebook.com/CitizenTVKe/posts/mpox-outbreak-in-mombasa-two-people-have-died-from-monkey-pox-disease-mombasa-co/1327181402100531/,,original_id=1282; class=extracted_from_class_dataset
HEALTH_021,Health,,Ban on all public gatherings extended to May 29 to curb the spread of Covid-19.,Marufuku ya mikusanyiko yote ya umma yaongezwa hadi Mei 29 ili kupunguza kuenea kwa Covid-19.,,https://who-afro.ctb.ku.edu/act/implementing-the-covid-19-response-in-kenya/,,original_id=1284; class=extracted_from_class_dataset
HEALTH_022,Health,,"Kenya confirms 10 more Covid-19 cases bringing the total number of confirmed infections to 384, nine of the new cases are from Mombasa and one from Nairobi","Kenya yathibitisha visa 10 zaidi vya Covid-19 na kufikisha jumla ya maambukizi 384, tisa kati ya visa vipya ni kutoka Mombasa na kimoja kutoka Nairobi.",,https://www.facebook.com/thenewvision/posts/in-kenya-9-people-have-tested-positive-for-covid19-bringing-the-total-to-225-cas/10158429766274078/,,original_id=1286; class=extracted_from_class_dataset
HEALTH_023,Health,,I have invoked the public health act after it was declared a pandemic. Thoroughly wash hands and use alcohol based sanitizers. Keep 1-meter distance from a person who is sneezing or coughing. A person who is coughing or sneezing should stay at home and avoid crowds,Nimeitisha sheria ya afya ya umma baada ya kutangazwa kuwa janga. Osha mikono vizuri na utumie vitakasa mikono vyenye pombe. Weka umbali wa mita 1 kutoka kwa mtu anayepiga chafya au kukohoa. Mtu anayekohoa au kupiga chafya anapaswa kukaa nyumbani na kuepuka misongamano ya watu.,,https://www.boomplay.com/buzz/1080018,,original_id=1287; class=extracted_from_class_dataset
HEALTH_024,Health,,Kenya on high alert over new and deadly mosquito. Anopheles Stephensi causes the deadliest type of Malaria. Health researchers have found the mosquito in Mandera. Mosquito spreads Malaria in both urban and rural areas,Kenya iko macho kuhusu mbu mpya na hatari. Anopheles Stephensi husababisha aina mbaya zaidi ya Malaria. Watafiti wa afya wamegundua mbu huko Mandera. Mbu hueneza Malaria katika maeneo ya mijini na vijijini,,https://www.lemonde.fr/en/le-monde-africa/article/2023/03/16/spread-of-a-new-mosquito-threatens-malaria-control-in-kenya_6019528_124.html?srsltid=AfmBOorvxpzTXfQ_0l5v4G3s8QDWaj8C7Ax-AUzJvGAPghKBlnt6Ryrt,,original_id=1288; class=extracted_from_class_dataset
HEALTH_025,Health,,Kisumu Governor Nyong'o orders all restaurants shut in the county for failing to adhere to MoH measures against Covid-19.,Gavana wa Kisumu Nyong'o aamuru migahawa yote ifungwe katika kaunti hiyo kwa kushindwa kufuata sheria za Wizara ya Afya dhidi ya Covid-19.,,https://www.youtube.com/watch?v=YICC0KMsHzI,,original_id=1289; class=extracted_from_class_dataset
HEALTH_026,Health,,CDC launches a campaign promoting hand hygiene to prevent disease spread.,CDC yazindua kampeni ya kuhimiza usafi wa mikono ili kuzuia kuenea kwa magonjwa.,,https://www.cdc.gov/global-health/impact/handwashing-stops-disease-community-settings.html,,original_id=1290; class=extracted_from_class_dataset
HEALTH_027,Health,,State launches Kenya National Public Health Institute to bolster disease prevention,Serikali yazindua Taasisi ya Kitaifa ya Afya ya Umma ya Kenya ili kuimarisha kinga dhidi ya magonjwa,,https://x.com/MOH_Kenya/status/1920383655970545932,,original_id=1291; class=extracted_from_class_dataset
HEALTH_028,Health,,"If you fee unweel, have a cold, a cough or fever, please call 719 or text *719#","Ikiwa unajisikia vibaya, una mafua, kikohozi au homa, tafadhali piga simu 719 au tuma ujumbe mfupi *719#",,https://www.facebook.com/MinstryofHealthKE/posts/what-should-i-do-if-i-have-symptoms-if-you-have-a-fever-coughing-and-shortness-o/3203122759732725/,,original_id=1292; class=extracted_from_class_dataset
HEALTH_029,Health,,"During this time, prisoners and remandees will not be presented to court.","Wakati huu, wafungwa na mahabusu hawatafikishwa mahakamani.",,https://judiciary.go.ke/press-statement-administrative-and-contingency-management-plan-to-mitigate-covid-19-in-kenyas-justice-sector/,,original_id=1294; class=extracted_from_class_dataset
HEALTH_030,Health,,Courts will continue to handle certificates of urgency and taking plea for serious cases.,Mahakama zitaendelea kushughulikia vyeti vya dharura na kupokea malalamiko ya kesi kubwa.,,https://www.instagram.com/reel/DTaOXSRjveM/,,original_id=1295; class=extracted_from_class_dataset
HEALTH_031,Health,,Judges in all stations will in the meantime review the deserving cases already identified by Prisons authorities and issue appropriate revision orders in an effort to decongest the prisons. Magistrate Courts will also review bail terms for those in remand.,Majaji katika vituo vyote kwa wakati huo huo watapitia kesi zinazostahili ambazo tayari zimetambuliwa na mamlaka ya Magereza na kutoa amri zinazofaa za marekebisho katika juhudi za kupunguza msongamano wa magereza. Mahakama za Mahakimu pia zitapitia masharti ya dhamana kwa wale walio mahabusu.,,https://judiciary.go.ke/press-statement-administrative-and-contingency-management-plan-to-mitigate-covid-19-in-kenyas-justice-sector/,,original_id=1296; class=extracted_from_class_dataset
HEALTH_032,Health,,"The Nyeri ELRC is closed from 24th August to 7th September 2020 due to two confirmed COVID-19 cases, with fumigation and staff self-quarantine underway. No certificates will be processed during this period. The court will reopen for virtual hearings on 21st September, with physical hearings expected to resume under the Presiding Judge’s supervision in early October.","Kituo cha ELRC cha Nyeri kimefungwa kuanzia tarehe 24 Agosti hadi 7 Septemba 2020 kutokana na visa viwili vilivyothibitishwa vya COVID-19, huku dawa ya kufukiza na kujitenga kwa wafanyakazi kukiwa kunaendelea. Hakuna vyeti vitakavyoshughulikiwa katika kipindi hiki. Mahakama itafunguliwa tena kwa ajili ya vikao vya mtandaoni tarehe 21 Septemba, huku vikao vya kimwili vikitarajiwa kuanza tena chini ya usimamizi wa Jaji Mkuu mapema Oktoba.",,https://en.wikipedia.org/wiki/COVID-19_pandemic_in_Kenya,,original_id=1297; class=extracted_from_class_dataset
HEALTH_033,Health,,"Kenya reports record daily jump in Covid-19 cases; 123 new infections from 3,077 samples tested.","Kenya inaripoti ongezeko kubwa la visa vya Covid-19 kila siku; maambukizi mapya 123 kutoka kwa sampuli 3,077 zilizopimwa.",,https://www.facebook.com/Hot96FMKenya/photos/kenya-reports-record-daily-jump-in-covid-19-cases-123-new-infections-from-3077-s/10157220211437045/,,original_id=1300; class=extracted_from_class_dataset
HEALTH_034,Health,,"Trump’s policy hits Kenyan health initiatives. Policy halts supply of HIV, Malaria and TB drugs. Move also affects medical supplies of newborn babies. Barasa: We’ll look for funding elsewhere if US pulls ou","Sera ya Trump inaathiri mipango ya afya ya Kenya. Sera inasimamisha usambazaji wa dawa za VVU, Malaria na TB. Hatua hiyo pia inaathiri vifaa vya matibabu vya watoto wachanga. Barasa: Tutatafuta ufadhili kwingineko ikiwa Marekani itaondoa",,https://www.facebook.com/dw.africa/posts/the-us-is-reshaping-its-global-health-policy-and-africa-is-feeling-the-impact-se/1324533273043895/,,original_id=1301; class=extracted_from_class_dataset
HEALTH_035,Health,,"Nigerian company to make HIV, malaria test kits after US funding cut",Kampuni ya Nigeria kutengeneza vifaa vya kupima VVU na malaria baada ya ufadhili wa Marekani kupunguzwa,,https://www.malariaworld.org/news/nigerian-company-to-make-hiv-malaria-test-kits-after-us-funding-cut,,original_id=1302; class=extracted_from_class_dataset
HEALTH_036,Health,,"Global Fund CEO requests Ruto to mobilise funds for HIV, TB & malaria","Mkurugenzi Mtendaji wa Mfuko wa Kimataifa amtaka Ruto kuchangisha fedha kwa ajili ya VVU, Kifua Kikuu na Malaria",,https://www.facebook.com/fredrick.nyaga.7/posts/%F0%9D%97%9A%F0%9D%97%9F%F0%9D%97%A2%F0%9D%97%95%F0%9D%97%94%F0%9D%97%9F-%F0%9D%97%99%F0%9D%97%A8%F0%9D%97%A1%F0%9D%97%97-%F0%9D%97%A6%F0%9D%97%98%F0%9D%97%98%F0%9D%97%9E%F0%9D%97%A6-%F0%9D%97%A5%F0%9D%97%A8%F0%9D%97%A7%F0%9D%97%A2%F0%9D%98%80-%F0%9D%97%9C%F0%9D%97%A1%F0%9D%97%A3%F0%9D%97%A8%F0%9D%97%A7-%F0%9D%97%A7%F0%9D%97%A2-%F0%9D%97%99%F0%9D%97%A8%F0%9D%97%A1%F0%9D%97%97%F0%9D%97%A5%F0%9D%97%94%F0%9D%97%9C%F0%9D%97%A6%F0%9D%97%98-%F0%9D%97%99%F0%9D%97%A2%F0%9D%97%A5-%F0%9D%97%9B%F0%9D%97%98%F0%9D%97%94%F0%9D%97%9F%F0%9D%97%A7%F0%9D%97%9Bthe-global-fund-has-sought-/29033700146228433/,,original_id=1303; class=extracted_from_class_dataset
HEALTH_037,Health,,"Kenya faces crisis as Trump’s Executive Order to cut supply of HIV, malaria drugs",Kenya inakabiliwa na mgogoro huku amri ya Trump ikipunguza usambazaji wa dawa za HIV na malaria,,https://www.facebook.com/hiiraanonlinepage/posts/kenya-faces-crisis-as-trumps-executive-order-to-cut-supply-of-hiv-malaria-drugs/1022659456573211/,,original_id=1304; class=extracted_from_class_dataset
HEALTH_038,Health,,KEMRI study shows ivermectin significantly reduces malaria transmission,Utafiti wa KEMRI unaonyesha ivermectin hupunguza kwa kiasi kikubwa maambukizi ya malaria,,https://www.isglobal.org/en/-/el-ensayo-clinico-bohemia-respalda-el-uso-de-la-ivermectina-para-controlar-la-malaria,,original_id=1305; class=extracted_from_class_dataset
HEALTH_039,Health,,Health PS distributes mosquito nets in Busia County. Malaria prevalence in Busia stands at 39%. 22 counties targeted in latest campaign,Katibu Mkuu wa Afya asambaza vyandarua katika Kaunti ya Busia. Kiwango cha malaria huko Busia kimefikia 39%. Kaunti 22 zimelengwa katika kampeni ya hivi karibuni,,https://www.facebook.com/CitizenTVKe/posts/fighting-malariahealth-ps-distributes-mosquito-nets-in-busia-county-malaria-prev/1062521015233239/,,original_id=1306; class=extracted_from_class_dataset
HEALTH_040,Health,,The cost of targeted testing for Covid-19 and government quarantine facilities shall be met by the government effective today. Kenyans should not be afraid to get tested,Gharama ya upimaji unaolengwa wa Covid-19 na vituo vya karantini vya serikali italipwa na serikali kuanzia leo. Wakenya hawapaswi kuogopa kupimwa.,,https://www.facebook.com/MinstryofHealthKE/photos/the-cost-of-targeted-covid-19-testing-and-quarantine-facilities-shall-hence-fort/3281234988588168/,,original_id=1307; class=extracted_from_class_dataset
HEALTH_041,Health,,"Cessation of movement in Nairobi Metropolitan Area, Mombasa and Mandera extended by a month, bars to remain closed for another 30 days","Kusitishwa kwa usafiri katika Eneo la Jiji la Nairobi, Mombasa na Mandera kwaongezwa kwa mwezi mmoja, baa zitaendelea kufungwa kwa siku 30 zaidi",,https://www.facebook.com/RadioCitizenFM/posts/cessation-of-movement-in-nairobi-mombasa-and-mandera-extended-by-a-month-bars-to/3117475058320492/,,original_id=1308; class=extracted_from_class_dataset
HEALTH_042,Health,,"Today, we have recorded 447 new positive cases out of 3803 samples bringing the total of positive cases in the country to 8,975. Tested samples in the country are now over 200,000","Leo, tumerekodi visa vipya 447 chanya kati ya sampuli 3803 na kufikisha jumla ya visa chanya nchini kufikia 8,975. Sampuli zilizojaribiwa nchini sasa zina zaidi ya 200,000.",,https://x.com/MOH_Kenya/status/1281217395709837312,,original_id=1309; class=extracted_from_class_dataset
HEALTH_043,Health,,"Gov’t extends nationwide curfew, ban on public gatherings until May 29","Serikali yaongeza muda wa kutotoka nje nchini kote, kupiga marufuku mikusanyiko ya umma hadi Mei 29",,https://www.aljazeera.com/news/2021/7/30/kenya-bans-in-person-meetings-public-gatherings-as-covid-surges,,original_id=1310; class=extracted_from_class_dataset
HEALTH_044,Health,,"2,169 people test positive for COVID-19 from 9,428 samples, positivity rate at 23pc; MoH says no death recorded","Watu 2,169 wamepatikana na virusi vya COVID-19 kutoka kwa sampuli 9,428, kiwango cha walioambukizwa kikiwa asilimia 23; Wizara ya Afya yasema hakuna kifo kilichorekodiwa",,https://www.facebook.com/InooroFMKenya/posts/2169-people-test-positive-for-covid-19-from-9428-samples-positivity-rate-at-23pc/5371074622968189/,,original_id=1311; class=extracted_from_class_dataset
HEALTH_045,Health,,Magoha says Ksh.1B needed to buy masks for schools,Magoha anasema Ksh.1B zinahitajika kununua barakoa kwa ajili ya shule,,https://www.facebook.com/misikbobby/posts/we-need-ksh-1b-to-buy-masks-for-schools-cs-maghoha/3610911975594097/,,original_id=1312; class=extracted_from_class_dataset
HEALTH_046,Health,,There will be no air-lifting people from counties to Nairobi…There will be no capacity to be brought to Nairobi for treatment as Nairobi itself will be already overwhelmed…Where we are heading is unpredictable. It is better to be ready than to be sorry,Hakutakuwa na watu wanaosafiri kwa ndege kutoka kaunti hadi Nairobi…Hakutakuwa na uwezo wa kuletwa Nairobi kwa matibabu kwani Nairobi yenyewe itakuwa tayari imezidiwa…Tunakoelekea hakutabiriki. Ni bora kuwa tayari kuliko kujuta.,,https://www.facebook.com/newschannel5/posts/kenyas-health-minister-on-tuesday-ordered-the-suspension-of-the-construction-of-/1492058082965294/,,original_id=1313; class=extracted_from_class_dataset
HEALTH_047,Health,,Nationwide dusk to dawn curfew extended by 21 days in a bid to tame Covid-19 spread,Amri ya kutotoka nje ya nchi nzima kuanzia jioni hadi alfajiri yaongezwa kwa siku 21 ili kupunguza kuenea kwa Covid-19,,https://www.facebook.com/InteriorMinistryKenya/posts/the-nationwide-dusk-to-dawn-curfew-has-now-been-extended-by-21-more-days-as-one-/3092293194167460/,,original_id=1314; class=extracted_from_class_dataset
HEALTH_048,Health,,"20 doctors from Cuba set to arrive in Nairobi tonight, Health CS Kagwe says they will be stationed at Kenyatta University Hospital for 6 months to help manage the Covid-19 pandemic.","Madaktari 20 kutoka Cuba wanatarajiwa kuwasili Nairobi usiku wa leo, Waziri wa Afya Kagwe anasema watakuwa katika Hospitali ya Chuo Kikuu cha Kenyatta kwa miezi 6 ili kusaidia kudhibiti janga la Covid-19.",,https://www.facebook.com/fredrick.nyaga.7/posts/20-doctors-from-cuba-set-to-arrive-in-nairobi-tonight-health-cs-kagwe-says-they-/4310040135687777/,,original_id=1315; class=extracted_from_class_dataset
HEALTH_049,Health,,"Launch of fortified maize, soy blend distributed across primary schools to address undernutrition.",Uzinduzi wa mchanganyiko wa mahindi na soya ulioimarishwa umesambazwa katika shule za msingi ili kukabiliana na utapiamlo.,,https://www.nutritionintl.org/wp-content/uploads/2020/12/Kenya-Food-Fortification_FINAL_2020-11-02_WEB-1.pdf,,original_id=1316; class=extracted_from_class_dataset
HEALTH_050,Health,,"Launch of voluntary certification recognizing employers who implement nutrition, mental health, and fitness standards.","Uzinduzi wa cheti cha hiari kinachowatambua waajiri wanaotekeleza viwango vya lishe, afya ya akili, na siha.",,https://www.facebook.com/MinstryofHealthKE/posts/%F0%9D%90%8A%F0%9D%90%9E%F0%9D%90%A7%F0%9D%90%B2%F0%9D%90%9A-%F0%9D%90%A5%F0%9D%90%9A%F0%9D%90%AE%F0%9D%90%A7%F0%9D%90%9C%F0%9D%90%A1%F0%9D%90%9E%F0%9D%90%AC-%F0%9D%90%9C%F0%9D%90%A8%F0%9D%90%A7%F0%9D%90%AD%F0%9D%90%A2%F0%9D%90%A7%F0%9D%90%9E%F0%9D%90%A7%F0%9D%90%AD%F0%9D%90%9A%F0%9D%90%A5-%F0%9D%90%A6%F0%9D%90%9E%F0%9D%90%A7%F0%9D%90%AD%F0%9D%90%9A%F0%9D%90%A5-%F0%9D%90%A1%F0%9D%90%9E%F0%9D%90%9A%F0%9D%90%A5%F0%9D%90%AD%F0%9D%90%A1-%F0%9D%90%A5%F0%9D%90%9E%F0%9D%90%9A%F0%9D%90%9D%F0%9D%90%9E%F0%9D%90%AB%F0%9D%90%AC%F0%9D%90%A1%F0%9D%90%A2%F0%9D%90%A9-%F0%9D%90%A9%F0%9D%90%AB%F0%9D%90%A8%F0%9D%90%A0%F0%9D%90%AB%F0%9D%90%9A%F0%9D%90%A6%F0%9D%90%A6%F0%9D%90%9Ethe-ministry-of-hea/1353961846758759/,,original_id=1317; class=extracted_from_class_dataset
HEALTH_051,Health,,Introduction of postpartum exercise and nutrition support groups led by physiotherapists and dietitians.,Utangulizi wa mazoezi ya baada ya kujifungua na vikundi vya usaidizi wa lishe vinavyoongozwa na wataalamu wa tiba ya viungo na wataalamu wa lishe.,,https://www.health.go.ke/health-ministry-launches-mms-research-agenda-boost-maternal-nutrition,,original_id=1318; class=extracted_from_class_dataset
HEALTH_052,Health,,Announcement encouraging daily consumption of five fruit/veg portions for wellness and disease prevention.,Tangazo la kuhimiza ulaji wa kila siku wa sehemu tano za matunda/mboga kwa ajili ya ustawi na kinga dhidi ya magonjwa.,,https://pmc.ncbi.nlm.nih.gov/articles/PMC9222637/,,original_id=1319; class=extracted_from_class_dataset
HEALTH_053,Health,,Pilot providing mobile seed kits and training to women's groups to grow nutritious food in informal settlements.,Pilot akitoa vifaa vya mbegu vinavyohamishika na mafunzo kwa vikundi vya wanawake ili kukuza chakula chenye lishe katika makazi yasiyo rasmi.,,https://www.ennonline.net/fex/76/en/empowering-community-groups-improve-nutrition-baringo-county-kenya,,original_id=1320; class=extracted_from_class_dataset
HEALTH_054,Health,,The government has imposed a raft of new drastic measures after cases of the new coronavirus in Kenya jumped to 15 in the last 72 hours. The new directives came after eight more people tested positive for COVID-19,Serikali imeweka hatua kadhaa kali baada ya visa vya virusi vipya vya korona nchini Kenya kupanda hadi 15 katika saa 72 zilizopita. Maagizo hayo mapya yalikuja baada ya watu wengine wanane kupimwa na kupatikana na COVID-19.,,https://www.facebook.com/ChinaGlobalTVNetwork/posts/kenyas-government-has-announced-a-raft-of-new-measures-aimed-at-containing-the-s/476407953852682/,,original_id=1321; class=extracted_from_class_dataset
HEALTH_055,Health,,Kenya confirms three cases of Covid-19 Omicron variant; Health CS Kagwe says it has been detected among travelers who have been quarantined,Kenya yathibitisha visa vitatu vya Covid-19 Omicron; Waziri wa Afya Kagwe anasema imegunduliwa miongoni mwa wasafiri ambao wametengwa,,https://www.facebook.com/InooroFMKenya/posts/kenya-confirms-three-cases-of-covid-19-omicron-variant-health-cs-kagwe-says-it-h/5355091194566532/,,original_id=1322; class=extracted_from_class_dataset
HEALTH_056,Health,,"Kakamega County gov't orders closure of all public mortuaries, Governor Oparanya advises residents to bury their dead immediately.","Serikali ya Kaunti ya Kakamega yaamuru kufungwa kwa vyumba vyote vya kuhifadhia maiti vya umma, Gavana Oparanya awashauri wakazi kuzika wafu wao mara moja.",,https://www.facebook.com/imani.baha/posts/kakamega-residents-want-the-mortuary-trolley-to-be-replaced-citing-trauma-from-i/26039514695727983/,,original_id=1323; class=extracted_from_class_dataset
HEALTH_057,Health,,Education CS Magoha says colleges and universities to remain closed until January 2021 as they are not Covid-19 compliant,Waziri wa Elimu Magoha asema vyuo vikuu vitafungwa hadi Januari 2021 kwani havifuati sheria za Covid-19,,https://www.facebook.com/KTNNewsKenya/posts/cs-magoha-announces-that-universities-and-colleges-will-remain-closed-until-janu/2600149380247632/,,original_id=1324; class=extracted_from_class_dataset
HEALTH_058,Health,,Gov’t orders Mama Mbogas to stop chopping vegetables for customers over COVID-19 fears,Serikali yamwagiza Mama Mbogas kuacha kukata mboga kwa ajili ya wateja wake kutokana na hofu ya COVID-19,,https://www.facebook.com/PIDONAS/posts/the-government-has-ordered-mama-mbogas-to-stop-chopping-vegetables-for-customers/10221860141229444/,,original_id=1325; class=extracted_from_class_dataset
HEALTH_059,Health,,"For now, open bars and test social distancing. KCPE and KCSE are not a ticket to heaven","Kwa sasa, fungua baa na jaribu umbali wa kijamii. KCPE na KCSE si tiketi ya kwenda mbinguni",,https://www.facebook.com/MusaWalaikipia/posts/for-now-open-bars-and-test-social-distancing-kcpe-and-kcse-are-not-a-ticket-to-h/541372563204496/,,original_id=1326; class=extracted_from_class_dataset
HEALTH_060,Health,,"Gov't now calls for wearing of masks, vaccination as Kenya faces 6th COVID-19 wave",Serikali sasa yatoa wito wa kuvaa barakoa na chanjo huku Kenya ikikabiliwa na wimbi la 6 la COVID-19,,https://www.facebook.com/CitizenTVKe/posts/govt-now-calls-for-wearing-of-masks-vaccination-as-kenya-faces-6th-covid-19-wave/10166900560440405/,,original_id=1327; class=extracted_from_class_dataset
HEALTH_061,Health,,"Mombasa Covid-19 Booths: 
Contactless testing booths to be distributed in 6 constituencies. Booths have zero contact between the medic and patient. Contactless booths allow for safer, faster mass testing. The locally assembled booths are a game changer","Vibanda vya Mombasa Covid-19:

Vibanda vya kupima bila kugusa vitasambazwa katika majimbo 6 ya uchaguzi. Vibanda havina mguso wowote kati ya daktari na mgonjwa. Vibanda visivyogusa vinaruhusu upimaji salama na wa haraka wa wingi. Vibanda vilivyokusanyika ndani ya eneo husika vinabadilisha mchezo.",,https://www.facebook.com/100064457901458/posts/in-its-continuous-efforts-to-ensure-the-safety-of-its-residents-the-mombasa-coun/2826857500776000/,,original_id=1328; class=extracted_from_class_dataset
HEALTH_062,Health,,Schools to remain open despite a surge in Covid-19 infection rates,Shule zitabaki wazi licha ya ongezeko la viwango vya maambukizi ya Covid-19,,https://www.facebook.com/NTVKenya/posts/government-says-schools-will-remain-open-despite-surge-in-covid-19-infectionsntv/10156989442239058/,,original_id=1329; class=extracted_from_class_dataset
HEALTH_063,Health,,"Kenya suspends all public gatherings, games, events, and church crusades; inter school games banned after first covid-19 case in Nairobi","Kenya yasimamisha mikusanyiko yote ya umma, michezo, matukio, na mikutano ya kanisa; michezo ya shule imepigwa marufuku baada ya kisa cha kwanza cha COVID-19 jijini Nairobi",,https://www.facebook.com/PrinceAbeikuYorke/posts/official-kenya-suspends-all-public-gatherings-games-events-and-church-crusades-i/878113005988253/,,original_id=1330; class=extracted_from_class_dataset
HEALTH_064,Health,,"Coronavirus: A lockdown in Kenya is an option, but taxes won’t be lifted","Virusi vya Korona: Kufungiwa nchini Kenya ni chaguo, lakini kodi hazitaondolewa",,https://citizen.digital/news/coronavirus-a-lockdown-in-kenya-is-an-option-but-taxes-wont-be-lifted-govt-says-327742,,original_id=1331; class=extracted_from_class_dataset
HEALTH_065,Health,,Governor Joho sets up sanitizing booths for pedestrians in Mombasa.,Gavana Joho aweka vibanda vya usafi kwa watembea kwa miguu Mombasa.,,https://www.facebook.com/MombasaHealth/posts/mombasa-ups-its-game-against-coronavirus-and-has-now-installed-a-state-of-the-ar/2521740934807500/?locale=es_LA,,original_id=1332; class=extracted_from_class_dataset
HEALTH_066,Health,,"Over 80% of patients are asymptomatic and can be treated from home. MoH has completed process of home-based care protocols. I appeal to Kenyans, that when we release the protocols and we see people coming home, there is no need for stigmatization","Zaidi ya 80% ya wagonjwa hawana dalili na wanaweza kutibiwa nyumbani. Wizara ya Afya imekamilisha mchakato wa itifaki za utunzaji wa nyumbani. Ninawasihi Wakenya, kwamba tunapotoa itifaki hizo na tunaona watu wakirudi nyumbani, hakuna haja ya unyanyapaa.",,https://www.facebook.com/NTVKenya/videos/80-of-patients-in-hospitals-are-asymptomatic-this-means-they-can-be-managed-from/1086288228424969/,,original_id=1333; class=extracted_from_class_dataset
HEALTH_067,Health,,"Nairobi, Kajiado, Machakos, Kiambu & Nakuru counties are individually and collectively declared a disease infected area. There shall be a cessation of movement by road, rail, air in to & out of these areas effective midnight","Kaunti za Nairobi, Kajiado, Machakos, Kiambu na Nakuru zimetangazwa kuwa eneo lililoathiriwa na magonjwa moja moja na kwa pamoja. Kutakuwa na kusimamishwa kwa usafiri kwa barabara, reli, hewa kuingia na kutoka katika maeneo haya kuanzia saa sita usiku.",,https://www.facebook.com/MinstryofHealthKE/posts/today-i-want-to-make-a-special-appeal-to-the-people-in-the-counties-of-machakos-/3239430626101938/,,original_id=1335; class=extracted_from_class_dataset
HEALTH_068,Health,,Uganda declares Ebola outbreak after the Health Ministry confirmed a 24-year-old man showed symptoms and later died,Uganda yatangaza mlipuko wa Ebola baada ya Wizara ya Afya kuthibitisha kuwa mwanaume wa miaka 24 alionyesha dalili na baadaye akafariki,,https://www.who.int/emergencies/disease-outbreak-news/item/2026-DON612,,original_id=1336; class=extracted_from_class_dataset
HEALTH_069,Health,,Tiaty worst hit with 40% of residents affected. 2 people lost their lives last month due to Malaria. Govt distributing long-lasting treated mosquito nets,Tiaty imeathiriwa zaidi na 40% ya wakazi walioathiriwa. Watu 2 walipoteza maisha yao mwezi uliopita kutokana na Malaria. Serikali yasambaza vyandarua vilivyotibiwa kwa muda mrefu,,https://www.facebook.com/CitizenTVKe/posts/malaria-burden-in-baringotiaty-worst-hit-with-40-of-residents-affected-2-people-/1091198379032169/,,original_id=1337; class=extracted_from_class_dataset
HEALTH_070,Health,,"War on malaria gets a major boost. New drug Argesun deployed in Nyanza. Drug to help ICU patients, children with Malaria","Vita dhidi ya malaria vyaongezeka sana. Dawa mpya ya Argesun yatumika Nyanza. Dawa ya kuwasaidia wagonjwa wa ICU, watoto wenye Malaria",,https://globalhealthnow.org/2024-11/rising-resistance-threatens-key-malaria-drug,,original_id=1338; class=extracted_from_class_dataset
HEALTH_071,Health,,Govt kicks of distribution of mosquito nets. Govt aims at distributing 15.3M treated nets,Serikali yazindua usambazaji wa vyandarua. Serikali inalenga kusambaza vyandarua milioni 15.3 vilivyotibiwa,,https://www.facebook.com/MombasaHealth/posts/mass-distribution-of-long-lasting-insecticidal-mosquito-nets-begins-tomorrow-in-/2840256706289253/,,original_id=1339; class=extracted_from_class_dataset
HEALTH_072,Health,,Health officials deploy drones to combat malaria in Busia County,Maafisa wa afya watuma ndege zisizo na rubani kupambana na malaria katika Kaunti ya Busia,,https://www.facebook.com/100064468188683/posts/busia-county-embraces-drones-technology-to-eliminate-malaria-spreadthe-county-go/5813080175371833/,,original_id=1340; class=extracted_from_class_dataset
HEALTH_073,Health,,"Kenya among 12 African countries to get 18 million doses of malaria vaccine by 2025, WHO says priority will go to countries with the greatest need.","Kenya miongoni mwa nchi 12 za Afrika kupata dozi milioni 18 za chanjo ya malaria ifikapo mwaka 2025, WHO inasema kipaumbele kitaelekezwa kwa nchi zenye uhitaji mkubwa zaidi.",,https://www.who.int/news/item/05-07-2023-18-million-doses-of-first-ever-malaria-vaccine-allocated-to-12-african-countries-for-2023-2025--gavi--who-and-unicef,,original_id=1341; class=extracted_from_class_dataset
HEALTH_074,Health,,"Malaria vaccine advisory: More children in malaria endemic counties to be vaccinated. WHO has given an approval for expanded use of the vaccine. 275,000 children partially jabbed, 45,000 are fully vaccinated. Data shows the number of malaria cases has gone down","Ushauri wa chanjo ya malaria: Watoto zaidi katika kaunti zilizoathiriwa na malaria watachanjwa. WHO imetoa idhini ya matumizi ya chanjo hiyo kwa upana zaidi. Watoto 275,000 wachapwa sehemu, 45,000 wamechanjwa kikamilifu. Data inaonyesha idadi ya visa vya malaria imepungua",,https://www.who.int/news-room/feature-stories/detail/life-saving-malaria-vaccines-reach-children-in-17-endemic-countries-in-2024,,original_id=1342; class=extracted_from_class_dataset
HEALTH_075,Health,,"We encourage people to seek treatment at health care facilities once they experience any symptoms.  When you seek treatment early, you protect yourself against severe malaria.","Tunawahimiza watu kutafuta matibabu katika vituo vya afya mara tu wanapopata dalili zozote. Unapotafuta matibabu mapema, unajikinga dhidi ya malaria kali.",,https://pmc.ncbi.nlm.nih.gov/articles/PMC7816953/,,original_id=1343; class=extracted_from_class_dataset
HEALTH_076,Health,,The Ministry of Health aims to scale the uptake of the malaria vaccine among children aged between 6 months to 14 years.,Wizara ya Afya inalenga kuongeza idadi ya watoto wanaotumia chanjo ya malaria miongoni mwa watoto wenye umri kati ya miezi 6 hadi miaka 14.,,https://pmc.ncbi.nlm.nih.gov/articles/PMC12904457/,,original_id=1344; class=extracted_from_class_dataset
HEALTH_077,Health,,"MoH dispatches 10 Cuban experts to Kakamega, Siaya, Kisumu, Bungoma, Busia, Vihiga, Homa Bay and Migori counties in the fight against malaria with biological methods.","Wizara ya Afya yatuma wataalamu 10 wa Cuba katika kaunti za Kakamega, Siaya, Kisumu, Bungoma, Busia, Vihiga, Homa Bay na Migori katika mapambano dhidi ya malaria kwa njia za kibiolojia.",,https://nation.africa/kenya/health/doctors-kenya-took-to-cuba-return-home-3812160,,original_id=1345; class=extracted_from_class_dataset
HEALTH_078,Health,,"Happy World Malaria Day! Here’s to raising awareness, protecting our communities, and pushing closer to a world free from malaria.","Heri ya Siku ya Malaria Duniani! Hapa ni kwa ajili ya kuongeza uelewa, kulinda jamii zetu, na kusukuma karibu na ulimwengu usio na malaria.",,https://www.instagram.com/reel/DXixP7ijNjv/,,original_id=1346; class=extracted_from_class_dataset
HEALTH_079,Health,,"Did you know the Kenya Red Cross Society offers free on-call counselling services 24/7? Call us on 1199 and we will be there for you.

Since January-June 2019, our Mental Health and Psychosocial Support Services team attended to 513 calls.","Je, unajua kwamba Chama cha Msalaba Mwekundu cha Kenya kinatoa huduma za ushauri nasaha bila malipo masaa 24 kwa siku, siku 7 kwa wiki? Tupigie simu kwa 1199 nasi tutakuwepo kwa ajili yako.

Tangu Januari-Juni 2019, timu yetu ya Huduma za Afya ya Akili na Usaidizi wa Kisaikolojia ilihudhuria simu 513.",,https://www.facebook.com/RedCrossKE/posts/did-you-know-that-the-kenya-red-cross-society-offers-free-on-call-counselling-se/2372053582853935/,,original_id=1347; class=extracted_from_class_dataset
HEALTH_080,Health,,"When we open up and talk about what is affecting our mental health, those issues become bearable. They become less distressing, less overwhelming and less worrying. Reach out to us on 1199 and we will be there for you.","Tunapofungua na kuzungumzia kinachoathiri afya yetu ya akili, masuala hayo yanakuwa rahisi kuyavumilia. Yanakuwa hayana usumbufu mwingi, hayalemei sana na hayana wasiwasi mwingi. Wasiliana nasi kwa 1199 nasi tutakuwepo kwa ajili yako.",,https://pmc.ncbi.nlm.nih.gov/articles/PMC10126977/,,original_id=1348; class=extracted_from_class_dataset
HEALTH_081,Health,,Connect with others and be part of positive relationships.Building positive associations with people is good for your mental well-being,Ungana na wengine na uwe sehemu ya mahusiano chanya. Kujenga mahusiano chanya na watu ni jambo zuri kwa ustawi wako wa akili.,,https://www.facebook.com/MinstryofHealthKE/photos/make-time-for-your-mental-wellbeing-rest-connect-and-talk-seeking-support-when-y/1426983192789957/,,original_id=1349; class=extracted_from_class_dataset
HEALTH_082,Health,,Its not unmanly to struggle.Check on the men in your life.,Si jambo la kiume kujitahidi. Waangalie wanaume katika maisha yako.,,https://www.facebook.com/MinstryofHealthKE/posts/june-is-mens-mental-health-awareness-monthreal-strength-is-reaching-outlets-crea/1400443338777276/,,original_id=1350; class=extracted_from_class_dataset
HEALTH_083,Health,,"Definitition of schizophrenia,causes,symptoms,diagnostic tools and treatment.","Ufafanuzi wa skizofrenia, sababu, dalili, vifaa vya uchunguzi na matibabu.",,https://my.clevelandclinic.org/health/diseases/4568-schizophrenia,,original_id=1351; class=extracted_from_class_dataset
HEALTH_084,Health,,"Definitition of bipolar,causes,symptoms,diagnostic tools and treatment.","Ufafanuzi wa bipolar, sababu, dalili, vifaa vya uchunguzi na matibabu.",,https://www.who.int/news-room/fact-sheets/detail/bipolar-disorder,,original_id=1352; class=extracted_from_class_dataset
HEALTH_085,Health,,"Indicators of stress:easily irritable,anxious,panic attacks,sleeping problems,social withdrawal,irritability","Viashiria vya msongo wa mawazo: kukasirika kwa urahisi, wasiwasi, mashambulizi ya hofu, matatizo ya usingizi, kujitenga na watu, kuwashwa",,https://www.facebook.com/RadioCitizenFM/posts/some-of-the-signs-and-symptoms-of-mental-health-problemsjambokenya/6330131677054798/,,original_id=1353; class=extracted_from_class_dataset
HEALTH_086,Health,,"Techniques like deep breathing,walking or time outdoors are universal tools for managing daily stressors.","Mbinu kama vile kupumua kwa kina, kutembea au kutumia muda nje ni zana zinazotumika kwa wote katika kudhibiti msongo wa mawazo wa kila siku.",,https://www.facebook.com/WHO/posts/join-our-healthyathome-challenge-by-finding-time-to-relax-during-the-day-%EF%B8%8F%EF%B8%8F-cons/3068220976556598/,,original_id=1356; class=extracted_from_class_dataset
HEALTH_087,Health,,"Mental health conditions like depression can lead to physical symptoms such as fatigue and illness, highlighting the strong mind-body connection","Hali za afya ya akili kama vile mfadhaiko zinaweza kusababisha dalili za kimwili kama vile uchovu na ugonjwa, na hivyo kuonyesha uhusiano mkubwa kati ya akili na mwili.",,https://pmc.ncbi.nlm.nih.gov/articles/PMC12208483/,,original_id=1357; class=extracted_from_class_dataset
HEALTH_088,Health,,"This World Mental Health Day, lets prioritize mental well-being at work! A supportive environment is key to a healthy workplace. Check in on your colleagues today!","Siku hii ya Afya ya Akili Duniani, hebu tuweke kipaumbele ustawi wa akili kazini! Mazingira yanayounga mkono ni muhimu kwa afya mahali pa kazi. Wasiliana na wenzako leo!",,https://www.facebook.com/IOMKenya/posts/mental-health-at-work-is-the-theme-of-this-year-world-mental-health-day-to-mark-/938558631634558/,,original_id=1358; class=extracted_from_class_dataset
HEALTH_089,Health,,Mental well-being is essential for a productive and healthy workplace. Prioritize mental health just as you would physical health.,Ustawi wa akili ni muhimu kwa mahali pa kazi penye tija na afya. Panga afya ya akili kama vile unavyoweza kuipa kipaumbele afya ya mwili.,,https://www.afro.who.int/news/mental-health-promote-better-workplace-and-well-being-1,,original_id=1359; class=extracted_from_class_dataset
HEALTH_090,Health,,Talking about mental health breaks the stigma and helps others open up. Lets create a supportive environment for all.,Kuzungumzia afya ya akili huvunja unyanyapaa na kuwasaidia wengine kufunguka. Tujenge mazingira ya usaidizi kwa wote.,,https://www.instagram.com/p/DZ18PYANJ7i/,,original_id=1360; class=extracted_from_class_dataset
HEALTH_091,Health,,Government distributes mosquito nets in malaria fight. Kilifi County is one of the beneficiaries. Nets program was flagged over procurement irregularities. MOH wants to distribute 15M nets in 22 counties,Serikali yasambaza vyandarua katika mapambano dhidi ya malaria. Kaunti ya Kilifi ni mojawapo ya wanufaika. Programu ya vyandarua iliangaziwa kwa ukiukwaji wa sheria za ununuzi. Wizara ya Afya inataka kusambaza vyandarua milioni 15 katika kaunti 22,,https://www.facebook.com/CitizenTVKe/videos/fighting-malaria-government-distributes-mosquito-nets-in-malaria-fightkilifi-cou/1010871594372301/,,original_id=1361; class=extracted_from_class_dataset
HEALTH_092,Health,,Kenya confirms 12 more COVID-19 cases bringing total number to 246. Health CS Mutahi Kagwe says 5 of them are hotel workers.,Kenya yathibitisha visa 12 zaidi vya COVID-19 na kufanya jumla ya idadi kufikia 246. Waziri wa Afya Mutahi Kagwe anasema 5 kati yao ni wafanyakazi wa hoteli.,,https://www.facebook.com/877babafm/posts/kenya-confirms-12-more-covid-19-cases-number-now-stands-at-246health-cabinet-sec/2885709648209576/,,original_id=1362; class=extracted_from_class_dataset
HEALTH_093,Health,,"Over the last 24 hours we have tested over 300 Kenyans, out of those 22 have tested positive for covid-19 (13-males, 9-females). 21 out of the 22 cases are people who are currently in quarantine","Katika saa 24 zilizopita tumewapima Wakenya zaidi ya 300, kati ya hao 22 wamepimwa na kukutwa na virusi vya covid-19 (wanaume 13, wanawake 9). Visa 21 kati ya 22 ni watu ambao kwa sasa wako karantini.",,https://www.facebook.com/MinstryofHealthKE/posts/in-the-last-24-hours-305-individuals-have-been-tested-for-coronavirus-disease-an/3210184232359911/,,original_id=1363; class=extracted_from_class_dataset
HEALTH_094,Health,,"Religious leaders under World Council of Churches urge governments and donor countries to increase Global Fund support, to aid sustainable responses to HIV, tuberculosis, and malaria.","Viongozi wa kidini chini ya Baraza la Makanisa Duniani wanahimiza serikali na nchi wafadhili kuongeza usaidizi wa Mfuko wa Dunia, ili kusaidia majibu endelevu kwa VVU, kifua kikuu, na malaria.",,https://www.facebook.com/KTNNewsKenya/photos/religious-leaders-under-world-council-of-churches-urge-governments-and-donor-cou/1161703745986149/,,original_id=1364; class=extracted_from_class_dataset
HEALTH_095,Health,,"The US government’s freeze on foreign aid, especially through USAid has caused major disruptions in Kenya’s health sector, particularly in HIV, malaria, and tuberculosis programmes that heavily rely on donor support.","Kusitishwa kwa misaada ya kigeni na serikali ya Marekani, hasa kupitia USAid, kumesababisha usumbufu mkubwa katika sekta ya afya ya Kenya, hasa katika programu za VVU, malaria, na kifua kikuu ambazo hutegemea sana msaada wa wafadhili.",,https://phr.org/our-work/resources/the-system-is-folding-in-on-itself-the-impact-of-u-s-global-health-funding-cuts-in-kenya/,,original_id=1365; class=extracted_from_class_dataset
HEALTH_096,Health,,There is no local transmission of malaria in Nairobi. If you have been a full time resident of Nairobi and you get sick with fever the probability that it is malaria is close to zero.,"Hakuna maambukizi ya malaria jijini Nairobi. Kama umekuwa mkazi wa Nairobi kwa muda wote na unaugua homa, uwezekano kwamba ni malaria ni karibu sifuri.",,https://www.facebook.com/standardkenya/posts/there-is-no-local-transmission-of-malaria-in-nairobi-if-you-have-been-a-full-tim/1116142333888902/,,original_id=1366; class=extracted_from_class_dataset
HEALTH_097,Health,,Rising temperatures elevate the risk to Nairobi's malaria-free status,Kuongezeka kwa joto huongeza hatari ya kutokuwepo kwa malaria jijini Nairobi,,https://pmc.ncbi.nlm.nih.gov/articles/PMC12870289/,,original_id=1367; class=extracted_from_class_dataset
HEALTH_098,Health,,"Malaria mortality rate rises to pre-pandemic levels, WHO report shows at least 597,000 people succumbed to the disease last year.","Ripoti ya WHO inaonyesha kuwa kiwango cha vifo kutokana na malaria kinaongezeka hadi viwango vya kabla ya janga, kwa mujibu wa ripoti hiyo.",,https://www.severemalaria.org/countries/kenya,,original_id=1368; class=extracted_from_class_dataset
HEALTH_099,Health,,"Mission for Essential Drugs and Supplies suspends orders for USAID-funded essential drugs, move likely to affect the distribution of HIV and malaria drugs","Shirika la Misheni ya Dawa na Ugavi Muhimu lasimamisha oda za dawa muhimu zinazofadhiliwa na USAID, hatua ambayo inaweza kuathiri usambazaji wa dawa za VVU na malaria",,https://www.facebook.com/Devex/posts/while-mission-for-essential-drugs-supplies-expects-to-have-their-stop-work-order/1054503110040942/,,original_id=1369; class=extracted_from_class_dataset
HEALTH_100,Health,,"Devastating flooding in South Sudan is affecting around 1.4 million people, with more than 379,000 displaced, according to a United Nations update that warned about an upsurge in malaria.","Mafuriko makubwa nchini Sudan Kusini yanaathiri takriban watu milioni 1.4, huku zaidi ya watu 379,000 wakimbizi, kulingana na taarifa mpya ya Umoja wa Mataifa iliyoonya kuhusu ongezeko la malaria.",,https://www.arabnews.jp/en/middle-east/article_134417/,,original_id=1370; class=extracted_from_class_dataset
HEALTH_101,Health,,"The Ministry of Health has reassured the public that there will be no shortage of essential drugs, including those for malaria, HIV/AIDS and TB for at least the next one year.","Wizara ya Afya imewahakikishia umma kwamba hakutakuwa na uhaba wa dawa muhimu, ikiwa ni pamoja na zile za malaria, VVU/UKIMWI na Kifua Kikuu kwa angalau mwaka mmoja ujao.",,https://www.facebook.com/PeopleDailyKe/posts/the-ministry-of-health-has-dismissed-reports-circulating-online-claiming-that-ke/1354079760056906/,,original_id=1371; class=extracted_from_class_dataset
HEALTH_102,Health,,Kenya to release genetically modified mosquitoes to fight malaria,Kenya kutoa mbu waliobadilishwa vinasaba ili kupambana na malaria,,https://www.bbc.com/news/articles/cw551yelwz5o,,original_id=1372; class=extracted_from_class_dataset
HEALTH_103,Health,,"To lower cases of HIV/AIDS, Tuberculosis and Malaria, and enhance the vaccines and immunisation programme in the country, I have proposed Sh28.7bn for the Global Fund and Sh4.6bn for vaccines and immunisation programmes.","Ili kupunguza visa vya VVU/UKIMWI, Kifua Kikuu na Malaria, na kuboresha mpango wa chanjo na chanjo nchini, nimependekeza Sh28.7 bilioni kwa ajili ya Mfuko wa Dunia na Sh4.6 bilioni kwa ajili ya chanjo na programu za chanjo.",,https://pmc.ncbi.nlm.nih.gov/articles/PMC8311400/,,original_id=1373; class=extracted_from_class_dataset
HEALTH_104,Health,,"You are six times more likely to get malaria if you visit Busia, Tana River, Kakamega, Bungoma, Kilifi, Kisumu, Trans Nzoia, Elgeyo Marakwet and Nandi counties, according to the latest data from the Ministry of Health.","Una uwezekano mara sita zaidi wa kupata malaria ukitembelea kaunti za Busia, Tana River, Kakamega, Bungoma, Kilifi, Kisumu, Trans Nzoia, Elgeyo Marakwet na Nandi, kulingana na data ya hivi karibuni kutoka Wizara ya Afya.",,https://www.severemalaria.org/countries/kenya,,original_id=1374; class=extracted_from_class_dataset
HEALTH_105,Health,,Scientists have found that a mosquito species blamed for malaria transmission in eastern and southern Africa has developed resistance to a long-used insecticide in the region.,Wanasayansi wamegundua kwamba aina ya mbu inayolaumiwa kwa maambukizi ya malaria mashariki na kusini mwa Afrika imekua na upinzani dhidi ya dawa ya kuua wadudu ambayo imekuwa ikitumika kwa muda mrefu katika eneo hilo.,,https://media.malariaworld.org/Evidence_Brief_Anopheles_stephensi_in_Kenya_potentially_substantial_threat_to_malaria_transmission_in_urban_and_rural_areas_a42222121e.pdf,,original_id=1375; class=extracted_from_class_dataset
HEALTH_106,Health,,"Malaria's gendered burden: Recent floods heighten risk for women, girls",Mzigo wa Malaria kwa jinsia: Mafuriko ya hivi karibuni yaongeza hatari kwa wanawake na wasichana,,https://mawazoinstitute.org/press-release/malarias-gendered-burden-recent-floods-heighten-risk-for-women-girls-may-2024/,,original_id=1376; class=extracted_from_class_dataset
HEALTH_107,Health,,"The Health Ministry also said the 2023/2024 mass net distribution campaign was launched in Homa Bay County on November 15, 2023, with 830,862 nets distributed, covering 91 percent of registered households.","Wizara ya Afya pia ilisema kampeni ya usambazaji wa vyandarua kwa wingi ya 2023/2024 ilizinduliwa katika Kaunti ya Homa Bay mnamo Novemba 15, 2023, huku vyandarua 830,862 vikisambazwa, vikijumuisha asilimia 91 ya kaya zilizosajiliwa.",,https://www.facebook.com/MinstryofHealthKE/posts/%F0%9D%90%8B%F0%9D%90%9A%F0%9D%90%AE%F0%9D%90%A7%F0%9D%90%9C%F0%9D%90%A1%F0%9D%90%A2%F0%9D%90%A7%F0%9D%90%A0-%F0%9D%90%8C%F0%9D%90%9A%F0%9D%90%AC%F0%9D%90%AC-%F0%9D%90%8D%F0%9D%90%9E%F0%9D%90%AD-%F0%9D%90%83%F0%9D%90%A2%F0%9D%90%AC%F0%9D%90%AD%F0%9D%90%AB%F0%9D%90%A2%F0%9D%90%9B%F0%9D%90%AE%F0%9D%90%AD%F0%9D%90%A2%F0%9D%90%A8%F0%9D%90%A7-%F0%9D%90%A2%F0%9D%90%A7-%F0%9D%90%87%F0%9D%90%A8%F0%9D%90%A6%F0%9D%90%9A-%F0%9D%90%81%F0%9D%90%9A%F0%9D%90%B2join-us-on-november-15-2023-as-we-kic/720005030154447/,,original_id=1377; class=extracted_from_class_dataset
HEALTH_108,Health,,Communities in Baringo fight back against malaria with local solutions and mosquito nets,Jamii huko Baringo zinapambana na malaria kwa kutumia suluhisho za kienyeji na vyandarua,,https://www.facebook.com/MSFEasternAfrica/posts/kenya-in-illeret-marsabit-607-people-have-been-treated-for-malaria-so-far-and-11/1515248777313082/,,original_id=1378; class=extracted_from_class_dataset
HEALTH_109,Health,,"A malaria vaccine tested in Kenya gains WHO prequalification, costing as low as Sh300, becoming the world's second vaccine on the global prequalified list.","Chanjo ya malaria iliyojaribiwa nchini Kenya yapata sifa ya awali ya WHO, ikigharimu hadi Sh300, na kuwa chanjo ya pili duniani kwenye orodha ya chanjo zilizoidhinishwa awali duniani.",,https://www.facebook.com/bharatbiotech/posts/price-of-worlds-first-malariavaccine-rtss-for-children-in-endemic-countries-to-b/1142230991281913/,,original_id=1379; class=extracted_from_class_dataset
HEALTH_110,Health,,"Global Fund, through the Kenya Medical Supplies Agency, is distributing mosquito nets in malaria-endemic regions across the country","Mfuko wa Kimataifa, kupitia Shirika la Ugavi wa Dawa la Kenya, unasambaza vyandarua vya mbu katika maeneo yaliyoathiriwa na malaria kote nchini.",,https://www.facebook.com/MinstryofHealthKE/posts/kenya-joined-the-global-community-on-saturday-in-observing-world-malaria-day-202/1358231646331779/,,original_id=1380; class=extracted_from_class_dataset
HEALTH_111,Health,,"Malaria mortality has fallen back to levels seen before the Covid-19 crisis, the WHO said Wednesday, but called for faster progress against the disease that killed nearly some 597,000 people last year.","Vifo vya malaria vimeshuka hadi viwango vilivyoonekana kabla ya janga la Covid-19, WHO ilisema Jumatano, lakini ilitaka maendeleo ya haraka dhidi ya ugonjwa huo ulioua karibu watu 597,000 mwaka jana.",,https://x.com/KTNNewsKE/status/1866811467179151780,,original_id=1381; class=extracted_from_class_dataset
HEALTH_112,Health,,10.9m treated mosquito nets to be distributed across 22 counties in fight against Malaria,Vyandarua milioni 10.9 vilivyotibiwa vitasambazwa katika kaunti 22 ili kupambana na Malaria,,https://www.facebook.com/KTNNewsKenya/posts/109m-treated-mosquito-nets-to-be-distributed-across-22-counties-in-fight-against/910226647800528/,,original_id=1382; class=extracted_from_class_dataset
HEALTH_113,Health,,"Kenya signs six Global Fund grants amounting to Sh59.7 billion to support HIV, TB and malaria interventions; funding to strengthen health and community systems over three years.","Kenya yasaini ruzuku sita za Mfuko wa Kimataifa zenye thamani ya Sh59.7 bilioni kusaidia uingiliaji kati wa VVU, Kifua Kikuu na malaria; ufadhili wa kuimarisha mifumo ya afya na jamii kwa miaka mitatu.",,https://www.theglobalfund.org/en/updates/2024/2024-06-28-kenya-global-fund-new-grants-progress-against-aids-tb-malaria/,,original_id=1383; class=extracted_from_class_dataset
HEALTH_114,Health,,World Malaria Day: Kenya Joins the World in Commemorating Malaria Day.,Siku ya Malaria Duniani: Kenya Yaungana na Dunia Kuadhimisha Siku ya Malaria.,,https://www.instagram.com/reel/DXixP7ijNjv/,,original_id=1385; class=extracted_from_class_dataset
HEALTH_115,Health,,There is a silver lining in the fight against malaria after Kenya was listed alongside 12 other African countries set to receive 18 million doses of the first-ever malaria vaccine in the next two years,Kuna mwelekeo mzuri katika vita dhidi ya malaria baada ya Kenya kuorodheshwa pamoja na nchi zingine 12 za Afrika zinazotarajiwa kupokea dozi milioni 18 za chanjo ya kwanza kabisa ya malaria katika miaka miwili ijayo.,,https://www.facebook.com/PATHglobalhealth/posts/elian-nearly-died-of-malaria-as-a-baby-months-later-he-became-the-first-child-in/1306657128171693/,,original_id=1386; class=extracted_from_class_dataset
HEALTH_116,Health,,"Counties in the northern part of Kenya are recording a high prevalence of malaria, a trend that is worrying scientists, especially with the invasion of a new species of mosquito in the country.","Kaunti katika sehemu ya kaskazini mwa Kenya zinarekodi kiwango kikubwa cha malaria, hali ambayo inawatia wasiwasi wanasayansi, hasa kutokana na uvamizi wa aina mpya ya mbu nchini.",,https://www.severemalaria.org/countries/kenya,,original_id=1387; class=extracted_from_class_dataset
HEALTH_117,Health,,The Ministry of Health is planning to conduct a massive malaria vaccination drive after the WHO warned of a surge in mosquito-borne diseases due to global warming,Wizara ya Afya inapanga kufanya kampeni kubwa ya chanjo ya malaria baada ya WHO kuonya kuhusu ongezeko la magonjwa yanayoenezwa na mbu kutokana na ongezeko la joto duniani.,,https://www.facebook.com/PATHglobalhealth/posts/elian-nearly-died-of-malaria-as-a-baby-months-later-he-became-the-first-child-in/1306657128171693/,,original_id=1388; class=extracted_from_class_dataset
HEALTH_118,Health,,Fight against malaria faces fresh threat from new deadly mosquito species,Mapambano dhidi ya malaria yanakabiliwa na tishio jipya kutoka kwa aina mpya za mbu hatari,,https://abcnews.com/International/new-mosquito-raises-fear-year-round-malaria-kenya/story?id=97414845,,original_id=1389; class=extracted_from_class_dataset
HEALTH_119,Health,,The Kenya Medical Research Institute (Kemri) has dispatched a team of experts to Marsabit to collect samples for tests after nine people died.,Taasisi ya Utafiti wa Kimatibabu ya Kenya (Kemri) imetuma timu ya wataalamu kwenda Marsabit kukusanya sampuli kwa ajili ya vipimo baada ya watu tisa kufariki.,,https://www.kemri.go.ke/latest-press-release/,,original_id=1390; class=extracted_from_class_dataset
HEALTH_120,Health,,"Kenya receives 10,700 doses of Mpox vaccine to curb disease spread, Health Ministry says; 67 cases confirmed since July 2024.","Wizara ya Afya inasema Kenya yapokea dozi 10,700 za chanjo ya Mpox ili kupunguza kuenea kwa ugonjwa huo; visa 67 vimethibitishwa tangu Julai 2024.",,https://www.facebook.com/africacdc/posts/-new-kenya-just-received-10700-doses-of-the-mpox-vaccine-thanks-to-a-strong-part/1067894302035610/,,original_id=1391; class=extracted_from_class_dataset
HEALTH_121,Health,,"Kenya confirms surge in Mpox cases, tally now at 137 with Busia, Mombasa and Nakuru counties leading with highest number of infections.","Kenya yathibitisha kuongezeka kwa visa vya Mpox, ambapo sasa vimefikia 137 huku kaunti za Busia, Mombasa na Nakuru zikiongoza kwa kuwa na idadi kubwa zaidi ya maambukizi.",,https://www.facebook.com/GAVI/posts/when-mpox-cases-began-appearing-along-kenyas-northern-transport-corridor-truck-d/1395673125922361/,,original_id=1392; class=extracted_from_class_dataset
HEALTH_122,Health,,"36 cases of Mpox reported so far in Kenya, two persons admitted and one patient receiving home-based care.","Visa 36 vya Mpox vimeripotiwa hadi sasa nchini Kenya, watu wawili waliolazwa na mgonjwa mmoja anayepatiwa huduma ya nyumbani.",,https://www.facebook.com/GAVI/posts/when-mpox-cases-began-appearing-along-kenyas-northern-transport-corridor-truck-d/1395673125922361/,,original_id=1393; class=extracted_from_class_dataset
HEALTH_123,Health,,Kenya confirms three new Mpox cases in Busia; Health Ministry warns of a high risk of importing Marburg and Ebola viruses from neighboring Tanzania and Sudan.,Kenya yathibitisha visa vitatu vipya vya Mpox huko Busia; Wizara ya Afya yaonya kuhusu hatari kubwa ya kuagiza virusi vya Marburg na Ebola kutoka nchi jirani za Tanzania na Sudan.,,https://www.cdc.gov/mmwr/volumes/74/wr/mm7422a2.htm,,original_id=1394; class=extracted_from_class_dataset
HEALTH_124,Health,,"WHO extends Mpox alert, says virus remains public health emergency of international concern, 37,000 cases recorded with 125 deaths since 2024.","WHO yaongeza tahadhari ya Mpox, yasema virusi hivyo vinasalia kuwa dharura ya afya ya umma inayotia wasiwasi kimataifa, visa 37,000 vimerekodiwa na vifo 125 tangu 2024.",,https://www.who.int/news/item/14-08-2024-who-director-general-declares-mpox-outbreak-a-public-health-emergency-of-international-concern,,original_id=1395; class=extracted_from_class_dataset
HEALTH_125,Health,,"The Ministry of Health has confirmed three new Mpox cases in Busia County, bringing the total number to 42 since the outbreak in July 2024.","Wizara ya Afya imethibitisha visa vitatu vipya vya Mpox katika Kaunti ya Busia, na kufikisha jumla ya visa 42 tangu mlipuko wa virusi hivyo Julai 2024.",,https://www.facebook.com/GAVI/posts/when-mpox-cases-began-appearing-along-kenyas-northern-transport-corridor-truck-d/1395673125922361/,,original_id=1396; class=extracted_from_class_dataset
HEALTH_126,Health,,"The Ministry of Health has confirmed two new Mpox cases, bringing the total number of infections to 33 since the outbreak began.","Wizara ya Afya imethibitisha visa viwili vipya vya Mpox, na kufanya jumla ya maambukizi kufikia 33 tangu mlipuko huo uanze.",,https://www.facebook.com/GAVI/posts/when-mpox-cases-began-appearing-along-kenyas-northern-transport-corridor-truck-d/1395673125922361/,,original_id=1397; class=extracted_from_class_dataset
HEALTH_127,Health,,"Every day, we are vulnerable to a new outbreak, disease, pandemic or virus. Recent ones include the Marburg virus, Mpox, Ebola, Zika and the nightmarish experience we faced during the Covid-19 pandemic.","Kila siku, tuko katika hatari ya kupata mlipuko mpya, ugonjwa, janga au virusi. Vipya ni pamoja na virusi vya Marburg, Mpox, Ebola, Zika na tukio baya tulilokabiliana nalo wakati wa janga la Covid-19.",,https://www.cdc.gov/global-health/countries/kenya.html,,original_id=1398; class=extracted_from_class_dataset
HEALTH_128,Health,,"Five new Mpox cases confirmed in 12 counties, including Nakuru and Mombasa, raising the total to 28; Health CS Deborah Barasa reports one death and eight under care.","Visa vitano vipya vya Mpox vimethibitishwa katika kaunti 12, ikiwa ni pamoja na Nakuru na Mombasa, na kufanya jumla ya visa kufikia 28; Waziri wa Afya Deborah Barasa anaripoti kifo kimoja na wanane wakiwa chini ya uangalizi.",,https://www.facebook.com/GAVI/posts/when-mpox-cases-began-appearing-along-kenyas-northern-transport-corridor-truck-d/1395673125922361/,,original_id=1399; class=extracted_from_class_dataset
HEALTH_129,Health,,"Kenya confirms two new Mpox cases in Kericho and Taita Taveta counties, raising total to 33; Health Ministry urges schools to enhance safety measures to curb spread.","Kenya yathibitisha visa viwili vipya vya Mpox katika kaunti za Kericho na Taita Taveta, na kuongeza jumla ya visa hivyo kufikia 33; Wizara ya Afya yahimiza shule kuimarisha hatua za usalama ili kupunguza kuenea kwa virusi hivyo.",,https://www.facebook.com/CitizenTVKe/posts/two-mpox-cases-confirmed-in-kericho-and-taita-taveta-counties-bringing-the-tally/1192352168916789/,,original_id=1400; class=extracted_from_class_dataset
HEALTH_130,Health,,"Kenya's Ministry of Health has urged citizens to strictly adhere to mpox preventive measures as the number of cases continues to rise, with children being particularly vulnerable.","Wizara ya Afya ya Kenya imewasihi raia kuzingatia kwa makini hatua za kinga za mpox huku idadi ya visa ikiendelea kuongezeka, huku watoto wakiwa katika hatari zaidi.",,http://www.china.org.cn/world/Off_the_Wire/2024-12/01/content_117579668.htm,,original_id=1401; class=extracted_from_class_dataset
HEALTH_131,Health,,"A healthy mind drives workplace success. Prioritizing mental health boosts morale, reduces stress, and improves productivity","Akili yenye afya huchochea mafanikio mahali pa kazi. Kuweka kipaumbele katika afya ya akili huongeza ari, hupunguza msongo wa mawazo, na huboresha tija",,https://www.facebook.com/MOPHQatar/posts/mental-health-is-a-cornerstone-for-ensuring-both-staff-and-patient-safety-csrt53/3553193584700249/,,original_id=1403; class=extracted_from_class_dataset
HEALTH_132,Health,,"Taking care of your mental health is as important as your physical health. A healthy mind leads to a happier, healthier life.",Kutunza afya yako ya akili ni muhimu kama vile afya yako ya kimwili. Akili yenye afya inaongoza kwenye maisha yenye furaha na afya njema.,,https://www.instagram.com/p/DX4vkmRjavw/,,original_id=1404; class=extracted_from_class_dataset
HEALTH_133,Health,,"What do you do to prioritize mental health?
Talking about it is a great first step.","Unafanya nini ili kuweka kipaumbele afya ya akili?
Kuzungumzia kuhusu hilo ni hatua nzuri ya kwanza.",,https://www.instagram.com/p/DYthp2kN2Dt/,,original_id=1405; class=extracted_from_class_dataset
HEALTH_134,Health,,"Ministry of health has confirmed the first coronavirus case in Kenya. The Kenyan citizen returning from the US to Nairobi via London on 5th March. She was confirmed positive by the national influenza lab. However, the patient is stable","Wizara ya afya imethibitisha kisa cha kwanza cha virusi vya corona nchini Kenya. Raia huyo wa Kenya anarudi kutoka Marekani hadi Nairobi kupitia London mnamo Machi 5. Alithibitishwa kuwa na virusi hivyo na maabara ya kitaifa ya mafua. Hata hivyo, mgonjwa huyo yuko imara.",,https://www.facebook.com/UBCUganda/posts/breaking-kenyas-ministry-of-health-confirms-the-first-case-of-covid_19-the-case-/1208683312658376/,,original_id=1406; class=extracted_from_class_dataset
HEALTH_135,Health,,Gov't calls for wearing of masks as country battles 6th Covid-19 wave,Serikali yatoa wito wa kuvaa barakoa huku nchi ikipambana na wimbi la 6 la Covid-19,,https://www.facebook.com/CitizenTVKe/posts/govt-calls-for-wearing-of-masks-as-country-battles-6th-covid-19-wave-health-cs-k/10166896787225405/,,original_id=1407; class=extracted_from_class_dataset
HEALTH_136,Health,,"All public gatherings meetings, games, events, church crusades have been suspended. Churches can have services as long as they have sanitizer. Schools to remain open but inter school games are cancelled","Mikutano yote ya hadhara, michezo, matukio, mikutano ya kanisa imesimamishwa. Makanisa yanaweza kuwa na ibada mradi tu yana vitakasa mikono. Shule zitaendelea kufunguliwa lakini michezo kati ya shule imefutwa",,https://www.facebook.com/PrinceAbeikuYorke/posts/official-kenya-suspends-all-public-gatherings-games-events-and-church-crusades-i/878113005988253/,,original_id=1408; class=extracted_from_class_dataset
HEALTH_137,Health,,Mandatory wearing of masks in public and open spaces is now lifted,Uvaaji wa lazima wa barakoa katika maeneo ya umma na wazi sasa umeondolewa,,https://www.facebook.com/cgtnafrica/posts/kenya-lifted-the-mandatory-requirement-of-wearing-facemasks-in-open-public-space/331821062317618/,,original_id=1409; class=extracted_from_class_dataset
HEALTH_138,Health,,"Your health is our priority! No one should face TB alone. Get tested early and access FREE treatment at your nearest public health facility.
Together, we can end TB in Kenya!","Afya yako ndiyo kipaumbele chetu! Hakuna mtu anayepaswa kukabiliana na TB peke yake. Pima mapema na upate matibabu BURE katika kituo cha afya cha umma kilicho karibu nawe.
Kwa pamoja, tunaweza kukomesha TB nchini Kenya!",,https://www.facebook.com/chskenya/posts/dont-wait-early-tb-detection-can-save-your-life-get-testedand-treated-for-free-a/1133933472106430/,,original_id=1410; class=extracted_from_class_dataset
HEALTH_139,Health,,"By recognizing the humanity of individuals with mental illnesses, we can cultivate a more compassionate and understanding society.
If you or someone you know needs psychosocial support, please don't hesitate to reach out to us at our toll-free number, 1199","Kwa kutambua ubinadamu wa watu wenye magonjwa ya akili, tunaweza kukuza jamii yenye huruma na uelewa zaidi.

Ikiwa wewe au mtu unayemjua anahitaji usaidizi wa kisaikolojia, tafadhali usisite kuwasiliana nasi kwa nambari yetu ya simu isiyolipishwa, 1199.",,https://www.facebook.com/KenyattaNationalHospital/posts/international-leadership-university-ilu-in-collaboration-with-kenyatta-national-/1349144717242547/,,original_id=1411; class=extracted_from_class_dataset
HEALTH_140,Health,,"Educate yourself on mental health issues, so that you can be an ambassador of change, speaking against mental health stigma. Stigma & discrimination are major barriers to accessing mental health services. Choose to live an empowered life, fight the stigma.","Jielimishe kuhusu masuala ya afya ya akili, ili uweze kuwa balozi wa mabadiliko, ukipinga unyanyapaa wa afya ya akili. Unyanyapaa na ubaguzi ni vikwazo vikubwa vya kupata huduma za afya ya akili. Chagua kuishi maisha yenye uwezo, pambana na unyanyapaa.",,https://www.instagram.com/p/DXWaUjpjZG7/?hl=en,,original_id=1412; class=extracted_from_class_dataset
HEALTH_141,Health,,"Take a journal and note down how your days are and how you're feeling.

Examine your thoughts written over time and soon they become clearer and hidden thoughts and feelings come to the surface to bring a more complete light to the situation.","Chukua shajara na uandike jinsi siku zako zilivyo na jinsi unavyohisi.

Chunguza mawazo yako yaliyoandikwa baada ya muda na hivi karibuni yanakuwa wazi zaidi na mawazo na hisia zilizofichwa huja juu ili kuleta mwanga kamili zaidi kwa hali hiyo.",,https://www.facebook.com/DrLaurieSantos/posts/james-pennebaker-asked-college-students-to-write-about-their-deepest-emotional-e/1283847197254949/,,original_id=1413; class=extracted_from_class_dataset
HEALTH_142,Health,,There is no health without mental health,Hakuna afya bila afya ya akili,,https://x.com/MOH_Kenya/status/1976204935936225495,,original_id=1415; class=extracted_from_class_dataset
HEALTH_143,Health,,"Take a deep breath and relax. Listen to your body. If youre really tired, give yourself time to sleep. Without good sleep, our mental health suffers and our concentration goes downhill. Sometimes the world can wait.","Vuta pumzi ndefu na upumzike. Sikiliza mwili wako. Ikiwa umechoka sana, jipe ​​muda wa kulala. Bila usingizi mzuri, afya yetu ya akili huharibika na umakini wetu hupungua. Wakati mwingine ulimwengu unaweza kusubiri.",,https://www.instagram.com/p/DaxvC3BtH5_/,,original_id=1416; class=extracted_from_class_dataset
HEALTH_144,Health,,Responding to mental health issues for people with disabilities is critical.Do you know someone who would need someone to talk to?SMS support to 20767 to get access to a counsellor.,"Kushughulikia masuala ya afya ya akili kwa watu wenye ulemavu ni muhimu. Je, unamjua mtu ambaye atahitaji mtu wa kuzungumza naye? Tuma ujumbe mfupi wa usaidizi kwa 20767 ili kupata mshauri nasaha.",,https://www.facebook.com/TINADAYOUTHORG/posts/mental-health-care-shouldnt-depend-on-where-you-livewhen-majority-of-services-ar/1443832267784957/,,original_id=1417; class=extracted_from_class_dataset
HEALTH_145,Health,,Healthy minds create healthy workplaces. Lets foster environments that prioritize mental health and support employees well-being,Akili zenye afya huunda sehemu za kazi zenye afya. Tukuze mazingira yanayopa kipaumbele afya ya akili na kusaidia ustawi wa wafanyakazi.,,https://www.afro.who.int/news/mental-health-promote-better-workplace-and-well-being-1,,original_id=1418; class=extracted_from_class_dataset
HEALTH_146,Health,,"Mental Health Check-Up Time!Mental Health Check-Up Time!
Your mental health is just as important as your physical health. Take a moment to check in with yourself today.
1. How are you feeling emotionally?
2. Are you getting enough rest?
3. Are you eating well?
4. Have you been active lately?
5. Do you need to talk to someone?
Remember, it's okay to seek help if you need it. Your mental well-being matters!","Wakati wa Kuchunguza Afya ya Akili! Wakati wa Kuchunguza Afya ya Akili!

Afya yako ya akili ni muhimu kama vile afya yako ya kimwili. Chukua muda kujichunguza leo.

1. Unajisikiaje kihisia?
2. Je, unapata mapumziko ya kutosha?
3. Je, unakula vizuri?
4. Je, umekuwa ukifanya mazoezi hivi karibuni?
5. Je, unahitaji kuzungumza na mtu?
Kumbuka, ni sawa kutafuta msaada ikiwa unahitaji. Ustawi wako wa akili ni muhimu!",,https://www.facebook.com/mohguyana/posts/health-tip-mental-health-check-inmental-health-often-changes-over-time-you-can-h/1239698918298176/,,original_id=1419; class=extracted_from_class_dataset
HEALTH_147,Health,,"Safe walking and cycling contributes to healthier lives preventing Non- Communicable diseases such Cancer, diabetes and hypertension and improves ones mental health","Kutembea salama na kuendesha baiskeli huchangia maisha yenye afya njema kuzuia magonjwa yasiyoambukiza kama vile Saratani, kisukari na shinikizo la damu na kuboresha afya ya akili ya mtu.",,https://www.facebook.com/MinstryofHealthKE/posts/a-walk-towards-a-healthier-kenyafor-many-kenyans-daily-life-has-become-increasin/1401137032041240/,,original_id=1421; class=extracted_from_class_dataset
HEALTH_148,Health,,"Alcohol addiction is a severe issue affecting many Kenyans, and the prevalence of illicit brews in the Mt. Kenya region exacerbates this problem. Local health facilities need to be well-equipped to handle mental health issues, which can drive people into alcohol addiction","Uraibu wa pombe ni tatizo kubwa linalowaathiri Wakenya wengi, na kuenea kwa pombe haramu katika eneo la Mlima Kenya kunazidisha tatizo hili. Vituo vya afya vya eneo hilo vinahitaji kuwa na vifaa vya kutosha kushughulikia masuala ya afya ya akili, ambayo yanaweza kuwasukuma watu katika uraibu wa pombe.",,https://www.facebook.com/KenyaSchoolofGovernment/posts/new-program-alertaround-57-of-kenyans-more-than-half-have-used-alcohol-or-anothe/1228517552800270/,,original_id=1422; class=extracted_from_class_dataset
HEALTH_149,Health,,"Women face unique challenges in addiction treatment such as trauma, mental health, stigma & caregiving roles. Gender responsive care are is not optional, it is essential","Wanawake wanakabiliwa na changamoto za kipekee katika matibabu ya uraibu kama vile majeraha, afya ya akili, unyanyapaa na majukumu ya ulezi. Huduma inayozingatia jinsia si ya hiari, ni muhimu",,https://pmc.ncbi.nlm.nih.gov/articles/PMC11250514/,,original_id=1423; class=extracted_from_class_dataset
HEALTH_150,Health,,Schools can be safe havens for mental health education,Shule zinaweza kuwa mahali salama pa elimu ya afya ya akili,,https://pmc.ncbi.nlm.nih.gov/articles/PMC7449150/,,original_id=1424; class=extracted_from_class_dataset
HEALTH_151,Health,,Set boundaries and fuel your mind with positive vibes,Weka mipaka na uiongezee akili yako hisia chanya,,https://www.facebook.com/MinstryofHealthKE/posts/make-time-for-your-mental-wellbeing-rest-connect-and-talk-seeking-support-when-y/1426983216123288/,,original_id=1425; class=extracted_from_class_dataset
HEALTH_152,Health,,"This Mens Mental Health Awareness Month, lets break the silence. Society often tells men to ""be strong,"" but real strength lies in acknowledging your struggles and reaching out.

1. Speaking up isnt weaknessits courage.
2. Your feelings are valid.
3.You dont have to face it alone.

Whether its stress, anxiety, depression, or just feeling overwhelmed your mental health matters. Talk to a friend, a counselor, or a support group. Asking for help is a sign of strength, not failure.
 You are human. You deserve support. You are not alone.","Mwezi huu wa Uhamasishaji wa Afya ya Akili ya Wanaume, hebu tuvunje ukimya. Mara nyingi jamii huwaambia wanaume ""kuwa imara,"" lakini nguvu halisi iko katika kutambua mapambano yako na kufikia lengo.

1. Kuzungumza si udhaifu - ni ujasiri.

2. Hisia zako ni halali.

3. Huna haja ya kukabiliana nayo peke yako.

Iwe ni msongo wa mawazo, wasiwasi, mfadhaiko, au kuhisi tu kuzidiwa - afya yako ya akili ni muhimu. Zungumza na rafiki, mshauri, au kikundi cha usaidizi. Kuomba msaada ni ishara ya nguvu, si kushindwa.

Wewe ni binadamu. Unastahili usaidizi. Hauko peke yako.",,https://www.facebook.com/MinstryofHealthKE/posts/june-is-mens-mental-health-awareness-montha-simple-conversation-can-make-a-diffe/1405273831627560/,,original_id=1426; class=extracted_from_class_dataset
HEALTH_153,Health,,"Did you know? Your sleep quality directly affects your mental health!

1.Aim for 7-9 hours of restful sleep each night.
2. Avoid stimulants like caffeine or drugs before bed they disrupt your Zzzs!
Prioritize your rest, recharge your mind, and wake up refreshed!","Ulijua? Ubora wa usingizi wako huathiri moja kwa moja afya yako ya akili!

1. Lenga kulala kwa saa 7-9 kila usiku.

2. Epuka vichocheo kama vile kafeini au dawa za kulevya kabla ya kulala - vinavyovuruga hisia zako za Zzz!
Zipe kipaumbele pumziko lako, chaji akili yako, na uamke ukiwa umeburudika!",,https://pmc.ncbi.nlm.nih.gov/articles/PMC8651630/,,original_id=1427; class=extracted_from_class_dataset
HEALTH_154,Health,,"Sports and exercise offer a multifaceted approach to preventing substance use during school breaks. They provide structure, boost mental health, foster social connections and help students build healthy habits that protect against risky behaviors","Michezo na mazoezi hutoa mbinu mbalimbali za kuzuia matumizi ya dawa za kulevya wakati wa mapumziko ya shule. Hutoa muundo, huimarisha afya ya akili, hukuza miunganisho ya kijamii na huwasaidia wanafunzi kujenga tabia zenye afya zinazowalinda dhidi ya tabia hatarishi.",,https://www.facebook.com/KenyaSchoolofGovernment/posts/new-program-alertaround-57-of-kenyans-more-than-half-have-used-alcohol-or-anothe/1228517552800270/,,original_id=1429; class=extracted_from_class_dataset
HEALTH_155,Health,,"Just like your annual doctors visit, your mind deserves a check-up too","Kama vile ziara yako ya kila mwaka ya daktari, akili yako pia inastahili kuchunguzwa",,https://www.instagram.com/reel/DX93PgJtn4Z/?hl=en,,original_id=1430; class=extracted_from_class_dataset
HEALTH_156,Health,,"Feeling low?  Reaching for alcohol wont lift you up  its a depressant that can make things worse.

Choose real healing: talk to a counselor, join a support group, or reach out for help.","Kuhisi umekata tamaa? Kunywa pombe hakutakuinua - ni dawa ya kufadhaisha ambayo inaweza kufanya mambo kuwa mabaya zaidi.

Chagua uponyaji halisi: zungumza na mshauri, jiunge na kikundi cha usaidizi, au wasiliana nasi kwa msaada.",,https://www.niaaa.nih.gov/publications/brochures-and-fact-sheets/treatment-alcohol-problems-finding-and-getting-help,,original_id=1431; class=extracted_from_class_dataset
HEALTH_157,Health,,"Fuel your body, feed your mind!
What you eat, how you move, and what you avoid directly shapes your mental health.

Choose clean eating, stay active, and say NO to harmful substances.

Your future self will thank you!","Tia nguvu mwili wako, lisha akili yako!

Kile unachokula, jinsi unavyotembea, na kile unachoepuka huunda moja kwa moja afya yako ya akili.

Chagua kula safi, endelea kufanya mazoezi, na useme HAPANA kwa vitu vyenye madhara.

Utu wako wa baadaye utakushukuru!",,https://www.facebook.com/MinstryofHealthKE/posts/protecting-your-health-starts-with-the-choices-you-make-every-day-eat-nutritious/1427960349358908/,,original_id=1432; class=extracted_from_class_dataset
HEALTH_158,Health,,"Stressed about money? Dont gamble with your mental health!
When finances feel overwhelming, its tempting to chase ""quick fixes"" like gambling or substance usebut these only make things worse. Instead, take control by seeking free financial counseling and building healthy money habits.
Your mental health matters. Choose smart solutions over short-term risks.","Una msongo wa mawazo kuhusu pesa? Usicheze kamari na afya yako ya akili!
Wakati fedha zinapozidi, inakuvutia kutafuta ""suluhisho la haraka"" kama vile kamari au matumizi ya dawa za kulevya - lakini hizi hufanya mambo kuwa mabaya zaidi. Badala yake, chukua udhibiti kwa kutafuta ushauri wa kifedha bila malipo na kujenga tabia nzuri za pesa.
Afya yako ya akili ni muhimu. Chagua suluhisho bora badala ya hatari za muda mfupi.",,https://www.nhs.uk/every-mind-matters/lifes-challenges/money-worries-mental-health/,,original_id=1433; class=extracted_from_class_dataset
HEALTH_159,Health,,Consider therapy or counseling. A mental health professional can provide strategies to cope with stigma and help you develop a positive self-image,Fikiria tiba au ushauri nasaha. Mtaalamu wa afya ya akili anaweza kutoa mikakati ya kukabiliana na unyanyapaa na kukusaidia kukuza taswira chanya ya wewe mwenyewe,,https://www.state.gov/wp-content/uploads/2024/01/HCWTraining-Guideline_AdolescentpackageofcareinKen.pdf,,original_id=1435; class=extracted_from_class_dataset
HEALTH_160,Health,,Societal pressures and gender-based discrimination can contribute to stress and mental health challenges.,Shinikizo la kijamii na ubaguzi wa kijinsia vinaweza kuchangia msongo wa mawazo na changamoto za afya ya akili.,,https://pmc.ncbi.nlm.nih.gov/articles/PMC7908383/,,original_id=1436; class=extracted_from_class_dataset
HEALTH_161,Health,,Understanding mental health issues can empower you to challenge misconceptions. Share accurate information with friends and family to promote awareness and reduce stigma,Kuelewa masuala ya afya ya akili kunaweza kukuwezesha kupinga dhana potofu. Shiriki taarifa sahihi na marafiki na familia ili kukuza uelewa na kupunguza unyanyapaa.,,https://www.facebook.com/TINADAYOUTHORG/posts/stigma-is-still-one-of-the-biggest-barriers-to-mental-health-care-in-kenya-too-m/1433087242192793/,,original_id=1438; class=extracted_from_class_dataset
HEALTH_162,Health,,Engage in activities that promote mental health awareness and advocacy. This can help create a sense of belonging and purpose.,Shiriki katika shughuli zinazokuza ufahamu na utetezi wa afya ya akili. Hii inaweza kusaidia kujenga hisia ya kuwa wa kipekee na kusudi.,,https://www.facebook.com/MombasaHealth/posts/mental-health-awareness-month-2026the-department-through-the-school-health-unit-/1296536112640962/,,original_id=1439; class=extracted_from_class_dataset
HEALTH_163,Health,,Communities can come together to support individuals facing both mental health issues and substance use challenges through several strategies,Jamii zinaweza kukusanyika pamoja ili kuwasaidia watu wanaokabiliwa na matatizo ya afya ya akili na changamoto za matumizi ya dawa za kulevya kupitia mikakati kadhaa.,,https://www.facebook.com/muthonikenya/posts/the-government-is-intensifying-efforts-to-strengthen-mental-health-services-acro/1514558193566095/,,original_id=1440; class=extracted_from_class_dataset
HEALTH_164,Health,,"Employers can identify signs of mental health issues in the workplace by observing changes in behavior, such as increased absenteeism, decreased productivity, or withdrawal from colleagues","Waajiri wanaweza kutambua dalili za matatizo ya afya ya akili mahali pa kazi kwa kuona mabadiliko katika tabia, kama vile kuongezeka kwa kutokuwepo kazini, kupungua kwa tija, au kujiondoa kutoka kwa wafanyakazi wenzao.",,http://guidelines.health.go.ke:8000/media/Workplace_Mental_Wellness_Guideline-2023-308-With_Sign.pdf,,original_id=1441; class=extracted_from_class_dataset
HEALTH_165,Health,,Ensure there are confidential channels for employees to seek mental health support without fear of retaliation or judgment,Hakikisha kuna njia za siri kwa wafanyakazi kutafuta msaada wa afya ya akili bila hofu ya kulipiza kisasi au hukumu.,,https://pmc.ncbi.nlm.nih.gov/articles/PMC11247900/,,original_id=1443; class=extracted_from_class_dataset
HEALTH_166,Health,,"Make sure employees are aware of resources available to them, such as Employee Assistance Programs (EAPs), mental health hotlines, or counseling services","Hakikisha wafanyakazi wanafahamu rasilimali zinazopatikana kwao, kama vile Programu za Usaidizi kwa Wafanyakazi (EAPs), simu za dharura za afya ya akili, au huduma za ushauri nasaha.",,https://pmc.ncbi.nlm.nih.gov/articles/PMC9382760/,,original_id=1444; class=extracted_from_class_dataset
HEALTH_167,Health,,"As Kenya records rising malaria cases due to climate variability, the just ended World Malaria Day serves as a critical reminder of the need to transform public health initiatives to meet these evolving challenges","Huku Kenya ikirekodi ongezeko la visa vya malaria kutokana na mabadiliko ya hali ya hewa, Siku ya Malaria Duniani iliyomalizika hivi punde inatumika kama ukumbusho muhimu wa hitaji la kubadilisha mipango ya afya ya umma ili kukabiliana na changamoto hizi zinazoendelea.",,https://www.instagram.com/reel/DXixP7ijNjv/,,original_id=1445; class=extracted_from_class_dataset
HEALTH_168,Health,,Communities in Baringo fight back against malaria with local solutions and mosquito nets,Jamii huko Baringo zinapambana na malaria kwa kutumia suluhisho za kienyeji na vyandarua,,https://www.facebook.com/MSFEasternAfrica/posts/kenya-in-illeret-marsabit-607-people-have-been-treated-for-malaria-so-far-and-11/1515248777313082/,,original_id=1446; class=extracted_from_class_dataset
HEALTH_169,Health,,Kenya-tested malaria vaccine gets WHO approval,Chanjo ya malaria iliyojaribiwa Kenya yaidhinishwa na WHO,,https://pmc.ncbi.nlm.nih.gov/articles/PMC4022976/,,original_id=1447; class=extracted_from_class_dataset
HEALTH_170,Health,,"WHO approves second malaria jab for children, to cost as low as Sh300","WHO yaidhinisha chanjo ya pili ya malaria kwa watoto, kuwa na gharama ya chini ya Sh300",,https://nation.africa/kenya/health/who-approves-second-malaria-jab-for-children-to-cost-as-low-as-sh300-4475816,,original_id=1448; class=extracted_from_class_dataset
HEALTH_171,Health,,"Womens mental health can be influenced by hormonal changes related to the menstrual cycle, pregnancy, and menopause. Substance use can disrupt these hormonal balances, potentially intensifying mental health symptoms","Afya ya akili ya wanawake inaweza kuathiriwa na mabadiliko ya homoni yanayohusiana na mzunguko wa hedhi, ujauzito, na kukoma hedhi. Matumizi ya dawa za kulevya yanaweza kuvuruga mizania hii ya homoni, na hivyo kuongeza dalili za afya ya akili.",,https://pmc.ncbi.nlm.nih.gov/articles/PMC12079463/,,original_id=1449; class=extracted_from_class_dataset
HEALTH_172,Health,,"Long-term substance use can impair cognitive functions such as memory and decision-making, which can further complicate mental health issues and affect daily functioning","Matumizi ya dawa za kulevya kwa muda mrefu yanaweza kuathiri utendaji kazi wa utambuzi kama vile kumbukumbu na kufanya maamuzi, ambayo yanaweza kuzidisha matatizo ya afya ya akili na kuathiri utendaji kazi wa kila siku.",,https://pmc.ncbi.nlm.nih.gov/articles/PMC6599555/,,original_id=1450; class=extracted_from_class_dataset
HEALTH_173,Health,,"Goal-setting is subjective. It is important to create goals that make sense for you during your recovery journey. If you need assistance in creating realistic and achievable goals, reach out to your mentor, peer, or another mental health professional for guidance and tips","Kuweka malengo ni jambo la kibinafsi. Ni muhimu kuunda malengo yanayokufaa wakati wa safari yako ya kupona. Ikiwa unahitaji usaidizi katika kuunda malengo halisi na yanayoweza kufikiwa, wasiliana na mshauri wako, mwenzako, au mtaalamu mwingine wa afya ya akili kwa mwongozo na vidokezo.",,https://pmc.ncbi.nlm.nih.gov/articles/PMC6796229/,,original_id=1452; class=extracted_from_class_dataset
HEALTH_174,Health,,"Look at your family history of mental illness and addiction, several studies have shown that this disease tends to run in the family, but can be prevented. The more you are aware of your biological, environmental and physical risk factors the more likely you are to overcome them","Angalia historia ya familia yako ya ugonjwa wa akili na uraibu, tafiti kadhaa zimeonyesha kuwa ugonjwa huu huwa unaenea katika familia, lakini unaweza kuzuiwa. Kadiri unavyofahamu zaidi mambo yako ya hatari ya kibiolojia, kimazingira na kimwili, ndivyo unavyozidi kuwa na uwezekano wa kuyashinda.",,https://www.facebook.com/MinistryofHealthTT/posts/did-you-knowsubstance-dependency-is-a-brain-disorder-that-alters-brain-structure/1393162582847601/,,original_id=1453; class=extracted_from_class_dataset
HEALTH_175,Health,,"Develop routines for nutrition, exercise, and sleep. This promotes physical and mental health, contributing to a balanced lifestyle.","Tengeneza utaratibu wa lishe, mazoezi, na usingizi. Hii inakuza afya ya kimwili na kiakili, na kuchangia mtindo wa maisha wenye usawa.",,https://arua-ncd.org/wp-content/uploads/2022/10/National-Physical-Activity-Action-Plan.pdf,,original_id=1454; class=extracted_from_class_dataset
HEALTH_176,Health,,Expectant mothers are urged to start antenatal care visits during the first trimester of pregnancy to monitor both mother and babys health. Early check-ups help identify risks and ensure safe delivery.,Akina mama wajawazito wanahimizwa kuanza ziara za utunzaji wa ujauzito wakati wa miezi mitatu ya kwanza ya ujauzito ili kufuatilia afya ya mama na mtoto. Uchunguzi wa mapema husaidia kutambua hatari na kuhakikisha kujifungua salama.,,https://pmc.ncbi.nlm.nih.gov/articles/PMC13019848/,,original_id=1455; class=extracted_from_class_dataset
HEALTH_177,Health,,Health centers are offering free iron and folic acid supplements to all pregnant women to prevent anemia and birth defects. Visit your nearest facility today.,Vituo vya afya vinatoa virutubisho vya chuma na foliki bila malipo kwa wanawake wote wajawazito ili kuzuia upungufu wa damu na kasoro za kuzaliwa. Tembelea kituo kilicho karibu nawe leo.,,https://pmc.ncbi.nlm.nih.gov/articles/PMC12316296/,,original_id=1456; class=extracted_from_class_dataset
HEALTH_178,Health,,All deliveries should be conducted by skilled birth attendants at health facilities. This ensures safer births and immediate care in case of complications.,Uzazi wote unapaswa kufanywa na wakunga wenye ujuzi katika vituo vya afya. Hii inahakikisha uzazi salama na huduma ya haraka iwapo kutatokea matatizo.,,https://pmc.ncbi.nlm.nih.gov/articles/PMC3001150/,,original_id=1457; class=extracted_from_class_dataset
HEALTH_179,Health,,Mothers are advised to exclusively breastfeed their babies for the first six months without giving water or food. Breastmilk provides all the nutrients and protection a baby needs.,Akina mama wanashauriwa kuwanyonyesha watoto wao pekee kwa miezi sita ya kwanza bila kuwapa maji au chakula. Maziwa ya mama hutoa virutubisho na ulinzi wote ambao mtoto anahitaji.,,https://pmc.ncbi.nlm.nih.gov/articles/PMC4845378/,,original_id=1458; class=extracted_from_class_dataset
HEALTH_180,Health,,"All pregnant women are encouraged to create a birth preparedness plan including identifying a health facility, arranging transport, and saving funds.","Wanawake wote wajawazito wanahimizwa kuunda mpango wa maandalizi ya kujifungua ikiwa ni pamoja na kutambua kituo cha afya, kupanga usafiri, na kuweka akiba ya fedha.",,https://pmc.ncbi.nlm.nih.gov/articles/PMC12512207/,,original_id=1459; class=extracted_from_class_dataset
HEALTH_181,Health,,"Caregivers should follow the national immunization schedule to protect children against deadly diseases such as measles, polio, and tuberculosis.","Walezi wanapaswa kufuata ratiba ya kitaifa ya chanjo ili kuwalinda watoto dhidi ya magonjwa hatari kama vile surua, polio, na kifua kikuu.",,https://www.instagram.com/p/DXuLcEzj9SA/,,original_id=1460; class=extracted_from_class_dataset
HEALTH_182,Health,,"For low birth weight babies, Kangaroo Mother Care  skin-to-skin contact  is recommended to regulate body temperature, improve breastfeeding, and boost survival.","Kwa watoto waliozaliwa na uzito mdogo, Huduma ya Mama ya Kangaroo - mguso wa ngozi kwa ngozi - unapendekezwa ili kudhibiti joto la mwili, kuboresha unyonyeshaji, na kuongeza maisha.",,https://www.who.int/tools/elena/interventions/kangaroo-care-infants,,original_id=1461; class=extracted_from_class_dataset
HEALTH_183,Health,,"Pregnant women should seek immediate care if they experience severe headaches, swelling, blurred vision, or bleeding. These may be signs of serious complications.","Wanawake wajawazito wanapaswa kutafuta huduma ya haraka ikiwa watapata maumivu makali ya kichwa, uvimbe, kutoona vizuri, au kutokwa na damu. Hizi zinaweza kuwa ishara za matatizo makubwa.",,https://www.facebook.com/WHO/posts/health-comes-first-if-you-experience-any-of-these-symptoms-during-pregnancy-seek/1104252085067514/,,original_id=1462; class=extracted_from_class_dataset
HEALTH_184,Health,,Mothers and newborns should attend postnatal check-ups within 48 hours after birth to detect any complications and promote healthy recovery.,Akina mama na watoto wachanga wanapaswa kuhudhuria uchunguzi wa baada ya kujifungua ndani ya saa 48 baada ya kujifungua ili kugundua matatizo yoyote na kukuza afya njema.,,https://pmc.ncbi.nlm.nih.gov/articles/PMC11600649/,,original_id=1463; class=extracted_from_class_dataset
HEALTH_185,Health,,"Pregnant women are encouraged to sleep under insecticide-treated nets and take preventive medication to avoid malaria, which poses risks to both mother and baby.","Wanawake wajawazito wanahimizwa kulala chini ya vyandarua vilivyotibiwa na dawa za kuua wadudu na kutumia dawa za kuzuia malaria ili kuepuka malaria, ambayo inahatarisha maisha ya mama na mtoto.",,https://pubmed.ncbi.nlm.nih.gov/20499780/,,original_id=1464; class=extracted_from_class_dataset
HEALTH_186,Health,,Men are encouraged to accompany their partners to antenatal clinics and support them during pregnancy and after childbirth. Male involvement improves outcomes.,Wanaume wanahimizwa kuandamana na wenzi wao kwenye kliniki za ujauzito na kuwasaidia wakati wa ujauzito na baada ya kujifungua. Ushiriki wa wanaume huboresha matokeo.,,https://pmc.ncbi.nlm.nih.gov/articles/PMC5933283/,,original_id=1465; class=extracted_from_class_dataset
HEALTH_187,Health,,"Pregnant women should consume a balanced diet rich in iron, protein, and vitamins to support fetal development and maternal health.","Wanawake wajawazito wanapaswa kula lishe bora yenye madini ya chuma, protini, na vitamini ili kusaidia ukuaji wa fetasi na afya ya mama.",,https://pmc.ncbi.nlm.nih.gov/articles/PMC7926714/,,original_id=1466; class=extracted_from_class_dataset
HEALTH_188,Health,,Children aged 1 to 5 should be dewormed every six months to prevent worm infections that can lead to malnutrition and stunted growth.,Watoto wenye umri wa miaka 1 hadi 5 wanapaswa kusafishwa minyoo kila baada ya miezi sita ili kuzuia maambukizi ya minyoo ambayo yanaweza kusababisha utapiamlo na ukuaji wa kudumaa.,,https://pmc.ncbi.nlm.nih.gov/articles/PMC6737502/,,original_id=1467; class=extracted_from_class_dataset
HEALTH_189,Health,,Caregivers are advised to keep the umbilical cord clean and dry. Do not apply substances like ash or herbs as they may cause infections.,Walezi wanashauriwa kuweka kitovu kikiwa safi na kikavu. Usipake vitu kama majivu au mimea kwani vinaweza kusababisha maambukizi.,,https://pmc.ncbi.nlm.nih.gov/articles/PMC12067492/,,original_id=1468; class=extracted_from_class_dataset
HEALTH_190,Health,,"Communities should educate and support adolescents to avoid early pregnancies through life skills, counseling, and access to reproductive health services.","Jamii zinapaswa kuwaelimisha na kuwasaidia vijana kuepuka mimba za mapema kupitia ujuzi wa maisha, ushauri nasaha, na upatikanaji wa huduma za afya ya uzazi.",,https://pmc.ncbi.nlm.nih.gov/articles/PMC5937539/,,original_id=1469; class=extracted_from_class_dataset
HEALTH_191,Health,,Children under five should receive vitamin A drops every six months to boost immunity and reduce child mortality.,Watoto walio chini ya miaka mitano wanapaswa kupokea matone ya vitamini A kila baada ya miezi sita ili kuongeza kinga na kupunguza vifo vya watoto.,,https://www.facebook.com/UNICEFMw/posts/vitamin-a-supplements-enhance-immunity-growth-and-development-in-children-they-a/804478965197205/,,original_id=1470; class=extracted_from_class_dataset
HEALTH_192,Health,,Some cultural practices during pregnancy and childbirth may endanger lives. Communities are urged to adopt evidence-based health practices.,Baadhi ya desturi za kitamaduni wakati wa ujauzito na kujifungua zinaweza kuhatarisha maisha. Jamii zinahimizwa kufuata desturi za kiafya zinazotegemea ushahidi.,,https://www.ovid.com/journals/ijoch/fulltext/10.1891/ijc-2021-0008~cultural-practices-during-pregnancy-and-birth-among-the,,original_id=1471; class=extracted_from_class_dataset
HEALTH_193,Health,,"Caregivers should wash hands with soap before handling babies, after changing diapers, and before feeding to prevent infections.","Walezi wanapaswa kunawa mikono kwa sabuni kabla ya kuwashughulikia watoto, baada ya kubadilisha nepi, na kabla ya kuwalisha ili kuzuia maambukizi.",,https://www.unicef.org/kenya/stories/everything-you-need-know-about-washing-your-hands-protect-against-coronavirus-covid-19,,original_id=1472; class=extracted_from_class_dataset
HEALTH_194,Health,,Fast breathing and chest indrawing in children may signal pneumonia. Seek medical care immediately.,Kupumua haraka na kuvuta kifua kwa watoto kunaweza kuashiria nimonia. Tafuta huduma ya matibabu mara moja.,,https://pmc.ncbi.nlm.nih.gov/articles/PMC2584330/,,original_id=1473; class=extracted_from_class_dataset
HEALTH_195,Health,,Parents should register the birth of their child at the nearest civil registration office. A birth certificate secures a childs legal identity and access to services.,Wazazi wanapaswa kusajili kuzaliwa kwa mtoto wao katika ofisi ya usajili wa kiraia iliyo karibu. Cheti cha kuzaliwa kinahakikisha utambulisho wa kisheria wa mtoto na upatikanaji wa huduma.,,https://www.facebook.com/CRSOfficialKenya/posts/a-birth-certificate-legally-documents-the-birth-of-a-person-and-identifies-the-i/591765636466539/,,original_id=1474; class=extracted_from_class_dataset
HEALTH_196,Health,,Delivering at home without skilled help puts both mother and baby at risk. Always deliver at a health facility with trained personnel.,Kujifungua nyumbani bila msaada wa kitaalamu kunamweka mama na mtoto katika hatari. Daima jifungulie katika kituo cha afya chenye wafanyakazi waliofunzwa.,,https://pmc.ncbi.nlm.nih.gov/articles/PMC4738797/,,original_id=1475; class=extracted_from_class_dataset
HEALTH_197,Health,,Pregnant women living with HIV should attend clinic early to receive antiretroviral therapy and prevent transmission to the baby.,Wanawake wajawazito wanaoishi na VVU wanapaswa kuhudhuria kliniki mapema ili kupata tiba ya kupunguza makali ya virusi vya ukimwi na kuzuia maambukizi kwa mtoto.,,https://archive.cdc.gov/www_cdc_gov/globalhealth/countries/kenya/blog/mother_child_transmission.html,,original_id=1476; class=extracted_from_class_dataset
HEALTH_198,Health,,Pregnant women in their second trimester should receive deworming medication to improve nutrition and reduce complications.,Wanawake wajawazito katika miezi mitatu yao ya pili ya ujauzito wanapaswa kupokea dawa za minyoo ili kuboresha lishe na kupunguza matatizo.,,https://pmc.ncbi.nlm.nih.gov/articles/PMC11533339/,,original_id=1477; class=extracted_from_class_dataset
HEALTH_199,Health,,New mothers are encouraged to discuss family planning options with health providers to allow proper spacing of pregnancies and ensure maternal recovery.,Akina mama wapya wanahimizwa kujadili chaguzi za uzazi wa mpango na watoa huduma za afya ili kuruhusu nafasi nzuri ya ujauzito na kuhakikisha mama anaendelea kupona.,,https://pmc.ncbi.nlm.nih.gov/articles/PMC12813199/,,original_id=1478; class=extracted_from_class_dataset
HEALTH_200,Health,,"At six months, introduce soft, nutrient-rich foods while continuing breastfeeding. Avoid sugary snacks and ensure hygiene during feeding.","Katika miezi sita, mtangulie vyakula laini na vyenye virutubisho vingi huku ukiendelea kunyonyesha. Epuka vitafunio vyenye sukari na hakikisha usafi wakati wa kunyonyesha.",,https://pmc.ncbi.nlm.nih.gov/articles/PMC6594063/,,original_id=1479; class=extracted_from_class_dataset
HEALTH_201,Health,,"Adolescent mothers need extra emotional, nutritional, and medical support. Communities are urged to reduce stigma and promote inclusive care.","Akina mama vijana wanahitaji msaada wa ziada wa kihisia, lishe, na matibabu. Jamii zinahimizwa kupunguza unyanyapaa na kukuza utunzaji jumuishi.",,https://pmc.ncbi.nlm.nih.gov/articles/PMC5937539/,,original_id=1480; class=extracted_from_class_dataset
HEALTH_202,Health,,Pregnant women should receive tetanus toxoid vaccination to protect themselves and their babies from neonatal tetanus.,Wanawake wajawazito wanapaswa kupata chanjo ya pepopunda ili kujikinga na watoto wao kutokana na pepopunda ya watoto wachanga.,,https://pmc.ncbi.nlm.nih.gov/articles/PMC7644175/,,original_id=1481; class=extracted_from_class_dataset
HEALTH_203,Health,,"New mothers experiencing sadness, withdrawal, or hopelessness should seek mental health support. Postpartum depression is treatable.","Akina mama wapya wanaopitia huzuni, kujitenga, au kukata tamaa wanapaswa kutafuta msaada wa afya ya akili. Mfadhaiko baada ya kujifungua unaweza kutibiwa.",,https://pmc.ncbi.nlm.nih.gov/articles/PMC10400812/,,original_id=1482; class=extracted_from_class_dataset
HEALTH_204,Health,,Regular weight checks at clinics help detect growth issues early. Caregivers are encouraged to attend monthly child welfare clinics.,Kupima uzito mara kwa mara katika kliniki husaidia kugundua matatizo ya ukuaji mapema. Walezi wanahimizwa kuhudhuria kliniki za ustawi wa watoto kila mwezi.,,https://pmc.ncbi.nlm.nih.gov/articles/PMC8130212/,,original_id=1483; class=extracted_from_class_dataset
HEALTH_205,Health,,A toll-free maternal health helpline is available for advice and emergency referrals. Dial 1195 anytime.,Simu ya usaidizi wa afya ya mama bila malipo inapatikana kwa ushauri na rufaa za dharura. Piga 1195 wakati wowote.,,https://www.facebook.com/amrefke/posts/to-ensure-that-we-leavenoonebehind-we-have-1196-a-toll-free-number-to-help-women/2680461198852328/,,original_id=1484; class=extracted_from_class_dataset
HEALTH_206,Health,,"Families are encouraged to identify emergency transport options in advance, in case labor begins unexpectedly. Delays in reaching the hospital can lead to complications.","Familia zinahimizwa kutambua njia za usafiri wa dharura mapema, iwapo uchungu wa kujifungua utaanza bila kutarajia. Kuchelewa kufika hospitalini kunaweza kusababisha matatizo.",,https://www.health.go.ke/scaling-emergency-medical-transport-mothers-and-newborns,,original_id=1485; class=extracted_from_class_dataset
HEALTH_207,Health,,"Mothers who express breast milk should ensure clean containers, proper refrigeration, and correct warming procedures to prevent contamination.","Akina mama wanaokamua maziwa ya mama wanapaswa kuhakikisha vyombo vinasafishwa, vinahifadhiwa vizuri kwenye jokofu, na taratibu sahihi za kupasha joto ili kuzuia uchafuzi.",,https://pmc.ncbi.nlm.nih.gov/articles/PMC9063221/,,original_id=1486; class=extracted_from_class_dataset
HEALTH_208,Health,,"Community maternal support groups provide peer education, emotional support, and help connect women to health services during pregnancy and postpartum.","Vikundi vya usaidizi wa akina mama katika jamii hutoa elimu ya rika, usaidizi wa kihisia, na husaidia kuwaunganisha wanawake na huduma za afya wakati wa ujauzito na baada ya kujifungua.",,https://helenkellerintl.org/our-stories/peer-support-groups-improve-maternal-health-in-kenya/,,original_id=1487; class=extracted_from_class_dataset
HEALTH_209,Health,,A high fever in a child could be a sign of malaria or infection. Visit the nearest clinic without delay to prevent complications.,Homa kali kwa mtoto inaweza kuwa ishara ya malaria au maambukizi. Tembelea kliniki iliyo karibu bila kuchelewa ili kuzuia matatizo.,,https://www.ncbi.nlm.nih.gov/books/NBK143740/,,original_id=1488; class=extracted_from_class_dataset
HEALTH_210,Health,,Skin-to-skin care helps stabilize small or preterm babies and promotes weight gain and bonding.,Utunzaji wa ngozi kwa ngozi husaidia kuimarisha watoto wadogo au waliozaliwa kabla ya wakati na kukuza ongezeko la uzito na mshikamano.,,https://www.who.int/news/item/15-11-2022-who-advises-immediate-skin-to-skin-care-for-survival-of-small-and-preterm-babies,,original_id=1489; class=extracted_from_class_dataset
HEALTH_211,Health,,Postpartum women should take deworming medication to improve nutrition and milk quality.,Wanawake baada ya kujifungua wanapaswa kutumia dawa za minyoo ili kuboresha lishe na ubora wa maziwa.,,https://pmc.ncbi.nlm.nih.gov/articles/PMC8476434/,,original_id=1490; class=extracted_from_class_dataset
HEALTH_212,Health,,Babies under six months get all the hydration they need from breast milk. Giving water increases infection risk.,Watoto walio chini ya miezi sita hupata maji yote wanayohitaji kutoka kwa maziwa ya mama. Kumpa mtoto maji huongeza hatari ya kuambukizwa.,,https://pmc.ncbi.nlm.nih.gov/articles/PMC10506693/,,original_id=1491; class=extracted_from_class_dataset
HEALTH_213,Health,,Sleeping under insecticide-treated nets protects expectant mothers and their unborn babies from malaria.,Kulala chini ya vyandarua vilivyotibiwa dawa za kuua wadudu huwalinda akina mama wajawazito na watoto wao ambao hawajazaliwa kutokana na malaria.,,https://www.facebook.com/Healthpromotionkenya/posts/sleep-protected-every-night-for-every-family-member-treated-bednets-are-one-of-t/1266526505654156/,,original_id=1492; class=extracted_from_class_dataset
HEALTH_214,Health,,"Swollen feet, thin limbs, or constant fatigue in a child may be signs of malnutrition. Seek help immediately.","Miguu iliyovimba, miguu myembamba, au uchovu wa kila mara kwa mtoto inaweza kuwa dalili za utapiamlo. Tafuta msaada mara moja.",,https://www.facebook.com/NationwideChildrensHospital/posts/this-week-is-malnutrition-awareness-week-our-expert-shares-the-5%EF%B8%8F%E2%83%A3-signs-of-maln/1231694155655475/,,original_id=1493; class=extracted_from_class_dataset
HEALTH_215,Health,,Do not apply substances to the cord. Keep it dry and clean until it falls off naturally.,Usipake vitu kwenye kamba. Iweke kavu na safi hadi ianguke kiasili.,,https://en.wikipedia.org/wiki/Kenya,,original_id=1494; class=extracted_from_class_dataset
HEALTH_216,Health,,"Severe headaches, swelling, or bleeding during pregnancy require immediate medical attention.","Maumivu makali ya kichwa, uvimbe, au kutokwa na damu wakati wa ujauzito kunahitaji matibabu ya haraka.",,https://www.facebook.com/WHO/posts/health-comes-first-if-you-experience-any-of-these-symptoms-during-pregnancy-seek/1104252085067514/,,original_id=1495; class=extracted_from_class_dataset
HEALTH_217,Health,,"Always keep your childs health card and birth certificate safe for school, healthcare, and legal needs.","Daima weka kadi ya afya ya mtoto wako na cheti cha kuzaliwa salama kwa mahitaji ya shule, huduma ya afya, na kisheria.",,https://www.health.go.ke/,,original_id=1496; class=extracted_from_class_dataset
HEALTH_218,Health,,New mothers may experience sadness or anxiety. Counseling and support groups can help.,Akina mama wapya wanaweza kupata huzuni au wasiwasi. Ushauri nasaha na vikundi vya usaidizi vinaweza kusaidia.,,https://www.facebook.com/partnersinhealth/posts/every-mother-deserves-care-for-both-her-body-and-her-mind-in-many-low-resource-s/1251325437033779/,,original_id=1497; class=extracted_from_class_dataset
HEALTH_219,Health,,"If your child is not sitting, crawling, or speaking by the expected age, visit a pediatric clinic for evaluation","Ikiwa mtoto wako hajakaa, hajatambaa, au hajazungumza kwa umri unaotarajiwa, tembelea kliniki ya watoto kwa ajili ya tathmini.",,https://www.facebook.com/bewellhospitals/posts/every-child-grows-at-their-own-pace-but-some-delays-deserve-attention-if-your-li/1439904364174002/,,original_id=1498; class=extracted_from_class_dataset
HEALTH_220,Health,,Taking over-the-counter or herbal medicines without a prescription during pregnancy can be dangerous.,Kuchukua dawa za mitishamba au zilizoagizwa bila agizo la daktari wakati wa ujauzito kunaweza kuwa hatari.,,https://pmc.ncbi.nlm.nih.gov/articles/PMC4230355/,,original_id=1499; class=extracted_from_class_dataset
HEALTH_221,Health,,Teen mothers should be encouraged and supported to continue their education after childbirth.,Akina mama vijana wanapaswa kutiwa moyo na kuungwa mkono ili kuendelea na masomo yao baada ya kujifungua.,,https://www.frontiersin.org/journals/education/articles/10.3389/feduc.2023.1086706/full,,original_id=1500; class=extracted_from_class_dataset
HEALTH_222,Health,,Expectant mothers are strongly advised to avoid all alcohol. Drinking during pregnancy can lead to fetal alcohol syndrome and developmental delays.,Akina mama wajawazito wanashauriwa sana kuepuka pombe kabisa. Kunywa pombe wakati wa ujauzito kunaweza kusababisha ugonjwa wa pombe ya fetasi na kuchelewa kwa ukuaji.,,https://www.nhs.uk/pregnancy/keeping-well/drinking-alcohol-while-pregnant/,,original_id=1501; class=extracted_from_class_dataset
HEALTH_223,Health,,Hormonal changes during pregnancy can affect oral health. Visit a dentist for check-ups and maintain oral hygiene.,Mabadiliko ya homoni wakati wa ujauzito yanaweza kuathiri afya ya kinywa. Mtembelee daktari wa meno kwa uchunguzi na udumishe usafi wa kinywa.,,https://pmc.ncbi.nlm.nih.gov/articles/PMC11596282/,,original_id=1502; class=extracted_from_class_dataset
HEALTH_224,Health,,Yellowing of the skin and eyes in newborns should be checked by a health worker. Severe jaundice can affect brain development.,Kuwa na rangi ya njano kwenye ngozi na macho kwa watoto wachanga kunapaswa kuchunguzwa na mfanyakazi wa afya. Homa kali ya manjano inaweza kuathiri ukuaji wa ubongo.,,https://www.facebook.com/ChildrensHospitalofPhiladelphia/posts/all-newborn-babies-are-at-risk-for-having-jaundice-a-yellow-color-that-appears-i/1290455653120037/,,original_id=1503; class=extracted_from_class_dataset
HEALTH_225,Health,,Health facilities offer family planning counseling to couples and individuals to support informed decisions about spacing and limiting births.,Vituo vya afya hutoa ushauri nasaha wa uzazi wa mpango kwa wanandoa na watu binafsi ili kusaidia maamuzi sahihi kuhusu nafasi na kupunguza uzazi.,,https://media.tciurbanhealth.org/wp-content/uploads/2017/07/12124654/2022Kenya-National-Family-Planning-Guidelines-6th-Edition.pdf,,original_id=1504; class=extracted_from_class_dataset
HEALTH_226,Health,,Caregivers should change diapers frequently and clean the babys skin gently to avoid rashes and infections.,Walezi wanapaswa kubadilisha nepi mara kwa mara na kusafisha ngozi ya mtoto kwa upole ili kuepuka vipele na maambukizi.,,https://www.facebook.com/NaivasSupermarkets/posts/diapers-are-important-for-the-protection-of-the-babys-skin-however-how-many-time/5062267160463399/,,original_id=1505; class=extracted_from_class_dataset
HEALTH_227,Health,,Pregnant women should eat small meals several times a day to manage nausea and maintain energy levels.,Wanawake wajawazito wanapaswa kula milo midogo mara kadhaa kwa siku ili kudhibiti kichefuchefu na kudumisha viwango vya nishati.,,https://pmc.ncbi.nlm.nih.gov/articles/PMC11817518/,,original_id=1506; class=extracted_from_class_dataset
HEALTH_228,Health,,"Using simple hand signs helps babies express needs early, reducing frustration for both caregiver and child.","Kutumia ishara rahisi za mikono huwasaidia watoto kueleza mahitaji yao mapema, na hivyo kupunguza kuchanganyikiwa kwa mlezi na mtoto.",,https://www.facebook.com/ClevelandClinicChildrens/posts/baby-sign-language-is-a-way-parents-and-caregivers-can-communicate-early-with-in/1305694191603280/,,original_id=1507; class=extracted_from_class_dataset
HEALTH_229,Health,,"Fathers are encouraged to be active in bathing, changing, and comforting their newborns to promote bonding and family well-being.","Akina baba wanahimizwa kuwa hai katika kuwaogesha, kuwabadilisha, na kuwafariji watoto wao wachanga ili kukuza uhusiano na ustawi wa familia.",,https://pmc.ncbi.nlm.nih.gov/articles/PMC10698236/,,original_id=1508; class=extracted_from_class_dataset
HEALTH_230,Health,,Mothers are urged to visit immunization booths during market days for convenient access to childhood vaccines.,Akina mama wanahimizwa kutembelea vibanda vya chanjo wakati wa siku za soko ili kupata chanjo za watoto kwa urahisi.,,https://www.instagram.com/p/DXvn5VzDcE-/,,original_id=1509; class=extracted_from_class_dataset
HEALTH_231,Health,,Children struggling to speak or recognize sounds may have learning difficulties. Seek assessment from child specialists early.,Watoto wanaojitahidi kuzungumza au kutambua sauti wanaweza kuwa na matatizo ya kujifunza. Tafuta tathmini kutoka kwa wataalamu wa watoto mapema.,,https://pmc.ncbi.nlm.nih.gov/articles/PMC3841812/,,original_id=1510; class=extracted_from_class_dataset
HEALTH_232,Health,,New mothers can begin light exercises after consulting their doctor to improve recovery and mental health.,Akina mama wapya wanaweza kuanza mazoezi mepesi baada ya kushauriana na daktari wao ili kuboresha kupona na afya ya akili.,,https://pmc.ncbi.nlm.nih.gov/articles/PMC9290784/,,original_id=1511; class=extracted_from_class_dataset
HEALTH_233,Health,,Babies should never be exposed to cigarette smoke. Secondhand smoke increases the risk of asthma and sudden infant death syndrome.,Watoto wachanga hawapaswi kamwe kuathiriwa na moshi wa sigara. Moshi wa sigara unaotoka kwa mtu mwingine huongeza hatari ya pumu na ugonjwa wa kifo cha ghafla cha watoto wachanga.,,https://pmc.ncbi.nlm.nih.gov/articles/PMC5791751/,,original_id=1512; class=extracted_from_class_dataset
HEALTH_234,Health,,Handwashing with soap before feeding and after diaper changes prevents infections in children and mothers.,Kunawa mikono kwa sabuni kabla ya kulisha na baada ya kubadilisha nepi huzuia maambukizi kwa watoto na akina mama.,,https://www.facebook.com/unicefuganda/posts/wash-your-hands-with-soap-and-water1-before-feeding-a-baby2-before-eating-food3-/10156213913471448/,,original_id=1513; class=extracted_from_class_dataset
HEALTH_235,Health,,"Keeping newborns in skin-to-skin contact with mothers helps regulate temperature, heartbeat, and supports immune development.","Kuwaweka watoto wachanga katika mgusano wa ngozi na mama husaidia kudhibiti halijoto, mapigo ya moyo, na kusaidia ukuaji wa kinga mwilini.",,https://www.facebook.com/Jhpiego/posts/kangaroo-mother-care-kmc-is-the-continuous-skin-to-skin-contact-between-a-mother/1430619905778684/?locale=mk_MK,,original_id=1514; class=extracted_from_class_dataset
HEALTH_236,Health,,"Deworming children every six months improves their growth, energy levels, and school performance.","Kutoa dawa za minyoo kwa watoto kila baada ya miezi sita huboresha ukuaji wao, viwango vya nishati, na utendaji wao shuleni.",,https://files.givewell.org/files/DWDA%202009/DtWI/DtWI_Kenya_2013-2014_program_report.pdf,,original_id=1515; class=extracted_from_class_dataset
HEALTH_237,Health,,Pregnant women should start antenatal care in the first trimester to detect and manage any health concerns early.,Wanawake wajawazito wanapaswa kuanza huduma ya ujauzito katika trimester ya kwanza ili kugundua na kudhibiti matatizo yoyote ya kiafya mapema.,,https://pmc.ncbi.nlm.nih.gov/articles/PMC11752801/,,original_id=1516; class=extracted_from_class_dataset
HEALTH_238,Health,,Help children understand the arrival of a new sibling to reduce jealousy and promote bonding.,Wasaidie watoto kuelewa ujio wa ndugu mpya ili kupunguza wivu na kukuza uhusiano wa karibu.,,https://drarebeccaordovas.com/en/managing-jealousy-when-a-new-sibling-arrives/,,original_id=1517; class=extracted_from_class_dataset
HEALTH_239,Health,,Mobile health clinics bring vital prenatal and postnatal services closer to remote communities.,Kliniki za afya zinazohamishika huleta huduma muhimu za ujauzito na baada ya kujifungua karibu na jamii za mbali.,,https://pmc.ncbi.nlm.nih.gov/articles/PMC10148248/,,original_id=1518; class=extracted_from_class_dataset
HEALTH_240,Health,,Working mothers can express and store breast milk to ensure continued breastfeeding support while away.,Akina mama wanaofanya kazi wanaweza kukamua na kuhifadhi maziwa ya mama ili kuhakikisha unyonyeshaji unaoendelea wakiwa mbali.,,https://pmc.ncbi.nlm.nih.gov/articles/PMC9063221/,,original_id=1519; class=extracted_from_class_dataset
HEALTH_241,Health,,"Babies born before 37 weeks require warmth, feeding support, and regular health checkups for proper development.","Watoto waliozaliwa kabla ya wiki 37 wanahitaji kupashwa joto, usaidizi wa kulisha, na uchunguzi wa afya mara kwa mara kwa ajili ya ukuaji sahihi.",,https://www.sciencedirect.com/science/article/pii/S2214139122000129,,original_id=1520; class=extracted_from_class_dataset
HEALTH_242,Health,,"Men,its okay to talk about your mental health.Speaking up is a sign of strength.","Wanaume, ni sawa kuzungumzia afya yako ya akili. Kuzungumza ni ishara ya nguvu.",,https://www.facebook.com/MinstryofHealthKE/posts/june-is-mens-mental-health-awareness-montha-simple-conversation-can-make-a-diffe/1405273831627560/,,original_id=1521; class=extracted_from_class_dataset
HEALTH_243,Health,,"Taking time for yourself is not a luxury, it's a necessity. Remember to prioritize your mental, emotional, and physical health.","Kuchukua muda kwa ajili yako mwenyewe si anasa, ni lazima. Kumbuka kuweka kipaumbele kwa afya yako ya kiakili, kihisia, na kimwili.",,https://www.facebook.com/MinstryofHealthKE/photos/taking-time-for-yourself-is-not-a-luxury-its-a-necessity-remember-to-prioritize-/870863078401974/,,original_id=1522; class=extracted_from_class_dataset
HEALTH_244,Health,,Did you know suicide is the 3rd leading cause of death among 15-29 year olds? Its time to raise awareness and support mental health.,"Je, unajua kujiua ni chanzo cha tatu cha vifo miongoni mwa vijana wa miaka 15-29? Ni wakati wa kuongeza uelewa na kusaidia afya ya akili.",,https://pmc.ncbi.nlm.nih.gov/articles/PMC12720380/,,original_id=1523; class=extracted_from_class_dataset
HEALTH_245,Health,,"This Fathers Day, lets shine a light on mens mental health. To all the dads out there, your well-being matters. Take time to prioritize your mental health and reach out for support when needed.","Siku hii ya Baba, hebu tuangazie afya ya akili ya wanaume. Kwa akina baba wote, ustawi wako ni muhimu. Chukua muda wa kuweka kipaumbele afya yako ya akili na uwasiliane na usaidizi unapohitajika.",,https://www.facebook.com/NAMI/posts/june-is-mens-health-month-and-were-taking-a-moment-to-honor-all-the-fathers-and-/1592990152397889/,,original_id=1524; class=extracted_from_class_dataset
HEALTH_246,Health,,"It's Okay to Talk. June is Men's Mental Health Month.

Men, it's okay to talk about your mental health. Sharing your feelings can be the first step toward healing","Ni Sawa Kuzungumza. Juni ni Mwezi wa Afya ya Akili kwa Wanaume.

Wanaume, ni sawa kuzungumzia afya yako ya akili. Kushiriki hisia zako kunaweza kuwa hatua ya kwanza kuelekea uponyaji.",,https://www.instagram.com/p/DZwVxgoNb41/,,original_id=1525; class=extracted_from_class_dataset
HEALTH_247,Health,,You are not alone. Reach out to loved ones or mental health professionals for support.,Hauko peke yako. Wasiliana na wapendwa au wataalamu wa afya ya akili kwa usaidizi.,,https://www.facebook.com/janetthejourney/posts/does-anyone-know-of-any-hotlines-or-resources-that-are-currently-active-in-kenya/3355836714443618/,,original_id=1526; class=extracted_from_class_dataset
HEALTH_248,Health,,"Take care of your mental health by practicing self-care, maintaining healthy relationships, and seeking professional help when needed","Tunza afya yako ya akili kwa kujitunza, kudumisha mahusiano mazuri, na kutafuta msaada wa kitaalamu inapohitajika",,https://www.instagram.com/p/C7AE9pFISnl/,,original_id=1527; class=extracted_from_class_dataset
HEALTH_249,Health,,"List of common mental disorders: anxiety, depression, bipolar disorder, PTSD, schizophrenia","Orodha ya matatizo ya akili ya kawaida: wasiwasi, mfadhaiko, ugonjwa wa bipolar, PTSD, skizofrenia",,https://www.mntrh.go.ke/sites/default/files/2024-10/NATIONAL%20CLINICAL%20GUIDELINES%20NEW.pdf,,original_id=1528; class=extracted_from_class_dataset
HEALTH_250,Health,,"May is a reminder to prioritize self-care and nurture your mental health. Practice mindfulness, engage in activities that bring you joy, and seek support when needed","Mei ni ukumbusho wa kuweka kipaumbele utunzaji wa kibinafsi na kukuza afya yako ya akili. Fanya mazoezi ya kuzingatia, shiriki katika shughuli zinazokuletea furaha, na utafute msaada inapohitajika.",,https://www.facebook.com/tricountybhc/posts/may-is-mental-health-awareness-montha-reminder-to-be-kind-to-our-minds-and-encou/1521233693346700/,,original_id=1529; class=extracted_from_class_dataset
HEALTH_251,Health,,"In our pursuit of a healthier society, let's not forget that there is no health without mental health! As we prioritize physical well-being, it is equally important to prioritize our mental and emotional well-being.","Katika kutafuta jamii yenye afya njema, tusisahau kwamba hakuna afya bila afya ya akili! Tunapoweka kipaumbele ustawi wa kimwili, ni muhimu pia kuweka kipaumbele ustawi wetu wa kiakili na kihisia.",,https://www.instagram.com/p/DazVkMgNXVY/,,original_id=1530; class=extracted_from_class_dataset
HEALTH_252,Health,,"Mental health is the state of wellbeing in which the individual realises their own abilities,can cope with normal sttresses of life,can work pproductively or fruitfully,and is able to make contribution to their community","Afya ya akili ni hali ya ustawi ambapo mtu hutambua uwezo wake mwenyewe, anaweza kukabiliana na matatizo ya kawaida ya maisha, anaweza kufanya kazi kwa tija au kwa matunda, na anaweza kutoa mchango kwa jamii yake.",,PSA_KE_Final.csv (class-provided dataset),,original_id=1531; class=extracted_from_class_dataset
HEALTH_253,Health,,"Mothers should return for postnatal checkups within 48 hours, 7 days, and 6 weeks after delivery.","Akina mama wanapaswa kurudi kwa uchunguzi baada ya kujifungua ndani ya saa 48, siku 7, na wiki 6 baada ya kujifungua.",,PSA_KE_Final.csv (class-provided dataset),,original_id=1533; class=extracted_from_class_dataset
HEALTH_254,Health,,Daily iron supplements help prevent anemia in pregnancy and ensure healthy fetal development.,Virutubisho vya chuma vya kila siku husaidia kuzuia upungufu wa damu wakati wa ujauzito na kuhakikisha ukuaji mzuri wa fetasi.,,PSA_KE_Final.csv (class-provided dataset),,original_id=1534; class=extracted_from_class_dataset
HEALTH_255,Health,,Regularly talking and singing to your baby strengthens their brain development and early language skills.,Kuzungumza na kumwimbia mtoto wako mara kwa mara huimarisha ukuaji wa ubongo wake na ujuzi wake wa lugha ya awali.,,PSA_KE_Final.csv (class-provided dataset),,original_id=1535; class=extracted_from_class_dataset
HEALTH_256,Health,,Some traditional herbs can be harmful during pregnancy. Always consult a qualified health worker before use.,Baadhi ya mimea ya kitamaduni inaweza kuwa na madhara wakati wa ujauzito. Daima wasiliana na mtaalamu wa afya aliyehitimu kabla ya kutumia.,,PSA_KE_Final.csv (class-provided dataset),,original_id=1536; class=extracted_from_class_dataset
HEALTH_257,Health,,"Breastfeeding is natural and should be supported in public. Communities should offer safe, clean spaces for mothers.",Kunyonyesha ni jambo la kawaida na linapaswa kuungwa mkono hadharani. Jamii zinapaswa kutoa nafasi salama na safi kwa akina mama.,,PSA_KE_Final.csv (class-provided dataset),,original_id=1537; class=extracted_from_class_dataset
HEALTH_258,Health,,"At six months, introduce soft foods while continuing to breastfeed. Ensure food is safe, nutritious, and age-appropriate.","Katika miezi sita, anza kula vyakula laini huku ukiendelea kunyonyesha. Hakikisha chakula ni salama, chenye lishe, na kinafaa kwa umri.",,PSA_KE_Final.csv (class-provided dataset),,original_id=1538; class=extracted_from_class_dataset
HEALTH_259,Health,,Teenage mothers are at higher risk of complications. Encourage young girls to stay in school and delay pregnancy.,Akina mama vijana wako katika hatari kubwa ya kupata matatizo. Wahimize wasichana wadogo kuendelea na shule na kuchelewesha ujauzito.,,PSA_KE_Final.csv (class-provided dataset),,original_id=1539; class=extracted_from_class_dataset
HEALTH_260,Health,,Mothers should receive vitamin A after delivery to boost immunity and improve breast milk quality.,Akina mama wanapaswa kupokea vitamini A baada ya kujifungua ili kuongeza kinga na kuboresha ubora wa maziwa ya mama.,,PSA_KE_Final.csv (class-provided dataset),,original_id=1540; class=extracted_from_class_dataset
HEALTH_261,Health,,"Wrap babies in warm clothes and avoid exposing them to cold air, especially in early months.","Wafunge watoto nguo za joto na epuka kuwaweka kwenye hewa baridi, hasa katika miezi ya mwanzo.",,PSA_KE_Final.csv (class-provided dataset),,original_id=1541; class=extracted_from_class_dataset
HEALTH_262,Health,,"Foods like beans, greens, and liver prevent anemia and support child development.","Vyakula kama vile maharagwe, mboga za majani, na ini huzuia upungufu wa damu na husaidia ukuaji wa mtoto.",,PSA_KE_Final.csv (class-provided dataset),,original_id=1543; class=extracted_from_class_dataset
HEALTH_263,Health,,"Store sharp, toxic, or breakable items out of childrens reach to prevent injuries.","Hifadhi vitu vyenye ncha kali, sumu, au vinavyoweza kuvunjika mbali na watoto ili kuzuia majeraha.",,PSA_KE_Final.csv (class-provided dataset),,original_id=1544; class=extracted_from_class_dataset
HEALTH_264,Health,,Employers should provide breastfeeding breaks and spaces to support maternal and child health.,Waajiri wanapaswa kutoa mapumziko ya kunyonyesha na nafasi ili kusaidia afya ya mama na mtoto.,,PSA_KE_Final.csv (class-provided dataset),,original_id=1545; class=extracted_from_class_dataset
HEALTH_265,Health,,Sugary juices and sodas are harmful to babies and increase the risk of obesity and tooth decay.,Juisi na soda zenye sukari ni hatari kwa watoto wachanga na huongeza hatari ya unene kupita kiasi na kuoza kwa meno.,,PSA_KE_Final.csv (class-provided dataset),,original_id=1546; class=extracted_from_class_dataset
HEALTH_266,Health,,Community forums help address cultural barriers and promote health-seeking behavior among mothers.,Mabaraza ya jamii husaidia kushughulikia vikwazo vya kitamaduni na kukuza tabia ya kutafuta afya miongoni mwa akina mama.,,PSA_KE_Final.csv (class-provided dataset),,original_id=1547; class=extracted_from_class_dataset
HEALTH_267,Health,,Always use boiled or treated water when preparing infant food to prevent diarrhea.,Tumia maji yaliyochemshwa au yaliyotibiwa kila wakati unapoandaa chakula cha watoto wachanga ili kuzuia kuhara.,,PSA_KE_Final.csv (class-provided dataset),,original_id=1548; class=extracted_from_class_dataset
HEALTH_268,Health,,Each child must have a vaccination card. Keep it safe and bring it to every health visit.,Kila mtoto lazima awe na kadi ya chanjo. Itunze salama na uipeleke kwenye kila ziara ya afya.,,PSA_KE_Final.csv (class-provided dataset),,original_id=1550; class=extracted_from_class_dataset
HEALTH_269,Health,,"Tight clothes can interfere with circulation and cause discomfort. Choose loose, breathable attire.",Nguo zinazobana zinaweza kuingilia mzunguko wa damu na kusababisha usumbufu. Chagua mavazi legevu na yanayoweza kupumuliwa.,,PSA_KE_Final.csv (class-provided dataset),,original_id=1551; class=extracted_from_class_dataset
HEALTH_270,Health,,Fathers are encouraged to accompany partners to ANC and child wellness clinics.,Akina baba wanahimizwa kuandamana na washirika wao kwenye kliniki za ANC na ustawi wa watoto.,,PSA_KE_Final.csv (class-provided dataset),,original_id=1552; class=extracted_from_class_dataset
HEALTH_271,Health,,Applying herbs or substances to the babys soft spot is dangerous and should be avoided.,Kupaka mimea au vitu kwenye sehemu laini ya mtoto ni hatari na kunapaswa kuepukwa.,,PSA_KE_Final.csv (class-provided dataset),,original_id=1553; class=extracted_from_class_dataset
HEALTH_272,Health,,Keep hot drinks and cooking pots away from childrens reach to prevent burn injuries.,Weka vinywaji vya moto na vyungu vya kupikia mbali na watoto ili kuzuia majeraha ya kuungua.,,PSA_KE_Final.csv (class-provided dataset),,original_id=1554; class=extracted_from_class_dataset
HEALTH_273,Health,,Use a calendar or reminder app to keep track of ANC appointments and medications.,Tumia kalenda au programu ya ukumbusho ili kufuatilia miadi na dawa za ANC.,,PSA_KE_Final.csv (class-provided dataset),,original_id=1555; class=extracted_from_class_dataset
HEALTH_274,Health,,Protect your babys hearing by keeping them away from loud environments.,Linda usikivu wa mtoto wako kwa kumzuia asisikie mazingira yenye kelele.,,PSA_KE_Final.csv (class-provided dataset),,original_id=1556; class=extracted_from_class_dataset
HEALTH_275,Health,,Excessive screen use affects attention and sleep in young children. Encourage physical play instead.,Matumizi ya skrini kupita kiasi huathiri umakini na usingizi kwa watoto wadogo. Himiza kucheza kimwili badala yake.,,PSA_KE_Final.csv (class-provided dataset),,original_id=1557; class=extracted_from_class_dataset
HEALTH_276,Health,,Secondhand smoke harms both the mother and the unborn baby. Keep homes and public spaces smoke-free.,Moshi wa mtu mwingine hudhuru mama na mtoto ambaye hajazaliwa. Weka nyumba na maeneo ya umma bila moshi.,,PSA_KE_Final.csv (class-provided dataset),,original_id=1558; class=extracted_from_class_dataset
HEALTH_277,Health,,All medications should be kept out of reach to prevent accidental poisoning in children.,Dawa zote zinapaswa kuwekwa mbali na watoto ili kuzuia sumu ya bahati mbaya.,,PSA_KE_Final.csv (class-provided dataset),,original_id=1559; class=extracted_from_class_dataset
HEALTH_278,Health,,Expectant mothers should pack a clean birth kit by the 7th month of pregnancy for emergencies.,Akina mama wajawazito wanapaswa kufunga vifaa vya kujifungulia vilivyo safi ifikapo mwezi wa 7 wa ujauzito kwa dharura.,,PSA_KE_Final.csv (class-provided dataset),,original_id=1560; class=extracted_from_class_dataset
HEALTH_279,Health,,Never shake a baby. It can cause brain injury or death. Comfort them gently instead.,Usimtikise mtoto kamwe. Inaweza kusababisha jeraha la ubongo au kifo. Badala yake mfariji kwa upole.,,PSA_KE_Final.csv (class-provided dataset),,original_id=1561; class=extracted_from_class_dataset
HEALTH_280,Health,,Continue breastfeeding during the night to meet babys nutrition needs and maintain milk supply.,Endelea kunyonyesha usiku ili kukidhi mahitaji ya lishe ya mtoto na kudumisha utoaji wa maziwa.,,PSA_KE_Final.csv (class-provided dataset),,original_id=1562; class=extracted_from_class_dataset
HEALTH_281,Health,,Always wash and boil baby bottles and nipples to kill germs before each use,Osha na chemsha chupa za watoto na chuchu kila wakati ili kuua vijidudu kabla ya kila matumizi.,,PSA_KE_Final.csv (class-provided dataset),,original_id=1563; class=extracted_from_class_dataset
HEALTH_282,Health,,"Children thrive when caregivers offer consistent affection, attention, and routines.","Watoto hustawi wakati walezi wanapowapa upendo, uangalifu, na utaratibu unaoendelea.",,PSA_KE_Final.csv (class-provided dataset),,original_id=1564; class=extracted_from_class_dataset
HEALTH_283,Health,,High blood pressure in pregnancy can lead to preeclampsia. Regular check-ups are essential for early detection.,Shinikizo la damu kubwa wakati wa ujauzito linaweza kusababisha preeclampsia. Uchunguzi wa mara kwa mara ni muhimu kwa ugunduzi wa mapema.,,PSA_KE_Final.csv (class-provided dataset),,original_id=1565; class=extracted_from_class_dataset
HEALTH_284,Health,,Use proper baby carriers to support babys neck and hips. Always ensure babys face is visible and uncovered.,Tumia vifaa vya kubeba mtoto vinavyofaa ili kushikilia shingo na nyonga za mtoto. Hakikisha uso wa mtoto unaonekana na haujafunikwa.,,PSA_KE_Final.csv (class-provided dataset),,original_id=1566; class=extracted_from_class_dataset
HEALTH_285,Health,,Delay bathing a newborn for at least 24 hours to protect the skins natural defenses.,Chelewesha kumwogesha mtoto mchanga kwa angalau saa 24 ili kulinda kinga asilia za ngozi.,,PSA_KE_Final.csv (class-provided dataset),,original_id=1567; class=extracted_from_class_dataset
HEALTH_286,Health,,"Reading to children daily boosts language development, imagination, and bonding.","Kusomea watoto kila siku huongeza ukuaji wa lugha, mawazo, na uhusiano.",,PSA_KE_Final.csv (class-provided dataset),,original_id=1569; class=extracted_from_class_dataset
HEALTH_287,Health,,Persistent nausea and vomiting during pregnancy can lead to dehydration and weight loss. Seek medical care.,Kichefuchefu na kutapika mara kwa mara wakati wa ujauzito kunaweza kusababisha upungufu wa maji mwilini na kupunguza uzito. Tafuta huduma ya matibabu.,,PSA_KE_Final.csv (class-provided dataset),,original_id=1570; class=extracted_from_class_dataset
HEALTH_288,Health,,Start with mashed fruits and vegetables. Introduce one new food at a time to watch for allergies.,Anza na matunda na mboga zilizosagwa. Anzisha chakula kipya kimoja baada ya kingine ili uangalie mizio.,,PSA_KE_Final.csv (class-provided dataset),,original_id=1571; class=extracted_from_class_dataset
HEALTH_289,Health,,Wash hands with soap and water before handling a baby to prevent infections.,Osha mikono kwa sabuni na maji kabla ya kumshika mtoto ili kuzuia maambukizi.,,PSA_KE_Final.csv (class-provided dataset),,original_id=1572; class=extracted_from_class_dataset
HEALTH_290,Health,,Take your child for regular weight and height checks to detect growth issues early.,Mpeleke mtoto wako kwa ajili ya uchunguzi wa uzito na urefu mara kwa mara ili kugundua matatizo ya ukuaji mapema.,,PSA_KE_Final.csv (class-provided dataset),,original_id=1573; class=extracted_from_class_dataset
HEALTH_291,Health,,Excessive bleeding after childbirth is life-threatening. Seek immediate emergency care.,Kutokwa na damu nyingi baada ya kujifungua kunahatarisha maisha. Tafuta huduma ya dharura mara moja.,,PSA_KE_Final.csv (class-provided dataset),,original_id=1574; class=extracted_from_class_dataset
HEALTH_292,Health,,Register your childs birth early to secure legal identity and access to services.,Sajili kuzaliwa kwa mtoto wako mapema ili kupata utambulisho halali na upatikanaji wa huduma.,,PSA_KE_Final.csv (class-provided dataset),,original_id=1575; class=extracted_from_class_dataset
HEALTH_293,Health,,"Fast breathing, chest indrawing, or cough may signal pneumonia. Take the child to a clinic.","Kupumua haraka, kuvuta kifua, au kukohoa kunaweza kuashiria nimonia. Mpeleke mtoto kliniki.",,PSA_KE_Final.csv (class-provided dataset),,original_id=1576; class=extracted_from_class_dataset
HEALTH_294,Health,,Breast milk contains nutrients vital for a babys brain development.,Maziwa ya mama yana virutubisho muhimu kwa ukuaji wa ubongo wa mtoto.,,PSA_KE_Final.csv (class-provided dataset),,original_id=1577; class=extracted_from_class_dataset
HEALTH_295,Health,,Announcing launch of Nutrition Portal that offers online modules and webinars to equip CHVs with counseling tools and referral pathways.,Kutangaza uzinduzi wa Tovuti ya Lishe inayotoa moduli za mtandaoni na semina za mtandaoni ili kuwapa wagonjwa wa CHV zana za ushauri nasaha na njia za rufaa.,,PSA_KE_Final.csv (class-provided dataset),,original_id=1578; class=extracted_from_class_dataset
HEALTH_296,Health,,"Announcing a national digital drive using reels, community challenges and influencer content to promote fruit and vegetable intake.","Kutangaza kampeni ya kitaifa ya kidijitali kwa kutumia reli, changamoto za jamii na maudhui ya watu wenye ushawishi ili kukuza ulaji wa matunda na mboga.",,PSA_KE_Final.csv (class-provided dataset),,original_id=1579; class=extracted_from_class_dataset
HEALTH_297,Health,,Announces how Community clubs in multiple counties share recipes and nutrition tips using fortified cereals and snacks.,Hutangaza jinsi vilabu vya Jumuiya katika kaunti nyingi vinavyoshiriki mapishi na vidokezo vya lishe kwa kutumia nafaka zilizoongezwa virutubisho na vitafunio.,,PSA_KE_Final.csv (class-provided dataset),,original_id=1580; class=extracted_from_class_dataset
HEALTH_298,Health,,A community cooking contests elevate indigenous nutritious dishes and household dietary knowledge.,Mashindano ya upishi wa jamii huinua vyakula vyenye lishe vya asili na ujuzi wa lishe ya nyumbani.,,PSA_KE_Final.csv (class-provided dataset),,original_id=1581; class=extracted_from_class_dataset
HEALTH_299,Health,,A GAIN-led campaign in Mombasa that improves access to affordable fruits and vegetables in urban market zones.,Kampeni inayoongozwa na GAIN huko Mombasa ambayo inaboresha upatikanaji wa matunda na mboga za bei nafuu katika maeneo ya soko la mijini.,,PSA_KE_Final.csv (class-provided dataset),,original_id=1583; class=extracted_from_class_dataset
HEALTH_300,Health,,IGAD commits to improving food and nutrition security in Africa. Data shows 21% of people across IGAD member states are food insecure,IGAD imejitolea kuboresha usalama wa chakula na lishe barani Afrika. Takwimu zinaonyesha 21% ya watu katika nchi wanachama wa IGAD hawana uhakika wa chakula,,PSA_KE_Final.csv (class-provided dataset),,original_id=1584; class=extracted_from_class_dataset
HEALTH_301,Health,,Waiting a minute before clamping the cord improves babys iron levels and immunity.,Kusubiri dakika moja kabla ya kubana kitovu huboresha viwango vya chuma na kinga ya mtoto.,,PSA_KE_Final.csv (class-provided dataset),,original_id=1585; class=extracted_from_class_dataset
HEALTH_302,Health,,Jerky movements or eye twitching in newborns may indicate seizures. Seek urgent care.,Miendo mikali au kutetemeka kwa macho kwa watoto wachanga kunaweza kuonyesha kifafa. Tafuta huduma ya haraka.,,PSA_KE_Final.csv (class-provided dataset),,original_id=1586; class=extracted_from_class_dataset
HEALTH_303,Health,,"Households should provide safe, low-level toilets to encourage hygiene in toddlers.",Kaya zinapaswa kutoa vyoo salama na vya kiwango cha chini ili kuhimiza usafi kwa watoto wachanga.,,PSA_KE_Final.csv (class-provided dataset),,original_id=1587; class=extracted_from_class_dataset
HEALTH_304,Health,,Learn correct positioning and latching techniques from health workers during pregnancy.,Jifunze mbinu sahihi za kuweka na kushikilia kutoka kwa wafanyakazi wa afya wakati wa ujauzito.,,PSA_KE_Final.csv (class-provided dataset),,original_id=1588; class=extracted_from_class_dataset
HEALTH_305,Health,,Children exposed to smoke are more likely to develop asthma and respiratory infections.,Watoto wanaovuta moshi wana uwezekano mkubwa wa kupata pumu na maambukizi ya njia ya upumuaji.,,PSA_KE_Final.csv (class-provided dataset),,original_id=1589; class=extracted_from_class_dataset
HEALTH_306,Health,,Announcement that Kenya is tracking midterm progress in five food system transformation pathways ahead of UNFSS+4.,Tangazo kwamba Kenya inafuatilia maendeleo ya katikati ya muhula katika njia tano za mabadiliko ya mfumo wa chakula kabla ya UNFSS+4.,,PSA_KE_Final.csv (class-provided dataset),,original_id=1590; class=extracted_from_class_dataset
HEALTH_307,Health,,"State Department unveils pilot of e-voucher and digital tools to monitor input delivery, production and dietary outcomes.","Wizara ya Mambo ya Nje yazindua majaribio ya vocha za kielektroniki na zana za kidijitali ili kufuatilia utoaji wa pembejeo, uzalishaji na matokeo ya lishe.",,PSA_KE_Final.csv (class-provided dataset),,original_id=1591; class=extracted_from_class_dataset
HEALTH_308,Health,,Announcement of expansion plan sourcing school meals from local farmers while integrating climate-resilient crops.,Tangazo la mpango wa upanuzi wa kutafuta chakula cha shule kutoka kwa wakulima wa eneo hilo huku ukijumuisha mazao yanayostahimili mabadiliko ya hali ya hewa.,,PSA_KE_Final.csv (class-provided dataset),,original_id=1592; class=extracted_from_class_dataset
HEALTH_309,Health,,State Dept. affirming expansion of labs to enforce fortification and nutrient profiling in major food markets.,Idara ya Jimbo ikithibitisha upanuzi wa maabara ili kutekeleza uimarishaji na uainishaji wa virutubisho katika masoko makubwa ya chakula.,,PSA_KE_Final.csv (class-provided dataset),,original_id=1593; class=extracted_from_class_dataset
HEALTH_310,Health,,Nutrition Portal unveils real-time dashboards for tracking indicators under KNAP and county CNAPs.,Lango la Lishe hufunua dashibodi za wakati halisi za viashiria vya ufuatiliaji chini ya KNAP na CNAP za kaunti.,,PSA_KE_Final.csv (class-provided dataset),,original_id=1594; class=extracted_from_class_dataset
HEALTH_311,Health,,Nutrition Portal invites submissions recognising counties reporting CNAP outcomes under the new monitoring framework.,Lango la Lishe linaalika mawasilisho yanayotambua kaunti zinazoripoti matokeo ya CNAP chini ya mfumo mpya wa ufuatiliaji.,,PSA_KE_Final.csv (class-provided dataset),,original_id=1595; class=extracted_from_class_dataset
HEALTH_312,Health,,State Dept. commitingto subsidizing solar-powered storage for perishable nutrient-rich crops.,Idara ya Jimbo imejitolea kutoa ruzuku kwa hifadhi inayotumia nishati ya jua kwa mazao yanayoharibika na yenye virutubisho vingi.,,PSA_KE_Final.csv (class-provided dataset),,original_id=1596; class=extracted_from_class_dataset
HEALTH_313,Health,,WHO African office releases commendatory brief supporting Kenya’s nutrition labeling reforms.,Ofisi ya WHO barani Afrika yatoa muhtasari wa pongezi unaounga mkono mageuzi ya uainishaji wa lishe nchini Kenya.,,PSA_KE_Final.csv (class-provided dataset),,original_id=1597; class=extracted_from_class_dataset
HEALTH_314,Health,,Health Ministry launching SMS alert to inform citizens when foods exceed sugar/salt/fat thresholds.,Wizara ya Afya yazindua tahadhari ya SMS ili kuwafahamisha raia wakati vyakula vinazidi viwango vya sukari/chumvi/mafuta.,,PSA_KE_Final.csv (class-provided dataset),,original_id=1598; class=extracted_from_class_dataset
HEALTH_315,Health,,State Dept. promoting millet and sorghum blends as pilot menu in adaptation to climate-resilient diets.,Idara ya Jimbo inakuza mchanganyiko wa mtama na mtama kama menyu ya majaribio katika kukabiliana na lishe zinazostahimili mabadiliko ya hali ya hewa.,,PSA_KE_Final.csv (class-provided dataset),,original_id=1600; class=extracted_from_class_dataset
HEALTH_316,Health,,"Announcement that hospitals will include African indigenous vegetables (e.g., amaranth, spider plant, African nightshade) in patient meals to improve nutrition.","Tangazo kwamba hospitali zitajumuisha mboga za asili za Kiafrika (k.m., mchicha, mmea wa buibui, mti wa mtu wa Kiafrika) katika milo ya wagonjwa ili kuboresha lishe.",,PSA_KE_Final.csv (class-provided dataset),,original_id=1601; class=extracted_from_class_dataset
HEALTH_317,Health,,Government announces scaling of biofortified crop distribution to schools and households for improved maternal-child nutrition.,Serikali yatangaza kuongeza usambazaji wa mazao biofuti kwa shule na kaya kwa ajili ya kuboresha lishe ya mama na mtoto.,,PSA_KE_Final.csv (class-provided dataset),,original_id=1602; class=extracted_from_class_dataset
HEALTH_318,Health,,Announcement that local farmer cooperatives are now contracted to supply nutritious meals directly to schools under new pilot model.,Tangazo kwamba vyama vya ushirika vya wakulima wa eneo hilo sasa vimepewa mkataba wa kusambaza milo yenye lishe moja kwa moja shuleni chini ya mfumo mpya wa majaribio.,,PSA_KE_Final.csv (class-provided dataset),,original_id=1603; class=extracted_from_class_dataset
HEALTH_319,Health,,"County launches mass supplementation reaching over 12,000 children aged 6–59 months with Vitamin A and deworming to enhance immunity and nutrition.","Kaunti yazindua virutubisho vingi vinavyowafikia zaidi ya watoto 12,000 wenye umri wa miezi 6-59 kwa kutumia Vitamini A na dawa za minyoo ili kuongeza kinga na lishe.",,PSA_KE_Final.csv (class-provided dataset),,original_id=1604; class=extracted_from_class_dataset
HEALTH_320,Health,,"Nairobi County to provide daily lunches to 400,000 primary school pupils via new kitchens to eliminate hunger and support local farmers.","Kaunti ya Nairobi kutoa chakula cha mchana cha kila siku kwa wanafunzi 400,000 wa shule za msingi kupitia jikoni mpya ili kuondoa njaa na kuwasaidia wakulima wa eneo hilo.",,PSA_KE_Final.csv (class-provided dataset),,original_id=1605; class=extracted_from_class_dataset
HEALTH_321,Health,,"MoH announces that 86% of children received Vitamin A supplementation during COVID-19 through mobile outreach, improving coverage significantly.","Wizara ya Afya inatangaza kwamba 86% ya watoto walipokea virutubisho vya Vitamini A wakati wa COVID-19 kupitia huduma za simu, na hivyo kuboresha huduma kwa kiasi kikubwa.",,PSA_KE_Final.csv (class-provided dataset),,original_id=1606; class=extracted_from_class_dataset
HEALTH_322,Health,,Pregnant women need calcium for strong bones and teeth for both themselves and the baby.,Wanawake wajawazito wanahitaji kalsiamu kwa mifupa na meno yenye nguvu - kwa wao wenyewe na mtoto.,,PSA_KE_Final.csv (class-provided dataset),,original_id=1607; class=extracted_from_class_dataset
HEALTH_323,Health,,Place babies on their tummies while awake and supervised to build neck and motor strength.,Waweke watoto kwenye matumbo yao wakiwa macho na uwaangalie ili kujenga nguvu ya shingo na mwendo.,,PSA_KE_Final.csv (class-provided dataset),,original_id=1608; class=extracted_from_class_dataset
HEALTH_324,Health,,Coughing for more than two weeks? Pregnant women should get tested for TB early.,Kukohoa kwa zaidi ya wiki mbili? Wanawake wajawazito wanapaswa kupimwa kifua kikuu mapema.,,PSA_KE_Final.csv (class-provided dataset),,original_id=1609; class=extracted_from_class_dataset
HEALTH_325,Health,,Cracked bottles can harbor germs. Replace damaged feeding equipment promptly.,Chupa zilizopasuka zinaweza kuhifadhi vijidudu. Badilisha vifaa vya kulishia vilivyoharibika haraka.,,PSA_KE_Final.csv (class-provided dataset),,original_id=1610; class=extracted_from_class_dataset
HEALTH_326,Health,,Sleeping under treated nets reduces malaria risk for pregnant women and unborn babies.,Kulala chini ya vyandarua vilivyotibiwa hupunguza hatari ya malaria kwa wanawake wajawazito na watoto ambao hawajazaliwa.,,PSA_KE_Final.csv (class-provided dataset),,original_id=1611; class=extracted_from_class_dataset
HEALTH_327,Health,,"Before 6 months, breast milk provides all the fluids a baby needs.","Kabla ya miezi 6, maziwa ya mama hutoa maji yote ambayo mtoto anahitaji.",,PSA_KE_Final.csv (class-provided dataset),,original_id=1613; class=extracted_from_class_dataset
HEALTH_328,Health,,"Strong soaps can irritate babys skin. Use mild, unscented options.","Sabuni kali zinaweza kuwasha ngozi ya mtoto. Tumia chaguo laini, zisizo na harufu.",,PSA_KE_Final.csv (class-provided dataset),,original_id=1614; class=extracted_from_class_dataset
HEALTH_329,Health,,Repeated ear infections can cause hearing loss. Visit a health worker promptly.,Maambukizi ya sikio yanayorudiwa yanaweza kusababisha upotevu wa kusikia. Mtembelee mfanyakazi wa afya haraka.,,PSA_KE_Final.csv (class-provided dataset),,original_id=1615; class=extracted_from_class_dataset
HEALTH_330,Health,,"If the cord stump bleeds or oozes pus, seek medical attention immediately.","Ikiwa kisiki cha kamba kitatoka damu au kutoa usaha, tafuta matibabu mara moja.",,PSA_KE_Final.csv (class-provided dataset),,original_id=1616; class=extracted_from_class_dataset
HEALTH_331,Health,,"Play is vital for a childs emotional, physical, and cognitive development.","Kucheza ni muhimu kwa ukuaji wa kihisia, kimwili, na kiakili wa mtoto.",,PSA_KE_Final.csv (class-provided dataset),,original_id=1617; class=extracted_from_class_dataset
HEALTH_332,Health,,"If sharing a bed with a baby, ensure the space is firm, flat, and free of pillows or loose bedding.","Ikiwa unashiriki kitanda kimoja na mtoto, hakikisha nafasi hiyo ni imara, tambarare, na haina mito au matandiko yaliyolegea.",,PSA_KE_Final.csv (class-provided dataset),,original_id=1618; class=extracted_from_class_dataset
HEALTH_333,Health,,Guide older children to handle babies gently to prevent unintentional harm.,Waongoze watoto wakubwa kuwashughulikia watoto kwa upole ili kuzuia madhara yasiyokusudiwa.,,PSA_KE_Final.csv (class-provided dataset),,original_id=1619; class=extracted_from_class_dataset
HEALTH_334,Health,,"A mothers diet during pregnancy influences her childs long-term health. Eat diverse, nutritious foods.",Lishe ya mama wakati wa ujauzito huathiri afya ya muda mrefu ya mtoto wake. Kula vyakula mbalimbali na vyenye lishe.,,PSA_KE_Final.csv (class-provided dataset),,original_id=1620; class=extracted_from_class_dataset
HEALTH_335,Health,,"Even for a moment, leaving a baby on a bed or table unattended can lead to falls and injuries.","Hata kwa muda mfupi, kumwacha mtoto kitandani au mezani bila mtu anayemtunza kunaweza kusababisha kuanguka na majeraha.",,PSA_KE_Final.csv (class-provided dataset),,original_id=1621; class=extracted_from_class_dataset
HEALTH_336,Health,,Select toys that are safe and suitable for your childs age to prevent choking and injury.,Chagua vitu vya kuchezea ambavyo ni salama na vinafaa kwa umri wa mtoto wako ili kuzuia kusongwa na kuumia.,,PSA_KE_Final.csv (class-provided dataset),,original_id=1622; class=extracted_from_class_dataset
HEALTH_337,Health,,"Stay calm, call for help, and follow safe delivery steps if birth begins unexpectedly.","Tulia, piga simu kuomba msaada, na fuata hatua salama za kujifungua ikiwa kujifungua kutaanza bila kutarajia.",,PSA_KE_Final.csv (class-provided dataset),,original_id=1623; class=extracted_from_class_dataset
HEALTH_338,Health,,Give children aged 6 months to 5 years vitamin A supplements every 6 months to strengthen immunity.,Wape watoto wenye umri wa miezi 6 hadi miaka 5 virutubisho vya vitamini A kila baada ya miezi 6 ili kuimarisha kinga.,,PSA_KE_Final.csv (class-provided dataset),,original_id=1624; class=extracted_from_class_dataset
HEALTH_339,Health,,Some over-the-counter drugs can harm your unborn baby. Always consult a health worker.,Baadhi ya dawa zinazouzwa bila agizo la daktari zinaweza kumdhuru mtoto wako ambaye hajazaliwa. Daima wasiliana na mfanyakazi wa afya.,,PSA_KE_Final.csv (class-provided dataset),,original_id=1625; class=extracted_from_class_dataset
HEALTH_340,Health,,"Include iron-rich foods like spinach, liver, and beans in the diet to prevent anemia.","Jumuisha vyakula vyenye madini mengi kama vile mchicha, ini, na maharagwe katika lishe ili kuzuia upungufu wa damu.",,PSA_KE_Final.csv (class-provided dataset),,original_id=1626; class=extracted_from_class_dataset
HEALTH_341,Health,,"Bleeding, severe headaches, blurred vision, or swelling are danger signs seek care immediately.","Kutokwa na damu, maumivu makali ya kichwa, kuona vibaya, au uvimbe ni dalili za hatari - tafuta huduma mara moja.",,PSA_KE_Final.csv (class-provided dataset),,original_id=1627; class=extracted_from_class_dataset
HEALTH_342,Health,,Stick to the national immunization schedule to protect children from deadly diseases.,Zingatia ratiba ya kitaifa ya chanjo ili kuwalinda watoto dhidi ya magonjwa hatari.,,PSA_KE_Final.csv (class-provided dataset),,original_id=1628; class=extracted_from_class_dataset
HEALTH_343,Health,,Postpartum depression is real. Encourage new mothers to seek help and talk openly.,Msongo wa mawazo baada ya kujifungua ni halisi. Wahimize akina mama wapya kutafuta msaada na kuzungumza waziwazi.,,PSA_KE_Final.csv (class-provided dataset),,original_id=1629; class=extracted_from_class_dataset
HEALTH_344,Health,,"Feed your baby when they show hunger signs, not on a strict schedule. Watch for cues.","Lisha mtoto wako anapoonyesha dalili za njaa, si kwa ratiba kali. Kuwa mwangalifu kwa vidokezo.",,PSA_KE_Final.csv (class-provided dataset),,original_id=1630; class=extracted_from_class_dataset
HEALTH_345,Health,,Always boil and cool water used for preparing baby formula to avoid infections.,Chemsha na upoeze maji yanayotumika kutayarisha maziwa ya mtoto ili kuepuka maambukizi.,,PSA_KE_Final.csv (class-provided dataset),,original_id=1631; class=extracted_from_class_dataset
HEALTH_346,Health,,Partner involvement during antenatal and postnatal care improves family health outcomes.,Ushiriki wa mshirika wakati wa utunzaji wa ujauzito na baada ya kujifungua huboresha matokeo ya afya ya familia.,,PSA_KE_Final.csv (class-provided dataset),,original_id=1632; class=extracted_from_class_dataset
HEALTH_347,Health,,Wash baby feeding items with soap and clean water to prevent diarrheal diseases.,Osha vitu vya kunyonyesha mtoto kwa sabuni na maji safi ili kuzuia magonjwa ya kuhara.,,PSA_KE_Final.csv (class-provided dataset),,original_id=1633; class=extracted_from_class_dataset
HEALTH_348,Health,,"Sunken eyes, dry mouth, and less urine may indicate dehydration. Give fluids and seek care.","Macho yaliyozama, mdomo mkavu, na mkojo mdogo vinaweza kuonyesha upungufu wa maji mwilini. Mpe maji na utafute huduma.",,PSA_KE_Final.csv (class-provided dataset),,original_id=1634; class=extracted_from_class_dataset
HEALTH_349,Health,,Giving herbs to infants can delay proper treatment and worsen illness. Seek medical advice.,Kuwapa watoto wachanga mimea kunaweza kuchelewesha matibabu sahihi na kuzidisha ugonjwa. Tafuta ushauri wa daktari.,,PSA_KE_Final.csv (class-provided dataset),,original_id=1635; class=extracted_from_class_dataset
HEALTH_350,Health,,Keep the umbilical cord stump dry and clean to prevent infection.,Weka kisiki cha kitovu kikavu na kisafi ili kuzuia maambukizi.,,PSA_KE_Final.csv (class-provided dataset),,original_id=1636; class=extracted_from_class_dataset
HEALTH_351,Health,,Early testing helps protect the unborn baby from HIV transmission.,Kupima mapema husaidia kumlinda mtoto ambaye hajazaliwa kutokana na maambukizi ya VVU.,,PSA_KE_Final.csv (class-provided dataset),,original_id=1637; class=extracted_from_class_dataset
HEALTH_352,Health,,Violence harms pregnant women physically and mentally. Support and refer survivors for help.,Vurugu huwadhuru wanawake wajawazito kimwili na kiakili. Wasaidie na uwape rufaa manusura kwa msaada.,,PSA_KE_Final.csv (class-provided dataset),,original_id=1638; class=extracted_from_class_dataset
HEALTH_353,Health,,"Teach girls about periods, hygiene, and body changes before puberty starts.","Wafundishe wasichana kuhusu hedhi, usafi, na mabadiliko ya mwili kabla ya kubalehe kuanza.",,PSA_KE_Final.csv (class-provided dataset),,original_id=1639; class=extracted_from_class_dataset
HEALTH_354,Health,,"Support from fathers, grandparents, and siblings strengthens outcomes for mother and baby.","Usaidizi kutoka kwa baba, babu na bibi, na ndugu huimarisha matokeo kwa mama na mtoto.",,PSA_KE_Final.csv (class-provided dataset),,original_id=1640; class=extracted_from_class_dataset
HEALTH_355,Health,,Ministry annoucning  unveiling agenda for Multiple Micronutrient Supplementation (MMS) to reduce maternal anaemia and improve birth outcomes.,Wizara yatangaza ajenda ya kufichua ajenda ya virutubisho vingi (MMS) ili kupunguza upungufu wa damu kwa mama na kuboresha matokeo ya uzazi.,,PSA_KE_Final.csv (class-provided dataset),,original_id=1641; class=extracted_from_class_dataset
HEALTH_356,Health,,"Announing meeting to reaffirm East African leadership in food labelling, marketing restrictions and nutrition reform.","Mkutano wa kutangaza kuthibitisha uongozi wa Afrika Mashariki katika uwekaji lebo za vyakula, vikwazo vya masoko na mageuzi ya lishe.",,PSA_KE_Final.csv (class-provided dataset),,original_id=1643; class=extracted_from_class_dataset
HEALTH_357,Health,,Announcing Nationwide training to improve acute malnutrition treatment protocols across counties.,Kutangaza mafunzo ya Kitaifa kote ili kuboresha itifaki za matibabu ya utapiamlo mkali katika kaunti zote.,,PSA_KE_Final.csv (class-provided dataset),,original_id=1644; class=extracted_from_class_dataset
HEALTH_358,Health,,Announcing  meeting to create strategy for post‑2025 nutrition programs.,Kutangaza mkutano wa kuunda mkakati wa programu za lishe baada ya 2025.,,PSA_KE_Final.csv (class-provided dataset),,original_id=1645; class=extracted_from_class_dataset
HEALTH_359,Health,,Ministry announcing awareness sessions to address stunting reduction  and new fortification and regulatory measures.,Wizara yatangaza vikao vya uhamasishaji ili kushughulikia upunguzaji wa udumavu na hatua mpya za kuimarisha na kudhibiti.,,PSA_KE_Final.csv (class-provided dataset),,original_id=1646; class=extracted_from_class_dataset
HEALTH_360,Health,,Government annmounncing a National Nutrition Symposium to share strategies on universal health care (UHC) and community nutrition.,Serikali yatangaza Kongamano la Kitaifa la Lishe ili kushiriki mikakati kuhusu huduma ya afya kwa wote (UHC) na lishe ya jamii.,,PSA_KE_Final.csv (class-provided dataset),,original_id=1647; class=extracted_from_class_dataset
HEALTH_361,Health,,Announinng meeting where the country  formally signs UNSDCF Nutrition Joint Programme to support multisector work.,Mkutano wa kutangaza ambapo nchi inasaini rasmi Programu ya Pamoja ya Lishe ya UNSDCF ili kusaidia kazi za sekta mbalimbali.,,PSA_KE_Final.csv (class-provided dataset),,original_id=1648; class=extracted_from_class_dataset
HEALTH_362,Health,,Ministry updating training module  to strengthen response to malnutrition at community level.,Wizara inasasisha moduli ya mafunzo ili kuimarisha mwitikio wa utapiamlo katika ngazi ya jamii.,,PSA_KE_Final.csv (class-provided dataset),,original_id=1649; class=extracted_from_class_dataset
HEALTH_363,Health,,Cross-sector validation meeting held to align county and national nutrition strategies under KNAP.,Mkutano wa uthibitishaji wa sekta mtambuka ulifanyika ili kuoanisha mikakati ya lishe ya kaunti na kitaifa chini ya KNAP.,,PSA_KE_Final.csv (class-provided dataset),,original_id=1650; class=extracted_from_class_dataset
HEALTH_364,Health,,Nationwide campaign to deliver Vitamin A to children under 5 and coordinate with routine immunization services.,Kampeni ya kitaifa ya kutoa VitaminiA kwa watoto walio chini ya miaka 5 na kuratibu huduma za kawaida za chanjo.,,PSA_KE_Final.csv (class-provided dataset),,original_id=1651; class=extracted_from_class_dataset
HEALTH_365,Health,,Announcing how public dashboards now show county-level nutrition trends and indicators in real-time.,Kutangaza jinsi dashibodi za umma sasa zinavyoonyesha mitindo na viashiria vya lishe katika ngazi ya kaunti kwa wakati halisi.,,PSA_KE_Final.csv (class-provided dataset),,original_id=1652; class=extracted_from_class_dataset
HEALTH_366,Health,,Annoucing lauch of National roadmap for nutrition interventions at county and national levels.,Kutangaza mpango wa kitaifa wa uingiliaji kati wa lishe katika ngazi za kaunti na kitaifa.,,PSA_KE_Final.csv (class-provided dataset),,original_id=1654; class=extracted_from_class_dataset
HEALTH_367,Health,,Announing launch of framework to guide data collection and reporting of nutrition outcomes.,Kuzindua mfumo wa kuongoza ukusanyaji na utoaji wa taarifa za matokeo ya lishe.,,PSA_KE_Final.csv (class-provided dataset),,original_id=1655; class=extracted_from_class_dataset
HEALTH_368,Health,,"Announcement of launch of “ENOUGH” campaign which aims to end child hunger by expanding school meals, climate-smart agriculture, and nutrition advocacy.","Tangazo la uzinduzi wa kampeni ya “INATOSHA” ambayo inalenga kukomesha njaa ya watoto kwa kupanua milo shuleni, kilimo kinachozingatia hali ya hewa, na utetezi wa lishe.",,PSA_KE_Final.csv (class-provided dataset),,original_id=1656; class=extracted_from_class_dataset
HEALTH_369,Health,,"Announcing roll out of countywide Vitamin A supplementation & deworming for 12,000+ children under five with outreach and ECD support in Kiambu County","Kutangaza uzinduzi wa nyongeza ya Vitamini A na dawa za minyoo katika kaunti nzima kwa watoto zaidi ya 12,000 walio chini ya umri wa miaka mitano kwa usaidizi wa uhamasishaji na ECD katika Kaunti ya Kiambu",,PSA_KE_Final.csv (class-provided dataset),,original_id=1657; class=extracted_from_class_dataset
HEALTH_370,Health,,Ministry inviting community service organizations via SUNCSA to plan public nutrition messaging and sanitation strategy (Epuka Uchafu).,Wizara inaalika mashirika ya huduma kwa jamii kupitia SUNCSA kupanga mkakati wa ujumbe wa lishe kwa umma na usafi wa mazingira (Epuka Uchafu).,,PSA_KE_Final.csv (class-provided dataset),,original_id=1660; class=extracted_from_class_dataset
HEALTH_371,Health,,Ministry highlighting role of community health workers in delivering nutrition services as part of Universal Health Coverage.,Wizara ikiangazia jukumu la wafanyakazi wa afya ya jamii katika kutoa huduma za lishe kama sehemu ya Bima ya Afya kwa Wote.,,PSA_KE_Final.csv (class-provided dataset),,original_id=1661; class=extracted_from_class_dataset
HEALTH_372,Health,,National ACSM strategy introduced to promote nutrition messaging and public awareness across sectors.,Mkakati wa kitaifa wa ACSM ulianzishwa ili kukuza ujumbe wa lishe na uelewa wa umma katika sekta mbalimbali.,,PSA_KE_Final.csv (class-provided dataset),,original_id=1662; class=extracted_from_class_dataset
HEALTH_373,Health,,"Announcing the lauch of Country plan that prioritizes maternal-child nutrition, agriculture‑education integration and multisector tracking.","Kutangaza uzinduzi wa mpango wa Nchi unaoweka kipaumbele lishe ya mama na mtoto, ujumuishaji wa elimu ya kilimo na ufuatiliaji wa sekta nyingi.",,PSA_KE_Final.csv (class-provided dataset),,original_id=1664; class=extracted_from_class_dataset
HEALTH_374,Health,,"Announing a nutrition education & weekly iron–folic acid supplementation delivered to adolescents across Busia, Kitui & Nakuru.","Kutangaza elimu ya lishe na nyongeza ya kila wiki ya asidi ya chuma-foliki inayotolewa kwa vijana kote Busia, Kitui na Nakuru.",,PSA_KE_Final.csv (class-provided dataset),,original_id=1665; class=extracted_from_class_dataset
HEALTH_375,Health,,Announcing Nairobi county initiative to fund vegetable gardens in primary schools to improve diet diversity and learning.,Kutangaza mpango wa kaunti ya Nairobi wa kufadhili bustani za mboga katika shule za msingi ili kuboresha utofauti wa lishe na ujifunzaji.,,PSA_KE_Final.csv (class-provided dataset),,original_id=1666; class=extracted_from_class_dataset
HEALTH_376,Health,,"Announcing a New opt-in SMS platform sends weekly advice on healthy diets, food safety, and portion control.","Kutangaza jukwaa jipya la SMS la kujiandikisha hutuma ushauri wa kila wiki kuhusu lishe bora, usalama wa chakula, na udhibiti wa ulaji.",,PSA_KE_Final.csv (class-provided dataset),,original_id=1667; class=extracted_from_class_dataset
HEALTH_377,Health,,Java to offer nutrition to national teams. Men and women teams in camp for Africa Games,Java kutoa lishe kwa timu za taifa. Timu za wanaume na wanawake kambini kwa ajili ya Michezo ya Afrika,,PSA_KE_Final.csv (class-provided dataset),,original_id=1668; class=extracted_from_class_dataset
HEALTH_378,Health,,"Kenya, UNICEF, World Bank unveil Nutrition Improvement. Through Cash and Health Education programme in 11 counties","Kenya, UNICEF, Benki ya Dunia yafichua Uboreshaji wa Lishe. Kupitia mpango wa Fedha na Elimu ya Afya katika kaunti 11",,PSA_KE_Final.csv (class-provided dataset),,original_id=1669; class=extracted_from_class_dataset
HEALTH_379,Health,,Blue band kicks off the campaign in Nairobi. Campaign aims at promoting good nutrition,Bendi ya Bluu yaanza kampeni jijini Nairobi. Kampeni inalenga kukuza lishe bora,,PSA_KE_Final.csv (class-provided dataset),,original_id=1671; class=extracted_from_class_dataset
HEALTH_380,Health,,Kenya’s Push To Promote Traditional Food Is Good For Nutrition And Cultural Heritage,Shinikizo la Kenya la Kukuza Chakula cha Jadi ni Nzuri kwa Lishe na Urithi wa Utamaduni,,PSA_KE_Final.csv (class-provided dataset),,original_id=1672; class=extracted_from_class_dataset
HEALTH_381,Health,,Announcing launch of a multi-county project to reinforce nutritious food availability during shocks and crises.,Kutangaza uzinduzi wa mradi wa kaunti nyingi ili kuimarisha upatikanaji wa chakula chenye lishe wakati wa mishtuko na migogoro.,,PSA_KE_Final.csv (class-provided dataset),,original_id=1673; class=extracted_from_class_dataset
HEALTH_382,Health,,Launch of a pilot to provide free milk twice weekly to primary school children in Migori and Nakuru counties.,Uzinduzi wa majaribio ya kutoa maziwa ya bure mara mbili kwa wiki kwa watoto wa shule za msingi katika kaunti za Migori na Nakuru.,,PSA_KE_Final.csv (class-provided dataset),,original_id=1674; class=extracted_from_class_dataset
,,,,,,PSA_KE_Final.csv (class-provided dataset),,original_id=1675; class=extracted_from_class_dataset
,,,,,,PSA_KE_Final.csv (class-provided dataset),,original_id=1676; class=extracted_from_class_dataset
,,,,,,PSA_KE_Final.csv (class-provided dataset),,original_id=1677; class=extracted_from_class_dataset
,,,,,,PSA_KE_Final.csv (class-provided dataset),,original_id=1678; class=extracted_from_class_dataset
,,,,,,PSA_KE_Final.csv (class-provided dataset),,original_id=1679; class=extracted_from_class_dataset
,,,,,,PSA_KE_Final.csv (class-provided dataset),,original_id=1680; class=extracted_from_class_dataset
,,,,,,PSA_KE_Final.csv (class-provided dataset),,original_id=1681; class=extracted_from_class_dataset
,,,,,,PSA_KE_Final.csv (class-provided dataset),,original_id=1682; class=extracted_from_class_dataset
,,,,,,PSA_KE_Final.csv (class-provided dataset),,original_id=1683; class=extracted_from_class_dataset
,,,,,,PSA_KE_Final.csv (class-provided dataset),,original_id=1684; class=extracted_from_class_dataset
,,,,,,PSA_KE_Final.csv (class-provided dataset),,original_id=1685; class=extracted_from_class_dataset
,,,,,,PSA_KE_Final.csv (class-provided dataset),,original_id=1688; class=extracted_from_class_dataset
,,,,,,PSA_KE_Final.csv (class-provided dataset),,original_id=1689; class=extracted_from_class_dataset
,,,,,,PSA_KE_Final.csv (class-provided dataset),,original_id=1690; class=extracted_from_class_dataset
,,,,,,PSA_KE_Final.csv (class-provided dataset),,original_id=1691; class=extracted_from_class_dataset
,,,,,,PSA_KE_Final.csv (class-provided dataset),,original_id=1692; class=extracted_from_class_dataset
,,,,,,PSA_KE_Final.csv (class-provided dataset),,original_id=1693; class=extracted_from_class_dataset
,,,,,,PSA_KE_Final.csv (class-provided dataset),,original_id=1696; class=extracted_from_class_dataset
,,,,,,PSA_KE_Final.csv (class-provided dataset),,original_id=1697; class=extracted_from_class_dataset
,,,,,,PSA_KE_Final.csv (class-provided dataset),,original_id=1698; class=extracted_from_class_dataset
,,,,,,PSA_KE_Final.csv (class-provided dataset),,original_id=1699; class=extracted_from_class_dataset
,,,,,,PSA_KE_Final.csv (class-provided dataset),,original_id=1700; class=extracted_from_class_dataset
,,,,,,PSA_KE_Final.csv (class-provided dataset),,original_id=1702; class=extracted_from_class_dataset
,,,,,,PSA_KE_Final.csv (class-provided dataset),,original_id=1703; class=extracted_from_class_dataset
,,,,,,PSA_KE_Final.csv (class-provided dataset),,original_id=1704; class=extracted_from_class_dataset
,,,,,,PSA_KE_Final.csv (class-provided dataset),,original_id=1705; class=extracted_from_class_dataset
,,,,,,PSA_KE_Final.csv (class-provided dataset),,original_id=1706; class=extracted_from_class_dataset
,,,,,,PSA_KE_Final.csv (class-provided dataset),,original_id=1707; class=extracted_from_class_dataset
,,,,,,PSA_KE_Final.csv (class-provided dataset),,original_id=1708; class=extracted_from_class_dataset
,,,,,,PSA_KE_Final.csv (class-provided dataset),,original_id=1709; class=extracted_from_class_dataset
,,,,,,PSA_KE_Final.csv (class-provided dataset),,original_id=1710; class=extracted_from_class_dataset
,,,,,,PSA_KE_Final.csv (class-provided dataset),,original_id=1711; class=extracted_from_class_dataset
,,,,,,PSA_KE_Final.csv (class-provided dataset),,original_id=1712; class=extracted_from_class_dataset
,,,,,,PSA_KE_Final.csv (class-provided dataset),,original_id=1713; class=extracted_from_class_dataset
,,,,,,PSA_KE_Final.csv (class-provided dataset),,original_id=1715; class=extracted_from_class_dataset
,,,,,,PSA_KE_Final.csv (class-provided dataset),,original_id=1716; class=extracted_from_class_dataset
,,,,,,PSA_KE_Final.csv (class-provided dataset),,original_id=1717; class=extracted_from_class_dataset
,,,,,,PSA_KE_Final.csv (class-provided dataset),,original_id=1718; class=extracted_from_class_dataset
,,,,,,PSA_KE_Final.csv (class-provided dataset),,original_id=1719; class=extracted_from_class_dataset
,,,,,,PSA_KE_Final.csv (class-provided dataset),,original_id=1720; class=extracted_from_class_dataset
,,,,,,PSA_KE_Final.csv (class-provided dataset),,original_id=1721; class=extracted_from_class_dataset
,,,,,,PSA_KE_Final.csv (class-provided dataset),,original_id=1722; class=extracted_from_class_dataset
,,,,,,PSA_KE_Final.csv (class-provided dataset),,original_id=1723; class=extracted_from_class_dataset
,,,,,,PSA_KE_Final.csv (class-provided dataset),,original_id=1724; class=extracted_from_class_dataset
,,,,,,PSA_KE_Final.csv (class-provided dataset),,original_id=1725; class=extracted_from_class_dataset
,,,,,,PSA_KE_Final.csv (class-provided dataset),,original_id=1727; class=extracted_from_class_dataset
,,,,,,PSA_KE_Final.csv (class-provided dataset),,original_id=1728; class=extracted_from_class_dataset
,,,,,,PSA_KE_Final.csv (class-provided dataset),,original_id=1729; class=extracted_from_class_dataset
,,,,,,PSA_KE_Final.csv (class-provided dataset),,original_id=1730; class=extracted_from_class_dataset
,,,,,,PSA_KE_Final.csv (class-provided dataset),,original_id=1731; class=extracted_from_class_dataset
,,,,,,PSA_KE_Final.csv (class-provided dataset),,original_id=1732; class=extracted_from_class_dataset
,,,,,,PSA_KE_Final.csv (class-provided dataset),,original_id=1733; class=extracted_from_class_dataset
,,,,,,PSA_KE_Final.csv (class-provided dataset),,original_id=1734; class=extracted_from_class_dataset
,,,,,,PSA_KE_Final.csv (class-provided dataset),,original_id=1735; class=extracted_from_class_dataset
,,,,,,PSA_KE_Final.csv (class-provided dataset),,original_id=1736; class=extracted_from_class_dataset
,,,,,,PSA_KE_Final.csv (class-provided dataset),,original_id=1737; class=extracted_from_class_dataset
,,,,,,PSA_KE_Final.csv (class-provided dataset),,original_id=1739; class=extracted_from_class_dataset
,,,,,,PSA_KE_Final.csv (class-provided dataset),,original_id=1740; class=extracted_from_class_dataset
,,,,,,PSA_KE_Final.csv (class-provided dataset),,original_id=1741; class=extracted_from_class_dataset
,,,,,,PSA_KE_Final.csv (class-provided dataset),,original_id=1745; class=extracted_from_class_dataset
,,,,,,PSA_KE_Final.csv (class-provided dataset),,original_id=1746; class=extracted_from_class_dataset
,,,,,,PSA_KE_Final.csv (class-provided dataset),,original_id=1748; class=extracted_from_class_dataset
,,,,,,PSA_KE_Final.csv (class-provided dataset),,original_id=1749; class=extracted_from_class_dataset
,,,,,,PSA_KE_Final.csv (class-provided dataset),,original_id=1750; class=extracted_from_class_dataset
,,,,,,PSA_KE_Final.csv (class-provided dataset),,original_id=1752; class=extracted_from_class_dataset
,,,,,,PSA_KE_Final.csv (class-provided dataset),,original_id=1753; class=extracted_from_class_dataset
,,,,,,PSA_KE_Final.csv (class-provided dataset),,original_id=1754; class=extracted_from_class_dataset
,,,,,,PSA_KE_Final.csv (class-provided dataset),,original_id=1755; class=extracted_from_class_dataset
,,,,,,PSA_KE_Final.csv (class-provided dataset),,original_id=1756; class=extracted_from_class_dataset
,,,,,,PSA_KE_Final.csv (class-provided dataset),,original_id=1757; class=extracted_from_class_dataset
,,,,,,PSA_KE_Final.csv (class-provided dataset),,original_id=1758; class=extracted_from_class_dataset
,,,,,,PSA_KE_Final.csv (class-provided dataset),,original_id=1759; class=extracted_from_class_dataset
,,,,,,PSA_KE_Final.csv (class-provided dataset),,original_id=1760; class=extracted_from_class_dataset
,,,,,,PSA_KE_Final.csv (class-provided dataset),,original_id=1761; class=extracted_from_class_dataset
,,,,,,PSA_KE_Final.csv (class-provided dataset),,original_id=1762; class=extracted_from_class_dataset
,,,,,,PSA_KE_Final.csv (class-provided dataset),,original_id=1763; class=extracted_from_class_dataset
,,,,,,PSA_KE_Final.csv (class-provided dataset),,original_id=1764; class=extracted_from_class_dataset
,,,,,,PSA_KE_Final.csv (class-provided dataset),,original_id=1766; class=extracted_from_class_dataset
,,,,,,PSA_KE_Final.csv (class-provided dataset),,original_id=1768; class=extracted_from_class_dataset
,,,,,,PSA_KE_Final.csv (class-provided dataset),,original_id=1769; class=extracted_from_class_dataset
,,,,,,PSA_KE_Final.csv (class-provided dataset),,original_id=1770; class=extracted_from_class_dataset
,,,,,,PSA_KE_Final.csv (class-provided dataset),,original_id=1771; class=extracted_from_class_dataset
,,,,,,PSA_KE_Final.csv (class-provided dataset),,original_id=1772; class=extracted_from_class_dataset
,,,,,,PSA_KE_Final.csv (class-provided dataset),,original_id=1773; class=extracted_from_class_dataset
,,,,,,PSA_KE_Final.csv (class-provided dataset),,original_id=1774; class=extracted_from_class_dataset
,,,,,,PSA_KE_Final.csv (class-provided dataset),,original_id=1776; class=extracted_from_class_dataset
,,,,,,PSA_KE_Final.csv (class-provided dataset),,original_id=1777; class=extracted_from_class_dataset
,,,,,,PSA_KE_Final.csv (class-provided dataset),,original_id=1778; class=extracted_from_class_dataset
,,,,,,PSA_KE_Final.csv (class-provided dataset),,original_id=1779; class=extracted_from_class_dataset
,,,,,,PSA_KE_Final.csv (class-provided dataset),,original_id=1780; class=extracted_from_class_dataset
,,,,,,PSA_KE_Final.csv (class-provided dataset),,original_id=1781; class=extracted_from_class_dataset
,,,,,,PSA_KE_Final.csv (class-provided dataset),,original_id=1782; class=extracted_from_class_dataset
,,,,,,PSA_KE_Final.csv (class-provided dataset),,original_id=1783; class=extracted_from_class_dataset
,,,,,,PSA_KE_Final.csv (class-provided dataset),,original_id=1784; class=extracted_from_class_dataset
,,,,,,PSA_KE_Final.csv (class-provided dataset),,original_id=1785; class=extracted_from_class_dataset
,,,,,,PSA_KE_Final.csv (class-provided dataset),,original_id=1786; class=extracted_from_class_dataset
,,,,,,PSA_KE_Final.csv (class-provided dataset),,original_id=1787; class=extracted_from_class_dataset
,,,,,,PSA_KE_Final.csv (class-provided dataset),,original_id=1788; class=extracted_from_class_dataset
,,,,,,PSA_KE_Final.csv (class-provided dataset),,original_id=1789; class=extracted_from_class_dataset
,,,,,,PSA_KE_Final.csv (class-provided dataset),,original_id=1790; class=extracted_from_class_dataset
,,,,,,PSA_KE_Final.csv (class-provided dataset),,original_id=1791; class=extracted_from_class_dataset
,,,,,,PSA_KE_Final.csv (class-provided dataset),,original_id=1792; class=extracted_from_class_dataset
,,,,,,PSA_KE_Final.csv (class-provided dataset),,original_id=1793; class=extracted_from_class_dataset
,,,,,,PSA_KE_Final.csv (class-provided dataset),,original_id=1795; class=extracted_from_class_dataset
,,,,,,PSA_KE_Final.csv (class-provided dataset),,original_id=1796; class=extracted_from_class_dataset
,,,,,,PSA_KE_Final.csv (class-provided dataset),,original_id=1797; class=extracted_from_class_dataset
,,,,,,PSA_KE_Final.csv (class-provided dataset),,original_id=1799; class=extracted_from_class_dataset
,,,,,,PSA_KE_Final.csv (class-provided dataset),,original_id=1800; class=extracted_from_class_dataset
,,,,,,PSA_KE_Final.csv (class-provided dataset),,original_id=1802; class=extracted_from_class_dataset
,,,,,,PSA_KE_Final.csv (class-provided dataset),,original_id=1803; class=extracted_from_class_dataset
,,,,,,PSA_KE_Final.csv (class-provided dataset),,original_id=1804; class=extracted_from_class_dataset
,,,,,,PSA_KE_Final.csv (class-provided dataset),,original_id=1805; class=extracted_from_class_dataset
,,,,,,PSA_KE_Final.csv (class-provided dataset),,original_id=1806; class=extracted_from_class_dataset
