PSA_Id,Domain,Class,English,Ekegusii
7,Education,PSA,[Health Protocols] Comprehensive COVID-19 health and safety protocols for school reopening including mandatory masks and temperature monitoring,[Amachiko Obochenu] Ase oboikeranu amachiko obochenu igoro yendwari Yenyamayaa (COVID-19) ase chisukuru koigora amo nogochika kobeka ebitambaa biogotuma emenwa nechiomioro na gopima ribera ase omobere
8,Education,PSA,[Kenya Education Cloud] Digital learning platform providing free educational content during COVID-19 pandemic for remote learning continuity,[Omoreberio bwamasomo bwechisemi o'Kenya goetera enchera yegedichitari nigo biakorwa amaosomo bosa chingaki chiendwari ya COVID-19 erio goikerania amosomo kogenderera
9,Education,PSA,[KUCCPS Portal] KUCCPS portal will open in March 2025 for university placement and course selection for 2024 KCSE candidates,[Eintaneti yekeombe keria ekenen gekorangeria abana gochia eyunifasisiti nechikorechi (KUCCP) neigoro omotienyi ogatato omwaka 2025 noigore ase abana beyunifasity na gochora chikosi chiabo ase  abana baria barigete amatemwa abo esekondari 2024
10,Education,PSA,[School Feeding Scale-up] Target to increase school feeding beneficiaries from 1.9 million to over 10 million children by 2030,[Omoroberio bwokorageria chuisukuru nomente] Norengete kogesa abana bakoyeria nechisukuru korwa chimirioni 1.9 goika chimirioni 10 nyuma ya omwaka 2030
11,Education,PSA,[Special Needs Education] Launch of inclusive education programs with assistive technology for learners with disabilities,"[Chisemi ase baria abaremaru] Omoroberio bwogochaka chisemi ase bonsi goetera ebinto biria bogokonya emeuko, amatino na amamama ochakirwe ase abaremaru abwo bonsi "
13,Education,PSA,"[TSC Recruitment] Advertisement for 46,000 teaching positions across primary, junior secondary, and secondary schools with application deadline October 7, 2024","[Buna Ekeombe Ekenene Gekorika ] Amabaga 46,000 yabarimu beukuru yoboroso atangasirwe, chisukuru chiesekenderi ya inse, amo nechisekenderi atangasirwe nomoerio bwogotoma gosaba emeremo eyio nechitariki 7 omotienyi oikomi, omwaka 2024"
16,Education,PSA,100% transition policy: No child to repeat Class 8 from 2025.,Richiko riogotamboka gochia ayio emia ase emia: Mwana onde tari orairore ekerasi kia 8 korwa omwaka 2025.
20,Education,PSA,"2,014 permanent and pensionable posts for secondary school teachers.","Amabaga ya abarimu 2,014 ase omoroberio o’pamanenti nechibesa chiobogotu atoirwe"
22,Education,PSA,200 Stipendium Hungaricum scholarships open for Kenyan undergraduate students.,Omoroberio bweserikari kobwaterana neserikari ya Hungary (Hungaricum scholarships) oigoirwe ase 200 ase baria basomeire edigrii entang’ani bachie gosoma.
28,Education,PSA,Access education! Enroll pastoralist children in mobile schools.,Access education! Enroll pastoralist children in mobile schools.
29,Education,PSA,Access EduTV via Kenya Education Cloud daily.,Nyora amasomo goetera omoroberio bweserikari (Edu TV) okera rituko
30,Education,PSA,Access EduTV via Kenya Education Cloud.,Nyora amasomo goetera omoroberio bweserikari ya Kenya (Edu TV)
31,Education,PSA,Access free resources! Distribute free textbooks to rural schools.,banyorire omoroberio bwokoegwa ebitabu biogosomera chisukuru chiria chire ime mono batari korwa kende
32,Education,PSA,Access KPSEA results from December 1 via school portal.,abana bechisekenderi chia inse nigo bakonyora amatemwa abo na buna bakorete korwa ase KPSEA korwa omotienyi etariki eyemo yomoyienyi 12 goetera chisukuru chiabo.
33,Education,PSA,"Access KPSEA results via school portal from December 1, 2025.",Nyora amairanerio yamatemwa PSEA goetra chisuru chiabo korwa etariki eyemo yomotienyi oikomi na kabere 2025.
34,Education,PSA,Access results from Dec 1 via portal.,Nyora amairanerio yamatemwa abo korwa etariki entang’ani yomotienyi 12
35,Education,PSA,Access results via school portal from December 1.,nkonyora bare amairanerio yamatemwa abo gotera chisukuru chiabo korwa etariki eyemo yomotienyi 12.
36,Education,PSA,Accessible legal text for learners and public,nyora ebitabu biamachiko ase baria bagosoma amo neamate
37,Education,PSA,"Act now! Communities, prevent FGM to protect girls.",bogoria egetambokero bono! konya gotanga ogsara abana abanyaroka erio kobarenda
40,Education,PSA,All belong! Enroll refugee children in schools today.,bonsi nabanyene! Beka abana babaria batamire chisegi sobo esukuru rero
41,Education,PSA,"All boarding schools must conduct safety audit by September 30, 2025.",Chisukuru chionsi abana bakorara ime nere buya nemeroberio yogotanga ogwateka kwemerero as chisukuru chiabo nomoroberio bwokominchoria ekero omorero bwatekire goika omotienyi okianda chitariki 30.2025
43,Education,PSA,All can learn! Use braille and ramps for disabled students.,bonsi nabo barasome!Tumia ebitabu biria biemeuko and nebinto birai biogwerirera ase abana bari bare noborema bwogotara
50,Education,PSA,All registered candidates must appear in the attendance register.,abana bariria bonsi bagochi gokora amatemwa goika barorekane ase egetabu
62,Education,PSA,All TVET graduates guaranteed 6-month paid internship from January 2026.,Abarimu baria bakorire amasomo yobobundi nechisemi chiokwegendereria baenekeriigwe konyora omosara bwemetienyi 6 yechingaki chiokwegera gosomia gochakera omotienyi bweritang'ani 2026.
63,Education,PSA,"All TVET students get Ksh 10,000 monthly stipend + free laptop from Jan!","abarimu bonsi besekenderi yanse bagosomia obobundi nechisemi chiokwendereria (TVET) banyore chisiringi 10,000 kera omotienyi chiogwekonyera  amo nechikombiuta chia koboko nyuma yomotienyi omotang’ani"
65,Education,PSA,All TVET students to get free laptops under new digital literacy program.,Abarimu bonsi besekenderi yanse baria bagosomia obundi nechisemi chiokwegendereria (TVET) banyore chikombuta chikoboko ase omoroberio otekinorochia goikerania amasomo yegetekinorochia
66,Education,PSA,"All TVET trainees to get Ksh 7,000 monthly stipend starting January.","abarimu baria binsi bkwegerigwa gosomia baakanwe 7,000 kera omotieny bekonyere nechikombiuta chiokoboko chiokwegeria gosomia tekinorochia nyuma ya yomotienyi omtang’ani 2026"
71,Education,PSA,App features logic games based on civic themes,omoroberio bwekombiuta okworekereria chigosori erio gokonya abana gosoma igoro yobogesaku
72,Education,PSA,App gives points for learning and reporting,Omoroberio oyo nigo okorwa ayarengete amaosomo na komanyia
73,Education,PSA,Apply for bursaries for needy students 2022.,Toma ogosaba kwao onyore chibesa chiria chirengete amasomo yabana baria batari kwenyara 2022
74,Education,PSA,Apply for TVET bursaries by March 15 via HELB portal.,Toma ogosaba kwao gochia chisukuru chiria chiobobundi nechisemi chiokwegendereria (TVET) onyore chibesa chiogosoma nyuma ya yechitari 15 omotienyi 3 goetera ekeombe keria gekorwa chibesa gokonya abana ba amasomo aigoro (HELB)
75,Education,PSA,Apply for TVET bursaries by March 15 via HELB.,Toma ogosaba kwao gochia chisukuru chiria chiobobundi nechisemi chiokwegendereria (TVET) onyore chibesa chiogosoma goetera ekeombe keria gekorwa chibesa gokonya abana ba amasomo aigoro (HELB)
76,Education,PSA,"Apply for TVET bursaries via HELB portal by March 15, 2025.",Toma ogosaba kwao gochia chisukuru chiria chiobobundi nechisemi chiokwegendereria (TVET) onyore chiogosoma goetera ekeombe keria gekorwa chibesa gokonya abana ba amasomo aigoro (HELB) nyuma yechitariki 15 chiomotienyi 3 omwaka o 2025
77,Education,PSA,Apply TVET bursaries by March 15.,Toma ogosaba kwao gochia chisukuru chiria chiobobundi nechisemi chiokwegendereria (TVET) onyore chibesa chiogosoma nyuma yechitariki 15 omotienyi 3
78,Education,PSA,Artists depict stories of civic justice,Abegi nkwegia bare goetera chigosori chiabo igoro buna oboronge bwoboamate bobwenerete obuya ase bonsi
79,Education,PSA,Assess school performance 2025.,Renga komanya buna chisukuru chigokora ase amasomo abo
80,Education,PSA,Assess teacher performance via TPAD 2025.,Renga komanya buna abarimu bagosomia abana goetera ebirengero bieserikari (TPAD 2025)
81,Education,PSA,Assess vocational outcomes 2025.,Renga komanya buna chisukuru chiria chikorwa amasomo yechisemi chiokwegendereria ao ao chigokora omwaka o 2025
83,Education,PSA,Attend CBC forum Feb 20 at county hall.,ikerania goika ase ebikaranso bia amasomo CBC chitariki 20 chiomotienyi 2 abwo ase chinyoba chiebikaranso biekaonti
84,Education,PSA,Attend CBC forum on February 20 at county hall.,ikerania goika ase ebikaranso bia amasomo CBC chitariki 20 chiomotienyi 2 abwo ase chinyoba chiebikaranso biekaonti
85,Education,PSA,Audit school funds transparently 2023.,85 rigereria ebitabu biechibesa komanya gose chibesa mbuya chigokora emeremo maiso marore
86,Education,PSA,Audit schools! Ensure compliance with fire safety standards.,Rigia komanya buna chisukuru chigendererete! Ikerania ayabwenerete gokorwa gotanga ogwateka kwemerero
88,Education,PSA,Back to school! Join flood recovery programs for safe learning.,koirana esukuru! Soa omoroberio bwokoreta ogokonywa ase baria banyoretwe nomochando bwetoigo erio gotanga emebasekano buna eyio naende erio amasomo agenderere buya.
89,Education,PSA,Basic Education Statistical Booklet 2020 released.,Ebitabu bikworokereria Amasomo Oboroso 2020 biasokire
90,Education,PSA,"Be accountable! Schools, manage funds transparently.","Kabe omotenneeri omuya! Chisukuru,renda chibesa na kabe maiso marore"
91,Education,PSA,"Be alert! Communities, report trafficking risks to 116.","Renda kegima! Ebinyoro, karwe amang’ana gotanga okoibwa kwa abana goetera 116."
92,Education,PSA,Be alert! Report suspicious activities near schools to authorities.,Ramokia amaiso! Manyia abagambi igoro yebinto biechitang'utang'u ang’e nesukuru.
93,Education,PSA,Be cautious! Avoid chemical hazards near schools.,Ramokia amaiso! Tanga emechando ekorentwa nebinto biria abana bagokorera obosansi esukuru bire ebiechisumu
95,Education,PSA,Be prepared! Conduct fire evacuation drills in schools.,Eariganie ase etoigo! Practice safe evacuation in schools. Egera chinchera chiokonyi ase chikuru.
96,Education,PSA,Be prepared! Conduct regular fire safety drills in schools.,"Kabe nomoroberio na botambe kweger chinchera chiobosala chia bwango korusia abana, abarimu na abakori emero isiko yesukuru abwo ase omorero ogwoka "
100,Education,PSA,Be vigilant! Report school fee fraud to authorities.,Kabe nobong’aini. Manyia abatenereri bechisukuru igoro yoboibi bwechibesa chiesukuru .
101,Education,PSA,"Becomes Technical University of Mombasa, offering modern TVET.","Yabeire Uyunifasity Yobobundi Nechisemi Chiokwegendereria ya Mombasa, egosomia amasomo abono a TVET."
102,Education,PSA,Boost STEM! Promote science and technology in schools.,chinde ase chingongo chai ime buna kitui.
103,Education,PSA,Bridge the gap! Build more schools in rural areas like Kitui.,Keania ogotareng'ana ase chisemi! Gesa chisukuru  Karwe ebikireri biegedichitari as abana bare noborema.
104,Education,PSA,Bridge the gap! Provide digital tools for disabled students.,Keania ogotareng'ana. Karwe ebigokonya abana goikera etkinorochia.
105,Education,PSA,Broadcasts customized per region,Okoraria korengete chingongo
106,Education,PSA,Build better schools! Invest in classrooms and facilities.,Agacha chisukuru chingiya! Segeta emeroberio yoboagachi ase chingongo chinyomo.
107,Education,PSA,Build better schools! Support infrastructure projects in ASAL regions.,Agacha chinyomba chiokorara chiesukuru chiria abana benyete ime omwaka 2022.
108,Education,PSA,Build dormitories for boarding schools 2022.,Agacha chisemi! Rosia chinyomba chiogosomera kera esukuru.
109,Education,PSA,Build knowledge! Establish libraries in every school.,Menta koagacha ebirasi bia abana bagosomera omwaka 2022.
110,Education,PSA,Build more classrooms 2022.,Aagacha chinyomba chiria chiogokora emesangerekano omwaka 2022.
111,Education,PSA,Build multi-purpose halls 2022.,Baagache chinyomba chiogokora emesangerekano ao ao
112,Education,PSA,Build safely! Install flood-resistant school structures.,Baagahe mochando otaiyo! Barosie amaagacho akonyara koremereria etoigo.
113,Education,PSA,Build skills! Enroll in construction training programs.,Kinia chisemi! Erike ase omoroberio bwoboagachi.
114,Education,PSA,Build teacher resource centers 2022.,Agacha chinyomba ase abaarimu bakonyora chisemi omwaka o 2022.
115,Education,PSA,Build your future! Join TVET programs for technical skills.,Agacha obogima bwamotwe bwao! Soa omoroberio bwobundi nechisemi chiokwegendereria .
116,Education,PSA,Bursary application portal now open for needy students in all 47 counties.,Egekoreri giokorwa chibesa gonya baria bigosoma oigoirwe bono as abana baria bare nokogania ime yechikaonti 47 chionsi.
124,Education,PSA,Celebrate education milestones 2025.,Gokera ayaikeranigwe ase chisemi 2025.
125,Education,PSA,Celebrate teachers' day 2025.,Gokera rituko riabarimu 2025.
126,Education,PSA,Centre Managers and Invigilators must register on CP2 system.,Abateneneri bechisenta chiamatemu nabanene babo goika berika ase omoroberio o CP2.
129,Education,PSA,Civic education clubs mandatory in all secondary schools from 2026.,Ebiombe igoro yobogesaku birosigwe onsi
136,Education,PSA,Civic education now a compulsory subject in all teacher training colleges.,Amasomo obogesaku bono nayekebetererio  ase chikorechi chibwarimu chionsi.
138,Education,PSA,"Clean schools, healthy students! Maintain sanitation to stop cholera.","Sibia chisukuru, abana bare na afia engiya! Renda obochenu bwechicoo na amache gotanga endwari yogosaa."
139,Education,PSA,Clubs host mock elections and debates,Ebiombe biesukuru nkoba bire nokwegia kwobochori amo nechinkwana.
140,Education,PSA,Clubs to perform for civic week,Ebiombe korwa amaorokererio ekero kwegwiki yobogesaku
141,Education,PSA,Code your future! Learn IT skills in vocational programs.,Agacha na beka chinguru obogima bwao bwa motwe! Egera igoro yechinchera chiokomanyia na kogacha amang'ana (IT) ase omoroberio bwechikorechi chiechisemi.
142,Education,PSA,Collaborations with urban artists,Bwaterana na baria bechigosori chiokwegia bemechie.
143,Education,PSA,Comic translated into 3 languages,Enkwana ase ebiorokererio yaonchoirwe ase emenwa yebisaku bitato
144,Education,PSA,"Communities, be vigilant! Report terror threats near schools.","Ebinyoro, kabe maiso! Karwe amang'ana igoro yobosaria gochia schools."
145,Education,PSA,"Communities, stay safe! Prevent abductions near schools.","Ebinyoro, menya bwoba botaiyo! Tanga okobwatwa kwa abanto ase enchera etabwenereti ange nechisukuru."
146,Education,PSA,"Communities, support schools! Contribute to fee payments.","Ebinyoro, sira chisukuru. Ekeranio ayio ase ogoakana esukuru fisi."
147,Education,PSA,Conduct energy audits 2024.,kabe nomoroberio bwokomanya buns omorero gose esitima egotumeka 2024.
148,Education,PSA,Conduct enrollment drives 2025.,Kora emeroberio yokorika abana 2025.
149,Education,PSA,Conduct equity audits 2023.,Kora omoroberio bwokomanya oboreng'ananu 2023.
150,Education,PSA,Conduct fire drills in schools 2020.,Kebe nomoroberio bwokomanya buna omorero gose esitima egotumeka gotanga ogwateka kwomorero esukuru 2020.
151,Education,PSA,Conduct heritage days 2020.,kabe nomoroberio bwogochengera na gosegeta chingencho chiobogesaku ase oboama 2020.
152,Education,PSA,Conduct literacy assessments 2020.,Kabe nomoroberio komanya ebirengo biechisemi 2020.
153,Education,PSA,Conduct parent-teacher conferences biannually.,Kabe nomoroberio bwokorenta abaibori na abarimu amo ase chinkwana arakabere ase omwaka
154,Education,PSA,Conduct safety audit in boarding schools by September 30.,Kabe nomoroberio yokobeka oborendi obuya ase chisukuru chiria abana bamenyete ime nyuma yechitariki 30 omotienyi 9.
155,Education,PSA,Conduct safety audit using 2008 Manual by September 30.,Kabe nomoroberio omuya bwoborendi goetera egatabu kiamaorokererio kia omwaka 2008 nyuma yechitariki 30 chiomotienyi 9.
156,Education,PSA,Conduct school audits for safety 2024.,Kabe nomoroberio bwokomanya oborendi bwesukuru omwaka 2024.
157,Education,PSA,Conduct waste management training 2024.,Kbe nomoroberio bwokwegeria buna ogosangereria eubi 2024.
158,Education,PSA,Connect rural schools! Provide internet for learning.,Bwatania chisukuru chia nka! Renta omoroberio bweintaneti gokonya gosoma.
159,Education,PSA,Connect to learn! Provide free Wi-Fi in schools.,Bwatana na abana bari bagosoma! Karwe omoroberio obosa bweintaneti ase chisukuru.
160,Education,PSA,Continue learning! Support schools in drought zones.,Genderera gosoma! Konya chisukuru chiria chire ase chingongo chinyomo.
161,Education,PSA,Correct details on CBA portal now.,Amang'ana amaikeranu bono igoro yechisemi chiria chirengete okwenya gwa kera omwana nao chire ase (CBA) bono.
162,Education,PSA,Correct details on CBA portal to avoid disqualification.,Amang'ana amaikeranu echisemi chiria chirengete okwenya gwa kera omwana nao are CBA erio gotanga okoiyerigwa amatemu.
163,Education,PSA,Correct details on CBA portal to avoid issues.,Amang'ana amaikeranu ase CBA gotanga mochando onde bwensi.
185,Education,PSA,Demand accountability! Ensure school funds are used wisely.,Demand accountability! Ensure school funds are used wisely.
186,Education,PSA,Demand accountability! Ensure transparent school fund management.,Segeta oboteneneri obuya! Rora ng'a chibesa chiesukuru mbuya chigora emeremo.
189,Education,PSA,"Deputy President William Ruto on Wednesday ordered the Ministry of Education to purchase a new generator for the Kenya Technical Trainers College (KTTC). The directive by Ruto came after his speech, w...","Omokonyi bwomogambi omonene William Ruto etichi gatato akarwa ogochika ng'a eministiri yechisemi egorere chisukuru chionsi chiobobundi buna Kenya Technical Trainers College (KTTC) chichenereta chinyia.  Ogochika oko kwa Ruto nogo gwachete motwe yenkwana yaye, w..."
191,Education,PSA,Develop assessment rubrics 2022.,Rosia ebinto biokorenga amasomo abana boronge 2022.
192,Education,PSA,Develop assessment tools 2021.,Rosia ebokorero biokorenga 2021.
193,Education,PSA,Develop e-books 2021.,Rosia ebitabu biegetekinorochia 2021.
194,Education,PSA,Develop sports facilities 2021.,Rosia aseagokorerwa chigosori 2021.
195,Education,PSA,Develop VR lessons 2021.,Rosia amasomo are nebiorokererio biechibicha 2021.
197,Education,PSA,Displays civic comics and ethics games,Gekworokia amasomo obogesaku ase chibicha.
198,Education,PSA,Distribute free textbooks to all students 2022.,Karwe ebitabu biogosoma bosa ase abana bonsi  2022.
199,Education,PSA,Distribute sanitary towels to girls 2020.,Karwe ebitambaa biria biobochenu chingaki chia abang'ina ase chinyaroka 2020.
200,Education,PSA,Distributed through kiosks and WhatsApp,Chikorugwa goetera ebiosiki na WhatsApp
201,Education,PSA,Do your part! Teach students about civic responsibilities.,Kora ensemo yao! Somia abana igoro yamasomo yobegasaku neki kebwenerete gokorwa.
202,Education,PSA,Download CBC curriculum materials online.,Nyora omoroberio bwamasomo aria arengete okwenyara gwa kera omwana (CBC) goetra tekinorochia.
204,Education,PSA,Download KCSE 2025 timetable from KNEC portal by October 1.,Nyora omoroberio buna amatemwa esekenderi KCSE 2025 arakorwe korwa ekeombe keria ekenene getenerete amatemwa (KNEC) nyuma yetariki 1 omtienyir 10.
205,Education,PSA,Download KCSE sample papers from KNEC portal.,Nyora ebikworokereria amatemwa amatemwa esekenderi (KCSE) korwa ekeombe keria ekenene getenerete amatemwa (KNEC).
206,Education,PSA,Download KCSE timetable from KNEC portal.,Nyora omoroberio bwamatemwa yesekenderi (KCSE) korwa keombe keria ekenene getenerete amatemwa (KNEC).
207,Education,PSA,Download KJSEA sample papers from CBA portal now.,Nyora ebikworokereria amatemwa amatemwa esekenderi ya inse (KJSEA) korwa ekeombe keria keyatenenerete gia (CBA) bono.
208,Education,PSA,Download KJSEA samples from CBA portal now.,Nyora ebikworokereria amatemwa KJSEA samples from CBA portal now.
209,Education,PSA,Download KPSEA sample papers from the KNEC CBA portal now.,Nyora ebikworokereria amatemwa aetete a KPSEA korwa KNEC CBA bono.
211,Education,PSA,Dress for success! Apply for uniform subsidies for needy students.,Eganchwa yobobui! Toma ogosaba kwao kwogokeerigwa rigori kogora eyunifomu ase abana baria bateri kwenyara.
212,Education,PSA,Drink safe water! Prevent cholera in schools.,Kanywe amache atabwati ebinyinyi! Tanga endwari yogosaa ase chisukuru.
213,Education,PSA,Dual training alert: All TVET students must sign industry contracts by Dec 31.,Kabe maiso ng'a amasomo igoro ya ayande ara rimo achakire. Abarimu bonsi bobundi nechisemi chiokwegendereria (TVET) abana goika babeke egechara kiogwancherana kiogwancherana emeremo nyuma yechitriki 31 chiomotienyi 12.
216,Education,PSA,Dual training now mandatory: All TVET students must work while learning.,Kabe maiso ng'a amasomo igoro ya ayande ara rimo goika akorwe: Abana bonsi ba TVET goika bakore emeremo ekero bagosoma.
217,Education,PSA,EACC builds local watchdog groups to fight bribery in counties.,Ekeombe keria ekenene getenenerete oboikeranu na gotanga obokurumi (EACC) nkorosia kere nkere nabatuki baye gokemanyia na korwania obokengeka na koria amaaki ase chokaonti.
218,Education,PSA,EACC campaigns to encourage anonymous reporting of corruption cases.,Ekeombe keria ekenene getenenerete oboikeranu na gotanga obokurumi (EACC) nkegendererete gosegeta na koa abanto emioyo yokobamanyia obokurumi otari goteba erieta riao goro yobokurumu.
219,Education,PSA,EACC forms school clubs to nurture anti-corruption values.,Ekeombe keria ekenene getenenerete oboikeranu na gotanga obokurumi (EACC) nkorosia bare ebiombe chisukuru erio gokong'ia  values.
220,Education,PSA,EACC introduces a mobile app for easy reporting of corruption.,Ekeombe keria ekenene getenenerete oboikeranu na gotanga obokurumi (EACC) kiabekire emeroberio emiororo erio gokemanyia obokurumi.
221,Education,PSA,EACC introduces multiple reporting channels for whistleblowers.,Ekeombe keria ekenene getenenerete oboikeranu na gotanga obokurumi (EACC) kiarure omoroberio ase abaaki enangi gokemanyia amang'ana.
222,Education,PSA,EACC sensitizes citizens on reporting corruption through county forums.,Ekeombe keria ekenene getenenerete oboikeranu na gotanga obokurumi (EACC) ngosomia kere abanainchi buna babwenerete gokemanyia obokurumi goetera ebikaranso biekaonti.
223,Education,PSA,EACC supports local offices to prevent misuse of public funds.,Ekeombe keria ekenene getenenerete oboikeranu na gotanga obokurumi (EACC) ngosira kere chiofisi chia inse gotanga gotumia bobe chibesa chieserikari.
224,Education,PSA,Educate communities! Teach banditry prevention near schools.,"Somia ebinyoro! Somia igoro yogotanga obokebago bwokoboera abanto na kobaunereria gose kobabisa erio baegwe chibesa, ang'e nesukuru."
225,Education,PSA,Educate girls! Teach about FGM risks in schools.,Somia abana abanyaroka! Basomie igoro yobobe bwokobasara (FGM) na buna gokorenta emechando ase ogosoma kwabo.
226,Education,PSA,Educate parents! Teach FGM risks to protect girls.,Somia abaibori! Basomie igoro yobobe bwogosara abana abanyaroka erio babarende.
227,Education,PSA,Educate students! Teach fire safety in schools.,Somia abana! Basomie buna babwenerete  kwerenda ase emerero.
228,Education,PSA,Educate students! Teach flood safety in schools.,Somia abana! Basomie igoro yetoigo ase esukuru.
229,Education,PSA,Educate students! Teach protest safety in schools.,Somia abana! Basomie enchera yokwerenda ekero kiamaandamano esukuru.
230,Education,PSA,Educate students! Teach terror prevention in schools.,Somia abana! Basomie igoro buna babwenerete gotanga obokebago bwechibunduki nechibomu.
231,Education,PSA,Educate teachers! Teach landslide safety in schools.,Somia abarimu! Somia igoro yokwerenda ase okoanyoka kweriroba chisukuru.
233,Education,PSA,Education Chief Administrative Secretary Zac Kinuthia announced that journalists seeking to cover school-related stories must now obtain prior clearance from the Ministry of Education.,Omoriki omonene bwechisemi Zac Kinuthia akamanyia ng'a abariki amang'ana korika amangana abwatekaine nechisukuru bono goika barigie ogwancherwa korwa eministiri yechisemi nyuma batarika amang'ana ayio.
234,Education,PSA,Education for all! Enroll in mobile schools in pastoralist regions.,Chisemi ase bonsi! Erike ase omoroberio bwogosoma goetera chisimi giose chikombiuta ase abatugi bari bakong'anyang'anya.
235,Education,PSA,Education for all! Join nomadic schools for pastoralist kids.,Chisemi ase bonsi! Soa chisukuru chiokonganyanganya ase abana abatugi bokonganyanganya.
237,Education,PSA,Elimination of school levies: All public schools must comply with free education policy.,Rusia besa chinde chionsi chisukuru chogogosaba: Chisikuru chionsi chieserikari goika goika chiikeranie ayio erio goikerania ogochika gwechisemi chia bosa.
239,Education,PSA,Empower girls! Provide scholarships to keep girls in school.,Kae abana abanyaroka chinguru! Bae chibesa chiogosomera chiabosa erio ebakonye gotigara esukuru.
240,Education,PSA,Empower teachers! Provide training for modern teaching methods.,Kae abarimu chinguru! Bae kwegera igoro yogosomia gwechinchera chia bono.
241,Education,PSA,Empower women! Enroll in vocational training for women.,Kae abang'ina chinguru! Erike ase chisemi chiokwegendereria.
242,Education,PSA,Encourage community involvement 2025.,Segeta ogokora emeremo amo nebinyoro2025.
244,Education,PSA,Encourage STEM enrollment for girls 2022.,"Segetae abana abanyaroka gosomera emeremo yegesansi, chisabu, egetekinorochia nobobundi (STEM) 2022."
245,Education,PSA,Encourage vocational subjects 2025.,Segeta gosomera chisemi chiokwegendereria 2025.
246,Education,PSA,Enforce anti-corruption in education 2023.,Ikerania amachiko yogotanga obokurumi ase chisemi  2023.
247,Education,PSA,Enforce attendance policies 2023.,Ikerania amachiko igoro yogoikerania 2023.
248,Education,PSA,Enforce code of conduct 2023.,Ikerania amachiko emeremo nobokoreri 2023.
249,Education,PSA,Enforce uniform policies 2023.,Ikerania amachiko yechianga chikobekwa ase esukuru 2023.
250,Education,PSA,Engage students! Create forums to address unrest.,Bwaterana nabana! Rosia ribaga riogokwanerana igoro yamangana abachandete.
251,Education,PSA,English_text,Egetabu kiegesongo
252,Education,PSA,Enhance library services 2024.,Angoyia emeroberio yechinyomba chiogosomera omwaka 2024.
253,Education,PSA,"Enhanced security for 2025 exams: personalized papers, no phones.","Angoyia emeroberio yoborendi ase amatemwa omwaka 2025: goetera okorika amasakara, esimi yaya."
254,Education,PSA,Enroll in TVET programs for skills development 2025.,Erike ase esukuru yobobundi nechisemi chiokwegendereria (TVET) omoroberuio bwogokinia chisemi namagenderero 2025.
255,Education,PSA,Enroll now! Free primary education for all Kenyan children.,Erike bono! Amasomo abosa ase abana bechisukuru chioboroso.
256,Education,PSA,Enroll now! Join nomadic schools for pastoralist children.,Erike bono! Soa chisukuru chaiabana babatugi baria bakong'anyang'anya.
257,Education,PSA,Ensure access to education during COVID 2020.,Tema goikera chisemi chingaki chiendwari ya COVID 2020.
258,Education,PSA,Ensure access! Provide digital platforms for all students.,Tema goikera! Karwe omoroberio bwegedichitari ase abana bonsi.
259,Education,PSA,Ensure all learners have textbooks by January 6.,Rora nga abana bonsi mbare nebitabu biogosoma  nyuma yechitariki 6 chiomotienyi omtang'ani.
260,Education,PSA,Ensure all learners wear uniforms and carry IDs from January 6.,Rora nga abana bonsi mbagete chiyunifomu nakobogoria ebibande biabo korwa chitariki 6 chiomotienyi omotang'ani.
261,Education,PSA,Ensure clean water! Prevent cholera outbreaks in schools.,Rora ng'a amache mamarabu! Tanga ogwateka kwendwari yogosaa ase esukuru.
262,Education,PSA,Ensure compliance with 2008 school safety manual.,Rora nga noikeranetie amachiko boronge igoro yegetabu kiomoroberio bwoborendi bwesukuru 2008.
263,Education,PSA,Ensure compliance with safety manual.,Rora nga noikeranetie amachiko boronge buna are ase egetabu.
264,Education,PSA,Ensure compliance with school safety manual.,Rora nga noikeranetie amachiko yoborendi bwesukuru buna are ase egetabu kiamachiko echisukuru.
265,Education,PSA,Ensure disability ramps 2020.,Rora nga ebinto biria abana abaremaru bagwesugumera mbireo 2020.
266,Education,PSA,Ensure equitable resource distribution 2020.,Ikerania obobagi bwechibesa boreng'aine 2020.
267,Education,PSA,Ensure inclusion! Provide digital access for all students.,Korera bonsi! Konya abana bonsi goikera egedichitari.
268,Education,PSA,Ensure safe drinking! Provide clean water in schools.,Rora ng'a ase abana bakonwera amache nagaya! Karwe amache amarabu ase esukuru.
269,Education,PSA,Ensure safety! Comply with fire standards in school dormitories.,Ensure safety! Comply with fire standards in school dormitories.
270,Education,PSA,Ensure safety! Protect refugee students in schools.,Ensure safety! Protect refugee students in schools.
271,Education,PSA,"Ensure safety! Schools, address unrest causes promptly.","Ikerania oborendi! Chisukuru, kwanera  amangana agochanda abana otari gochererwa."
272,Education,PSA,"Ensure safety! Schools, prevent trafficking risks.","Rora ng'a oborendi mboreo! Chisukuru, tanga ekere keragere abana baibwe."
273,Education,PSA,Ensure teacher-student ratio 2025.,Rora nga enamba ya barimu neisaine abana bare ase esukuru 2025.
274,Education,PSA,"Ensure textbooks by January 6, 2025.","Rora nga nore nebitabu biogosoma nyuma ya yechitariki 6 omotienyi omotangani, 2025."
275,Education,PSA,"Ensure uniforms and IDs from January 6, 2025.","Rora nga kera omwana nare neyunifomu nekebade nyuma yechitariki 6 chiomotienyi omotang'ani , 2025."
276,Education,PSA,Ensure water access in schools 2020.,Rora ng'a esukuru nere namache 2020.
277,Education,PSA,Equip libraries in primary schools 2022.,Beka bionsi biria biganeiries ase chinyomba chiogosomera 2022.
280,Education,PSA,Event includes civic talks and games,Ogocha amo nechinkwana igoro yobogesaku  nechogosori.
281,Education,PSA,Every child learns! Support refugee students in schools.,Kera omwana ngosoma are! Konya abana ba baria batamire chisegi korwa sobo gosoa chisukuru.
286,Education,PSA,Expand junior secondary 2022.,Kinia esekenderi yainse 2022.
287,Education,PSA,Expand minds! Stock school libraries with diverse books.,Igora ebirengererio! Ichoria chinyomba chigosomera ebitabu ao ao.
288,Education,PSA,Expand online courses 2024.,garei chikoso chiegeintanenti 2024.
289,Education,PSA,Expand pre-primary education 2022.,Garei chisemi chiamasomo yoboroso 2022.
290,Education,PSA,Expand TVET centers 2024.,Garei cisenta chiamasomo yobobundi nechisemi chiokwegendereria (TVET) 2024.
291,Education,PSA,Expansion of special needs classrooms in 300 public schools.,Okogarei ebuirasi biabana baria noboremaru ao ao ase chisukuru 300 chieserikari.
292,Education,PSA,Experiment and learn! Equip schools with science laboratories.,Tema gokora nakomanya! Ikerania ayaganeiries ase chinyomba chiobosansi chisukuru.
293,Education,PSA,Features civil liberties history in Kenya,Gekworokia oboroso bwobosibore na oboronge bwa kera omonto aiga Kenya
295,Education,PSA,Features stories on county spending,Gekworokia emegano buna ense egotumia chibesa
296,Education,PSA,Feed kids! Support meal programs in drought zones.,Rageria abana! Sira emeroberio yendagera ase chingongo chinyomo.
297,Education,PSA,Feed students! Provide meals in drought-affected schools.,Rageria abana! Karue endagera ase chisukuru  chiria  chire ase chingongo chinyomo.
298,Education,PSA,Feeling stressed? Call 1195 for free mental health support.,Noigwete gochndeka kebirengererio? Aka esimi 1195 konyora obokonyi bwebirengererio.
299,Education,PSA,Fight corruption! Teach students to report graft in education.,Rwania obokurumi! Somia abana buna bakorwa amangana yobokurumi ime yechisemi.
302,Education,PSA,Fix the future! Join automotive repair courses.,Agacha obogima bwa motwe! Soa chikosi chiokorosia chirori.
307,Education,PSA,Focus on grassroots advocacy techniques,Renga chinchera ogokora oboegereri bwao ng'a nkorwanerera bore abanto ba inse.
308,Education,PSA,Focus on relatable civic issues,Renga nga oboegereri bwao nkomoreka bore amangana arengete obogesaku.
309,Education,PSA,Focus on rights-based storytelling,Renga nga gokorwa emegano ase oboegereri bwao ngokora ore ayio goetera chinchera chincheire chikemwanyabanto.
310,Education,PSA,Focus on youth registration and duties,Renga korora ng'a abasae berikire chikura nayabarengete bakore.
312,Education,PSA,Form 4 leavers: Register as voters before Dec 31 or lose your 2027 vote!,Bari bakorire esekenderi ekerasi gia 4: Erike buna abaaki chikura vnyuma yechitariki 31 chiomotienyi 12 gose mosirie ribaga riogoaka chikura omwaka 2027!
314,Education,PSA,Form One selection 2025: 1.4 million students placed in secondary schools.,Ogochorwa kwabana bagosoa esekenderi ekerasi gia  1 omwaka 2025: Abana chimirioni 1.4 bachorirwe gosoa chisukuru chisekenderi.
318,Education,PSA,Free adult literacy classes resume in all constituencies starting January 2025.,Ogosoma kwabanto abanene kwairanire ase chingongo chiobobunge chionsi gochakera omotienyi omotang'ani 2025.
321,Education,PSA,Free bus + hostel + meals for all TVET students reporting January!,Erori yokobogoria bosa + enyomba yokorara+ nechindagera ase abana baria bagosomera obundi nechisemi chiokwegendereria (TVET)bagosoa omotienyi omotang'ani!
331,Education,PSA,Free digital textbooks now available on KICD portal for all subjects.,Ebitabu biogosoma bia bosa bono mbireo ase einisititute eria enene ya Kenya etenerete ebi abana bagosoma chisukuru (KICD) ase abana binsi.
336,Education,PSA,Free hairdressing and beauty therapy courses for youth.,Chikosi chiogosomera ogosuka chituki nobwetereri chiansire ase abasae
340,Education,PSA,Free laptops & toolkits for all 2025 TVET engineering graduates.,Chikombiuta chinke chiakoboko chibekire emeroberio yonsi yogosomera ase abana bonsi bechisukuru chiobobundi nechisemi chiokwegendereria (TVET) omwaka 2025 ase abainchinia bari bakorire amasomo abo.
349,Education,PSA,Free plumbing and electrical courses offered in 50 TVET institutions.,Chikoso chiamasomo igoro yokobwata amache goetera emetaro nesitima nkorwegwa chire ase chikolege 50 chiobobundi amo nechiosemi chiokwegendereria (TVET).
352,Education,PSA,Free revision materials uploaded for KCPE and KCSE candidates.,Amasakara amasomo abosa yamatemwa aetete a'KCPE and KCSE abekirwe eintaneti  ase abana baria bagochia gokora amatemwa.
356,Education,PSA,"Free school bus service for 500,000 rural learners starts January!","Chiroti chia bosa ase abana baria bagoma ime yechinsinyo chiense 500,000 ngochaka ore omotienyi omotang'ani!"
359,Education,PSA,"Free startup capital Ksh 200,000 for top 1,000 TVET graduates!","Chibesa chiogochaka ebiasara chieiringi 200,000 ase abana baria bakorire buya korwa chisukuru chiobobundi nechisemi chiokwegendereria (TVET) ase abana 1,000  bakorire amasomo ayio!"
360,Education,PSA,"Free startup toolkits worth Ksh 150,000 for all 2025 TVET graduates!","Omoroberio bwogochakia obosa bwechieiringi 150,000 ase abana bonsi omwaka 2025 ase abana baria bakorire amasomo obobundi nechisemi chikwegendereria (TVET) bakorire amsomo ayio!"
361,Education,PSA,"Free toolkits worth Ksh 100,000 for all 2025 TVET graduates in technical courses.","Omoroberio bwogochakia obosa bwechieiringi  100,000 ase abana bonsi omwaka 2025 ase abana baria bonsi bakorire amosomo (TVET)."
369,Education,PSA,Fund arts festivals 2022.,Karwe chibesa! Sira chigosori chiegetamaduni 2022
370,Education,PSA,Fund education! Support nomadic schools for pastoralists.,Sira chisemi! Konya chisukuru chiabatugi bari bakong'anyang'anya.
371,Education,PSA,Fund inclusion! Support bursaries for students with special needs.,Karwe chibesa ase abana bonsi na mono baria bare noboremaru ao ao! Karwe chibesa ase okogania kwa abana baria bare noboremaru ao ao.
372,Education,PSA,Fund lab equipment 2023.,karwe chibesa gokonya kogora ebinto biechinyomba chiobosayansi 2023.
373,Education,PSA,Fund programs! Support mental health in schools.,"Karwe chibesa ase emeroberio! Sira chisemi chiogokonya nakobwenia ebirengererio biobongo, okweiranana, na gokonya koagacha oboamate na  nabande esukuru."
374,Education,PSA,Fund research in universities 2023.,Kae chiyunifasiti chibesa gochisira korigia na konyora chisemi chinyia 2023.
375,Education,PSA,Fund schools! Ensure timely capitation for stability.,Kae chisukuru chibesa! Rora ng'a chibesa chiria eserikari ekorwa ase kera omwana chiakeranire gokonya emeroberio yesukuru.
376,Education,PSA,Fund schools! Support education for refugee children.,Karwe chibesa gosira chisukuru! Sira chisemi ase abana ba baria batamire chisegi korwa sobo.
377,Education,PSA,Fund SNE programs 2023.,Sira emeroberio yechisemi ase abana baria bare noboremaru ao ao (SNE) 2023.
378,Education,PSA,Fund university scholarships 2023.,Sira omoroberio bwokorwa chisebesa gokonya abana betunifasiti 2023.
381,Education,PSA,"Gender-based violence reporting desks established in 1,000 schools.","Ensemo yokomanyia igoro yogochegigwa (GBV) chiabekirwe ime yechisukuru 1,000."
382,Education,PSA,Get involved! Join school clubs to learn about governance.,Bwaterana! Soa ase ebiombe biesukuru igoro biobogambi.
383,Education,PSA,Get to school! Apply for transport subsidies for remote students.,Ika esukuru! Karwe ogosaba kwao buna oria okorwa ensinyo ytorogongo okeerigwe rigori riokorina egari.
384,Education,PSA,Give back! Join community service programs in schools.,karwe gento geke! Kabe oyomo bakobwaterana ase emeremo yekenyoro ase chisukuru.
385,Education,PSA,Go digital! Equip schools with computers and internet.,Nganya gocia egedichitari! Ichoria chikombiuta chisukuru amo neintaneti.
406,Education,PSA,Grade 6 must register for KPSEA by February 28.,Abana bageredi 6 goika berike ase okorengwa na KPSEA nyuma yechitariki 28 chiomotienyi 2
407,Education,PSA,Grade 6 register for KPSEA by Feb 28.,Abana bageredi gia 6 kwerika ase okorengwa na  KPSEA nyuma yechitariki 28 chiotienyi 2.
408,Education,PSA,Grade 6 transition after KPSEA results in December.,Grade 6 transition after KPSEA results in December.
409,Education,PSA,Grade 6 transition after KPSEA results.,Ogotamboka kwa abana bageredi 6 ekero bakorire nakonyora amaireranerio yamatemwa abo.
410,Education,PSA,Grade 7 & Form 1 reporting: Bring ONLY birth certificate + admission letter. No shopping lists allowed!,Abana bageredi 7 na esekenderi fomu 1 gosoa cchisukuru: Bogoria Esatifiketi yokoiborwa YOKA nerirube riokorangerigwa. Gotebigwa nga ogore eke na keria TiKOIYO!
414,Education,PSA,Grade 9 learners transition after KJSEA results in December.,Okwamboka kwa abana bageredi 9 nyuma bakorire na konyora amairanerio yamatemwa abo a'KJSEA omotienyi 12.
415,Education,PSA,Graduation at Machakos University with 2039 graduates.,Ogokra na gosoka kwaabana 2039 beyunifasiti ya Machakos.
416,Education,PSA,Graduation at South Eastern Kenya University.,Ogokora na gosoka kwa abana aria South Eastern Kenya University.
417,Education,PSA,Grow skills! Equip schools with agricultural training labs.,Kinia ochusi! Agacha chinyomba chiobosayansi bwoboremi  chisukuru.
418,Education,PSA,Grow your business! Join agribusiness vocational courses.,Kinia oboonchoreria bwao! Soa chikorechi chia inse chiria chogosomia chikosi chioboremi.
420,Education,PSA,Half-time used for civic talks,Obogati-gti bwechinsa gokwanerana amangana obogesaku
421,Education,PSA,Have a voice! Join school boards to influence policies.,Kabe beriosa! Soa chikomiti chiesukuru gosegeta amachiko.
422,Education,PSA,Heal together! Access school counselors after protests.,Bwenia amo! Ikera omosemia bwesukuru ekero okobwatekana gwokwanga (amaandamano) abeire.
423,Education,PSA,"HELB TVET loans application closes March 15, 2025.",Ogosaba chibesa chiria chieroni yeyunifasiti nechisukuru chiobobundi (HELB TVET) ngosieka kore chityariki 15 omotienyi 3 omwaka 2025.
424,Education,PSA,Help students! Pay fees to support school operations.,Konya abana! Akana esukuru fisi gokonya obokoreri bwesukuru.
425,Education,PSA,"Here is President William Ruto's full speech during the Jamhuri Day Celebrations on Monday, December 12, 2022. We come together on this 59th Jamhuri Day to celebrate our freedom. It is the first natio...","Eye nero enkwana engima yomoraisi Wiliam Ruto chingaki chiogochengera rituko ria Jamhuri etichi rimo, chitriki 12 chiomwaka 2022. Noigo twachire amo rituko eri yemiaka 59 ya Jamhuri gochengera obosibore bwaito. Eri nerituko rinene..."
427,Education,PSA,Honor academic excellence 2025.,Karwe ebiegwa rituko riogochengera chisemi 2025.
428,Education,PSA,Honor community educators 2025.,Basike abarimu bebinyoro 2025.
429,Education,PSA,Honor innovators 2025.,basike abwo kakoreta obamanyi oboyia  2025.
430,Education,PSA,Honor outstanding teachers 2025.,basike abarimu bagosomia buya 2025.
450,Education,PSA,"IEBC to visit 1,000 secondary schools for mass voter registration this month.","Ekeombe keria ekenene getenererete chikura (IEBC) ngetarere chisekenderi 1,000 korikia abange buna abaaki chikura omotienyi oyo."
458,Education,PSA,"Implement policies! Schools, prevent gender-based violence.","Korera emeremo acmachiko! Chisukuru, tanga obochege igoro yomonyaroka gose omomura ase esukuru."
459,Education,PSA,"Implement protocols! Schools, address unrest safely.","Ikerania emeroberio! Chisukuru, Kwanera ingana rinde riosnsi rikorenta okwemurungania riragere omorembe na oborendi gosareka."
462,Education,PSA,Include all! Provide laptops for rural students.,Renta amo bonsi! Kae abana barisabu chikombiuta chiakoboko.
463,Education,PSA,Include all! Provide ramps and resources for disabled students.,Include all! Provide ramps and resources for disabled students.
464,Education,PSA,Include deaf students! Provide sign language training.,Include deaf students! Provide sign language training.
465,Education,PSA,Include everyone! Ensure schools accommodate students with disabilities.,Renta kerta oyomo! Rora ng'a chisukuru nkorwa chire ribaga ase abana bare noboremaru.
468,Education,PSA,Inclusion of learners with disabilities in CBC assessment framework.,Burukania abana bare noboremaru nabana bande ase chisemi chiria chirengete okwenyara kwomwana nechisemi chiokwegendereria (CBC) ase omoroberio bwokobarenga.
473,Education,PSA,Inspect dorms! Ensure fire safety compliance in schools.,Rora nga chinyomba chiabana bakorara mbuya chire! Ikerania amachiko gotanga ogwateka kwemerero ase chisukuru.
474,Education,PSA,Inspect school buses 2020.,Rora nga chirori chiesukuru mbuya nchiikeranetie ebinto bionsi biepara nobobogoria 2020.
475,Education,PSA,Install CCTV in schools 2020.,Beka chikamera chiria chikobwata ayagendererete (CCTV) ase esukuru  2020.
476,Education,PSA,Install solar power in remote schools 2020.,Beka ebinto biria bikobwata chinguru chierisase korenta oborabu (solar) chisukuru chionsi chia risabu 2020.
477,Education,PSA,Integrate AI education 2024.,Burukania ebikoreri biria biechisemi pandia ase ogosoma 2024.
478,Education,PSA,Integrate all! Support refugee students in local schools.,Renta amo bionsi! Konya abana ba baria batamire chisegi korwa chinsobo gosoa chisukuru.
479,Education,PSA,Integrate digital literacy in curriculum 2025.,Renta amo chisemi chigedichitari ase omoroberio bwamasomo 2025.
480,Education,PSA,Integrate entrepreneurship 2023.,Renta amo amasomo onsi 2023.
481,Education,PSA,Integrate music education 2022.,Renta amo chisemi chiechingero 2022.
482,Education,PSA,Integrate values education 2022.,"Renta amo chingencho chiobuya, obwegenwa na obokoreri obuya ase chisemi 2022."
485,Education,PSA,"Intern teachers salary rises to Ksh 55,000 + medical cover from Jan!","Omosaara bwabarimu baria bakwegera gosomia sokinire goika chisiringi 55,000 amo nobobwenia gochakera omotienyi omotangani!"
489,Education,PSA,Join community schools! Affordable education for low-income families.,Soa chisukuru chia inka! Echio chitabwati oboroto bwechibesa ase baria bare nokonyora gwa inse.
492,Education,PSA,Keep learning! Enroll in nomadic schools for pastoralists.,Genderera gosoma! Erike gosoa chisukuru abana babatugi bakong'anyang'anya.
493,Education,PSA,Keep learning! Enroll in schools despite drought challenges.,Genderera gosoma! Soa chisukuru nonya obokongu bweguragura boreo.
494,Education,PSA,"Keep schools open! Parents, pay fees promptly.","Igoro chisukuru! Abaibori, akana esukuru fisi motachi gochererwa."
536,Education,PSA,KICD urges schools to embrace e-learning platforms to ensure continuity of learning during unforeseen emergencies.,Ekeombe keria getenerete buna amasomo akorosigwa (KICD)  yaboririe chisukuru kobwata omoroberio bwamasomo goetera eintaneti goikerania kogendera gosoma kwa abana ekero emebasekano ao ao egocha.
568,Education,PSA,KNEC to conduct training for teachers on new e-assessment tools for continuous assessment.,Ekeombe keria ekenene getenerete amatemwa KNEC ngesomia abarimu igoro yokorengwa kwa abana okoyia nakogenderera.
569,Education,PSA,Know the signs! Train students on landslide evacuation plans.,Manya ebiorokererio! Egeria abana igoro yokwanyoka kweriroba na buna babwenerete kwerenda.
570,Education,PSA,Know your flood routes! Practice school evacuation drills for safety.,Manya ase emegoko ekwerwera! Tema komanyia abana chinhera chiokwerenda na komonchoria ekero kiobokong'u.
571,Education,PSA,Know your rights! Learn about the Kenyan Constitution in school.,manya oboronge bwao. Soma komanya eki richiko riense rigotema ase chisukuru.
591,Education,PSA,KUCCPS opened its portal for 2015 KCSE candidates to apply for TVET diploma and certificate courses with a deadline of May 31 2016.,Ekeombe keria ekenene getenerete korangeria abana gochia eyunifasiti KUCCPS kiaigoire emeroberio yaye yeintanetui gokonya abana baria bakorire amasomo esekenderi KCSE gotoma ogosaba kwabo ase omwaka 2015  gosoa TVET gosomera edipuloma nyuma yechitariki 31 chiomotieny 5 omwaka 2016.
592,Education,PSA,KUCCPS opened its portal for 2018 KCSE candidates and past candidates from 2000 to 2018 to apply for TVET courses closing April 30 2019.,Ekeombe keria ekenene getenerete korangeria abana gochia eyunifasiti KUCCPS kiaigoire enyongo yaye portal ase omwaka 2018 ase abana baria bakorire amasomo esekenderi KCSE na abwo magega korwa omwaka 2000 to 2018 gotoma ogosaba kwabo gosoa chikoso chia TVET nyuma yechitariki 30 chiomotienyi 4 omwaka 2019.
593,Education,PSA,KUCCPS opened its portal for 2019 KCSE candidates to apply for TVET diploma and certificate courses with a deadline of April 30 2020.,Ekeombe keria ekenene getenerete korangeria abana gochia eyunifasiti KUCCPS kiaigoire emeroberio yaye yeintanetui gokonya abana besekenderi KCSE gotoma ogosaba kwabo gosoa TVET gosomera ekosi yedipuloma amo nechisatificate chia inse nyuma yechitariki 30 chiomotienyi 4 omwaka 2020.
594,Education,PSA,KUCCPS opened its portal for 2020 KCSE candidates to apply for TVET diploma and certificate courses with a deadline of April 30 2021.,Ekeombe keria ekenene getenerete korangeria abana gochia eyunifasiti KUCCPS kiaigoire emeroberio yaye yeintanetui gokonya abana besekenderi KCSE gotoma ogosaba kwabo gosoa TVET gosomera edipuloma namasomo ande nyuma yechitariki 30 chiomotienyi 4 omwaka 2021.
595,Education,PSA,KUCCPS opened its portal for 2023 KCSE candidates to apply for Teacher Training College diploma programs with a deadline of April 21 2024.,Ekeombe keria ekenene getenerete korangeria abana gochia eyunifasiti KUCCPS kiaigoire emeroberio yaye yeintanetui gokonya abana besekenderi KCSE gosaba amabaga yogosoa omwaka 2023  ase abana bakorire chisekenderi gotoma amasabo abo gosoa chikorechi chiabarimu bobundi ekosi ya dipuloma nyuma yechitariki 21 chiomotienyi 4 omwaka 2024.
596,Education,PSA,KUCCPS opened its portal for 2024 KCSE candidates to apply for Teacher Training College diploma programs with a deadline of April 21 2025.,Ekeombe keria ekenene getenerete korangeria abana gochia eyunifasiti KUCCPS kiaigoire emeroberio yaye yeintanetui gokonya abana gosaba amabaga yogosoa omwaka 2024 ase abana besekenderi KCSE gotoma ogosaba kwabo gosoa chikorechi chiabarimu chiobundi  gosomera edipuloma nyuma yecghitariki 21 chiomotienyi 4 omwaka 2025.
613,Education,PSA,Launch innovation challenges 2022.,Chaka omoroberio bwogosegeta korigia obongaini oboyia gose korosia ebinto ebiyia 2022.
614,Education,PSA,Launch mentorship programs 2024.,Chaka emeroberio yogokinia abande kemasomo na kebobundi 2024.
617,Education,PSA,Launch podcast lessons 2021.,Ogochaka kwa amasomo goetera amatangaso 2021.
618,Education,PSA,Launch reading campaigns 2022.,Ogochaka kwamasomo yokoamererania erio gokinia chisemi 2022.
620,Education,PSA,Lawmakers warned of underpreparedness for Grade 9 rollout.,Abarosia amachiko batogonyeirwe ase okonyorwa gochakia amasomo ase abana bageredi 9.
621,Education,PSA,Lead the way! Participate in school leadership elections.,Kabe motwe! Kabe oyomo ase okorigia gochorwa buna omorai bwesukuru.
622,Education,PSA,Learn anywhere! Join mobile schools for pastoralist children.,Somera ande onsi! Soa ase chisukuru chiabaibori abatugi baria bakong'anyang'anya.
623,Education,PSA,Learn at any age! Join adult literacy classes in your county.,Soma nonya kore kore bwemiaka ende onsi! Soa ekerasi giechisemi chiabanto abanene abwo ase ekaonti yao.
624,Education,PSA,Learn comfortably! Provide desks and chairs for students.,Soma mochando otaiyo! Karwe ebirogo nebimesa ase abana.
625,Education,PSA,Learn equally! Provide braille and aids for disabled students.,"Soma kereng'anano! Karwe ebitabu biria abana batari korora, koigwa na borema bonde bwonsi kobakonya gosoma."
626,Education,PSA,Learn ethics! Include anti-corruption in school curricula.,Soma igoro yobokoreri! Bwatania namasomo igoro yokorwania obokorekanu.
627,Education,PSA,Learn farming! Enroll in agricultural vocational courses.,Soma iogoro yoboremi! Soa ase ekosi yoboremi.
628,Education,PSA,Learn farming! Include agricultural education in schools.,Somera oboremi! Bwatania amasomo oboremi ase chisukuru.
629,Education,PSA,Learn on the job! Join apprenticeship programs in industries.,Somera emeremo yao! Soa amasomo yebiasara ao ao ase chifactori.
630,Education,PSA,Learners sitting for Kenya Primary School Education Assessment (KPSEA) and Kenya Junior School Education Assessment (KJSEA) will now be required to shade their answers using Optical Mark Recognition (OMR) sheets,Abana baria bagochia gokora amatemwa na korengwa echikuru chiboroso (KPSEA) nabana bechisekenderi chia inse (KJSEA) bono mbagaberigwe kongororia amachibu yamatemwa abo ase risakara riria riamatemwa.
631,Education,PSA,Listeners win airtime by answering civic questions,Abategereri eredio baranyare koiraneria amaborio igoro yobogesaku mbaegwe ribaga goaka chisimi chiabo bosa koiraneria amaborio.
632,Education,PSA,Literacy platform expands into Kenyan public schools.,Amasomo gokonya gosoma ebitabu agareigwe goika chisukuru chionsi chieserikari.
640,Education,PSA,Maintain hygiene standards in schools 2024.,Ikerania ebirengo biobochenu ase chisukuru 2024.
641,Education,PSA,Maintain playgrounds safely 2021.,Ikerania amchiko ase chiogosori 2021.
642,Education,PSA,Maintain school infrastructure 2023.,Renda oboikeranu bwamaagacho yesukuru 2023.
643,Education,PSA,Make schools accessible! Install ramps for disabled students.,Rora ng'a abana bonsi (abaremaru gose bare nokongu ao ao) mbare neribaga gosoa esukuru! Karwe ebinto biria bigonya bari batari konyara gotenenena na kogenda.
740,Education,PSA,Modernize learning! Install smart boards in classrooms.,Kora ogosoma okoyia! Ibeka ebinto biria biokoererania chinkwana gati yabarimu nabana ase eborore biebirasi ime.
741,Education,PSA,Monitor air quality in schools 2024.,Bwatia komanya nga embeo nengiya esuchuku 2024.
742,Education,PSA,Monitor cyberbullying 2023.,Bwatia komanya gose abana ngocheganuia bare goetera eintaneti 2023.
743,Education,PSA,Monitor dropout rates quarterly 2020.,Bwatia komanya ekerengo abana bakogwa amatemwa nyuma yemetienyi 3 omwaka 2020.
744,Education,PSA,Monitor exam integrity 2023.,Bwatia komanya oboikeranu bwatemwa omwaka 2023.
745,Education,PSA,Monitor learning outcomes 2025.,Bwatia komanya amatokeo yamasomo abana 2025.
746,Education,PSA,Monitor nutrition in school feeding programs 2020.,Bwatia komanya gose omoroberio bwendagera abana bakoria esukuru ng'a nebwenerate 2020.
747,Education,PSA,Monitor nutrition programs 2024.,Bwatia komanya gose emeroberio bwendagera nobwenerete omwaka 2024.
748,Education,PSA,Monitor student attendance post-COVID 2021.,Bwatia komanya buna abana bagocha esukuru nyuma yendwari yenya'maa - KORONA omwaka 2021.
749,Education,PSA,Monitor teacher absenteeism 2023.,Bwatia komanya buna abarimu batari goika esukuru gosomia 2023.
750,Education,PSA,More teachers! Support hiring in underserved regions.,Abarimu abange! Sira omoroberio bwogomboa abarimi chingongo chiria chitari goikereka kebwororo gose konyora obokoreri bweserikari buna ebwenerete.
751,Education,PSA,Motivate teachers! Offer bonuses for rural school postings.,Kae abarimi omoyo! Karwe chinyomba chiokomenya ase abarimu baria bagotomwa gochia chisukuru chia risabu.
752,Education,PSA,Multi-agency team monitors school safety during KCSE exams.,Etimu ya yechiminisitiri amo nebiombe binde nkorigereria bare igoro yoborendi bwechisukuru ekero chogokora amatemwa esekenderi (KCSE).
788,Education,PSA,No arson in schools! Keep flammables away from dorms.,Sukuru tichisambwa! Beka omorero are korwa nechinyomba chiokorara.
789,Education,PSA,No changes to KCSE 2025 timetable after October 1.,Omoroberio buna amatemwa agochia gokorwa KCSE 2025 togootoranwa nyuma yetariki 1 omotienyi  10.
790,Education,PSA,No child left behind: 100% transition from primary to secondary enforced nationwide.,Mwana taro oratigare magega: 1Emia ase emia (00%) goika bamboke korwa chisukuru chioboroso gochia  chisekenderi  obekirwe chinguru onsi Kenya.
792,Education,PSA,No delay in school reopening 2025 due to floods.,Konyorwa tikobao ase okoigora chisukuru 2025 ase engencho yetoigo.
793,Education,PSA,"No entry without uniform and ID from January 6, 2025.","Gosoa tikoiyo onye tobwati eyunifomu nekebande korwa chitariki 6 chiomotienyi 1, omwaka 2025."
798,Education,PSA,No violence! Report student issues to school management.,No violence! Report student issues to school management.
799,Education,PSA,No visits to secondary schools during third term as per circular.,No visits to secondary schools during third term as per circular.
803,Education,PSA,OMR answer sheets for KPSEA 2025 now use circles instead of lines.,Etekinorochi yokomaki amatemwa ase okororera ritemwa rimakirie (OMR) ase okorenga amatemwa yeschisukuru chioboroso  (KPSEA) 2025 bono ata enoti na tari buna yarenge yokongororia.
804,Education,PSA,On May 5 2015 KUCCPS opened its portal for 2014 KCSE candidates to apply for TVET diploma and certificate courses with a deadline of June 15 2015.,"Chitariki isano omotienyi 5 omwaka 2015 ekeombe keria getenenerete kegochora abana gochia chiyunifasiti nechikoregi (KUCCPS) nkiaigorete eintaneti yaye ase abana besekenderi  baria bokorete amatemwa a KCSE omwaka 2014 batome ogosaba kwabo ase chikosi chiobundi, nechisemi chiokwegendereria (TVET) ase ekosi yechipuloma naboigo yechisatifiketi nyuma yechitariki 15 chiomotieni 6 omwaka 2015."
810,Education,PSA,Open doors! Integrate refugee students into national schools.,Igora emerangu! Anchera abana ba baria batamire chisegi korwa sobo ase chisuluru chinene .
811,Education,PSA,Open schools! Enroll refugee children in education.,Igora chisukuru!  Anchera abana ba baria batamire chisegi korwa sobo ase chisemi.
812,Education,PSA,Organize career guidance days 2021.,Kabe nomoroberio bwerituko riokorwa ogosemia igoro yebinto abana bagochia gosomera 2021.
813,Education,PSA,Organize debate clubs 2020.,Roberia koba nebiombe biokoenena obosemia 2020.
814,Education,PSA,Organize exchange programs 2020.,Roberia koira abana chisukuru chinde koumerana na korora buna bagosoma 2020.
815,Education,PSA,Organize science fairs annually 2022.,Roberia koba nechingaki abana bagocha amo kworokania ebi bamany ire ebiyia ase obosayansi bwabo kera omwaka 2022.
830,Education,PSA,"Parents must register Grade 6 learners for KPSEA by February 28, 2025.",Abaibori goika barike abana babo bageredi 6 ase amaosomo yenasari KPSEA nyuma yechitariki  28 chiomotienyi 2 omwaka 2025.
831,Education,PSA,Parents urged to enroll all children in free primary education before January 2025 deadline.,Abaibori basororirwe korika abana babo gosoa amasomo a bosa yechisukuru chioboro nyuma ya yomotienyi 1 omwaka 2025.
832,Education,PSA,"Parents, be alert! Report terror risks near schools.","Abaibori, bake maiso! Manyia abagambi igoro ya ingana rinde rionsi riranyare koreta obobe."
833,Education,PSA,"Parents, engage! Attend school meetings to support education access.","Abaibori, kwanerana! Ikerana emesangerekano yesukuru gokonya bonsi konyora amasomo."
834,Education,PSA,"Parents, stay cautious! Monitor children to prevent abductions.","Abaibori, tigara maiso! Bwatia orogendo rwabana baino gokonya tibatabogorigwa gose koibwa."
835,Education,PSA,"Parents, stay vigilant! Protect children from banditry risks.","Abaibori, moreka amaiso! Renda abana baino mbesoi oboibi bwechiombe."
843,Education,PSA,Pipe up! Enroll in plumbing vocational courses.,Bwatania  chipaepu! Erike ase ase ekosi yokobeka amache omoferechi.
844,Education,PSA,Plan ahead! Develop landslide evacuation plans for schools.,Tanganera kobanga! Rosia omoroberio buna arakonye baria baranyorwe nokwanyeka kweriroba.
845,Education,PSA,Plan for safety! Develop school lockdown plans for terror threats.,Roberia igoro yogotanga emechando! Roberia buna orasieka esukuru gotanga terror threats.
846,Education,PSA,Power up! Join vocational courses in renewable energy.,Ebeke chinguru! Soa ekosi yokobeka chisola.
847,Education,PSA,Prepare for fees! Support schools by paying fees on time despite funding delays.,Eariganie ase bosa! Sira chisukuru ase ogoakana esukuru fisi nonya chibesa chiria esukuru ekoegwa neserikari chiachererirwe.
848,Education,PSA,Prepare for KPSEA assessments Grade 6.,Eariganie ase okorengwa kwa'matemwa KPSEA ase abana begeredi 6.
849,Education,PSA,Prevent exam leakage 2020.,Tanga oboibi bwa amatemwa omwaka  2020.
850,Education,PSA,Prevent sexual harassment 2020.,Tanga gokorera bobe abande gose chingencho chimbe 2020.
851,Education,PSA,Prevent substance abuse in schools 2025.,Tanga ogotumeka bobe kwa amariogo gose amarwa  chisukuru omwaka 2025.
852,Education,PSA,Priority for bursary to needy students.,Ribaga riabeene ase abana baria bare nokogania kwabeene.
853,Education,PSA,Priority for bursary to needy TVET students.,Ribaga riabeene ase abana baria bare nokogania kwabeene ase ogosoa  chisukuru chiobobundi nechisemi chiokwegenedereria (TVET ).
854,Education,PSA,Priority for TVET bursary given to needy students.,Ribaga riabeene ase abana baria bare TVET bursary given to needy students.
855,Education,PSA,Process for profit! Learn food processing in TVET programs.,Omoroberio bwokorosia efaida! Soma omoroberio buma chindagera chigoonhorerigwa TVET.
856,Education,PSA,Project builds English-to-KSL dataset for deaf learners using AI.,Eprochekiti yaonchoire Egesongo gochia KSL dataset ase abana emetino ase ebiorokererion ao ao goetera akiri ya pandia AI.
857,Education,PSA,Project documents education struggles and hopes for rural girls.,Epurochekiti yarikire buna chisemi chitemete na ogokagera kwabana abanyaroka.
858,Education,PSA,Project helps Nairobi schools access teacher training and learning tools.,Epurochekiti yakonyire chisukuru chia Nairobi goikera chikorechi chiabarimu nebinto biogosomera.
859,Education,PSA,Promote arts education 2024.,Segeta chisemi igoro yobokemwanyabanto omwaka 2024.
860,Education,PSA,Promote coding clubs 2024.,Segeta ebiombe bia'masomo ekombiuta 2024.
861,Education,PSA,Promote cultural education 2020.,Segeta chisemi igoro yechingencho chiabanto cmwwaka 2020.
862,Education,PSA,Promote entrepreneurship education 2024.,Segeta chisemi chioborosia ebinto omwaka 2024.
863,Education,PSA,Promote environmental education in curriculum.,Segeta chisemi chiokorenda ebitoetanaine ase omoroberio bwamasomo.
864,Education,PSA,Promote equality! Ensure equal access for boys and girls.,Segeta oborenganu! Ikerania oboreng'ananu gati yomwana omomura nomoiseke.
865,Education,PSA,Promote gender parity 2023.,Segeta oboikeranu ase bonsi omwaka 2023.
866,Education,PSA,Promote green schools 2024.,Segeta chisukuru gosomia abana igoro yokorenda amasingira na gosimeka amete 2024.
867,Education,PSA,Promote health education 2021.,Segeta chisemi chiobonyagitari omwaka 2021.
868,Education,PSA,Promote lifelong learning 2025.,Segeta amaoso amatuko onsi omwaka 2025.
869,Education,PSA,Promote peace education in conflict areas 2025.,Segeta chisemi igoro yomorembe aria ase chisegi chigendererete omwaka 2025.
870,Education,PSA,Promote peace! Join school peace clubs in conflict zones.,Segeta omorembe! Soa ebiombe biomorembe chisukuru chiria chire ase chingongo chiesegi.
871,Education,PSA,Promote peace! Use school forums to resolve student conflicts.,Segeta omorembe! Etera emeroberio yechisukuru koumeranana gokwanera ogotaigwanana gati yabana.
872,Education,PSA,Promote research collaborations 2025.,Segeta amasomo yokorigia chisemi chinyia ase okobwaterana romwaka 2025.
873,Education,PSA,Promote safe cycling to school 2024.,Segeta oborudia chinyange okuya gochia chisukuru mwaka 2024.
874,Education,PSA,Promote volunteer teaching 2024.,Segeta okwerwa ase ogosomia omwaka 2024.
875,Education,PSA,Promote volunteerism 2025.,Segeta okwerwa omwaka 2025.
876,Education,PSA,Protect girls! Include FGM prevention in school programs.,Renda abana abanyaroka! Batwania gokora ogokebwa kwabana abanyaroka (FGM) ase emeroberio yechisukuru.
877,Education,PSA,"Protect girls! Schools, prevent FGM risks.","enda abana abayaroka! Chisukuru, Konya gokora omochando bwogokeba kwabana abanyaroka (FGM)."
878,Education,PSA,Protect kids! Report abuse or trafficking to 116.,enda abana ! Manyia abambi ogokorerwa bobe gose koibwa kwa abana goetera 116.
879,Education,PSA,Protect our children! Report trafficking risks to 116.,Renda abana baito! Manyia aria aranyare koreta obobe goetera 116.
880,Education,PSA,Protect our planet! Join school environmental clubs.,Renda ense yaito! Soa ebiombe biamasingira esukuru.
881,Education,PSA,"Protect schools! Communities, guard against banditry.","Renda chisuku! Ebinyoro, tanga oboibi bwechiombe. "
882,Education,PSA,Protect students! Create GBV-free school environments.,Renda abana besukuru! Riosia ebiombe bigokana gokorerwa bobe ekiagera eki ore (GBV) ase chisukuru.
883,Education,PSA,Provide access! Supply braille digital tools for students.,baikere b! Supply braille digital tools for students.
884,Education,PSA,Provide aids! Supply sign language tools for deaf students.,Karwe ebinto biria bigokonya abana abaremaru! Karwe  bikworokereria chisaini ase abana emeuko.
885,Education,PSA,Provide assistive devices 2020.,Karwe ebinto biria bigosira gose gokonya abana baremaru  gotenena na gotara omwaka 2020.
886,Education,PSA,Provide first aid kits 2020.,Provide first aid kits 2020.
887,Education,PSA,Provide internet in schools 2024.,Provide internet in schools 2024.
888,Education,PSA,Provide mobility! Supply wheelchairs for disabled students.,Karwe okwenyara! Karwe chinyange chikogendera ase ababa abaremaru.
889,Education,PSA,Provide resources! Fund mental health programs in schools.,Karwe ebigabeirie! Karwe chibesa gokonya emeroberio yobosemia bwebirengererio chisukuru .
890,Education,PSA,Provide scholarships for orphans 2021.,Karwe chibesa chiogokonya abana chintakana omwaka 2021.
891,Education,PSA,Provide scholarships for sports 2020.,Karwe chibesa chiogonya abana gosomera chigosori fomwaka 2020.
892,Education,PSA,Provide shelters! Ensure safe spaces during floods.,Agacha chinyoma! Ensure safe spaces during floods.
894,Education,PSA,Publish annual reports 2022.,Rika eripoti ya kera omwaka  2022.
895,Education,PSA,Publish exam results promptly 2024.,Rika buna abana makorete amatemwa gotanyorwa 2024.
896,Education,PSA,Publish learning resources 2022.,Rika ebiganeirie gosomwa 2022.
897,Education,PSA,Radio Taifa CBC lessons air from 10:00 AM to 11:00 AM daily.,Eredio Taifa ngosomia ere gochakera chinsa 0 chia mambia kera rituko igoro ya CBC.
898,Education,PSA,Raise awareness! Educate on landslide risks in schools.,manyia abanto! Somia igoro yomochando yokwanyoka kweriroba ase chisukuru.
899,Education,PSA,Raise awareness! Educate students on protest safety.,manyia abanto! Somia abana buna  barakore korobererkana miochando otaiyo.
900,Education,PSA,"Raise awareness! Schools, educate on FGM prevention.","Manyia abanto! Chisukuru, somia buna ogokeba abana abanyaroka (FGM) koratangwe"
901,Education,PSA,"Raise awareness! Schools, educate on GBV prevention.","Manyia abanto! Chisukuru, somia buna ogokeba abana abanyaroka (GBV) koratangwe."
902,Education,PSA,Raise awareness! Teach abduction prevention in schools.,Manyia abanto! Somia buma okoiba abana korwa esukuru koratangwe.
903,Education,PSA,Read anywhere! Access mobile libraries in rural areas.,Somera ande onsi! Ikera chinyoma chiogosomera goetera eintaneti.
904,Education,PSA,Read to succeed! Ensure every student has textbooks.,Soma erio oikrania! Rora nga kera omwna nabwate ebitabu.
905,Education,PSA,Rebuild safely! Restore classrooms after floods.,Irorera amaagacho buya! Irania ebirasi biesukuru buna biare nyuma yetoigo.
906,Education,PSA,Recover learning! Join remedial classes after floods.,Recover learning! Join remedial classes after floods.
907,Education,PSA,Recruit qualified teachers 2023.,Rika emeremo abarimu basomete buya 2023.
908,Education,PSA,Reduce barriers! Apply for government fee subsidies for low-income families.,Rusia ebitango! Toma ogosaba kwao konyora gokonya goke korwa eserikari ase abana bakorwa chifamilia chintaka.
909,Education,PSA,Reduce class sizes 2022.,Keania abana ase ebirasi 2022.
911,Education,PSA,Register all Grade 6 for KPSEA via CBA portal by February 28.,Rika abana bonsi bageredi  6 ase KPSEA goetera eintaneti ya CBA nyuma yechitariki 28 omotienyi 2.
913,Education,PSA,Register for KCPE 2020 despite delays.,Erike gokora amatemwa KCPE omwaka 2020 nonya okonyorwa koreo.
914,Education,PSA,Register for KCSE mocks early 2025.,Erike gokora ogotemwa ogoke gwa KCSE gotanyorwa 2025.
916,Education,PSA,Repair schools! Rebuild flood-damaged infrastructure.,Rosia amaagacho esukuru aomogete! Agacha keboyia amaagacho asaretigwe nemegoko.
918,Education,PSA,Report bullying incidents immediately.,Manyia abarimu kegima igoro  ebikoro bigosaria oboamate gati ya bana.
920,Education,PSA,Report exam malpractice to KNEC hotline 0800721490 during national exams.,Manyia KNEC igoro yoboibi bwa amatemwa goetera enamba yamorero 0800721490 ekero kia amatemwa
921,Education,PSA,"Report issues! Schools, set up grievance systems.","Manyia igoro yobokong'u bonde bwonsi! Chisukuru, karwe ribaga riokomanyigwa emechando."
922,Education,PSA,Report malpractice to KNEC hotline 0800721490.,Manyia KNEC igoro yoboibi bwa amatemwa goetera 0800721490.
923,Education,PSA,Report malpractice to KNEC hotline during KCSE 2025.,Manyia KNEC igoro yoboibi bwa amatemwa goetera anamba ya morero ase amatemwa KCSE 2025.
924,Education,PSA,Report malpractice to KNEC hotline.,Manyia KNEC igoro yoboibi bwa amatemwa goetera enamba yamorero.
925,Education,PSA,Report risks! Call police or teachers to prevent abductions.,Manya na komanyia abande igoro yomochando gose okogosereria konde gwonsi gotaraba! Rangeria abasikari gose omwarimi gotnga akoibwa kwa abana.
927,Education,PSA,Residents bring questions on constitutional rights,Abamenyi renta amabori igoroyamachiko oboronge.
928,Education,PSA,Resolve conflicts peacefully! Report grievances to school boards.,Kora okominana nomorembe! Manyia amangana ogotaisaneka ase ekomiti yesukuru.
929,Education,PSA,Resolve disputes! Train students in peer mediation.,Karue amangana igoro yogotaigwanana! Egeria abana enchera yokobwatana barabwo ase barabwo.
930,Education,PSA,Rift Valley Technical Training Institute leads in competency-based TVET.,Ekorechi ya Rift Valley Technical Training Institute netang'aine ase amasomo obobundi TVET.
931,Education,PSA,Rural schools receiving tablets and connectivity to boost digital learning.,Chisukuru chia risabu chiansire konyora chikombiuta chiakoboko neintaneti gokinia amasomo egedichitari.
933,Education,PSA,Safe school reopening protocols enforced post-flooding.,Ayarengete okoigora chisukuru mochando otaiyo akabekwa chinguru naria akoregete ekero chinaki chietoigo.
934,Education,PSA,Safe school transport: All matatus ferrying students must have speed governors!,Obobogoria obuya bwabana: Matatu chionsi chikobogoria abana goika chibe negento keria kegotanga orogendo rwaigoro!
935,Education,PSA,"Safe schools! Communities, protect schools from banditry.","Sukuru chitari namochando! Ebinyoro, renda chisukuru korwa oboibi gose obokebago"
936,Education,PSA,Safety audit by Sept 30 using 2008 Manual.,Okomanya nga chisukuru mbuya chire nyuma yechitariki 30 omotienyi  9 goetera egetabu kiomwaka 2008.
937,Education,PSA,Safety guidelines for school reopening 2021.,Omoroberio omoikeranu gotanga obokongu ekero chisukuru chikoigora omwaka 2021.
938,Education,PSA,Save water! Teach students water conservation in drought-prone areas.,Gacha amache! Somia abana buna bakogacha amache chingaki chiegurargura ase chingongo chiria chinyomo.
939,Education,PSA,Say no to bribes! Report corrupt practices to EACC.,kana riaki! Mnyia ekeombe keria ekenene gekorwania obokorekanu (EACC).
940,Education,PSA,Say no to FGM! Call 116 to report risks and protect girls.,Teba yaya ase ogokebwa kwabana abanyaroka (FGM)! Aka esimi 116 komanyia ngencho ende yonsi yogokebwa na korenda abanyaroka.
941,Education,PSA,"School records full transition to high school, expands vocational training.","Esukuru yaikeranirie okwamboka gochia esekenderi ya igoro, garei chikirechi chinke"
943,Education,PSA,Schools closed for elections? Use the break to update your voter details via *222#.,Chisukuru chiasiekirwe ase engencho yobochori? Tumia ribaga eri komanya ng'a ekadi yao yogoka chikura mbuya ere getera *222#.
944,Education,PSA,Schools directed to hold mock elections to teach democratic process.,Chisukuru chiachikirwe gokora obochori bwabana kwegeria abana igoro yemeroberio yobochori eng'ikeranu.
945,Education,PSA,Schools directed to install CCTV and employ guards for security.,Chisukuru chiachikirwe kobeka ebimiongeri amang'ana  (CCTV) na korika abasikari ase oborendi.
946,Education,PSA,"Schools in Kenya will reopen from 12 October, starting with Grade 4, Class 8 and Form 4","Chisukuru Kenya nigo chiraigore gochakera chitariki 12 omotienyi 10, chigochakera abana bageredi 4, Kerasi 8 na abana besekenderi fomu 4"
948,Education,PSA,"Schools reopen after COVID-19 closure for Grade 4, 8, form 4.","Chisukuru nchigore motwe yogosiekwa ase engencho yenwari Yenyamayaa (COVID-19) ase abana bageredi 4, 8, na fomu 4."
950,Education,PSA,"Schools reopen on January 6, 2025 for Term 1 of the academic year.",Chisukuru nigo chikoigora chitariki 6 chiomotienyi omotangani  2025 ase etamu entang'ani 1 yomwaka bwechisemi.
951,Education,PSA,"Schools start third term August 25, 2025.","Chisukuru chigore etamu ya gatato chitariki 25 chiomotienyi 8, 2025."
953,Education,PSA,schools to remain closed for the rest of the year and reopen in 2021. All national exams to be taken in 2020 have been canceled ~ CS George Magoha,Chisukuru nchitigare gosiekwa ase omwaka omogima na koigorwa omwaka 2021. Amatemwa amanene are gokorwa 2020 ateneniigwe.  Omominisita Bwechisemi George Magoha
954,Education,PSA,Secure data privacy 2021.,Renda amangana arikire yesukuru taikerwa gose gotumeka bobe 2021.
955,Education,PSA,Secure exam materials 2021.,Renda amatemwa namachibu taibwa 2021.
956,Education,PSA,Secure funding for bursaries 2025.,Nyora chibesa chiechibasari 2025.
957,Education,PSA,Secure nomads! Protect mobile schools from risks.,Renda baria bakong'anyang'anya! Renda chisukuru chiria chikong'anyang'anya korwa ase bokong'u bonde bwonsi.
958,Education,PSA,Secure schools against theft and vandalism 2021.,Renda ebinto biesukuru tibisarigwa nechibesa tichibwa gose gosarigwa 2021.
959,Education,PSA,Secure schools! Implement terror prevention measures.,"Renda chisukuru! Beka emeroberio korenda ng'a ebinto biesukuru mbuya bire, abana  nabarimu  boigo mbuya bare korwa."
960,Education,PSA,Secure schools! Install fences to prevent banditry.,Renda chisukuru! Agacha chimabago chiamagena gotanda obokegago bonde bwonsi
961,Education,PSA,Secure schools! Install security measures against banditry,Renda chisukuru! Beka ebinto biria bioborendi bikomoreka obokebago bonde bwonsi.
962,Education,PSA,Secure schools! Prepare for landslides in high-risk areas.,Renda chisukuru! Eagariganie mapema gokonya omochando bwokwanyoka kweriroba chinsemo chirkwanyoka.
963,Education,PSA,Secure wireless networks 2021.,Renda eintaneti yesukuru erio tesoa ase amako amabe gose gotuka bobe 2021.
965,Education,PSA,Seek help! Access counselors after protest disruptions.,Rigia ogokonywa! Kabe neribaga rigiya nomwarimu oo bwebirengererio kogokonya nyuma yeburaburu yokoandamana.
966,Education,PSA,Senior school fee guidelines: No increase in boarding fees for 2025.,Amachiko nemeroberio ya bosa ase chisekenderi chinene: Kogesa chibesa ase chisukuru chiokorara  tokoiyo 2025.
967,Education,PSA,Series follows group of student voters,"Emeroberio ao ao yabekirwe ase okorifereria, kobwatia na kogokora ase okobwaterana nenamba enene yabana abaaki chikura."
968,Education,PSA,Serve with pride! Enroll in hospitality vocational courses.,Eigwe ase obokoreri bwao! Erike ase amasomo yechikoso chiochusi ao ao.
969,Education,PSA,Sew your future! Join textile vocational courses in Kitui.,Bogoriua egetambokero giokoagacha mambia yao! Soa chikosi chiobosoni ime ya Kitui.
970,Education,PSA,Shade answers in circles on OMR sheets for KPSEA 2025.,Ngororia amachibu ase ogwata o ase on OMR sheets for KPSEA 2025.
971,Education,PSA,Shape your future! Engage in youth civic forums.,"ogoriua egetambokero giokoagacha mambia yao! Soa ase chnkwana nemesangererekano abwo ase abasae bagokwana igoro yemechando yebinyoro biabo, obogambi and gokora emeremo."
972,Education,PSA,Showcases stories of rights defenders,Nkworokia ere emegano igoro ya baria abaegereri boboronge bwamwanyabanto.
973,Education,PSA,Sigalagala National Polytechnic opens AI training lab.,Sigalagala National Polytechnic yaigoire amasomo igoro yechisemi pandia.
974,Education,PSA,Signing of Return-to-Work Formula for universities.,Ogoitaba gwokoirana emeremo kwa abarimu bechiyunifasiti.
975,Education,PSA,Simulates real-life county fiscal choices,"Egekwegia buna ense ekorigia, kobanga na gotumia chibesa."
976,Education,PSA,Skits explore budget accountability,"Chigosori ngotumeka chire kworokia, gokwanerana na gosomia buna chibesa chibwenerete gotumeka ase oboikeranu na maiso marore."
977,Education,PSA,SMS and call support in 3 languages,Toma amangana ase obwenge na rangeria ogokonywa ase emenwa etato.
978,Education,PSA,SMS-based quizzes with civic themes,Toma amang'ana ameng'e goetera esimi arengete obogesaku.
979,Education,PSA,Songs submitted via Instagram,Chingero chitomire goetera Instagram
980,Education,PSA,Spark your career! Join electrical vocational programs.,Ebeke chinguru ase emeremo yao ya motwe! Soa ekosi yokorosia esitima.
981,Education,PSA,Speak up! Report abuse to teachers or call 116.,Kwana! Manyia abarimu ingana rinde rionsi rirarete omochndo gose aka esimi 116.
984,Education,PSA,"Special needs learners: Apply for Ksh 50,000 annual grant before December 15.","Abana baria baganetie ogokonywa kwa beene : Toma ogasaba kwao onyore chibesa chiao chiomwaka 50,000 nyuma yechitariki 15 omotienyi 12."
985,Education,PSA,"SPEECH BY HIS EXCELLENCY HON. UHURU KENYATTA, C.G.H., PRESIDENT OF THE REPUBLIC OF KENYA AND COMMANDER-INCHIEF OF THE DEFENCE FORCES DURING THE MASHUJAA DAY STATE ADDRESS ON, 20TH OCTOBER, 2021 DISTIN...","EKWANA  YOMORAISI  YOMOSIKE: UHURU KENYATTA, C.G.H., EPURESIDENTI YENSE YA KENYA NAENDE OMONENE BWAMACHESI EKERO KIAERITUKO RIA MASHUJAA GOKWANERA ENSE CHITARIKI, 20 OMOTIENYI 10 OMWAKA, 2021 ABASIKE..."
988,Education,PSA,Start your business! Join TVET entrepreneurship courses.,Chaka ebiasara biao! Soa ekorechi yobobundi nechisemi chiokwegendereria  (TVET) ase ekosi yochusi.
990,Education,PSA,Stay alert! Avoid unsafe routes to school in banditry zones.,Kabe maiso! Tiga goetera chinchera chitabwati usalama gochia esukuru ase chingongo chiria chichoire nobokebago.
991,Education,PSA,"Stay alert! Schools, monitor for abduction risks.","Kabe maiso Chisukuru, Bwatia komanya bun abana babaise koibwa korwa esukuru."
992,Education,PSA,Stay cautious! Avoid strangers and report risks to teachers.,Renda kegima! Kabe are nabanto otamanyeti na karwe amangana gochia ararete bokongu bonde bwonsi gochia ase abarimu.
993,Education,PSA,Stay clean! Use school sanitation facilities to prevent cholera.,Kabe omoterere! Tumia chinyomba chiobosafi chiesukuru gotanga endwari yogosaa.
994,Education,PSA,Stay healthy! Ensure schools have clean water and sanitation.,Kabe na afia engiya! Rora ng'a chisukuru nchibwate amache amaya nechinyomba chiobochenu.
995,Education,PSA,Stay in school! Avoid protest zones for safety.,Bera esukuru! Kabe are korwa ase baria bakoreta eburaburu ase esukuru ase okwerenda.
996,Education,PSA,Stay nourished! Enroll in schools with feeding programs.,Ragera buya! Soa chisukuru chibwate omoroberio bwokorageria.
997,Education,PSA,Stay safe during protests! Avoid demonstration zones near schools.,Erende chingaki chieburaburu ase esukuru. Kabe are korwa aria ase chiburaburu chigoansera esukuru.
998,Education,PSA,Stay safe online! Teach students to avoid cyber threats.,Kabe otari namochando ase eintaneti! Somia abana bande gwetanga kogosereria ase eintaneti.
999,Education,PSA,Stay safe! Follow evacuation plans during chemical spills.,Erende! Bwatia emeroberio yokwebacha korwa amache achafuirwe nechikemiko gose amasigira achfuirwe nechikemiko.
1001,Education,PSA,Stay safe! Report strangers near schools to teachers or police.,Menya buya! Manyia igoro yomonto omogeni ase omwarimu gose omosikari.
1002,Education,PSA,"Stay safe! Schools, teach students about trafficking risks.","Menya buya! Chisukuru, somia abana igoro yomochando  bwokoibwa kwa abana."
1003,Education,PSA,"Stay safe, students! Avoid protest areas near schools.","Menya buya, abana! Kabe are korwa ase eburaburu ere ange nechisukuru."
1004,Education,PSA,Stay vigilant! Follow school safety protocols during terror alerts.,Kabe maiso! Bwatia emeroberio yesukuru ekero mwakureirwe.
1005,Education,PSA,Stay vigilant! Report banditry threats near schools to police.,Kabe maiso! Manyia igor yobokebago borabe ange nesukuru ase abasikari.
1006,Education,PSA,Stop GBV! Report gender-based violence in schools to 116.,Tanga ogokorera bobe abande (GBV)! Manyia ogokorera bobe abande ase esukuru goetera 116.
1007,Education,PSA,Stop GBV! Report school violence to authorities or call 116.,Tenenia ogokorera bobe abande (GBV)! Manyia ogokorera bobe abande ase esukuru ase abateteneri gose rangeria 116.
1012,Education,PSA,Students who scored C- and below in their 2023 Kenya Certificate of Secondary Education (KCSE) exam can pursue diploma and certificate courses in the medical field. The courses are offered at Kenya Me...,Abana baria banyorete egeredi gia C- na inse ase amatemwa omwaka 2023 esekenderi (KCSE) nabo barasomere chikoso chiesatificate ase ase obobwenia ao ao. Chikosi echi nigo chikorwegwa ase chikorechi Chiobonyagitari...
1013,Education,PSA,Students who scored D+ and D (plain) in Kenya Certificate of Secondary Education (KCSE) will be eligible to pursue a certificate course of their choice in 2024. The certificates are offered in various...,Ababana baria banyorete egeredi gia D+ na D (bosa) ase amatemwa abo eskenderi (KCSE) mbare neribaga riogosoa chikosi ao ao chiogwancha kwabo omwaka 2024. Chikosi echi nigo chikorwegwa ase chikorechi chinke ao ao...
1014,Education,PSA,Study from home! Access online education platforms for rural students.,Soma korwa inka! Nyora amasomo goetra eintaneti ase abana baria ba risabu.
1015,Education,PSA,Submit TPAD by June 30 to avoid delays.,Toma buna ogokora emeremo yao buna ogosomia buya gochia (TPAD)nyuma yechitariki 30 chiomotienyi 6 tonyoria emeroberio.
1016,Education,PSA,Submit TPAD data by June 30 to avoid delays.,Toma buna ogokora emeremo yao buna ogosomia buya (TPAD) nyuma yechitariki 30 chiomotienyi 6 gotanyorwa.
1017,Education,PSA,Submit TPAD data by June 30 to avoid payroll delays.,Toma buna ogokora emeremo yao buna ogosomia buya (TPAD) nyuma yechitariki 30 chiomotienyi 6  gotanyoria ogochererigwa gwokobanga emeroberio yemesara.
1018,Education,PSA,Summit on Institutional Clean Cooking.,"Okoumerana okonene igoro  yogotumia egasi, esora gose esitima korosia endagera."
1019,Education,PSA,Support adult literacy programs 2025.,Kinya emeroberio yechisemi chiabanto abanene omwaka 2025.
1020,Education,PSA,Support alumni networks 2025.,Segeta emeroberio yabana baria bakorete korwa esukuru omwaka 2025.
1021,Education,PSA,Support distance learning 2024.,Segeta amasomo goetera eintaneti omwaka 2024.
1022,Education,PSA,Support early childhood development 2020.,Suira chisemi chioboroso chia'bana benasari omwaka 2020.
1023,Education,PSA,"Support education! Communities, fund school fees.","Sira chisemi! Ebinyoro, konya korwa esukuru fisi."
1024,Education,PSA,Support education! Pay school fees to keep learning alive.,Sira chisemi! Akana esukuru fisi erio amasomo agenderere.
1025,Education,PSA,Support e-learning platforms 2021.,Sire emeroberio yamasomo gioetera eintaneti omwaka 2021.
1026,Education,PSA,Support girls' education in rural areas 2022.,Sira chisemi chiabana abanyaroka barisabu omwaka 2022.
1027,Education,PSA,Support inclusion! Ensure schools have ramps and aids for disabled students.,Sira emeroberio ya bonsi! Rora nga chisukuru nchibwate ebisirero na biria bigokobakonya koigwa ase abana bare noboremaru ao ao.
1028,Education,PSA,Support learning! Provide meals in drought-affected schools.,Sira amasomo! Karwe endagera gokonya chisukuru chiria chire ase chingongo chinyomo.
1029,Education,PSA,Support learning! Provide visual aids for blind students.,Sira amasomo eintaneti! Karwe ebinto bigokonya abana emeoko.
1030,Education,PSA,Support marginalized communities 2022.,Sira chingongo chiria chitigarete magega omwaka 2022.
1031,Education,PSA,Support nomadic education 2022.,Sira chisemi chiabana baria bakong'anyang'anya omwaka 2022.
1032,Education,PSA,Support nomadic learners 2023.,Sira amasomo yabana baria bakonganyanganya omwaka 2023.
1033,Education,PSA,Support nomads! Fund mobile schools for pastoralists.,Sira baria bakong'anyang'anya! Karwe chibesa ase abatugi bokong'anyang'anya .
1034,Education,PSA,Support nomads! Fund programs for nomadic schools.,Sira abakong'anyang'anya! Karwe chibesa ase emeroberio yechisukuru chia abakong'anyang'anya.
1035,Education,PSA,Support orphans! Apply for education scholarships in your county.,Konya chintakana! Toma ogosaba kwogokonywa chibesa chiogosomera eskaonti yao.
1036,Education,PSA,Support refugee education 2021.,Sira chisemi chia baria batamire chisegi korwa sobo omwaka 2021.
1037,Education,PSA,Support refugees! Provide learning materials for refugee students.,Sira baria batamire chisegi korwa sobo! Karwe ebinto biogosomera ase abana ba baria batamire chisegi korwa sobo.
1038,Education,PSA,Support research grants 2025.,Sira emeroberio yechibesa chiokorigia obomanyi oboyia omwaka 2025.
1039,Education,PSA,Support rural electrification 2023.,Sira emeroberio yokobeka esitima omwaka 2023.
1040,Education,PSA,Support schools! Demand timely release of capitation funds.,Sira chisukuru! Singerera ng'a chibesa chiria chieserikari gokonya chisoe bwango.
1041,Education,PSA,Support schools! Fund education in drought-affected areas.,Sira chisukuru! Kae chibesa chisukuru chiria chire ase chingongo chibwate omochando  bwomobaso omonene.
1042,Education,PSA,Support schools! Provide resources in drought areas.,Sira chisukuru!  Karue ebinto biogokonya baria bare chingongo chibwate omochando bwomosaso omonene.
1043,Education,PSA,Support special needs education 2024.,Sira emeroberio yechisemi chia abana baria bare nokogania kwabeene omwaka 2024.
1044,Education,PSA,Support students! Fund school mental health services.,Sira abana! Konya chisukuru chiria chigonya bari bare nemechando yebirengererio.
1045,Education,PSA,Support students! Provide counseling after protests.,Sira abana! Karue obosemia ekero eburaburu yabeire
1046,Education,PSA,Support talent development 2022.,Sira okogenderera kwebiegwa omwaka 2022.
1047,Education,PSA,Support teacher promotions 2020.,Sira ogokinigwa ebirogo omwaka 2020.
1048,Education,PSA,Support teacher unions 2022.,Sira ebiombe biabarimu omwaka 2022.
1049,Education,PSA,Support teacher welfare programs 2021.,Sira emeroberio yebiombe biobuya ase abarimu omwaka 2021.
1050,Education,PSA,Support teachers! Provide teaching aids and lesson plans.,Sira abarimu! Karwe ebinto bigokonya gosomia nemeroberio yogosomia.
1051,Education,PSA,Support teachers! Train educators for refugee students.,Sira abarimu! Egeria abasemia sase abana ba baria batamire chisegi korwa chinse chiabo.
1052,Education,PSA,Support your child! Pay fees on time to avoid school closures.,Sira omwana oo! Akana esukuru fisi otari konyorwa esukuru tebaise gosiekwa.
1053,Education,PSA,"Talk openly! Schools, promote mental health awareness.","Kwana otari kobisa! Chisukuru, segeta okomnyigwa igoro yobuya bwenkoro yomorembe."
1054,Education,PSA,Targeted messages sent before county forums,Ekerenga kiamangana abeene agotomwa gochia okoumerana chikaonti.
1055,Education,PSA,Teach hygiene! Educate students on cholera prevention.,Somia igoro yobochenu! Sermia abana buna baratange endwari yogosaa .
1056,Education,PSA,Teach safety! Include abduction prevention in curricula.,Somia igoro yokwerenda! Bwatania amasomo yokwerenda ase omoroberio bwogosomia.
1057,Education,PSA,Teach safety! Include trafficking prevention in school curricula.,Somia igoro yokwerenda! Bwatania amasomo yokoibwa kwa abana ase omoroberio bwogosomia.
1058,Education,PSA,Teachers attend CBC training next week.,
1059,Education,PSA,Teachers attend CBC training starting next week.,
1060,Education,PSA,Teachers attend in-service training annually.,
1061,Education,PSA,"Teachers must submit TPAD data by June 30, 2025 to avoid payroll delays.",
1079,Education,PSA,Teachers submit lesson plans for CBC 2023.,Abarimu ngotoma bare emeroberoberio yabo buna bagosomia ase amasomo CBC omwaka 2023.
1080,Education,PSA,"Teachers, stay alert! Monitor banditry risks near schools.",Abarimu kabe maiso! Mongera chingencho chiobokebago ang'e nesukuru.
1081,Education,PSA,Teachers: Report any political interference in schools to 0800721524.,Abarimu: Karwe eripoti igoro gosoananwa gesiasa goetera esimi 0800721524.
1082,Education,PSA,Teachers: Submit list of unregistered Form 3 & 4 students to IEBC by Friday!,Abarimu: Toma enamba yabana besekenderi ba fomu 3 na 4 batararikwa gochia gokora amatemwa gochia ekeombe keria ekene getenenerete goaka chikura IEBC nyuma ya eriatano!
1083,Education,PSA,Teachers: Submit voter registration report by Nov 30 or face disciplinary action!,Abarimu: Toma erechesita ya baria bagochia goaka chikura  bnyuma yechitariki 30 chiomotienyi 11 gose gose obogorerigwe egatambokero!
1120,Education,PSA,Train communities! Teach banditry prevention near schools.,Somia ebinyoro! Somia engenho yogotanga obokebago esukuru.
1121,Education,PSA,Train on child protection 2023.,Somia igoro yokorenda abana 2023.
1122,Education,PSA,Train on climate education 2023.,Train on climate education 2023.
1123,Education,PSA,Train on conflict resolution 2021.,Somia igoro yogokwanerana gokora eminana 2021.
1124,Education,PSA,Train on data analysis 2024.,Somia igoro yokorigereria na komanya buya amang'ana 2024.
1125,Education,PSA,Train on data management 2023.,Somia igoro yokorenda amang'ana 2023.
1126,Education,PSA,Train on disaster preparedness in schools 2020.,Somia buna emechndo yemebasekano eranyare gokeigwa chisukuru omwaka 2020.
1127,Education,PSA,Train on emergency response 2021.,Somia buna ebwenerete kominchoria korwa emechando  omwaka 2021.
1128,Education,PSA,Train on financial literacy 2020.,Somia igoro yokonyora na gotumia chibesa buya omwaka 2020.
1129,Education,PSA,Train on gender sensitivity 2021.,Somia igoro yamasikani ase abanto bonsi omwaka 2021.
1130,Education,PSA,Train on inclusive teaching 2023.,Somia igoro yamasomo arengete abana bonsi (ba kera engencho) omwaka 2023.
1131,Education,PSA,Train on leadership 2023.,Somia igoro yoborai omwaka 2023.
1132,Education,PSA,Train on mental health for teachers 2021.,Somia abarimu igoro yomorembe bwobongo  omwaka 2021.
1133,Education,PSA,Train on online safety 2021.,Somia igoro  yogotumia eintaneti buya omwaka 2021.
1134,Education,PSA,Train on sustainability 2024.,Somia igoro yokwegendereria omwaka 2024.
1135,Education,PSA,Train staff! Address student unrest proactively.,Somia abarimu bamino! Manaya na gokwanera bwango mechando ende yonsi  yabana gotanga chiburaburu esukuru.
1136,Education,PSA,Train staff! Prepare schools for landslide risks.,Somia abarimu bamino! Arigania chisukuru korora na komanya bwango na kwerenda korwa okwanyoka kweriroba.
1137,Education,PSA,Train staff! Teach fire safety protocols in schools.,Somia abarimu! Somia buna ogwateka kwemerero koratangwe chisukuru.
1138,Education,PSA,Train students! Practice flood evacuation in schools.,Somia abana! Egera buna oranyare komonchoria korwa emegoko emenene ase esukuru.
1139,Education,PSA,Train students! Teach abduction prevention in schools.,Somia abana! Somia buna oramanye na gotanga okoibwa kwa abana chisukuru.
1140,Education,PSA,Train students! Teach cholera prevention in schools.,Somia abana! Somia chinhera chiogotanga endwari yogosaa chisukuru.
1141,Education,PSA,Train students! Teach GBV prevention in schools.,Somia abana! Somia igoro yogotanga gokorera bobe abande esukuru.
1142,Education,PSA,Train students! Teach trafficking prevention in schools.,Somia abana! Somia buna oratange oboibi bwa abana chisukuru.
1143,Education,PSA,Train teachers! Address gender-based violence in schools.,Somia abarimu! Kwanera igoro yogokorer abande bobe ase engencho yeki bare chisukuru.
1144,Education,PSA,Train teachers! Educate on trafficking prevention.,Somia abarimu! Somia buna oboibi bwaban boratangwe.
1145,Education,PSA,Train teachers! Ensure flood safety protocols in schools.,Somia abarimu! Rora ng'a abana mbamanyete chinchera chiokominchoreria ekero kiemogoko emene chisukuru.
1146,Education,PSA,Train teachers! Prepare for landslide safety in schools.,Somia abarimu! Eariganie igoro yokwoanyoka kweriroba chisukuru.
1147,Education,PSA,Train teachers! Prepare for terror threats in schools.,Somia abarimu! Eariganie igoro yobokebago bonde bwonsi esukuru.
1148,Education,PSA,Train teachers! Support digital learning for all students.,Somia abarimu! Sira amasomo egedichitari ase abana bonsi.
1149,Education,PSA,Train teachers! Support inclusive education for disabled students.,Somia abarimu! Sira amasomo a bionsi ase abana bare noboremaru ao ao.
1150,Education,PSA,Train teachers! Teach cholera prevention in schools.,Somia abarimu! Somia buna oranyare gotanga endwari yogosaa esukuru.
1151,Education,PSA,Train teachers! Teach protest safety protocols.,Somia abarimu! Somia igoro yokwerenda ekero giechiburaburru esukuru.
1152,Education,PSA,Travel safely! Use designated safe routes to school in conflict zones.,Renda kore ese orgendo! Etera chinchera chingiya arria ase chngongo chire neminano.
1153,Education,PSA,Treasury gamifies budget learning for young audiences.,Tumia amangana echigosori nechinkwana erio kworokereria igoro yamangana echibesa ase abana abake.
1154,Education,PSA,Treasury introduces online tools for public finance monitoring.,Ekegancha ekenene giechibesa giansire ebikoreri bieintaneti  komongera buna chibesa chigokora emeremo.
1186,Education,PSA,Tune in to EduTV Channel daily from 8:00 AM to 10:00 AM for CBC lessons.,Beka eredio gose Etibi -  EduTV kera rituko gochakera chinsa 2 chia mambia gika chinsa 4 gotegerera CBC.
1209,Education,PSA,Universities collaborate to provide virtual library resources universally accessible to all enrolled students.,Chiyunifasiti nkobwaterana chire korwa ebinto biogosomera goetra eintnaeti ase abana bonsi besukuru.
1210,Education,PSA,Universities encouraged to develop and utilize Open Educational Resources (OER) for wider access to learning materials.,Chiyunifasity chiasegirwe korosia na gotumia ebinto biogosomera bigoikerwa na gosomwa bosa batari goakane kende (OER) kogarei goikera ebinto biogosomeria na gosoma.
1211,Education,PSA,Universities encouraged to develop and utilize Open Educational Resources (OER) for wider access to learning materials.,Chiyunifasity chiasegirwe korosia na gotumia ebinto biogosomera bigoikerwa na gosomwa bosa batari goakane kende (OER) kogarei na goikera gosomia na gosoma.
1212,Education,PSA,Universities urged to offer training on emerging technologies to prepare students for future job markets.,Chiyunifasiti chiasoroirwe korwa amasomo igoro yechitekinorochi  chiabono aerio koarigania abana kwebeka ang'e ase echiro yemeremo abwo motwe.
1215,Education,PSA,Update curriculum for emerging tech 2021.,Ogoonchoreria ase omoroberio bwogosomia korengana natekinorochi ya bono omwaka 2021.
1216,Education,PSA,Update exam policies 2021.,Onhoreria amachiko amatemwa omwaka 2021.
1217,Education,PSA,Update health protocols 2021.,Onchoreria emeroberio yobochenu omwaka 2021.
1218,Education,PSA,Update safety standards 2022.,Onchoreria emeroberio yoborendi omwaka 2022.
1219,Education,PSA,Update school records digitally 2023.,Gesa chiroboti chiesukuru gedichitari omwaka 2023.
1220,Education,PSA,Upgrade dorms! Install fire exits in schools.,Agacha kebiyia! Beka emerangwa nechitirisa chiogotamera ekero omorero bwatekire esukuru.
1221,Education,PSA,Upgrade facilities for inclusive education 2024.,Rosia ebirasi nebinto biogosomera ase okorwa chisemi ase bonsi omwaka 2024.
1222,Education,PSA,Upgrade facilities! Install clean water systems in schools.,Agacha amaagacho amayia! Beka amache amarabu esukuru.
1223,Education,PSA,Upgrade ICT infrastructure 2021.,Beka ebito ebiyia bietekinorochia yamangana na gokwanerana ICT omwaka 2021.
1224,Education,PSA,Upgrade labs in secondary schools 2024.,Agacha chinyomba chiobosayansi  xchinyia ase chisukuru chisekenderi omwaka 2024.
1225,Education,PSA,Upgrade sanitation! Provide safe toilets to prevent cholera.,Agacha chinyomba chiobochenu chinyia! Beka chichoo chingiya gotanga endwari yogosaa.
1226,Education,PSA,Upgrade teacher salaries 2020.,Gesa abarimu emesaara omwaka 2020.
1227,Education,PSA,Use digital learning tools in classrooms 2024.,Tumia ebinto biosomia biegedichitari ase ebirasi omwaka 2024.
1228,Education,PSA,Used during Nairobi festivals,Yatumegete ekero giechisiri  Nairobi.
1229,Education,PSA,Used in Mandera civic awareness events,Yatumegete Mandera ekero giokomanyia abanto igoro yoboronge bwabo.
1230,Education,PSA,Vaccinate students against measles 2020.,Chancha abana gotanga orwaye omwaka 2020.
1233,Education,PSA,Vaccination mandatory for all boarding students before reopening.,Ogochanchwa nerasima ase abana bonsi bechisukuru chiokarara ime nyuma chisukuru chitaraigorwa.
1237,Education,PSA,Wash hands daily! Prevent cholera with proper hygiene.,Sibia amaboko ao kera rituko! Tanga kendwari yogosaa goetera abochenu bwao.
1238,Education,PSA,"Wash hands, stay safe! Use clean water to prevent cholera in schools.","Sibia amaboko ao, Kabe sarama! Tumia amache amarabu gotanga endwari yogosaa chisukuru."
1240,Education,PSA,Welcome all! Enroll refugee students in local schools.,Mwaariganiigwe mwensi! Anchera abana ba baria batamire chisegi korwa sobo gosoa chisukuru.
1241,Education,PSA,Welcome refugees! Enroll refugee children in local schools.,Mwaariganiigwe abakimbisi! Anchera abana babakimbisi gosoa chisukuru.
1242,Education,PSA,Work and learn! Join vocational training at Kiambu Industrial Park.,Kora emeremo kogosoma! Batania ogosoma aaria Ekorechi ya Kiambu Industrial Park yobobundi Nochusi .
1243,Education,PSA,"Work together! Communities, ensure safe school environments.","Kora emeremo amo! Ebinyoro, rora nga okorika kwa abana gosoa chisukuru tikori namochando."
1247,Education,PSA,Your vote counts! Learn about elections in school programs.,Ekura yao neyengencho! Soma igoro yemeroberio yobochori bweesukuru.
1248,Education,PSA,Youth Agenda challenges youth to create civic tech solutions.,chenda yaasae yabasegetire koreta chisemi chiabo korengana nokagania kwebinyoro biabo.
1261,Education,PSA,Youth voter registration drive: Visit your school for free ID processing.,Korika abasae buna abaaki chikura: Tarera esukuru yao ase okwerika konyora ekebande.
1262,Health,PSA,"We are advising all health workers to ensure they are wearing masks and PPEs at all times. 
Please take all the measures we have announced seriously. 
",Nigo tokobasemia abakori emeremo bonsi ba nyagitari kobeka ebikoneri/chimaski amo n'ebinto biogwetanga chingaki chionsi
1263,Health,PSA,"Restaurants must;
1.ensure quality & safety of food, rinse &sanitize food contact surfaces, disinfect surfaces, floors & counters.
2.Install adequate portable running water & accessible washing basins for hand washing purposes, at the entrance & exit points.","Chinsemo chiokoragera; 1. chiikeranie obochenu bwe'chindagera, amo n'ebibekerero, amo n'echinsemo chiokooneria. 2. Beka amache aisaine ase chibeseni chiogwesaba, chiranyare goikerwa na kera omonto, ase ebisieri bioosoa, na gosoka."
1264,Health,PSA,"We are advising members of the public to put on masks when getting into a matatu one is advised to put on a mask.
Local production of masks and PPEs has began","Nigo tokobasemia abamenyi ense kobeka ebikoneri kekero bagosoa ase chimatatu, omonto nigo agosemigwa kobeka egekoneri/emaski. Oboroisia bw'ebinto biogwetanga bwachakire."
1265,Health,PSA,"This are the first steps to keeping your family safe from Covid 19;
1.Wash your hands regularly with soap & running water
2. Cover your mouth and nose with a flexed elbow or tissue, when coughing or sneezing.
3.Avoid close contact with anyone who has cold or flu-like symptoms","Ebi nabio ebitambokero ebitangani b i'okorenda enyomba yao korwa ase Covid 19;
 1.Esibie amaboko ao ase n’amache y’egetacho, n’esabuni.
 2.Tuba omonu ne’chimioro kogotumia ekegokoro kiao gose egetambaa ekero ogokorora gose goasimora.
 3.Toba ang’e na omonto o nde bwensi obwate rikuba."
1266,Health,PSA,Alcohol and Smoking will increase the risks of having high blood pressure. While you STAY AT HOME reduce alcohol intake and smoking.,"Amarwa n’esigara nigo bikomenta obokong’u bw’okonyora riberera riamanyinga. Ekero ore inka, keia konywa amaru gose konywa esigara."
1267,Health,PSA,"Be safe from coronavirus.Washing your hands is the most important way to stop transmission.
1.Wet hands
2.Apply enough soap
3.Scrub all surfaces of the hands for 20-30 seconds.
4.Rinse thoroughly with running water
5.Dry hands with a clean cloth or single-use towel","Etange n’ebinyinyi bia Corona. Gosibia amaboko nenchera ya bene yogotanga ogoetia kwebinyinyi.
 1.Esibi amaboko
 2.Eyake esabuni
 3.Sugua kera ensemo yokoboko ase chisekunde 20-30
 4.Sibi amaboko ase amache egetacho
 5.Etinyi n’egetambaa ekerabu"
1268,Health,PSA,"How to boost your immune system against the COVID-19;
1. Stay hydrated - drink 3-4 litres of water daily.
2. Take antioxidant-rich diet - amla, guava, green leafy veggies, spinach, garlic, green tea, peppers, turmeric
3. Exercise
4. Meditation
5. Quality sleep","Enchera yokomenta ogwetanga korwa Covid 19
 1.Kanywe amache amange - chilita 3-4 kera rituko
 2.Kari chindagera buna amapera, chinyeni chiekegusii, egetunguo saumu, n.k
 3.Tarataria omobere
 4.Okoiranerera
 5.Chitoro chiisaine"
1269,Health,PSA,"You have to be registered to get the COVID-19 vaccine.  You can do this at the nearest health facility or be registering on the MOH_Kenya website (http://health.go.ke). All you need is your ID card. Kindly assist your elderly relatives to get registered
","Goika bwerike erio konyora esindani ya Covid 19. Nabo okwerika ase enyagitari ere ang’e nasore, gose ase etuvuti ya MOH_Kenya (http://health.go.ke). Ekio oganetie nekebande kiao. Konya abakoro kwerika."
1270,Health,PSA,"Health CS Mutahi Kagwe says total lockdown on the table if coronavirus cases escalate, urges Kenyans to limit social interactions.","Omowaziri o Afya, Mutahi Kagwe otebire richiko riogotasoka isiko ndietigwe onye ebinyinyi bia Coronavirus bikomentekana, obasabire abakenya gokeania okoumerana na abande."
1271,Health,PSA,"Covid-19 variant from India detected in Kenya, MoH says the case was reported in Kisumu.",Ewizara yoborwaria yatebire ebinyinyi bia Covid 19 koru India biatokire Kisumu
1272,Health,PSA,"A small number of vaccinated people may get infected with COVID-19 after vaccination; this is called a breakthrough infection, but they are likely to have milder symptoms than if they were not vaccinated.
","Enamba enke ya abanto mbakageire konyora oborwaire bwa Covid 19 magega yokonyora esindani yogwetanga. Eye nigo ekorokwa okoambokerigwa kwobobui, nonya abanto aba bagotwara ebimanyererio ebike kobua bari bataranyora esindani."
1273,Health,PSA,"All COVID-19 vaccines are safe for use by adults, breastfeeding mothers and as per current WHO guidelines, can also be used by pregnant women upon recommendation by a qualified physician.

 ","Chisindani chia Covid 19 chionsi nechingiya ase okobetwa abanto abanene, abang’ina/abakungu bakogonkia kobwatekana namorokererio arure na WHO. Nabo chikoegwa abakungu bare morito, koreng’ana nogoetia k w’omonyagitari."
1274,Health,PSA,Taking different types of vaccines is not recommended. After being fully vaccinated you will obtain your COVID-19 certificate  from the MOH website https://portal.health.go.ke.,"Kobetwa chisindani cao ao teancheiri. Ekero kwanyorire esindani, nabo okonyora esatibigeti yao ya COVI-19 korwa ase omtandao o MOH https://portal.health.go.ke"
1276,Health,PSA,"Five new Mpox cases detected in Kenya, one patient in isolation",Abanto batano batokire babwate oborwaire bwa Mpox igaa Kenya. Omorwaire oyomo orusananigwe
1277,Health,PSA,"Key causes of TB include undernutrition, HIV, alcohol use disorders, smoking, and diabetes. Get the word out! We can eradicate TB together","Esese nigo ekorentwa na ogotaragera buya, enyamoreo, obotindu bwa amaru, esigara amo noborwaire bwesukari. Raria eng’ana eye! Ase oboamo nabo togokora esese"
1278,Health,PSA,Coughing! Fever! Night sweats! Chest pains! Weight loss! You could have TB. Testing and treatment are free at all public hospitals!Get tested today!,Ogokorora! Riberera! Kogiramora botuko! Goatigwa egekuba! Gokea omobere! Nabo oratware Esese. Ogopimwa na oborwaria nigo bokoenanwa bosa ase chinyagitari chieserekali! Pimwa rero!
1279,Health,PSA,"To get cured of TB, you must complete the entire course of treatment as advised by the health worker. ","Erio obwene esese, goika okore oborwaria buna ogosemigwa nomonyagitaro oo."
1280,Health,PSA,"Key points to stop Mpox spread: Avoid close contact with individuals showing symptoms. Do not share personal items like towels, utensils, or clothing. Maintain good hygiene by washing hands frequently.","Amang’ana yengencho yogotanga Mpox: Tiga goikana ang’e nabanto babwate ebimanyererio bioborwaire obo. Timosanga ebinto bia ime buna chitauro, ebinto biendagera, gose chianga. Kaba omochenu ase ogwesibi amaboko ao kera chingaki."
1281,Health,PSA,"Mpox symptoms include fever, rash, and swollen lymph nodes. Seek medical care immediately if you notice any of these.","Ebimanyererio bia Mpox nigo bire buna rikuba, upele, okobimba chingw’eno. Genda nyagitari kegima ekero kwarorire ebimanyererio ebi ase ore."
1282,Health,PSA,Mpox outbreak in Mombasa. Two people have died from Monkey Pox disease. Mombasa County has reported 98 Monkey Pox cases. There is a lot of active community transmission,"Oborwaire bwa bwatokire MPOX Mombasa 
  Ekaunti ya Mombasa yaripotiri abanto emerongo kianda na isano isato gotwara oborwaire Bwa MPOX naboigo babere gosira kobwatia oborwaire obo na kogenderera koambokera abande abange."
1284,Health,PSA,Ban on all public gatherings extended to May 29 to curb the spread of Covid-19.,"Ogokanwa kwemesangererekano ao ao gosukigwa goika omotienyi o gatano 29, erio gokeyia Covid 19"
1286,Health,PSA,"Kenya confirms 10 more Covid-19 cases bringing the total number of confirmed infections to 384, nine of the new cases are from Mombasa and one from Nairobi","Kenya koenekia abanto 10 komentekana ase okoambokerigwa oborwaire bwa COVID19 bonsi amo goika abanto 384. Ase abwo, 109 nigo bakorwa Mombasa na oyomo korwa Nairobi."
1287,Health,PSA,I have invoked the public health act after it was declared a pandemic. Thoroughly wash hands and use alcohol based sanitizers. Keep 1-meter distance from a person who is sneezing or coughing. A person who is coughing or sneezing should stay at home and avoid crowds,"Natianirie richiko riobochenu bwensekobwatekana nogotangaswa kwegiateko. Esabe amaboko gotumia chisanitaisa. Tenena oboare bwemita eyemo koru ase omonto ogokorora na goasimora. Omonto ogokorora na goasimora nigo agwenerete kobera nyomba, aare nemesangererekano yabanto."
1288,Health,PSA,Kenya on high alert over new and deadly mosquito. Anopheles Stephensi causes the deadliest type of Malaria. Health researchers have found the mosquito in Mandera. Mosquito spreads Malaria in both urban and rural areas,"Kenya yakureire eumbu yachire embe. Anopheles Stephensi nigo ekoreta esosera embe. Abakori emeremo boborwaria banyorire eumbu eye aaria Mandera. Chiumbu nigo chikoenana esosera ase chinsemo ao ao ime y’emechi, n’ebinyoro."
1289,Health,PSA,Kisumu Governor Nyong'o orders all restaurants shut in the county for failing to adhere to MoH measures against Covid-19.,"Omogabana o Kisumu, Nyong’o, orure richiko riogosieka chinsemo chiokoragera magega yogotaigwera amachiko arure na MOH yokorwania COVID 19"
1290,Health,PSA,CDC launches a campaign promoting hand hygiene to prevent disease spread.,CDC gochaka ekampeini ya ogosiira gosibia amaboko erio gotanga okoambokeria amarwaire.
1291,Health,PSA,State launches Kenya National Public Health Institute to bolster disease prevention,Eserekali yachakirie etaasisi yoborwaria ime ya Kenya yogokinia ogotanga kw'amarwaire
1292,Health,PSA,"If you fee unweel, have a cold, a cough or fever, please call 719 or text *719#","Onye koigwete bobe omobere, obwate rikuba gose ogokorora, gaki aka esimi gochia 719 gose otome riuko gochia *719#"
1294,Health,PSA,"During this time, prisoners and remandees will not be presented to court.","Ebiro ebi, abasibwa namabusi bonsi tibakoirwa bosio bwekegambero."
1295,Health,PSA,Courts will continue to handle certificates of urgency and taking plea for serious cases.,Ebigambero biagendereire kobwata chisatibigeti chiobwango na korwa ebirero ase ebina ebinene
1296,Health,PSA,Judges in all stations will in the meantime review the deserving cases already identified by Prisons authorities and issue appropriate revision orders in an effort to decongest the prisons. Magistrate Courts will also review bail terms for those in remand.,"Abanachi ebina ase ebitaseni bionsi, ase chingaki echio, nigo baraetere ebina biganeiri korigererigwa, biancheraneirwe nobogambi bwechichera, na korua amachiko agwenerete yoboonchoreria, erio gokeania ogoichorerana ime yechichera. Ebigambero bia abanachi ebina abake mbaetere amachiko yechibondi ase bari bare oromande"
1297,Health,PSA,"The Nyeri ELRC is closed from 24th August to 7th September 2020 due to two confirmed COVID-19 cases, with fumigation and staff self-quarantine underway. No certificates will be processed during this period. The court will reopen for virtual hearings on 21st September, with physical hearings expected to resume under the Presiding Judge’s supervision in early October.","Egetuo kia ELCR kia Nyeri giasiekirwe gochakera chitariki 24 Agosti goika 7 Septemba 2020 magega yogotoka abarwaire babere ba COVID-19, ogosiara eriogo na gwesiekerera kogendererete.
 Chisatibigeti tichirikorosigwa chingaki echi. Abigambero nkoigora bire ogotegerera ebina ase embeo 21 Septemba, ekero ogotegerera ebina ase ebigambero gokageire koirana, inse yoboteneneri bwomogambi omonene, Oktoba kegochaka."
1300,Health,PSA,"Kenya reports record daily jump in Covid-19 cases; 123 new infections from 3,077 samples tested.","Kenya koripoti okomentekana okonene ase okoambokera gwa COVID-19 kera rituko; Ase ebipimo 3,077,123 biatokire koba na ebinyinyi bia COVID -19"
1301,Health,PSA,"Trump’s policy hits Kenyan health initiatives. Policy halts supply of HIV, Malaria and TB drugs. Move also affects medical supplies of newborn babies. Barasa: We’ll look for funding elsewhere if US pulls ou","Richiko ria Trump, gosaria emeroberio ya oborwaria ya Kenya. Richiko erio nigo rigotenenia obokonyi bwokoenana amariogo ya esese amo na enyamoreo ,naboigo amariogo ya abana ebing'werere. Barasa: Ntorigie obokonyi ase ang'ao Amerika keratenenie obokonyi gocha ase tore."
1302,Health,PSA,"Nigerian company to make HIV, malaria test kits after US funding cut",Ekambani ya Nigeria korosia ebikoreri biokorenga oborwaire bw'Enyamoreo na Esosera kobwatekania na Amerika gotenenia obokonyi.
1303,Health,PSA,"Global Fund CEO requests Ruto to mobilise funds for HIV, TB & malaria","Omonene o Global Fund komosaba omonene bwe ense Ruto,gochanga chibesa ase okorwania Enyamoreo,Esese na Esosera."
1304,Health,PSA,"Kenya faces crisis as Trump’s Executive Order to cut supply of HIV, malaria drugs",Kenya konyora obokongu kobuatia richiko ria Trump rgotenenia obokonyi bwamariogo ya Esosera na Enyamoreo
1305,Health,PSA,KEMRI study shows ivermectin significantly reduces malaria transmission,Oboringoria bwa KEMRI bwaenekirie ing'a Ivermectin nigo egokeania okwambokeria gw'Esosera ase engecho enene.
1306,Health,PSA,Health PS distributes mosquito nets in Busia County. Malaria prevalence in Busia stands at 39%. 22 counties targeted in latest campaign,"Omoriki omonene bw'ewizara y'Oborwaria koenana chineti ase ekaunti ya Busia.Ogoichora Kwa Esosera ase ekaunti ya Busia gwaikeire 39%.Chikaunti 22 chirengire ase chikampeini chia ang,'e iga."
1307,Health,PSA,The cost of targeted testing for Covid-19 and government quarantine facilities shall be met by the government effective today. Kenyans should not be afraid to get tested,"Rigori riogopimwa naboigo ebitaseni bia COVID-19, mbiakanerwe na eserekari gochaka rero ase igo bakenya mbabwenereti gotwara bwoba gopimwa."
1308,Health,PSA,"Cessation of movement in Nairobi Metropolitan Area, Mombasa and Mandera extended by a month, bars to remain closed for another 30 days","Ogotenenenigwa bw'obosombi ase emechi ya Nairobi ,Mombasa na Mandera komentwa omotienyi oyomo. Chibaa kogenderera gosiekwa ase amatuko 30 ande."
1309,Health,PSA,"Today, we have recorded 447 new positive cases out of 3803 samples bringing the total of positive cases in the country to 8,975. Tested samples in the country are now over 200,000","Rero, twanyorire abarwaire 447 ase abanto 3803 banyarire gopimwa, bonsi banyarire goikia abarwaire 8,975. Chisampuli chionsi chiapimirwe ime y’nse yaito engima chiaetanirie 200,000"
1310,Health,PSA,"Gov’t extends nationwide curfew, ban on public gatherings until May 29","Eserekali komenta amatuko y’ekafyu, na gotenenia emesangererekano ao ao goika May 29"
1311,Health,PSA,"2,169 people test positive for COVID-19 from 9,428 samples, positivity rate at 23pc; MoH says no death recorded","Abanto 2,169 banyorekanire babwate ebinyinyi bia COVID-19, korwa ase chisampuli 9,428, ekerengo kia abaambokerigwe kere 23%; Ewizara y’Oborwaria yatebire gokwa nkoiyo kwabeire."
1312,Health,PSA,Magoha says Ksh.1B needed to buy masks for schools,Magoha otebire Ksh.1B chiganeirie kogorera chisukuru ebikoneri/chimaski
1313,Health,PSA,There will be no air-lifting people from counties to Nairobi…There will be no capacity to be brought to Nairobi for treatment as Nairobi itself will be already overwhelmed…Where we are heading is unpredictable. It is better to be ready than to be sorry,"Obosombi bwa abanto g oetera chindege gocha Nairobi tikoiyo. Okonyara tigokoba aroro gwokorentwa Nairobi erio konyora oborwari, asengencho Nairobi yoka yanyarekire. Ase torochi tarikonyara kobanwa. Nigo ere buya kwebanga kobua gweitia."
1314,Health,PSA,Nationwide dusk to dawn curfew extended by 21 days in a bid to tame Covid-19 spread,"Richiko riogotasoka isiko ase ense engima, gochakera morogoba, goika bwakiire, riamentirwe amatuko 21 erio gokeani okoambokerigwa gwa Covid-19"
1315,Health,PSA,"20 doctors from Cuba set to arrive in Nairobi tonight, Health CS Kagwe says they will be stationed at Kenyatta University Hospital for 6 months to help manage the Covid-19 pandemic.","Abanyagitari 20 korwa Cuba mbakageire goika Nairobi obotuko bwa rero, Omowaziri bw’Oborwaria, Kagwe, otebire ing’a nigo barabe ase enyagitari ya Kenyatta University, ime y’emetienyi 6 erio gokonya gokeania oborwaire bwa Covid-19."
1316,Health,PSA,"Launch of fortified maize, soy blend distributed across primary schools to address undernutrition.",Okorentwa kw’ebituma biburukaine esoya kwararigwe chisukuru chia premari erio gokeania oborwaire bwokoborwa afya
1317,Health,PSA,"Launch of voluntary certification recognizing employers who implement nutrition, mental health, and fitness standards.","Ogochakigwa gw’esatibigeti yokwerwa eyio egoancherana abariki emeremo abare bagoikerania ebirengo biechindagera, oborwari bw’obongo, amo na okoba nechinguru kemobere."
1318,Health,PSA,Introduction of postpartum exercise and nutrition support groups led by physiotherapists and dietitians.,"Ogochakigwa amazoezi/ogotarataria omobere amo na ebiombe bigokonya chisemi chiechindagera, bikorawa na abanyagitari bogotarataria amo na bari bechindagera"
1319,Health,PSA,Announcement encouraging daily consumption of five fruit/veg portions for wellness and disease prevention.,"Okoraria kwogosegeta gwa kera rituko, gwokoria amatunda keboikeranu/ching’eni erio kkoba buya kemobere na gotanga amarwaire."
1320,Health,PSA,Pilot providing mobile seed kits and training to women's groups to grow nutritious food in informal settlements.,Omorundi chindege okorwa ebikoreri biechintetere am na koegeria ebiombe bia abakungu gosimeka chindagera chibwate amadini ase babegete obomenyo.
1321,Health,PSA,The government has imposed a raft of new drastic measures after cases of the new coronavirus in Kenya jumped to 15 in the last 72 hours. The new directives came after eight more people tested positive for COVID-19,Eserekali yabekireebitambokero ekero ebinyinyi ebinyia bia Korona biamentekanete goika 15 ime ye’chinsa 72 chiaetire. Amachiko amayia nigo achete magega yabanto bande batano na batato gopimwa na konyorekana na COVID-19.
1322,Health,PSA,Kenya confirms three cases of Covid-19 Omicron variant; Health CS Kagwe says it has been detected among travelers who have been quarantined,Kenya yaenekirie ebinyinyi bitato ao ao bia Covid-19 Omicron; omowaziri bwoborwaria CS Kagwe otebire nigo biarorekanete ase abanto barenge chisafari abare babekire karantini.
1323,Health,PSA,"Kakamega County gov't orders closure of all public mortuaries, Governor Oparanya advises residents to bury their dead immediately.","Eserekali y’ekaunti ya Kakamega yarure ogochika kwogosieka chimocheri chi’echinyagitari chieserekali, Omogabana Oparanya oboririe abamenyi gotindeka abakure kegima."
1324,Health,PSA,Education CS Magoha says colleges and universities to remain closed until January 2021 as they are not Covid-19 compliant,Omowaziri bwe’Chisemi Magoha otebire chi’yunibasiti tichirikoigorwa goika January 2021 ase eng’encho tibarabwatia amachiko a Covid-19
1325,Health,PSA,Gov’t orders Mama Mbogas to stop chopping vegetables for customers over COVID-19 fears,Eserekali yatebiririe mama mboga gotiga gokenyeri abanto ching’eni ase eng’encho y’obwoba bwa COVID-19
1326,Health,PSA,"For now, open bars and test social distancing. KCPE and KCSE are not a ticket to heaven","Ase bonoiga, toigore chibaa, amo na kobera are korwa ase abaminto. KCPE na KCSE tibiri tikiti chiokogenda igoro."
1327,Health,PSA,"Gov't now calls for wearing of masks, vaccination as Kenya faces 6th COVID-19 wave","Eserekali yabasabire abanto kobeka chimaski na konyora chanjo, ekero Kenya yatubirwe ne’rire ria COVID-19"
1328,Health,PSA,"Mombasa Covid-19 Booths: 
Contactless testing booths to be distributed in 6 constituencies. Booths have zero contact between the medic and patient. Contactless booths allow for safer, faster mass testing. The locally assembled booths are a game changer","Ebisa bia Mombasa Covid-19:
 Ebisa biogopimwa otarigokunwa nkoenanu bire ase amajimbo 6 y’obochori. Ebisa tibibwati gokunana konde gwonsi gati y’omonyagitari amo n’omorwaire. Ebisa ebi nigo bigoachera ogopimwa kobwate oborendi naende kwa bwango na obonge. Ebisa ebi biroseiri ime y’ensemo eyuo biaonchorire egosori."
1329,Health,PSA,Schools to remain open despite a surge in Covid-19 infection rates,Chisukuru nchigenderere koigorwa nonya ebiwango biokoambokerigwa gwa Covid-19 bigendererete gokiina
1330,Health,PSA,"Kenya suspends all public gatherings, games, events, and church crusades; inter school games banned after first covid-19 case in Nairobi","Kenya yatenenirie emesangererekano yonsi, emechieso/chigosori, ebipindi, n’emesangererekano ye’chikanisa; chigosori chiechisukuru chiakanirwe, magega yogotoka ekesi egetang’ani gia COVID-19 ime y’omochie o Nairobi"
1331,Health,PSA,"Coronavirus: A lockdown in Kenya is an option, but taxes won’t be lifted ","Ebinyinyi bia Korona: Gosiekerwa nyomba ime ya ense ya Kenya n’ogochora, korende goakana ekodi tigokorusigwa."
1332,Health,PSA,Governor Joho sets up sanitizing booths for pedestrians in Mombasa.,Omogabana Joho obekeire ebisa bi’obochenu ase abanto bagotara namagoro Mombasa
1333,Health,PSA,"Over 80% of patients are asymptomatic and can be treated from home. MoH has completed process of home-based care protocols. I appeal to Kenyans, that when we release the protocols and we see people coming home, there is no need for stigmatization","Abarwairengoetania 80% mbabwati biorokererio naende nabo bakorwarigwa bagende chinka. Ewizara y’Oborwari yakorire korosia amachiko y’obokonyi bwa inka. Nigo nkobasaba abakenya, ekero torarwe omoroberio oyo naende torore abanto bakoirana inka, titobachecheria."
1335,Health,PSA,"Nairobi, Kajiado, Machakos, Kiambu & Nakuru counties are individually and collectively declared a disease infected area. There shall be a cessation of movement by road, rail, air in to & out of these areas effective midnight","Chikaunti chia Nairobi, Kajiado, Machakos na Nakuru chiatangasirwe koba chinsemo ase amarwaire akwambokera mono. Ogotenenigwa gw’okoira gwa para, egari yomorero, chindege gwatenenigwe gochakera chinsa isano na emo chia botuko."
1336,Health,PSA,Uganda declares Ebola outbreak after the Health Ministry confirmed a 24-year-old man showed symptoms and later died,"Uganda yatangasire egiateko kioborwaire bwa Ebola, ekero Ewizara y’Oborwaria yaenegeti omosacha bwemiaka 24 kabwate ebimanyererio bioborwaire obwo magega yaye agakwa."
1337,Health,PSA,Tiaty worst hit with 40% of residents affected. 2 people lost their lives last month due to Malaria. Govt distributing long-lasting treated mosquito nets,Tiaty yanyorire egesusuro ekenene ase 40% ya abamenyi baye koambokerigwa. Abanto 2 basiririe amagima abo goetera oborwaire bw’Esosera. Eserekali nkoenana ere chineti chirwariri.
1338,Health,PSA,"War on malaria gets a major boost. New drug Argesun deployed in Nyanza. Drug to help ICU patients, children with Malaria","Esegi yokobua Malaria yamentekanire. Eriogo rigeni ria Argesun riatumekire Nyanza. Eriogo riogokonya abarwaire bare ICU, abana babwate Malaria."
1339,Health,PSA,Govt kicks of distribution of mosquito nets. Govt aims at distributing 15.3M treated nets,Eserekali yang’eire koenana chineti. Eserekali nigo erengete koenana chineti chirwariri 15.3M
1340,Health,PSA,Health officials deploy drones to combat malaria in Busia County,Aboobisa ba Afya/Oborwaria batumekire chindege erio korwania Malaria ase ekaunti ya Busia
1341,Health,PSA,"Kenya among 12 African countries to get 18 million doses of malaria vaccine by 2025, WHO says priority will go to countries with the greatest need.","Kenya nigo ere gati ye’chinse 12 chia Afrika chiranyore chodosi chomilioni 18 chia chanjo ya Malaria goikera omwaka o 2025, WHI nigo egoteba egotang’ana koa chinse chiria chibwate okogania okonene."
1342,Health,PSA,"Malaria vaccine advisory: More children in malaria endemic counties to be vaccinated. WHO has given an approval for expanded use of the vaccine. 275,000 children partially jabbed, 45,000 are fully vaccinated. Data shows the number of malaria cases has gone down ","Obosemia bwa esindani ya Malaria: Abana abange ase chikaunti chikunire na malaria mbanyore esindani. WHO yaetirie ogotumeka mono gwesindani eyuo. Abana 275,000 babetirwe ake, 45,000 babetirwe yonsi. Data yaorokirie ing’a malaria yakeire."
1343,Health,PSA,"We encourage people to seek treatment at health care facilities once they experience any symptoms.  When you seek treatment early, you protect yourself against severe malaria.","Nigo tokobaa omoyo abanto bachi kirigia oborwari ase chinyagitari nsa chinde chionsi bagotwara ebimanyererio binde bionsi. Ekero okorigia oborwari mapema, nigo ogwetanga konyora esosera embe."
1344,Health,PSA,The Ministry of Health aims to scale the uptake of the malaria vaccine among children aged between 6 months to 14 years.,Ewizara ya Afya yarigiri komenta enamba ya abana bagotumia esindani y’Esosera/malaria ime ya abana bare emetienyi 6 goika emiaka 14.
1345,Health,PSA,"MoH dispatches 10 Cuban experts to Kakamega, Siaya, Kisumu, Bungoma, Busia, Vihiga, Homa Bay and Migori counties in the fight against malaria with biological methods.","MOH yatomire abaataalamu 10 ba Cuba gochi chikaunti chia Kakamega, Siaya, Kisumu, Bungoma, Busia, Vihiga, Homabay na Migori ase esegi yogokora Esosera ase ogotumia chinchera chia kibayolojia."
1346,Health,PSA,"Happy World Malaria Day! Here’s to raising awareness, protecting our communities, and pushing closer to a world free from malaria.","Rituko rigiya ria Malaria ase Ense! Igaa n’ase eng’encho yokomenta obomanyi, korenda ebisaku biaito, na gosuguma gochia ase ense ebwate obosibore korwa ase Malaria."
1347,Health,PSA,"Did you know the Kenya Red Cross Society offers free on-call counselling services 24/7? Call us on 1199 and we will be there for you.

Since January-June 2019, our Mental Health and Psychosocial Support Services team attended to 513 calls.","Inee, nomanyete ing’a Kenya Red Cross Society mbabwate obosemia bwa bosa goetera esimi 24/7? Toakere esimi ase 1199 nao tore ase eng’encho yao.
 
 Koru Januari-Juni 2019, chitimu chiaito chia Afya y’obongo amo na Obokonyi bwa kisaikolojia nchiabwatire chisimi 513"
1348,Health,PSA,"When we open up and talk about what is affecting our mental health, those issues become bearable. They become less distressing, less overwhelming and less worrying. Reach out to us on 1199 and we will be there for you.","Ekero tokoigoka twakwana igoro y’ebinto bigochanga afya y’amongo aito, ching’ana echi nigo chikogusua. Nigo chigotiga goichania, tichiri koritoa naende tichirigotwara omoichano omonge.
 KWana n aintwe ase 1199 naintwe ntweariganie ase eng’encho yao."
1349,Health,PSA,Connect with others and be part of positive relationships.Building positive associations with people is good for your mental well-being,Umerana n’abande erio obe ensemo y’obogisanio obuya. Okoagacha obogisangio obuya n’abanto nigo kore okuya ase afya yao y’obongo.
1350,Health,PSA,Its not unmanly to struggle.Check on the men in your life.,Tiriri ing’ana ria kebosacha gochandeka. Barigererie abasacha bare ase obogima bwao.
1351,Health,PSA,"Definitition of schizophrenia,causes,symptoms,diagnostic tools and treatment.","Eng’encho ya skizofrenia, egekorenta, ebimanyererio, ebifaa biokorenga amo na oborwaria."
1352,Health,PSA,"Definitition of bipolar,causes,symptoms,diagnostic tools and treatment.","Eng’encho ya bipolar, ebimanyererio, ebifaa biokorenga amo na oborwaria."
1353,Health,PSA,"Indicators of stress:easily irritable,anxious,panic attacks,sleeping problems,social withdrawal,irritability","Ebiorokererio bi’ebirengererio: okokgechigwa bwango, enda egotera amache, chimbaa/obwoba, obokong’u korara, gweatanana na abande, okoromwa."
1356,Health,PSA,"Techniques like deep breathing,walking or time outdoors are universal tools for managing daily stressors.","Chingencho buna koeyana mono, gotara gose kobuta isiko n’ebikoreri biogotenenera ebirengererio bia kera rituko."
1357,Health,PSA,"Mental health conditions like depression can lead to physical symptoms such as fatigue and illness, highlighting the strong mind-body connection","Ebiorokererio bia Afya y’obongo buna ebirengererio nabo bikorenta ebimanyererio bia kemobere buna omoroso na oborwaire, na igo kworokia okobwatana gati ya obongo na omobere."
1358,Health,PSA,"This World Mental Health Day, lets prioritize mental well-being at work! A supportive environment is key to a healthy workplace. Check in on your colleagues today!","Rituko eri ria Afya y’Obongo ase Ense, tiga totang’anie ogokina gwa kebongo ase emeremo! Amazingira amaya nigo are ay’eng’encho ase afya, ase chinsemo chiemeremo. Kwana nabamino rero!"
1359,Health,PSA,Mental well-being is essential for a productive and healthy workplace. Prioritize mental health just as you would physical health.,Okoba buya kw’obongo nigo kore okw’engencho gotwara chinsemo chiemeremo chibwate okobioka na afya. Tang’ania afya y’obongo buna oratanganie eya kemobere.
1360,Health,PSA,Talking about mental health breaks the stigma and helps others open up. Lets create a supportive environment for all.,Gokwanera igoro ya afya y’obongo nigo kogokonya gosaria obochayi na gokonya abande gosiboka. Tiga toagache amazingira y’obokonyi ase bonsi.
1361,Health,PSA,Government distributes mosquito nets in malaria fight. Kilifi County is one of the beneficiaries. Nets program was flagged over procurement irregularities. MOH wants to distribute 15M nets in 22 counties,Eserekali yaenanire chineti as esegi ya Malaria. Ekaunti ya Kilifi neyemo yabo ase chiria chigochi konyora. Omoroberio bwe’chineti nigo oetwe oborabu igoro ya ogotabwati amachiko y’ogochigora. Ewizara ya Afya nigo etagete koenana chineti milioni 15 ase chikaunti 22
1362,Health,PSA,Kenya confirms 12 more COVID-19 cases bringing total number to 246. Health CS Mutahi Kagwe says 5 of them are hotel workers.,"Kenya koenekia okomentekana Kwa abwarwaire 12 bande ba COVID-19, bonsi ase oboamo goika 246 .
 Omoteneneri Bwa obochenu agoteba buna batano ase ana,nawakori egasi ba omobogani/hoteli."
1363,Health,PSA,"Over the last 24 hours we have tested over 300 Kenyans, out of those 22 have tested positive for covid-19 (13-males, 9-females). 21 out of the 22 cases are people who are currently in quarantine","Ase chinsa 24 chiaetire, twarengire abakenya goetania 300, ase abwo, abanto 22 baenekigwe gotwara COVID -19 (13-abasacha, 9,abasubati).
 Ase abwarwaire abwo 22,21 mbaria babekire ensemo na gotangwa gotara ase' engecho ya ogotanga kombwakera."
1364,Health,PSA,"Religious leaders under World Council of Churches urge governments and donor countries to increase Global Fund support, to aid sustainable responses to HIV, tuberculosis, and malaria.","Abarai be chidini nse' ya oborai bwe chikanisa ase ense engima,bakoboria chiserekari na Chinse chia okorwa obokonyi,komenta obokonyi Bwa ekegancha Kia ense erinde gondereria emeroberio ya oborwaria Bwa enyamoreo,Esese na Esosera."
1365,Health,PSA,"The US government’s freeze on foreign aid, especially through USAid has caused major disruptions in Kenya’s health sector, particularly in HIV, malaria, and tuberculosis programmes that heavily rely on donor support.","Gotenenia obokonyi gochia chinse chia isiko gw'Eserekali ya America mono goetera USAID kwaretire obotutukanu ase ensemo ya obochenu ase ense ya kenya,monomono ase emeroberio ya oborwaria Bwa Enyamoreo, Esese na Esosera,eyio egosemeria ase obokonyi obwo."
1366,Health,PSA,There is no local transmission of malaria in Nairobi. If you have been a full time resident of Nairobi and you get sick with fever the probability that it is malaria is close to zero.,"Koambokera kwa Esosera tikoiyo, ime ya ensemo ya Nairobi. Onye kore omomenyi o Nairobi rioka ase engaki entambe na enyarekane kwarwarire na gotwara riberera,okonyarekana gwa okoba ne Esosera tikoiyo."
1367,Health,PSA,Rising temperatures elevate the risk to Nairobi's malaria-free status,"Ogokina Kwa riberera,gokomenta okonyarekana Kwa Esosera gotabao ase ensemo ya Nairobi"
1368,Health,PSA,"Malaria mortality rate rises to pre-pandemic levels, WHO report shows at least 597,000 people succumbed to the disease last year.","Eripoti koru ase WHO nigo ekoorokia buna amakweri korua ase Esosera amentekanire goetania ebirengo magega ya ogoateka . Ase nse pi abanto 597,000,mbasiretie amagima kobwatekana na Esosera omwaka oera."
1369,Health,PSA,"Mission for Essential Drugs and Supplies suspends orders for USAID-funded essential drugs, move likely to affect the distribution of HIV and malaria drugs","Ekeombe Kia Amariogo aria aganirie mono, gotenenia okobagwa Kwa amariogo ye eng'echo korua ase USAID, egetambokero keranyare koreta obokong'u ase okobagwa Kwa amariogo a Esosera na Enyamoreo."
1370,Health,PSA,"Devastating flooding in South Sudan is affecting around 1.4 million people, with more than 379,000 displaced, according to a United Nations update that warned about an upsurge in malaria.","Embura embe y'eora ase ense ya south Sudan yaretire obokong'u ase abanto 1.4million na goetania 379,000 baborirwe ase okomenya kobwatekana na okoraria gwa ekeombe Kia Obomo Bwa Chinse ekio kiabete kegokurera okomentekana ase Esosera."
1371,Health,PSA,"The Ministry of Health has reassured the public that there will be no shortage of essential drugs, including those for malaria, HIV/AIDS and TB for at least the next one year. ",Ewizara ya Afya yabaenekeirie abakenya buna amariogo ye ng'echo takobora gose gokea amo na aya Enyamoreo na esese ase omoaka oyomo okobwatia.
1372,Health,PSA,Kenya to release genetically modified mosquitoes to fight malaria,Kenya gosokia chiumbu chionchoire amanyinga/DNA chinyare korwania malaria
1373,Health,PSA,"To lower cases of HIV/AIDS, Tuberculosis and Malaria, and enhance the vaccines and immunisation programme in the country, I have proposed Sh28.7bn for the Global Fund and Sh4.6bn for vaccines and immunisation programmes.","Gokeiyia oborwaire bwa Enyamoreo, Esese na Esosera na kogendereria emeroberio ye'chisindani chia ogotanga amarwaire aya, ase okorora kwane ndatebe, sh28.7 billion ase ekegancha gi'Ense na sh4.6bilion ase emeroberio ya chisindani chia ogotanga amarwaire."
1374,Health,PSA,"You are six times more likely to get malaria if you visit Busia, Tana River, Kakamega, Bungoma, Kilifi, Kisumu, Trans Nzoia, Elgeyo Marakwet and Nandi counties, according to the latest data from the Ministry of Health.","Kobwatekana na eripoti ya bwango iga korua ase Ewizara ya Afya, nabo ekonyarekana mara gatano na rimo aye korwara malaria ,koratarere chikaunti chya ,Busia,Tana River,Kakamega,Bungoma,Kilifi, Kisumu,Trans Nzoia,Elgeyo Marakwet na Nandi."
1375,Health,PSA,Scientists have found that a mosquito species blamed for malaria transmission in eastern and southern Africa has developed resistance to a long-used insecticide in the region.,"Abanasayansi banyorire ng'a eumbu ekoambokeria Esosera Africa ya mocha na irianyi, yatwarire okonara na korwania eriogo ria ogoita chiumbu erio riatumekire ase engaki entambe ase chinsemo echio."
1376,Health,PSA,"Malaria's gendered burden: Recent floods heighten risk for women, girls","Omosigo Bwa Esosera ase abakungu/abasacha:
 Embura enyinge nigo ekomenta okonyarekana Kwa obobe gokorekana ase abasubati na chinyaroka"
1377,Health,PSA,"The Health Ministry also said the 2023/2024 mass net distribution campaign was launched in Homa Bay County on November 15, 2023, with 830,862 nets distributed, covering 91 percent of registered households.","Ewizara ya obochenu nigo yateba ,omoroberio Bwa okoenana chineti ase obonge nigo ochagetwe ase ekaunti ya Homabay chitariki 15, November 2023, na chineti kobagwa goika 830,862, igo goikerania ekerengo Kia 91% ase chinyomba chiarigetwe."
1378,Health,PSA,Communities in Baringo fight back against malaria with local solutions and mosquito nets,Ebinyoro ime ya Baringo korwania oborwaire bwa Esosera ase ogotumia ching'encho chiabo amo na chineti.
1379,Health,PSA,"A malaria vaccine tested in Kenya gains WHO prequalification, costing as low as Sh300, becoming the world's second vaccine on the global prequalified list.","Eriogo ria esindani y'ogotanga Esosera, riabeire rigotemwa ase Ense ya Kenya rianyarire goancherwa na goetigwa ase ekerengo egetang'ani na WHO. Nigo rikoonigwa sh.300, naende riabeire esindani ya kabere ase amariogo aria aetirigwe ase ekerengo ekio ."
1380,Health,PSA,"Global Fund, through the Kenya Medical Supplies Agency, is distributing mosquito nets in malaria-endemic regions across the country","Ekegancha gi'ense, goetera ase ekampuni y'okobaga amariogo amo na ebinto ao ao bi'oborwaria, nkobagakere chineti ase chinsemo ao ao chi'Ense ya Kenya chiria chibwate Esosera kera engaki ."
1381,Health,PSA,"Malaria mortality has fallen back to levels seen before the Covid-19 crisis, the WHO said Wednesday, but called for faster progress against the disease that killed nearly some 597,000 people last year.","Ogosiri obogima goetera ase oborwaire bw'Esosera gwakeire goikera ekerengo kiarenge nyuma ya Ogoateka gwa COVID-19, WHO yatebete rituko ria tichi gatato, korende gekagania amagenderero abwango korwania endwari eye, yagerete abanto 597,000 gosiria amagima abo,omwaka oera."
1382,Health,PSA,10.9m treated mosquito nets to be distributed across 22 counties in fight against Malaria,"Chineti chie'chiumbu 10.9m chibekire eriogo ,kobagwa ase chikaunti 22 ase esegi ya okorwania Esosera."
1383,Health,PSA,"Kenya signs six Global Fund grants amounting to Sh59.7 billion to support HIV, TB and malaria interventions; funding to strengthen health and community systems over three years.","Kenya kobeka eseii obokonyi bwa chibilioni sh.59.7 korua ase ekegancha gi'ense'/Global Fund, echio chigokonya gosira emeroberio ya oborwaria Bwa Enyamoreo Esese na Esosera, ogoakana oko nigo kogokong'ia oborwaria naboigo chitini chiebisaku ase emiaka etato"
1385,Health,PSA,World Malaria Day: Kenya Joins the World in Commemorating Malaria Day.,Rituko ria Esosera ase Ense: Kenya kobwatekana na ense engima ase okoarigania na gochengera rituko ria Esosera ria Ense .
1386,Health,PSA,There is a silver lining in the fight against malaria after Kenya was listed alongside 12 other African countries set to receive 18 million doses of the first-ever malaria vaccine in the next two years,Amagenderero amaya nareo ase esegi y'okorwania Esosera kobwatia Kenya kobarwa amo na Chinse chinde 12 chia Afrika echio chirengire koegwa chidosi 18million chia esindani entang'ani ya eriogo ri'ogotanga Esosera ase emiaka ebere ekobwatia.
1387,Health,PSA,"Counties in the northern part of Kenya are recording a high prevalence of malaria, a trend that is worrying scientists, especially with the invasion of a new species of mosquito in the country.","Chikaunti ase ensemo ya Sugusu ya Kenya korikia okomentekana okonene ase Esosera, eng'ana yaretire ogoichana ase abaringoria, mono kobwatia ogotoka gwe'chiumbu chingeni ime y'ense."
1388,Health,PSA,The Ministry of Health is planning to conduct a massive malaria vaccination drive after the WHO warned of a surge in mosquito-borne diseases due to global warming,Ewizara ya Obochenu yarobeirie ekampeini enene ya esindani ya eriogo ria ogotanga Esosera nyuma ya WHO koraria okomentekana ase amarwaire aria akoambokerigwa na chiumbu kobuatia ogokina Kwa riberera ase Ense.
1389,Health,PSA,Fight against malaria faces fresh threat from new deadly mosquito species,Esegi ya okorwania Esosera gotwara esosobe enyia koru ase chiumbu chingeni echire chimbe mono.
1390,Health,PSA,The Kenya Medical Research Institute (Kemri) has dispatched a team of experts to Marsabit to collect samples for tests after nine people died.,Ekiombe kiobotuki bw’obonyagitari (KEMRI) giatomire abanto babo marsabit korenga abanto magega ya abanto kianda gosiria amagima abo.
1391,Health,PSA,"Kenya receives 10,700 doses of Mpox vaccine to curb disease spread, Health Ministry says; 67 cases confirmed since July 2024.","Kenya yanyorire chidosi 10,700 chiesindani ya ogotanga Mpox erinde gotanga okoambokeria .Ewizara y’Oborwaria nigo yateba koru omotienyi o gatano na kabere, abanto 67 banyorire oborwaire obo."
1392,Health,PSA,"Kenya confirms surge in Mpox cases, tally now at 137 with Busia, Mombasa and Nakuru counties leading with highest number of infections.","Kenya yaenekirie okomenteka ase okoambokera Kwa Mpox, na goikera bono, abarwaire nigo bare 137 ase chikaunti chia Busia,Mombasa na Nakuru chitang’aine ase okoambokera kwa igoro."
1393,Health,PSA,"36 cases of Mpox reported so far in Kenya, two persons admitted and one patient receiving home-based care.","Goikera bonoiga, abanto 36 baenekigwe gotwara oborwaire bwa MPOX ime ya Kenya, abanto babere batangire nyagitari na oyomo akorwarerigwa nyomba ."
1394,Health,PSA,Kenya confirms three new Mpox cases in Busia; Health Ministry warns of a high risk of importing Marburg and Ebola viruses from neighboring Tanzania and Sudan.,Kenya yaenekirie abanto batato gotwara oborwaire bwa MPOX ase ekaunti ya Busia. Ewizara ya Afya yakureire okonyarekana gw'okwambokeria ebirusi bya Marburg na Ebola korwa Chinse jirani chia Tanzania na Sudan.
1395,Health,PSA,"WHO extends Mpox alert, says virus remains public health emergency of international concern, 37,000 cases recorded with 125 deaths since 2024.","WHO yamentire gokurera igoro ya Mpox, yatebire ng’a ebinyinyi ebio nigo biatigaire koba omoaganano ase oborwaria ense engima, okoambokerigwa 37,000 kwarekotigwe na abanto bakure 125 koru 2024"
1396,Health,PSA,"The Ministry of Health has confirmed three new Mpox cases in Busia County, bringing the total number to 42 since the outbreak in July 2024.","Ewizara ya Oborwaria yaenekirie abanto bande batato korwara MPOX ase ekaunti ya Busia, yaikirie enamba y'abarwaire goika 42 koru ogoateka Kwa Mpox,julai 2024"
1397,Health,PSA,"The Ministry of Health has confirmed two new Mpox cases, bringing the total number of infections to 33 since the outbreak began.","Ewizara y'Oborwaria yaenekirie abanto bande babere gotwara MPOX , yamentire esabu yonsi koba 33 koru ogoateka."
1398,Health,PSA,"Every day, we are vulnerable to a new outbreak, disease, pandemic or virus. Recent ones include the Marburg virus, Mpox, Ebola, Zika and the nightmarish experience we faced during the Covid-19 pandemic.","Kera rituko, ntore ase obokong'u bwokonyora oborwaire obonyia,gose ogoateka Kwa oborwaire bonde bwensi .
 Chindwari chia ange iga ng'amo na Mpox, Ebola, Zika na obokong'u obobe twaetera engaki ya ogoateka Kwa COVID-19"
1399,Health,PSA,"Five new Mpox cases confirmed in 12 counties, including Nakuru and Mombasa, raising the total to 28; Health CS Deborah Barasa reports one death and eight under care.","Abwarwaire bande batano koenekigwa koambokerigwa Mpox ase chikaunti 12,ase echio Nakuru na Mombasa kobao.
 Omoriki o botambe bw'Oborwaria CS Deborah Barasa otebire ase abwo,oyomo osiriri obogima bwaye na 8,mbagenderetete korwarigwa."
1400,Health,PSA,"Kenya confirms two new Mpox cases in Kericho and Taita Taveta counties, raising total to 33; Health Ministry urges schools to enhance safety measures to curb spread.",Kenya yaenekirie abanto babere bande koambokerigwa Mpox ase chikaunti chia Kericho na Taita Taveta goikia enamba yonsi ase amo abarwaire 33.Ewizara y'Oborwaria yasabire chisukuru gokong'ia emeroberio y'ogotanga okoambokerigwa.
1401,Health,PSA,"Kenya's Ministry of Health has urged citizens to strictly adhere to mpox preventive measures as the number of cases continues to rise, with children being particularly vulnerable.","Ewizara y'Oborwaria yabasabire abakenya kobwatereria mono ebitambokero bia ogotanga okoambokera Kwa Mpox, kobwatia okomentekana Kwa abanto barwarete,na abana koba ase obokong'u mono bw'okwambokerigwa."
1403,Health,PSA,"A healthy mind drives workplace success. Prioritizing mental health boosts morale, reduces stress, and improves productivity","Obongo bobwate afya engiya nigo bokorenta obobui as'emeremo ogokora.
 Gotang'ania afya y'obongo nigo gokomenta omokia as obogima, gwakeania ebirengererio, na komenta ebitoki/amagenderero."
1404,Health,PSA,"Taking care of your mental health is as important as your physical health. A healthy mind leads to a happier, healthier life.","Korenda afya y'ebirengererio biao nabo ebwate oborito buna korenda afya y'omobere oo.
 Obongo bobwate afya engiya nigo bokorenta obogima obuya bobwate afya."
1405,Health,PSA,"What do you do to prioritize mental health?
Talking about it is a great first step.","Ninki orakore koa afya y'obongo ribaga rigiya?
 Gotwara chinkwana igoro yaye nase agiya yogochakera."
1406,Health,PSA,"Ministry of health has confirmed the first coronavirus case in Kenya. The Kenyan citizen returning from the US to Nairobi via London on 5th March. She was confirmed positive by the national influenza lab. However, the patient is stable","Ewizara y'Oborwaria okwambokerigwa ogotang'ani kw'ebinyinyi bia Korona ime ya Kenya. Omokenya oyuo orenge koirana koru US goetera London aike Nairobi chitariki 5 Machi. Nigo atogete n'ebinyinyi magega y'okorengwa n'enyomba y'oborengi bw'ebinyinyi y'eserekari. Nonya nabo, omorwaire oyuo mbuya are."
1407,Health,PSA,Gov't calls for wearing of masks as country battles 6th Covid-19 wave,Eserekari yarure ogochika kobeka chimaski buna ense egendererete korwani omorindo o 6 o Covid-19
1408,Health,PSA,"All public gatherings meetings, games, events, church crusades have been suspended. Churches can have services as long as they have sanitizer. Schools to remain open but inter school games are cancelled","Emesangererekano yonsi, chigosori, emeyega amo na emesangererekano yechikanisa yatenenigwe. Chikanisa nabo chikoba ne chimisa chiabo onye rioka chikobeka esabuni yogosibia amaboko. Chisukuru nabo chigotigara koigorwa korende chigosori gati ye chisukuru chiatenenigwe."
1409,Health,PSA,Mandatory wearing of masks in public and open spaces is now lifted,Richiko ri'okobeka chimaski ase abanto abange na isiko riarusigwe aroro.
1410,Health,PSA,"Your health is our priority! No one should face TB alone. Get tested early and access FREE treatment at your nearest public health facility.
Together, we can end TB in Kenya!",Afya yao ney'eng'encho ase tore. Onde taiyo oganeire korwani TB ere bweka. Rengwa mapema onyore okogwenigwa kwa bosa ase enyomba y'oborwaria ere ang'e naye. Ase obomo nabo tokonyara gokora TB ime ya Kenya.
1411,Health,PSA,"By recognizing the humanity of individuals with mental illnesses, we can cultivate a more compassionate and understanding society.
If you or someone you know needs psychosocial support, please don't hesitate to reach out to us at our toll-free number, 1199","Ase okomanya obonyamwanabanto bw'abanto abare na amarwaire y'obongo, ntonyare gokinia eamate ebwate amabera na obomanyi obonge. 
 Onye aye gose omonto omanyete naganetie obokonyi bw'ebirengererio, koranche tonyorwa gokwana naintwe goetera ase e'namba yaito y'esimi etari goakanerwa, 1199"
1412,Health,PSA,"Educate yourself on mental health issues, so that you can be an ambassador of change, speaking against mental health stigma. Stigma & discrimination are major barriers to accessing mental health services. Choose to live an empowered life, fight the stigma.","Esemie ase amang'ana ya oborwaria bw'obongo, erinde obe omoteneneri bw'oboonchoreria, okonengeta ase amang'ana ya oborwaria bw'obongo. Okonengeta ne eyemo ase ebikongo ebinene ase abanto korigia korwarigwa oborwaire bw'obongo.
 Chora komenya obogima Bwe chinguru ,rwania okonengeta."
1413,Health,PSA,"Take a journal and note down how your days are and how you're feeling.

Examine your thoughts written over time and soon they become clearer and hidden thoughts and feelings come to the surface to bring a more complete light to the situation.","Bwata egetabu,rika inaki amatuko ao are, nakomenta buna oigwete.
 Erigererie na gotuka ebirengererio biago biria kwarigete korua nyuma na bwango iga ebirengererio ebio bikogusua na biria biebisete biarorekana naboigo yarenta oborabu ase eng'ana eyio."
1415,Health,PSA,There is no health without mental health,Borwaria tiboiyo one oborwaria bw'obongo tiboiyo
1416,Health,PSA,"Take a deep breath and relax. Listen to your body. If youre really tired, give yourself time to sleep. Without good sleep, our mental health suffers and our concentration goes downhill. Sometimes the world can wait.","Ng'usa omoeso omana gotoerera.Tegerera omobere oo.Onye kwarosire mono,twara chingaki chi’ogotimoka. Kero totarikonyora chitoro boikeranu, ebirengererio biato nigo bigochandeka. Ebirengererio biato nigo bikogenda inse. Chinsa chinde tiga ebinto binde biratimoka."
1417,Health,PSA,Responding to mental health issues for people with disabilities is critical.Do you know someone who would need someone to talk to?SMS support to 20767 to get access to a counsellor.,"Goikerania amagania y’oborwaria ase abanto babwate ebirema nokw’engencho mono. Inee, nomanyete monto onde oganetie oyo agokwanera? Toma emesechi “support” gochia 20767 erio onyore omosemia."
1418,Health,PSA,Healthy minds create healthy workplaces. Lets foster environments that prioritize mental health and support employees well-being,"Ebirengererio bichenegete, ebigokonya korenta obuya ase ogokora egasi .
 Tiga torosie ase emeremo agaya tosire oborwaria bw'obongo na abakoria egasi bachenegete na baikeranete ase chinsemo chionsi."
1419,Health,PSA,"Mental Health Check-Up Time!Mental Health Check-Up Time!
Your mental health is just as important as your physical health. Take a moment to check in with yourself today.
1. How are you feeling emotionally?
2. Are you getting enough rest?
3. Are you eating well?
4. Have you been active lately?
5. Do you need to talk to someone?
Remember, it's okay to seek help if you need it. Your mental well-being matters!","Oborwaria bw’obongo bwao nigo bore obw’engencho buna oborwaria bwa kemobere. Ira chinaki bwe’ringorie rero.
 
 1.Naki bweigwete enkoro?
 2.2. Inee, nkonyora ore ogotimoka goisaine?
 3.Inee, nkoragera ore buya?
 4.Inee, kwabeire kogokora a masoesi bwango iga?
 5.Inee, noganetie gokwana n’omonto?
 Inyora ng’a, mbuya korigia obokonyi ekero oboganetie. Obongo bwao oboikeranu n’egento kiengencho!"
1421,Health,PSA,"Safe walking and cycling contributes to healthier lives preventing Non- Communicable diseases such Cancer, diabetes and hypertension and improves ones mental health","Ogotara okuya na okorundia enyange nigo bigosiira obogima obuya, biatanga amarwaire atarikoambokera buna Cancer,Esukari na presha naboigo koreta oborwaria bw'obongo ase omonto ."
1422,Health,PSA,"Alcohol addiction is a severe issue affecting many Kenyans, and the prevalence of illicit brews in the Mt. Kenya region exacerbates this problem. Local health facilities need to be well-equipped to handle mental health issues, which can drive people into alcohol addiction","Okonywa amarwa goetania, n’omochando omonene ase Abakenya abange, na amarwa amatari ase chinsemo chia Mt. Kenya nigo akomenta omochando oyo. Chinyagitari nchibwenerete gotwara ebinto bia obokonyi na koebanga gokonya emechando ya obirengererio ebio bikogera abanto gosoa ase okonywa amarwa goetania."
1423,Health,PSA,"Women face unique challenges in addiction treatment such as trauma, mental health, stigma & caregiving roles. Gender responsive care are is not optional, it is essential","Abasubati nigo bakonyora emechando ya bene ase oborwaria bw'oboswanya, buna ogochandeka ebirengererio, oborwaria bw'obongo, okonengetwa naboigo na egasi ya korenda abanto bande. Obokonyi botarigwancherera basacha gose abakungu tari ng'ana riogochora, neriengencho mono."
1424,Health,PSA,Schools can be safe havens for mental health education,Chisukuru Nabo chikonyara koba chieng'encho mono ase obosemia bw'oborwaria bw'obongo/ebirengererio.
1425,Health,PSA,Set boundaries and fuel your mind with positive vibes,"Ebekere chimbebe ,na gokinia obongo bwango ase amang'ana Amaya y'ogokinia."
1426,Health,PSA,"This Mens Mental Health Awareness Month, lets break the silence. Society often tells men to ""be strong,"" but real strength lies in acknowledging your struggles and reaching out.

1. Speaking up isnt weaknessits courage.
2. Your feelings are valid.
3.You dont have to face it alone.

Whether its stress, anxiety, depression, or just feeling overwhelmed your mental health matters. Talk to a friend, a counselor, or a support group. Asking for help is a sign of strength, not failure.
 You are human. You deserve support. You are not alone.","Ase Omotienyi oyo bwokoraria obosemia igoro ya oborwaria bw'obongo bwa Abasacha,Totige gokira,tokwane.Twanarire gotebia Abasacha babe abakong'u ,korende ogokong'a boronge nogoitaba emechando na korigia obokonyi.
 
 1.Gosanga gose gokwana tari borosu, ne'chinguru
 2.Nchera ende yonsi okoigwa ,mboronge.
 3.Torwania emechando yao aye bweka. 
 
 Oborwaria bw'obongo bwao nigo bore bw'engencho, neba n'ebirengererio, gose omoroso. Kwana n'omosani, omosemia, gose ekeombe ki'obokonyi. Koboria obokonyi nokworokia chinguru, tari okogwa."
1427,Health,PSA,"Did you know? Your sleep quality directly affects your mental health!

1.Aim for 7-9 hours of restful sleep each night.
2. Avoid stimulants like caffeine or drugs before bed they disrupt your Zzzs!
Prioritize your rest, recharge your mind, and wake up refreshed!","Nomanyete? Enchera okorara chitoro nigo chigokuna oborwaria bwebirengererio biago.
 
 1.Renga korara ase chinsa7-9 kera obotuko.
 
 2.Etange na amariogo amo na ebinyugwa buna ekahawa nyuma otarara, ebikogosareria chitoro
 Beka motwe ogotimoka kwago, chaji obongo bwango ,erio oboke gosasogete!"
1429,Health,PSA,"Sports and exercise offer a multifaceted approach to preventing substance use during school breaks. They provide structure, boost mental health, foster social connections and help students build healthy habits that protect against risky behaviors","Chigosori na ebisaisi nigo bikonya ase chinchera ao ao,gotanga obokoreri bw’amariogo ya oborebi chingaki chi’erusa yechisukuru.
 Ebigokonya korenta omoroberio, gosira oborwaria bw’ebirengererio,korosia oboamate Obuya na gokonya abana be’chisukuru koagacha chingencho chindonge echio chikobatangakoru ase chitabi chimbe."
1430,Health,PSA,"Just like your annual doctors visit, your mind deserves a check-up too","Buna ekero okogenda nyagitari kera omwaka korora omonyagitari, obongo bwao nabwo mboganeti korengwa."
1431,Health,PSA,"Feeling low?  Reaching for alcohol wont lift you up  its a depressant that can make things worse.

Choose real healing: talk to a counselor, join a support group, or reach out for help.","Ochandegete ebirengererio? Konywa amarwa tikogokoa chinguru, neriogorigosaria amang'ana mono.
 
 Chora okogwena okoronge, Gamba na omosemia na kwebeka amo na ekeombe Kia ogokonyana, boigo Nabo ogokwana naintwe ase obokonyi"
1432,Health,PSA,"Fuel your body, feed your mind!
What you eat, how you move, and what you avoid directly shapes your mental health.

Choose clean eating, stay active, and say NO to harmful substances.

Your future self will thank you!","Kae omobere oo chinguru, rageria obongo bwao!
 
 Keria okoria, orogendo rwao na keria otari gokora nigo bikwagacha afya y'ebirengererio. 
 Chora koria obochena, genderera gokora amasoesi na otebe YAYA ase ebinto birarete amakong'u.
 Obomonto bwao bwa bosio mbokoiraneria mbuya."
1433,Health,PSA,"Stressed about money? Dont gamble with your mental health!
When finances feel overwhelming, its tempting to chase ""quick fixes"" like gambling or substance usebut these only make things worse. Instead, take control by seeking free financial counseling and building healthy money habits.
Your mental health matters. Choose smart solutions over short-term risks.","Nobwate ebirengererio igoro ye chibesa? Toaka oboche na afya yao y'obongo. 
 Ekero chibesa chiaichoire, nigo chigokoa ebirengererio bia ""chinchera chia bwango"" buna oboche gose gotumeka amariogo yogotindi-korende ebi nigo bigokora amangana koba amabe goetereria. Ribaka riaye rigia chinguru chi'okorigia obomanyi bwe chibesa otari gwakanera na koagacha chingencho chingiya chie chibesa..
 Afya yao y'obongo ney'engencho. Chora chinchera chingiya kobua obokongu bw'engaki enke."
1435,Health,PSA,Consider therapy or counseling. A mental health professional can provide strategies to cope with stigma and help you develop a positive self-image,Rengereria obogwenia gose ogokwanerwa kw’obosemia. Omomanyi bw’oborwaria bw'obongo nabo akorwa chinchera chi'okorwania obokongu obo na gokonya kwemanya buya aye omonyene.
1436,Health,PSA,Societal pressures and gender-based discrimination can contribute to stress and mental health challenges.,Okobetererigwa korwa ase eamate na ogwanchereria gw'ensemo eyemo yoroiboro nabo bikorenta ebirengererio ebinge na obokong'u bwe'eafya y'obongo.
1438,Health,PSA,Understanding mental health issues can empower you to challenge misconceptions. Share accurate information with friends and family to promote awareness and reduce stigma,Koba n'obomanyi bw'amangana y’oborwaria bw'obongo nkonyare kogokonya gokona ebirengererio bio gosiria. Sanga chinkwana chingiya na abasani na efamilia egere ekinie koigwanana na gokeania esekererio.
1439,Health,PSA,Engage in activities that promote mental health awareness and advocacy. This can help create a sense of belonging and purpose.,Sanga amokoro ayare agokinia obomanyi na okorwanerera oborwaria bw'obongo. Eye nabo egokonya gokonya koagacha okoeigwa kwabene na gokonya.
1440,Health,PSA,Communities can come together to support individuals facing both mental health issues and substance use challenges through several strategies,Chiamate nabo chigocha amo ase kobakonya abanto babwate emechando ya afya y'obongo na obokong'u bw'amariogo yogotindi goetera emeroberio emenge.
1441,Health,PSA,"Employers can identify signs of mental health issues in the workplace by observing changes in behavior, such as increased absenteeism, decreased productivity, or withdrawal from colleagues","Abariki chigasi nabo bakonyara komanya ebiorokereri bi’obokong'u bw’oborwaria bw'obongo ase egasi egokoru ase okorora oboonchoreria bw'etabi, buna okoriya emeremo, ogokea kw'emeremo emiya gose kwerusanania korwa ase abokori emeremo bamwabo."
1443,Health,PSA,Ensure there are confidential channels for employees to seek mental health support without fear of retaliation or judgment,Enekia ng'a chinchera chi'ibobisia nchireo ase abakori emeremo korigia obokonyi bw'afya y'obongo batari na obwoba bw'ogoakana egesiomba gose gosibu.
1444,Health,PSA,"Make sure employees are aware of resources available to them, such as Employee Assistance Programs (EAPs), mental health hotlines, or counseling services","Enekia ng'a abakori emeremo mbamanyete chintobokia chiobokonyi chikonyorekana ase bare, buna omoroberio bw'obokonyi ase abakori emeremo (eaps), chisimi chia bwango chi'afya y'obongo gose obokoreri bw'okomanyigwa kwa oboikeranu."
1445,Health,PSA,"As Kenya records rising malaria cases due to climate variability, the just ended World Malaria Day serves as a critical reminder of the need to transform public health initiatives to meet these evolving challenges","Kenya kegendererete korika okomentakana gw’esosera ekorentwa n'obwonchoreria bw'embeo, Rituko Riesosera Ense Engima erio rierete bwango iga nigo rigotumeka buna okoinyora obuya bw'okogania go'onchora emeroberio y'eafya y'abanto bonsi egere enyare korwani amakong'u aya agendererete."
1446,Health,PSA,Communities in Baringo fight back against malaria with local solutions and mosquito nets,Eamate ya Baringo nigo ekorwania esosera goetera chinchera ch'egekoro amo ne chineti.
1447,Health,PSA,Kenya-tested malaria vaccine gets WHO approval,Eriogo ri’esosera erio riatemetwe Kenya riancheranirwe na WHO
1448,Health,PSA,"WHO approves second malaria jab for children, to cost as low as Sh300","WHO yancheranire okoegwa eriogo ria kabere ria esosera ase abana, koba ne rigori ria inse ya sh. 300"
1449,Health,PSA,"Womens mental health can be influenced by hormonal changes related to the menstrual cycle, pregnancy, and menopause. Substance use can disrupt these hormonal balances, potentially intensifying mental health symptoms","Afya y'obongo bwa abakungu nabo bogoturubanigwa na amaonchoreri yo obonyamasi bokobwaterana na okorora erangi, oborito na gotiga korora erangi. Ogotumekwa kwa amariogo yo ogotindi nobo kogoturubani ebirengo abio bio obonyamasi na komenta okororekana koba ne emechando y'eafya y'obongo."
1450,Health,PSA,"Long-term substance use can impair cognitive functions such as memory and decision-making, which can further complicate mental health issues and affect daily functioning",Ogotumeka kwa amariogo y'ogotindi ase chingaki chintambe nabo agosaria okomanya obokori egasi emeremo buna okoinyora na gokora okonacha koramente obokongu bw'eafya y'obongo na gosaria obokori bw'emeremo ya kira rituko.
1452,Health,PSA,"Goal-setting is subjective. It is important to create goals that make sense for you during your recovery journey. If you need assistance in creating realistic and achievable goals, reach out to your mentor, peer, or another mental health professional for guidance and tips","Kobeka ebirenga n’engana ya bene. N’egento ki engencho korosia ebirenga bikogwenerete ekero ore a se esabari y’okogwena. Onye g otagete obokonyi korosia ebirenga ebiya bigoikereka, rigia omosemia oo, oyomino, gose omomanyi onde b w’oborwaria, gose omomanyi b w’oborwaria bw’obongo omomanyi, orakoe obomanyi."
1453,Health,PSA,"Look at your family history of mental illness and addiction, several studies have shown that this disease tends to run in the family, but can be prevented. The more you are aware of your biological, environmental and physical risk factors the more likely you are to overcome them","Rigereria omogano bw'oborwaire bw'obongo amo nokonarereria ase enyomba yaino, obotuki obonge bwaorokirie ng'a oborwaire obo nigo bogotara ase enyomba, korende nabo bogotangwa. Buna okomanya mono igoro y'amang’ana aya are n’obobe ase oboibori, ase obomenyo, na ase omobere, nario oramanye enchera yokoyabua.Rigereria omogano bw'oborwaire bw'obongo amo nokonarereria ase enyomba yaino, obotuki obonge bwaorokirie ng'a oborwaire obo nigo bogotara ase enyomba, korende nabo bogotangwa. Buna okomanya mono igoro y'amang’ana aya are n’obobe ase oboibori, ase obomenyo, na ase omobere, nario oramanye enchera yokoyabua."
1454,Health,PSA,"Develop routines for nutrition, exercise, and sleep. This promotes physical and mental health, contributing to a balanced lifestyle.","Rosia chinchera chiokoragera okuya, gokora amasoesi na korara. Eye nigo egokinia oborwaria bw'omobere n'obongo, erio gosiira komenya obogima oboikeranu."
1455,Health,PSA,Expectant mothers are urged to start antenatal care visits during the first trimester of pregnancy to monitor both mother and babys health. Early check-ups help identify risks and ensure safe delivery.,"Abasubati bebwateranetie basoroirwe gochaka kogenda ekeriniki ase emetienyi emetang’ani etato y’oborito, erio korenga afya y’omwana na ng’ina"
1456,Health,PSA,Health centers are offering free iron and folic acid supplements to all pregnant women to prevent anemia and birth defects. Visit your nearest facility today.,Ebitaseni bi'obogwenia bono nkoenana bire amadini y'echuma na foliki ase abang'ina bonsi bebwateranetie erio gotanga Anemia/ogokeea kw'amanyinga omobere na gotanga oborema bw'okoiborwa. Tarera egetaseni ki'obogwenia kere ang'e naye rero.
1457,Health,PSA,All deliveries should be conducted by skilled birth attendants at health facilities. This ensures safer births and immediate care in case of complications.,Okoiborigwa kogwenerete gokoru na'bamanyi ase chinyagitari .Eye nigo ekoenekia okoiboirigwa okuya na obokonyi bwa bwango obokong'u boisa kobao
1458,Health,PSA,Mothers are advised to exclusively breastfeed their babies for the first six months without giving water or food. Breastmilk provides all the nutrients and protection a baby needs.,Abang’ina nigo bakoborigwa kogonkia abaana babo amabere ooka ase emetienyi etano nomo batari kobaa amache gose endagera. Amabere ayokogonkigwa nigo akoa omwana amadini onsi amo na oborendi atakaeire gotwara.
1459,Health,PSA,"All pregnant women are encouraged to create a birth preparedness plan including identifying a health facility, arranging transport, and saving funds.","Abakungu bonsi bebwateranetie nigo bairwe omoyo barosie omopango bwo’gochi kobiara, amo na gochora enyagitari, kobanga esafari na kogacha chibesa ."
1460,Health,PSA,"Caregivers should follow the national immunization schedule to protect children against deadly diseases such as measles, polio, and tuberculosis.","Abareri nigo bagwenerete kobwatia omoroberio bw'ense bw'echanjo erio korenda abana korwa ase amarwaire amabe buna measles, polio na Esese"
1461,Health,PSA,"For low birth weight babies, Kangaroo Mother Care  skin-to-skin contact  is recommended to regulate body temperature, improve breastfeeding, and boost survival.","Ase abana bari baiboire nechikiro chinke,Huduma ya Mama ya Kangaroo - ogokunana kw'omobere nkoganeirie erio komenta riberera riomobere,okogonka okuya, na komenta obogima."
1462,Health,PSA,"Pregnant women should seek immediate care if they experience severe headaches, swelling, blurred vision, or bleeding. These may be signs of serious complications.","Abakungu bebwateraneti mbagwenerete korigi oborendi bwa bwango ekero bagoatigu omotu ,okobimba omobere ,okoriba amaiso naboigo okorwa amanyinga. Ebi nabo birabe ebimanyererio biobokongu obonene."
1463,Health,PSA,Mothers and newborns should attend postnatal check-ups within 48 hours after birth to detect any complications and promote healthy recovery.,Abang'ina amo n'abana abake bagwenerete kogenda oborengi nyagitari chinsa 48 koru okoibora banyare korengwa erio korigia bobe bonde bwonsi na korotota okobwena kwa bwango.
1464,Health,PSA,"Pregnant women are encouraged to sleep under insecticide-treated nets and take preventive medication to avoid malaria, which poses risks to both mother and baby.","Abakungu bebwateraneti nigo bagosegetwa korara ime yechineti chirwariri goita chiumbu, na konyora amariogo yogotanga Esosera eywo ekobeka omwana na ng'ina ase abe."
1465,Health,PSA,Men are encouraged to accompany their partners to antenatal clinics and support them during pregnancy and after childbirth. Male involvement improves outcomes.,Abasacha baborigwe kogenda n'abakungu babo ase chikliniki na kobakonya ekero bebwateraneirie na ekero baiboire abana. Okoba aroro kw'abasacha nigo kogokinia amatokeo.
1466,Health,PSA,"Pregnant women should consume a balanced diet rich in iron, protein, and vitamins to support fetal development and maternal health.","Abakungu bebwateranetie mbagwenerete koria chindagera chireng’anirie, chibwate amadini y’echuma, chiproteini, amo na evitamini erio gosiira okoba buya kw’omwana ore inda, n’oborwaria bw’oborito."
1467,Health,PSA,Children aged 1 to 5 should be dewormed every six months to prevent worm infections that can lead to malnutrition and stunted growth.,"Abana b’omwaka 1 goika 5 mbagwenerete gosibigwa ebianda ase kera emetienyi etano n’omo, erio gotanga okoambokeria kw’ebianda ebio biranyare korenta enchara na ogotakina buya."
1468,Health,PSA,Caregivers are advised to keep the umbilical cord clean and dry. Do not apply substances like ash or herbs as they may cause infections.,Abareri nigo baborigwe korenda ekenyogu ki'omwana kebe ekerabu naende gekamogete. Mbabaisa goaka ebinto buna ribu gose emete yorosana ekiagera nigo birarente amarwaire
1469,Health,PSA,"Communities should educate and support adolescents to avoid early pregnancies through life skills, counseling, and access to reproductive health services.","Eamate negwenerete okegeria na gokoonya abana abasae gotanga oborito bwa mapema goetera kobaegeria obomanyi bw'obogima, obosemia, na goikera oborwari bw'oroiboro."
1470,Health,PSA,Children under five should receive vitamin A drops every six months to boost immunity and reduce child mortality.,"Abana bare nse y'emiaka etano baganerigwe konyora amadini a Vitamini A ya monu kera emetienyi etano n'omo, erio korenda ogokina kwomwana na gokei amakweri"
1471,Health,PSA,Some cultural practices during pregnancy and childbirth may endanger lives. Communities are urged to adopt evidence-based health practices.,Chingencho chinde chia kare ekero giokwebwaterani amo na okoibora nabo bikobeka amagima akong’u . Eamate yasoroirwe koegia chingencho chi’oborwaria chienekirie.
1472,Health,PSA,"Caregivers should wash hands with soap before handling babies, after changing diapers, and before feeding to prevent infections.","Abareri nigo babwenerete gosibia amaboko amo n’esabuni, batarabwata abana, ekero bakorire kobarusia ebitangachabu na ekero batarabarageria erinde gotanga chindwari."
1473,Health,PSA,Fast breathing and chest indrawing in children may signal pneumonia. Seek medical care immediately.,"Okoeyana bwango, na okong'usa egekuba gochia ime ase abana nabo korabe ekemanyererio gi’ekeuno/nimonia.
 Rigia okorwarigwa bwango."
1474,Health,PSA,Parents should register the birth of their child at the nearest civil registration office. A birth certificate secures a childs legal identity and access to services.,"Abaibori mbagwenerete korikia okoibora Kwa abana babo ase obisi ya korikia ere ang'e.
 Esatibigeti ya okoibora nigo ekorenda richiko riokomanyekana kw’omwana na konyora obokoreri."
1475,Health,PSA,Delivering at home without skilled help puts both mother and baby at risk. Always deliver at a health facility with trained personnel.,"Okoiborera nka otabwati obokonyi bw’omomanyi nigo gokobeka omwana na ng’ina ase obobe. Botambe, iborera nyagitari ase abakori emeremo abamanyi bare basomerete."
1476,Health,PSA,Pregnant women living with HIV should attend clinic early to receive antiretroviral therapy and prevent transmission to the baby.,"Abakungu abare morito, naende bamenyete na ebirusi bia HIV,nigo babwenerete gochaka ekeriniki mapema banyore amariogo ya ogokeiyia ebirusi bia Enyamoreo, na gotanga okoambokeria Omwana."
1477,Health,PSA,Pregnant women in their second trimester should receive deworming medication to improve nutrition and reduce complications.,"Abang’ina abageni nigo bakoegwa omoyo, gokwanera okobanga oroiboro amo na abakoreri na abamanyi erinde korwa ribaga risaine ase oborito erio koenekia okogwena buya ekero baiboire."
1478,Health,PSA,New mothers are encouraged to discuss family planning options with health providers to allow proper spacing of pregnancies and ensure maternal recovery.,"Abang’ina abageni baairwe omoyo, gotwara enkwanaigoro y’okobanga oroiboro amo na abakoreri b’oborwari, erio korwa ribaga risaine ase okoba morito na koenekia okogwena ekero baiboire"
1479,Health,PSA,"At six months, introduce soft, nutrient-rich foods while continuing breastfeeding. Avoid sugary snacks and ensure hygiene during feeding.","Goika emetienyi etano n’omo,,chakia endagera eng'oo ebwate amadini kogendererete kogonkia. Etange koria ebitoki bibwate Esukari enyinge na enekia obochenu engaki y’okorageria."
1480,Health,PSA,"Adolescent mothers need extra emotional, nutritional, and medical support. Communities are urged to reduce stigma and promote inclusive care.","Abang'ina abasae mbaganatie obokonyi bwa ebirengererio,endagera na oborwaria.Ebisaku biasabirwe gokeia oboiroku na gosira oborendi bwa amo."
1481,Health,PSA,Pregnant women should receive tetanus toxoid vaccination to protect themselves and their babies from neonatal tetanus.,Abasubati bebwateranetie mbaganeirie konyora esindani ya tetanus erinde koerenda amo na abana korua ase endwari eyio ya tetanus.
1482,Health,PSA,"New mothers experiencing sadness, withdrawal, or hopelessness should seek mental health support. Postpartum depression is treatable.","Abasubati bagonkirie na koigwa kobea, kobera are na abanto na gosiria ogosemeria mbabwenerete korigia obokonyi na gosiirwa ase ebirengererio.
 Oborwaire bwa ebirengererio kobwatia okogonkia nkorwarigwa bore na kogwena."
1483,Health,PSA,Regular weight checks at clinics help detect growth issues early. Caregivers are encouraged to attend monthly child welfare clinics.,"Okorengwa kwa botambe kw’oborito ase ekliniki nigo kogokonya komanya obokong'u mapema.
 Abareri babekirwe chinguru bagende ekeriniki Kia ogokina Kwa abana kera omotienyi"
1484,Health,PSA,A toll-free maternal health helpline is available for advice and emergency referrals. Dial 1195 anytime.,"Esimi ya okonyora obokonyi ase abasubati bakogonkia,nere aroro ase okoegwa obosemia na gokonywa Kwa obwango. Aka 1195 chinsa chinde chionsi"
1485,Health,PSA,"Families are encouraged to identify emergency transport options in advance, in case labor begins unexpectedly. Delays in reaching the hospital can lead to complications.","Chinyomba chiairwe omoyo korigia enchera y'obosombi mapema, Obororo Bwa okoibora kiborache mobasokano.
 Okonyorwa goika nyagitari Nabo gokoreta emechando."
1486,Health,PSA,"Mothers who express breast milk should ensure clean containers, proper refrigeration, and correct warming procedures to prevent contamination.","Abang'ina bari bagokamera abana amabere, nigo babwenerete koenekia ng'a ebinto bi'okobekerera mbisibirie, okogacha buya ase efriji na kobwatia buya erinde gotanga ogotiringa."
1487,Health,PSA,"Community maternal support groups provide peer education, emotional support, and help connect women to health services during pregnancy and postpartum.","Ebiombe bi'ogokonya abasubati ase eamate igo bikoru chisemi ase ebigori, obokonyi bw'oboremu naboigo gokonya kobeka amo abakungu na emeroberio y'eafya chingaki bare barito nonya nekero babiarire"
1488,Health,PSA,A high fever in a child could be a sign of malaria or infection. Visit the nearest clinic without delay to prevent complications.,Rikuba ritindi ase omwana nabo rirabe ekemanyererio kiesosera gose okoambokerigwa. Tarera enyomba y'oboringoria ere ange naye otari konyorwa erio otange obokong'u obwo.
1489,Health,PSA,Skin-to-skin care helps stabilize small or preterm babies and promotes weight gain and bonding.,Oborendi bwe risankwa ase risankwa rigokonya koba kwa abana abake gose abare baiboretwe chingaki chitaraika na komenta oborito n'okomanyana.
1490,Health,PSA,Postpartum women should take deworming medication to improve nutrition and milk quality.,Abakungu mbabwenerete gotumeka amariogo yogoita ebianda ekero baiboire nario barakongie endagera n'obuya bw'amabere.
1491,Health,PSA,Babies under six months get all the hydration they need from breast milk. Giving water increases infection risk.,Abana abare inse yemetienyi etano noyomo nigo bakonyora amache onsi ayare aganeirie korwa ase amabere akorwa ase abangina. Kobaa amache nigo gokomenta obokong'u bokwambokerigwa.
1492,Health,PSA,Sleeping under insecticide-treated nets protects expectant mothers and their unborn babies from malaria.,Korara ime yechineti chisibirie namariogo yogoita chinkoromba nigo chikorenda abasubati bare barito na abana babo bataraiborwa korwa ase esosera.
1493,Health,PSA,"Swollen feet, thin limbs, or constant fatigue in a child may be signs of malnutrition. Seek help immediately.","Amagoro abimbete, amagoro amanyerere gose okorosa gwa kera chinsa ase omwana nabo erabe ekiorokererio kia okorwara. Rigia obokonyi bwango."
1494,Health,PSA,Do not apply substances to the cord. Keep it dry and clean until it falls off naturally.,Tobaisa goaka ebinto binde bionsi ase omogoyo. Onyebeke ebe enkamoku naende endabu goika egwe yoka.
1495,Health,PSA,"Severe headaches, swelling, or bleeding during pregnancy require immediate medical attention.","Ogoatigwa ogotindi kw'omotwe, okobimba gose amanyinga korwa chingaki chia oborito nkoganetie oborwari bwa bwango kegima."
1496,Health,PSA,"Always keep your childs health card and birth certificate safe for school, healthcare, and legal needs.","Botambe gacha risakara ri’oborwaria ri'omwana oo, na risakara riokoiborwa buya ase amagania y'esukuru, chingaki ch'okorwarigwa ne'richiko ri ense."
1497,Health,PSA,New mothers may experience sadness or anxiety. Counseling and support groups can help.,Abasubati abageni ase oboibori nabo bakonyora omoichano gose obwoba. Gokwanerwa okuya n'ebiombe bie obokonyi nabo kogokonya.
1498,Health,PSA,"If your child is not sitting, crawling, or speaking by the expected age, visit a pediatric clinic for evaluation","Onye omwana oo taraikaransa, tari kwagora, gose tari gokwana ase chingaki chibwenerete, tarera enyagitari y'abana igere onyore obomanyi."
1499,Health,PSA,Taking over-the-counter or herbal medicines without a prescription during pregnancy can be dangerous.,Konywa amariogo yemete yorosana gose amariogo yokogorwa atabwati obomanyi bw'omoringoria chingaki chioborito nabo gokoba okobe kegima.
1500,Health,PSA,Teen mothers should be encouraged and supported to continue their education after childbirth.,Abasubati abaibori abake mbabwenerete koremigwa naende kobwatwa amaboko egere bagenderere nechisemi chiabo ekero baiboire.
1501,Health,PSA,Expectant mothers are strongly advised to avoid all alcohol. Drinking during pregnancy can lead to fetal alcohol syndrome and developmental delays.,Abasubati bebwateranete baborigwe mono gotigana amarwa. Gotinda ekere ki'oborito nabo ekoreta oborwaire bw'amarwa naboigo gotebania ogokina kw'omwana otaraiborwa.
1502,Health,PSA,Hormonal changes during pregnancy can affect oral health. Visit a dentist for check-ups and maintain oral hygiene.,Ogoonchoka kw'obonyamasi chingaki chi'oroiboro nabo korarente obokong'u ase afya y'omonwa. Motarere omoringori bwa amaino egere origererigwe nainde orende obochenu bwa omonwa.
1503,Health,PSA,Yellowing of the skin and eyes in newborns should be checked by a health worker. Severe jaundice can affect brain development.,Risankwa amo n'amaiso y'abana ebingwerere kagwansa koba mayaye nkobwenerete korigererigwa n'omokori emeremo onyagitari. Rikuba ritindi riamayaye nabo rigosaria ogokina kw'obongo.
1504,Health,PSA,Health facilities offer family planning counseling to couples and individuals to support informed decisions about spacing and limiting births.,Chnyagitari nkorwa chire amaorokererio amaya yo obonyomba ase abanyuomaine na abanto bande bonsi egere gokonya ogochora okuya igoro yeribaga na gokei oboibori.
1505,Health,PSA,Caregivers should change diapers frequently and clean the babys skin gently to avoid rashes and infections.,Abareri mbabwenerete kobaonchoreri abana ebitangachabu kera chingaki na gosibia amasankwa ya abana ng'oora nario batange amarwairea yerisankwa n'okoambokeria.
1506,Health,PSA,Pregnant women should eat small meals several times a day to manage nausea and maintain energy levels.,Abasubati bebwateranete mbabwenerete koria chindagera chinke chinke kera chingaki ase rituko egere gotanga ekiegeso na goikerania ebirengo bie chunguru chiomobere.
1507,Health,PSA,"Using simple hand signs helps babies express needs early, reducing frustration for both caregiver and child.","Gotumia ebiorokererio bi'amaboko nigo egokonya abana abake komanya eki baganeti bwango, erio gokei obokongu ase omoreri n'omwana ."
1508,Health,PSA,"Fathers are encouraged to be active in bathing, changing, and comforting their newborns to promote bonding and family well-being.","Abaise bana nigo bakoborigwa banyare kobasibi, kobachenchia chianga nakobagombi abana baiboirwe erio bamanyane naboigo koenekea eamate ere boronge"
1509,Health,PSA,Mothers are urged to visit immunization booths during market days for convenient access to childhood vaccines.,Abang'ina baborigwe goika ase ebituo biechisindani chia abana amatuko y'echiro koenekia konyora bwango chisindani chiabana
1510,Health,PSA,Children struggling to speak or recognize sounds may have learning difficulties. Seek assessment from child specialists early.,Abana bari babwate obokongu ase ogokwana gose goatora amang'ana nigo baratware obokongu bw'ogosoma . Rigia oboringori korwa a se omonyagitari bwa bana bwango.
1511,Health,PSA,New mothers can begin light exercises after consulting their doctor to improve recovery and mental health.,Abang'ina abake mbagwenerete bachake gokora ebisaisi ebigusu agusu nyuma yokorora omonyagitari obo erio koenekia okogwena kwa bwango amo na oborwaria bw'obongo.
1512,Health,PSA,Babies should never be exposed to cigarette smoke. Secondhand smoke increases the risk of asthma and sudden infant death syndrome.,Ebingwerere tibigwenereti koorokigwa ase amarioki ye'sigara Okonywa gwa kabere kwa amarioki ngosegeta are obobe ase amayaa na ogokwa kwa mobasokanao ase abana abake
1513,Health,PSA,Handwashing with soap before feeding and after diaper changes prevents infections in children and mothers.,Gwesibia amaboko nesabuni otaragera na ekero ogoonchoreria ebisena biomwana ngotanga ere kwambokera ebinyinyi ase abana na abangina
1514,Health,PSA,"Keeping newborns in skin-to-skin contact with mothers helps regulate temperature, heartbeat, and supports immune development.","Kobeka ebingwerere risankwa ase risankwa ria ngina ngokonya ere korengani riberera, ogoaka gwenkoro na gokonya obonyamasi gokina"
1515,Health,PSA,"Deworming children every six months improves their growth, energy levels, and school performance.","Goita ebianda asè ebingwerere kera emetienyi etano nomo ngosegeta kore ogokina, ebirengo biechinguru na gokora buya amasomo"
1516,Health,PSA,Pregnant women should start antenatal care in the first trimester to detect and manage any health concerns early.,Abangina baberegete goika bachake ebiriniki ataraibora ase emetienyi etato kobwatekani korora kogayana bokongu bonde borabeo
1517,Health,PSA,Help children understand the arrival of a new sibling to reduce jealousy and promote bonding.,Konya abana bamanye ogotoka kwa abana bande bamwabo erio gokeani engareka na gotingia okoigwanana
1518,Health,PSA,Mobile health clinics bring vital prenatal and postnatal services closer to remote communities.,Chinyagitari chiogotara nkorenta chire obokoreri bwengencho omwana ataràiborwa na nyuma àiboirwe ange ase ebinyoro
1519,Health,PSA,Working mothers can express and store breast milk to ensure continued breastfeeding support while away.,Abàngina bakogonkia nabo bagokàma àmabere na koyagacha abanà bagenederere kogonka nonya nekero bare are
1520,Health,PSA,"Babies born before 37 weeks require warmth, feeding support, and regular health checkups for proper development.","Ebingwerere bibooire inse yamatuko emerongo etato na etano nebere mbaganetie ribrera, gokonyu koragera na okorengwa kwàbwango kweneki ogokinà okuya"
1521,Health,PSA,"Men,its okay to talk about your mental health.Speaking up is a sign of strength.","Abasacha, mbuya gokwana igoro yobochenu bwobongo Ogokwana nekemanyererio gia chinguru"
1522,Health,PSA,"Taking time for yourself is not a luxury, it's a necessity. Remember to prioritize your mental, emotional, and physical health.","Koira chiangaki aseogwekorera tari gosaria chingaki, mboronge Inyora koa ribaga ritangani ebirengereri biago, oboitongo na chigosori"
1523,Health,PSA,Did you know suicide is the 3rd leading cause of death among 15-29 year olds? Its time to raise awareness and support mental health.,Nomanyete okoengete nakwo okwa gatato gotàngaine gokorenta amakweri egati ya abànto bare emiaka ikomi na etàno goika emerongo ebere na kianda? Chingaki chiabeire togosemia na gokonya obochenu bwobongo
1524,Health,PSA,"This Fathers Day, lets shine a light on mens mental health. To all the dads out there, your well-being matters. Take time to prioritize your mental health and reach out for support when needed.","Riruko eri ria'abatata, tigà tomorekere obochenu bwobongo ase abagàka Ase abatata bonsi, koba kwao buya nokwengecho Ira ribaga rinene ase obochenu bwobongo na korigia ogokonya ekero koganeirie"
1525,Health,PSA,"It's Okay to Talk. June is Men's Mental Health Month.

Men, it's okay to talk about your mental health. Sharing your feelings can be the first step toward healing","Mbuya gokwanakwana Omorienyi ogatana na rimo, nomotienyi bwobochenu bwobongo ase abagaka"
1526,Health,PSA,You are not alone. Reach out to loved ones or mental health professionals for support.,Tori aye bweka Ikera abanchwa bago na abasemi bàndè bobonchenu bobongo ase obokonyi
1527,Health,PSA,"Take care of your mental health by practicing self-care, maintaining healthy relationships, and seeking professional help when needed","Renda obochenu bwobongo aye omonyene, oboamate bwobochenu na korigia obokonyi kero boganeiri"
1528,Health,PSA,"List of common mental disorders: anxiety, depression, bipolar disorder, PTSD, schizophrenia","Ebimanyererio ase oborwaire bwobongo: engareka, okoererwa chinguru,ogotarora buya, oborwaire kegima,okonyegerigwa nyuma yokogoswa, obongo borwaire"
1529,Health,PSA,"May is a reminder to prioritize self-care and nurture your mental health. Practice mindfulness, engage in activities that bring you joy, and seek support when needed",Omotiènyi ogatano nekeinyorio giokoroberia okwerenda omonyene na obochenu bwobongo Enari kwerenda
1530,Health,PSA,"In our pursuit of a healthier society, let's not forget that there is no health without mental health! As we prioritize physical well-being, it is equally important to prioritize our mental and emotional well-being.","Ase okoreanerera obochenu bwechinka, titeeba inga bochenu tiboiyo onye obochenu bwobongo tiboiyo"
1531,Health,PSA,"Mental health is the state of wellbeing in which the individual realises their own abilities,can cope with normal sttresses of life,can work pproductively or fruitfully,and is able to make contribution to their community","Obochenu bwobongo nekero omonto akomanyà chinguru chiaye omonyene, akoremereri amakongu yobogima, agokora emeremo eisaine,na gosanga ase ekenyoro"
1533,Health,PSA,"Mothers should return for postnatal checkups within 48 hours, 7 days, and 6 weeks after delivery.","Abangina goika bairane baringorigwa nyuma yokoibora ase chinsa emerongo enne na isato, amatuko atano na abere na emekubio etano noyomo"
1534,Health,PSA,Daily iron supplements help prevent anemia in pregnancy and ensure healthy fetal development.,Koria chindàgera botambe chibwate ayoni ngotanga chire ogokeà kwamànyinga ekero omongina akogonkia naende yaeneki ogokinà ase omorwanda
1535,Health,PSA,Regularly talking and singing to your baby strengthens their brain development and early language skills.,Chingaki chinyinge ase ogokwana na goterera omwana ngokongia bore ogokina kwa obongo nà chinkwana
1536,Health,PSA,Some traditional herbs can be harmful during pregnancy. Always consult a qualified health worker before use.,Amariogo ande yegenka namabe ekero omongina akogonkià Botambe rigia obosemia korwa abàkoreri bobochènu bancheire otarayayatema
1537,Health,PSA,"Breastfeeding is natural and should be supported in public. Communities should offer safe, clean spaces for mothers.",Okogonkia nokwabotambe na gwancherwa maiso marore Ebinyoro biarwa ribaga risaine rigiya ase abàngina bakogonkia
1538,Health,PSA,"At six months, introduce soft foods while continuing to breastfeed. Ensure food is safe, nutritious, and age-appropriate.","Ase emetienyi etano nomo, chakia chindagera chinyororo kogendererete kogonkia Enekia endagera nerendire, engiya na erengete emiaka boronge"
1539,Health,PSA,Teenage mothers are at higher risk of complications. Encourage young girls to stay in school and delay pregnancy.,Abaiseke bakogonkia mbakageire konyora obokongu semia àbàiseke babe chisukuru na gotebàna kobwata amarito
1540,Health,PSA,Mothers should receive vitamin A after delivery to boost immunity and improve breast milk quality.,Abangina goika bànyore ebitamini A nyuma yokoibora gotingia obonyamasi na kobochia àmabere
1541,Health,PSA,"Wrap babies in warm clothes and avoid exposing them to cold air, especially in early months.","Boyia abana chiyànga chigosegeta riberera na etànge kobatenenki ase embeo enkendu, na emetienyi emetangàni"
1543,Health,PSA,"Foods like beans, greens, and liver prevent anemia and support child development.","Chindagera buna chingende, chinyeni machani, na erini ngotanga chire ogokeana kwa amanyingà na gokongia ogokina kwa abana"
1544,Health,PSA,"Store sharp, toxic, or breakable items out of childrens reach to prevent injuries.","Gacha ebinto ebioge, chisumu gose ebinto ebiororo kobunekana are korwa ase abana gotanga"
1545,Health,PSA,Employers should provide breastfeeding breaks and spaces to support maternal and child health.,Àbàriku barwa amabaga yokogonkia na gosegeta abangina bakogonkia
1546,Health,PSA,Sugary juices and sodas are harmful to babies and increase the risk of obesity and tooth decay.,Ebinyugwa bigwansa nechisota neɓibe ase abana naende binkomenta ekenoro na ogosareka amaino
1547,Health,PSA,Community forums help address cultural barriers and promote health-seeking behavior among mothers.,Chibarasà chi egenka ngokonya chire korusià ebitàngo ase emegiro na gosegetà chiumbu chinguya ase abàngina
1548,Health,PSA,Always use boiled or treated water when preparing infant food to prevent diarrhea.,Botambe tumika àmache amorero koroseria chindàgera chia omwana gitanga ogosaa
1550,Health,PSA,Each child must have a vaccination card. Keep it safe and bring it to every health visit.,Kera omwana goika atware ekadi yokorwarigwà Nyegache buya na koyesoki krogionsi ogotàrera enyagitari
1551,Health,PSA,"Tight clothes can interfere with circulation and cause discomfort. Choose loose, breathable attire.",Chianga ebinànti ngotorana chire buna amanyinga agotara omobere Chira chiyànga chinßibore embèo egoeta buya
1552,Health,PSA,Fathers are encouraged to accompany partners to ANC and child wellness clinics.,Abagàka nere buya kobwaterana omwana ataraiborwa ase ekiriniki na okoomerana kwa abana abake
1553,Health,PSA,Applying herbs or substances to the babys soft spot is dangerous and should be avoided.,Goàka emete ase atoto yomwana mbobe naende etigwe
1554,Health,PSA,Keep hot drinks and cooking pots away from childrens reach to prevent burn injuries.,Beka are ebinyugwa bire morero na chisuguria chiokorugerwa korwa ase abana gotanga emebasokano
1555,Health,PSA,Use a calendar or reminder app to keep track of ANC appointments and medications.,Tumika ekarenda gose ekeinyorio kende komanya rituko okogenda ebiriniki na korwarigwa
1556,Health,PSA,Protect your babys hearing by keeping them away from loud environments.,Renda amato yomwana korwa ase amriogi amanene
1557,Health,PSA,Excessive screen use affects attention and sleep in young children. Encourage physical play instead.,Amatuko amange ase etelevision ngootorana kere ogokina na okorara kwomwana Ribaga riaye tema chigosori
1558,Health,PSA,Secondhand smoke harms both the mother and the unborn baby. Keep homes and public spaces smoke-free.,Amarioki namabe ase abangina na abana bataraiborwa Beka chinka are nàmarioki
1559,Health,PSA,All medications should be kept out of reach to prevent accidental poisoning in children.,Amariogo onsi abekwe are na abana gotanga okonywega gotaganeirie
1560,Health,PSA,Expectant mothers should pack a clean birth kit by the 7th month of pregnancy for emergencies.,Abangina bagochia kogonkia babeke ange ebinto bionsi biomwana omotiènyi ogatano na kabere ase omobasokano orabe
1561,Health,PSA,Never shake a baby. It can cause brain injury or death. Comfort them gently instead.,Timonyegeri omwana Nabo omwana arakwe Babwate ngoora
1562,Health,PSA,Continue breastfeeding during the night to meet babys nutrition needs and maintain milk supply.,Genderera kogonkia omwana botuko na komenta amabere
1563,Health,PSA,Always wash and boil baby bottles and nipples to kill germs before each use,Botambe sibia na koberia chichupa chia abana na amagonki goita ebinyinyi otaraera omwana endagera
1564,Health,PSA,"Children thrive when caregivers offer consistent affection, attention, and routines.","Abana bagokina buya ekero bakogokrerwa, kororwa botambe"
1565,Health,PSA,High blood pressure in pregnancy can lead to preeclampsia. Regular check-ups are essential for early detection.,Amanyinga kominyoka mono kero omongina are mosigi nabo ekorenta oborwaire Koringorigwa botamba mbuya komanyiabkendabu
1566,Health,PSA,Use proper baby carriers to support babys neck and hips. Always ensure babys face is visible and uncovered.,Bogoreria omwana ebibekerero bigosegeta ebigoti na ebinema Botambe obosio bwo'mwana bororekane tibotubwa
1567,Health,PSA,Delay bathing a newborn for at least 24 hours to protect the skins natural defenses.,GoTebana gosibià omwanà ase chinsa emerongo ebere na inye ngokonya ere risankwa gwetanga na marwaire ande a botambe
1569,Health,PSA,"Reading to children daily boosts language development, imagination, and bonding.","Gosomera omwana botambe koagacha kore chinkwana, ebirengereri na obomo"
1570,Health,PSA,Persistent nausea and vomiting during pregnancy can lead to dehydration and weight loss. Seek medical care.,Ekengerangera na koroka kero bwebwateraneti kogokora anache mobere na chikiro gokea Rigia oborwari
1571,Health,PSA,Start with mashed fruits and vegetables. Introduce one new food at a time to watch for allergies.,Chaka na amatunda na chinyeni chisire Chakia endagera eyemo engeni ase engaki gokorigereria boonchoreria bonde
1572,Health,PSA,Wash hands with soap and water before handling a baby to prevent infections.,Sibia amaboko nesabuni na amache otaràbwata omwana gotànga oborwaire
1573,Health,PSA,Take your child for regular weight and height checks to detect growth issues early.,Ira omwana orengwa chiratiri botambe na obotambe omanye gose bokongu mboreo bwogokina
1574,Health,PSA,Excessive bleeding after childbirth is life-threatening. Seek immediate emergency care.,Okorwa kwa amanyinga ase obonge nyuma yakogonkia nekogoso ase obogima Nyora obwarairi kegima
1575,Health,PSA,Register your childs birth early to secure legal identity and access to services.,Rika omwana amanyekane nebigambero naende anyore obokonyi ao ao
1576,Health,PSA,"Fast breathing, chest indrawing, or cough may signal pneumonia. Take the child to a clinic.","Okoeyana kwa bwangobwango, egekuba keguotota, or ogokorora nebimanyererio biekeuno Ira omwana ekiriniki"
1577,Health,PSA,Breast milk contains nutrients vital for a babys brain development.,Amàbere angina nabwate obuya bwengecho ase okoagacha ogokina kwa obongo
1578,Health,PSA,Announcing launch of Nutrition Portal that offers online modules and webinars to equip CHVs with counseling tools and referral pathways.,"Koraria ogocha gwe chindagera ao ao ase omotandao amo namosomo, mbikonye abakoreri bobochenu begenka nobomanyi na gotebereria ase abatari konyara"
1579,Health,PSA,"Announcing a national digital drive using reels, community challenges and influencer content to promote fruit and vegetable intake.","Koraria ase orongo orogima ase ereli ya dijitol, amakongu yegenka, na abasegeti ase okoria amatunda nechinyeni"
1580,Health,PSA,Announces how Community clubs in multiple counties share recipes and nutrition tips using fortified cereals and snacks.,Okorari goetera jijumuiya ase chikaunti chinyinge buna chikorosia chindagera ao ao na obosemi igoro yechindagera chingiya chimentire obuya botingiri na ebitakunero
1581,Health,PSA,A community cooking contests elevate indigenous nutritious dishes and household dietary knowledge.,Amaamereranio yoborugi ase ekenyoro ngosegeta are oborosia bwechindagera chiakoro chingansu na obomanyi bwe chindagera chinka
1583,Health,PSA,A GAIN-led campaign in Mombasa that improves access to affordable fruits and vegetables in urban market zones.,Ekampeni ikoraagwa na GAIN Mombasa igosegeta ogotoka kwa matunda na chinyeni chia rigori rike mbarabare yechiro
1584,Health,PSA,IGAD commits to improving food and nutrition security in Africa. Data shows 21% of people across IGAD member states are food insecure,IGAD yerure gosegeta endagera enyonge orogongo rwa Afrika Chisabu chiarokiri emerongo ebere na eyemo ase emià yabamo be chinse chia IGAD mbabwati ndagera eisaine
1585,Health,PSA,Waiting a minute before clamping the cord improves babys iron levels and immunity.,"Kuganya edagika eyemo otasieka ekenyogu, nkoimokia ere ebirengo bià echuma na obonyamasi"
1586,Health,PSA,Jerky movements or eye twitching in newborns may indicate seizures. Seek urgent care.,Okonyegerigwa gose ogotngecha kwa eriso ase ebingwerere nekemanyererio kia endururume Rigia obogwenia ase obwango
1587,Health,PSA,"Households should provide safe, low-level toilets to encourage hygiene in toddlers.","Chinka chirosie ase agaya,chichoo chianse gosegeta obochenu ase ebingwerere"
1588,Health,PSA,Learn correct positioning and latching techniques from health workers during pregnancy.,Egera chingecho chindonge chiokobeka na kobwaterera korwa ase abakori egasi ya obochenu
1589,Health,PSA,Children exposed to smoke are more likely to develop asthma and respiratory infections.,Abana bakongusa amarioki nkonyora bare amarwaire ya amayaa na okoeyana
1590,Health,PSA,Announcement that Kenya is tracking midterm progress in five food system transformation pathways ahead of UNFSS+4.,Okoraria nga Kenya nkobwatereri obogatagati bwamagenderero na obonchoreri ase chindagera isano
1591,Health,PSA,"State Department unveils pilot of e-voucher and digital tools to monitor input delivery, production and dietary outcomes.","Ewizara ya màngana a isiko, yatemere korenta evocha ase chikomputa na ebiogwe vya dichitol erio gosegeta rikomera, korenta chinyeke na rigesa ase chindagera"
1592,Health,PSA,Announcement of expansion plan sourcing school meals from local farmers while integrating climate-resilient crops.,Okoraria kwarurwe inga chindagera chikoregwa chisukuru chirwe ase abaremi begenka na gosangania chindagera chikoremereria okoonchoka kwe rire
1593,Health,PSA,State Dept. affirming expansion of labs to enforce fortification and nutrient profiling in major food markets.,"Orosagia rwa eserekali, ekongie chinyomba chi oboringoria erio gotingia na koroberia chindagera ase chichiro chinene chiechindagera"
1594,Health,PSA,Nutrition Portal unveils real-time dashboards for tracking indicators under KNAP and county CNAPs.,Egesieri gia chindagera nkorenta ere ebigorero ebinge ase okobwati kegima ebimanyererio inse ya KNAP na CNAP ase ekaunti
1595,Health,PSA,Nutrition Portal invites submissions recognising counties reporting CNAP outcomes under the new monitoring framework.,Egesieri gia chindagera giachikire ogokwanerana gwaitabirwe ase chikaunti chiripotia inse ya CNAP
1596,Health,PSA,State Dept. commitingto subsidizing solar-powered storage for perishable nutrient-rich crops.,"Orosagia rwa eserekali, rwerure gosegeta obotumeki bwe chinguru chia omobaso ase okogacha chindagera bwango naende chibwate obuya obonge"
1597,Health,PSA,WHO African office releases commendatory brief supporting Kenya’s nutrition labeling reforms.,"Ekeombe ekenene kiobochenu ense engima, ase orogongo rwa Afrika barure ogoaka inga mbuya mono ase oboonchoreri bogosegeta emeroberio yokoragera okuya"
1598,Health,PSA,Health Ministry launching SMS alert to inform citizens when foods exceed sugar/salt/fat thresholds.,"Ewizara ya obochenu yarentire ogokurerwa gwetera SMS ase abànto, ekero endagera egetumana ebirengo bia esukari/ omonyo/ amaguta"
1600,Health,PSA,State Dept. promoting millet and sorghum blends as pilot menu in adaptation to climate-resilient diets.,Orosagia rwa eserekali ngosegeta ere oboremi rwa obori na amaemba komentwa ase chindagera chia amatemwa korwana na ogoonchoka kwa erire
1601,Health,PSA,"Announcement that hospitals will include African indigenous vegetables (e.g., amaranth, spider plant, African nightshade) in patient meals to improve nutrition.","Okorari kwarurwe inga chinyagitari inchebeke chinyeni chia abakoro buna (amanagu, chinsaga chimboga) ase abarwaire batangire kobamentera obuya ase chindagera"
1602,Health,PSA,Government announces scaling of biofortified crop distribution to schools and households for improved maternal-child nutrition.,Eserekali yararirie okoenana chindagera chitingiri ase chisukuru na chinka ase okorenda omwana okogonka
1603,Health,PSA,Announcement that local farmer cooperatives are now contracted to supply nutritious meals directly to schools under new pilot model.,Okoraria kwarurwe ase ebiombe biàbaremi koira chindagera ao ao eyemo ase eyemo gochia chisukuru ase omoroberio omoyia
1604,Health,PSA,"County launches mass supplementation reaching over 12,000 children aged 6–59 months with Vitamin A and deworming to enhance immunity and nutrition.",Kaunti gochakia chindagera ase obonge goikera abana chirifu ikomi na ibere egati yemetienyi etano noyomo na emerongo etano na kianda ase okoenana Vitamin A na amariogo yogoita ebianda erio gotingia obonyamasi na endagera
1605,Health,PSA,"Nairobi County to provide daily lunches to 400,000 primary school pupils via new kitchens to eliminate hunger and support local farmers.",Ekaunti ya Nairobi korwa chindagera chia mobaso kera rituko ase aborokigwa chirifu chimii inye goetera amariko amayia gokeani enchara na gokonya abaremi basaywe
1606,Health,PSA,"MoH announces that 86% of children received Vitamin A supplementation during COVID-19 through mobile outreach, improving coverage significantly.",Ewizara ya obochenu yararirie inga 86% ya abana mbanyorà ebitàmunusi A ebiro bia korona goetera chisimi na igo goikera abange
1607,Health,PSA,Pregnant women need calcium for strong bones and teeth for both themselves and the baby.,Abangina bebwateraneti mbagànetie karisiamu ase ogotingia amauga na amaino abo amo na abana
1608,Health,PSA,Place babies on their tummies while awake and supervised to build neck and motor strength.,Bekerera abàna ase chinda chiabo kobabogete na kobarorà erio koagachà ebigoti na orogendo
1609,Health,PSA,Coughing for more than two weeks? Pregnant women should get tested for TB early.,Gokorora inse yemekubio ebere? Abangina baberegete goika barengwe esese kendabu
1610,Health,PSA,Cracked bottles can harbor germs. Replace damaged feeding equipment promptly.,Chichuba chiategete chikogacha obobe Oronchoreria chichuba chiasarekire
1611,Health,PSA,Sleeping under treated nets reduces malaria risk for pregnant women and unborn babies.,Korara ime yechineti chibekire amariogo ngokeani chire ekeugoso kia esosera ase abàngina bebwateraneti na abana bataraiborwa
1613,Health,PSA,"Before 6 months, breast milk provides all the fluids a baby needs.","Inse yemetienyi etano noyomo, amabere nigo abwate chindagera chionsi omwana agànetie"
1614,Health,PSA,"Strong soaps can irritate babys skin. Use mild, unscented options.","Chisabuni chigotioka bokongu nabo chikorenta ebiagaso ase ekengwerere Tumia esabuni enyororo, etabwati rimisu"
1615,Health,PSA,Repeated ear infections can cause hearing loss. Visit a health worker promptly.,Oborwaire ase amato nabo oratine Rora omonyagitari kengima
1616,Health,PSA,"If the cord stump bleeds or oozes pus, seek medical attention immediately.","Onye ekenyogu gekorwa amanyinga gose amaira, rora omonyagitari bwango"
1617,Health,PSA,"Play is vital for a childs emotional, physical, and cognitive development.","Chigosori nechingiya ase ogokina kwa abana, kemobere nà gotingia obongo"
1618,Health,PSA,"If sharing a bed with a baby, ensure the space is firm, flat, and free of pillows or loose bedding.","Gosanga egetanda na omwana, enekia ribaga ritingi, omoeya, chipilo chitaiyo gose ebirarero bitàriri"
1619,Health,PSA,Guide older children to handle babies gently to prevent unintentional harm.,Semia abana abanenè korenda ebingwerere tibaumia batancheti
1620,Health,PSA,"A mothers diet during pregnancy influences her childs long-term health. Eat diverse, nutritious foods.",Chindagera ao ao ase omongina bwebwateraneti ngoseta chire obochenu ase omwana egeka egetambe
1621,Health,PSA,"Even for a moment, leaving a baby on a bed or table unattended can lead to falls and injuries.","Nonya negeka egeke, gotiga omwana bwekà nabo aragwe na kweya chingoma"
1622,Health,PSA,Select toys that are safe and suitable for your childs age to prevent choking and injury.,Chora ebigosererio ebiya ase emiaka yomwana gotanga gotokrwa gose koumia
1623,Health,PSA,"Stay calm, call for help, and follow safe delivery steps if birth begins unexpectedly.","Kànyeka, rangeria ogokonya na bwatia ebitambokero biancheire onye oborito bogoncha otàkagerete"
1624,Health,PSA,Give children aged 6 months to 5 years vitamin A supplements every 6 months to strengthen immunity.,Bae abana emetienyi etano nomo goika emiaka etano ebitàmunusi A kera emetienyi etano noyomo gotingia obonyamasi
1625,Health,PSA,Some over-the-counter drugs can harm your unborn baby. Always consult a health worker.,Amariogo akoonerigwa chituka na araotorane obochenu bwa abana Botambe boria omonyagitari
1626,Health,PSA,"Include iron-rich foods like spinach, liver, and beans in the diet to prevent anemia.","Sangia chindagera chibwate ayoni buna esipinachi, rini na chingende gotanga ogokea kwamanyinga"
1627,Health,PSA,"Bleeding, severe headaches, blurred vision, or swelling are danger signs seek care immediately.","Ogoiteka amanyinga, omotwe ogwatia,korora rikongori nebigoso,rigia oborwari"
1628,Health,PSA,Stick to the national immunization schedule to protect children from deadly diseases.,Bwatia emeroberio yarogongo ogotingia obonyamasi gotanga abana korwa amarwaire agoita
1629,Health,PSA,Postpartum depression is real. Encourage new mothers to seek help and talk openly.,Ogoichorerana kwa obongo nyuma ya koibora nobomaene Abàibori abageni basemigwe korigia obokonyi na gokwana maiso marore
1630,Health,PSA,"Feed your baby when they show hunger signs, not on a strict schedule. Watch for cues.","Rageri abana ekero baorokire ebimanyerio bia enchara, tari kobakongeri chinsa chia endagera Egera ebimanyererio"
1631,Health,PSA,Always boil and cool water used for preparing baby formula to avoid infections.,"Botambe beria na gokendi amache, okoroiseria omwana endagerà gotanga amarwaire"
1632,Health,PSA,Partner involvement during antenatal and postnatal care improves family health outcomes.,Gosango amo mwenzi omwana ataràiborwa na nyuma aiboirwe koagacha ere enyomba kebochenu
1633,Health,PSA,Wash baby feeding items with soap and clean water to prevent diarrheal diseases.,Sibia ebinto imwana akoriera nesabuni gotanga oborwàire bwa ogosaa
1634,Health,PSA,"Sunken eyes, dry mouth, and less urine may indicate dehydration. Give fluids and seek care.","Amaiso are egetogomera, omonwa bwomete na amasinyoro amake nebanyererio inga amache akeire onobere Enana amache na rigia obogwenia"
1635,Health,PSA,Giving herbs to infants can delay proper treatment and worsen illness. Seek medical advice.,Koenana amariogovyemete ase ebingwerere nabo egotebania okorwarigwa okoronge na gosegetà okorwara mono Rigia obosemi bwabanyagitari
1636,Health,PSA,Keep the umbilical cord stump dry and clean to prevent infection.,Beka ekenyogu gekamogete na keràbete gotanga oborwaire
1637,Health,PSA,Early testing helps protect the unborn baby from HIV transmission.,Okorengwa kwa bwango ngokonye omwana ataraiborwa tombokerigwa enyamorao
1638,Health,PSA,Violence harms pregnant women physically and mentally. Support and refer survivors for help.,Chiburaburu nechimbe ase omongina bwebwateraneti kemobere na kebongo Konya na gotebereria ababwate chingoma bakonyeke
1639,Health,PSA,"Teach girls about periods, hygiene, and body changes before puberty starts.","Somia abaiseke igo ya amatuko abo yomotienyi, obochenu na ogoonchoreria kw' omobere amatuko obosae atarachaka"
1640,Health,PSA,"Support from fathers, grandparents, and siblings strengthens outcomes for mother and baby.","Okobwatesigwa korwa ase omogaka, chisokoro na abamwabo ngotinia kere obwamate bwa ngina amo nomwana"
1641,Health,PSA,Ministry annoucning  unveiling agenda for Multiple Micronutrient Supplementation (MMS) to reduce maternal anaemia and improve birth outcomes.,Ewizara yararirie omoroberio bwe chindagera chire nobotobu ao ao gokeania okoborws kwa amanyinga na gosetgetavokoibora okuya
1643,Health,PSA,"Announing meeting to reaffirm East African leadership in food labelling, marketing restrictions and nutrition reform.","Okoomerana koraria ogotingi oborai ase Orogongo rwa Afrika ya Mocha ase okoraa kobeka echapa chindagera, kobeka ebitango ase chichiro na amaonchereri ase chindagera"
1644,Health,PSA,Announcing Nationwide training to improve acute malnutrition treatment protocols across counties.,Koraria amaegeria orogongo orogima erio gosegeta emeroberio yoborwari bw' okoria orachi ase chikaunti
1645,Health,PSA,Announcing  meeting to create strategy for post‑2025 nutrition programs.,Koraria okoomerana korosia chinchera chiomoberio yechindagera nyuma ya 2025
1646,Health,PSA,Ministry announcing awareness sessions to address stunting reduction  and new fortification and regulatory measures.,Ewizara koraria obomànyi igo ya ogatikana gose oguto na chingencho chingeni chigotingia na gotanga
1647,Health,PSA,Government annmounncing a National Nutrition Symposium to share strategies on universal health care (UHC) and community nutrition.,Eserekali koraria okoumrana okonene ase orogongo rwa Kenya igoro yechindagera erio gosangà ase emeroberio ya obochenu ase bonsi ase ebinyoro
1648,Health,PSA,Announinng meeting where the country  formally signs UNSDCF Nutrition Joint Programme to support multisector work.,Okoomerana koraria kobeka chisei chie omoroberio oyomo oyo UNSDCF gosegeta chisegita ao ao
1649,Health,PSA,Ministry updating training module  to strengthen response to malnutrition at community level.,Ewizara goikarania amaorokererio gotingia okoria orachi ase ebinyoro
1650,Health,PSA,Cross-sector validation meeting held to align county and national nutrition strategies under KNAP.,Okoomerana gotingia orosagia rookobekà amo chikaunti na orogongo rwa Kenya ase chindagera inse ya KNAP
1651,Health,PSA,Nationwide campaign to deliver Vitamin A to children under 5 and coordinate with routine immunization services.,Ekampeni ya orogongo rwa Kenya korwa ebitàmunusi A ase abana inse miaka etano na echanjo ya botambe
1652,Health,PSA,Announcing how public dashboards now show county-level nutrition trends and indicators in real-time.,Koraria ase oboagare buna chikaunti chikoorokia chindagera ao ao na ebimanyererio kengimakengima
1654,Health,PSA,Annoucing lauch of National roadmap for nutrition interventions at county and national levels.,Okoraria omoroberio ase orogongo igoro yechindagera ase ekaunti naboigo ense yonsi
1655,Health,PSA,Announing launch of framework to guide data collection and reporting of nutrition outcomes.,Ogochakia omoroberio bw'ogosangereria na gosokia chiropoti igoro yechindagera
1656,Health,PSA,"Announcement of launch of “ENOUGH” campaign which aims to end child hunger by expanding school meals, climate-smart agriculture, and nutrition advocacy.","Okoraria omochakano bw' ekampeini "" ENGIKERANU"" erengete gokanya enchara ase abana chisukuru, oboremi boigwanaine ne rire na oboegereri chindagera"
1657,Health,PSA,"Announcing roll out of countywide Vitamin A supplementation & deworming for 12,000+ children under five with outreach and ECD support in Kiambu County","Okorari ogochaki ebitàmunusi A na amariogo yogoita ebianda ase ekaunti engima ase abana goetani 12,000 bare inse yemiaka etano kobwaterana ase obosemi na ECD, ase ekaunti ya Kiambu"
1660,Health,PSA,Ministry inviting community service organizations via SUNCSA to plan public nutrition messaging and sanitation strategy (Epuka Uchafu).,Ewizara yachikire abakoreri ase ebinyoro goetera SUNCSA koroberia amangana yokoragera buya ase bonsi na obochenu bwe'binto bitoetanaine Eatanane neubi
1661,Health,PSA,Ministry highlighting role of community health workers in delivering nutrition services as part of Universal Health Coverage.,Ewizara komorekera emeremo ya abakori emeremo yobochenu bwegenka ase okoenana amaegerio yechindagera buna ensemo yogosira obochenu ase bonsi
1662,Health,PSA,National ACSM strategy introduced to promote nutrition messaging and public awareness across sectors.,Emeroberio yorogongo ase ACSM gochakia na gokinia amangana yokoragera okuya na obomanyi ase chinsagia ao ao
1664,Health,PSA,"Announcing the lauch of Country plan that prioritizes maternal-child nutrition, agriculture‑education integration and multisector tracking.","Okoraria omochakano kobeka chindagera chia abangina amo na abana, gosangiwa amaegerio yoboremi na gotunyana ase chinsagia chinyinge"
1665,Health,PSA,"Announing a nutrition education & weekly iron–folic acid supplementation delivered to adolescents across Busia, Kitui & Nakuru.","Koraria chisemi igoro yechindagera na okomenteru kera omokubio igoro ya asiti yechuma ya foliki ekorwegwa ase abasae bonsi Busia, Kitui na Nakuru"
1666,Health,PSA,Announcing Nairobi county initiative to fund vegetable gardens in primary schools to improve diet diversity and learning.,Koraria omoroberio bwe' kaunti ya Nairobi gosegeta oboremi bwe'biticha chinyeni ase chisukuru chi'oboroso erio gwatanana chindagera na amaegerio
1667,Health,PSA,"Announcing a New opt-in SMS platform sends weekly advice on healthy diets, food safety, and portion control.","Koraria orosagia oroiyia ase amariko yesimi kwerikia konyora obosemi kera omokubio igoro yokoragera okuya, oborendi bwechindagera na gotinia omoigoto"
1668,Health,PSA,Java to offer nutrition to national teams. Men and women teams in camp for Africa Games,Java korwa chindagera ase abagosoria borogongo Chitimu chia abasacha na abakungu chikambi ase chigosori ime ya Afrika
1669,Health,PSA,"Kenya, UNICEF, World Bank unveil Nutrition Improvement. Through Cash and Health Education programme in 11 counties","Kenya, UNICEF, ebengi enene ense engima, baasioriri okoragera okuya Goetare omoroberio bwe chiropia na amaegerio Afrika chikaunti 11"
1671,Health,PSA,Blue band kicks off the campaign in Nairobi. Campaign aims at promoting good nutrition,Epandi ya Blue Band yachakire ekampeini omochi omonene o' Nairobi
1672,Health,PSA,Kenya’s Push To Promote Traditional Food Is Good For Nutrition And Cultural Heritage,Erango yogosegeta chindagera chia abakoro mbuya na koererani egekoro
1673,Health,PSA,Announcing launch of a multi-county project to reinforce nutritious food availability during shocks and crises.,Ogoraria gochakigwa omoroberio ase ekaunti erio gotingia ogotoka gwechindagera ekero kia eburaburu na chisegi
1674,Health,PSA,Launch of a pilot to provide free milk twice weekly to primary school children in Migori and Nakuru counties.,"Ogochakigwa amatemu koenana amabere atarigwakanerewa, kabere ase omokubio ase abana chisukuru chia oboroso ime ya Migori na Nakuru"
1675,Health,PSA,"Introduction of MoreMilk 2, aimed at improving milk safety and incomes via standards, training, and market access in central/western Kenya.","Ogochakigwa kwa MoreMilk2 orengete gokongia oborendi bwa amabere na ebitoki, goetera amaegerio na ogoikereka gwechiro gatigati ya Bosongo ya Kenya"
1676,Health,PSA,"National target set to raise annual milk yield from 5.2B to 10B liters, boosting smallholder farmer incomes.","Orogongo rwairwe enengo yerigesa riamabere kera omwaka korwa chirita ebilion 5 2 goika chibilion 10, naboigo komenta okonyora ase abaremi abake"
1677,Health,PSA,Launch of the MaziwaPlus initiative in Nyeri County to reduce mastitis incidence and curb antibiotic overuse in dairy cattle.,Ogochakigwa kwa'Omoroberio ase MaziwaPlus ase ekaunti ya Nyeri eeio gokeiya oborwaire rwa' chingokero na gokeiya oborwire ase engombe yamabere
1678,Health,PSA,Announcement that MoH and SUNCSA coalition will launch public health campaign integrating sanitation and nutrition messaging.,Okoraria ogocha amo ewizara yobochenu amo na SUNCSA nakobokie ekampeni yobochenu ase mwanyabanto egosangani amangana yobochenu nechindagera
1679,Health,PSA,"Official statement reaffirming Kenya’s commitment to front-of-pack labeling, food marketing restrictions, and cross-border policy coordination.","Eropoti yabene ekwenekia okwerwa rwa Kenya ase okobeka ebimanyererio ase chindagera, ebitango ase okoonigwa na gochika amachiko ase chimbebe"
1680,Health,PSA,Announcement of multi-sector collaboration to support school nutrition and small-scale dairy livelihoods through public procurement.,Okoraria ase okobwaterana chinsagia ao ao erio gokonya okragera akuya ase chisukuru na ebitoki gwetera okoonigwa kwa amabere
1681,Health,PSA,Public launch event held to introduce the MoreMilk 2 initiative intended to enhance milk handling and market access in key milk-producing counties.,"Okoomerana okonene kwabete erio komanyereria emeroberio ya MoreMilk2, orengete oborendu rwa' amabere na ogitoka gwe'chichiro na mono ase chikaunti chikogesa amabere ase obonge"
1682,Health,PSA,Announcement that pre‑service nursing curriculum now includes nutrition and wellness modules for community care.,Okoraria igoro yamasomo nyuma yobokoreri kobekwa amo nechisemi chiokoragera okuya na okorereta ase chunka
1683,Health,PSA,"Public statement endorsing millet, sorghum and legumes for sustainability and dietary resilience.","Okoraria ase abanto bonsi nemeroberio yancheire koa okoboko emiogo, chinyeni chiegesare ase okogendereri na okoremereri kw' endagera"
1684,Health,PSA,"Announcement that clubs will offer peer-led education, counseling referrals and healthy cafeteria initiatives.","Okoraria inga ebirabu mbirente amasomo akoraagwa na abanyene, ogitebererigwa na gokanywa na emeroberio ya ekaagwa ere na' afia"
1685,Health,PSA,Release of national media campaign explaining new front-of-pack labelling to consumers.,Okosokigwa gwe' kampeni yorogongo ase chinyomba chioraria chikoerera ebimanyererio ebiyia bia bosio ase abakoreri
1688,Health,PSA,Campaign encouraging edible oil producers to reduce sodium content through voluntary pledge scheme.,Ekampeni yogosegeta abarosia amaguta na gokeania ebirengo bia sodiamu gwetera chiira chigwancha
1689,Health,PSA,"Announcement of influencer-led digital media campaign promoting self-care, destigmatization, and helpline awareness in mental wellness week.","Okoraria gwekampeni na eɓokoreri bia amangana ekoragwa nabanyene babwate riosa ase okwerenda aye omonyene, okonengetwa na obomanyi gwetera chisimi gati yomokubio bwogokinia obongo"
1690,Health,PSA,Launch of hydroponic garden pilot to supply fresh vegetables in school cafeterias in dry areas.,"Ogochakigwa kwa oboremi bwamatemu bwebikombe ebikeebike bweprakitis, na koranda goika chisukuru ase eroro"
1691,Health,PSA,Announcement of AI-based nutrition and wellness advice service tailored for elderly citizens and caregivers.,Okoraria kwobokoreri bwechindagera na okogenderera na obomanyi kebonde yarosigwa ase 'ngecho ya abagaka na abareri
1692,Health,PSA,Announcement of SMS service sending tailored postpartum diet and wellness tips to new mothers.,"Okoraria goetera SMS gotoma amangana igoro yechindagera na okorereta, arosire bene ase abangina abageni"
1693,Health,PSA,"Population Services Kenya launches Iron-Folate supplement and nutrition education sessions for adolescents in Busia, Kitui & Nakuru.","Obokoreri aae ekeombe kia obonge bwa abanto Kenya, bachakiri amasomo borengete chindagera buna Ayoni-folate ase abasae chinsemo chia Busia, Kitui amo na Nakuru"
1696,Health,PSA,"Official launch of $5 billion FNRP to support food security across 24 ASAL counties, targeting 5M vulnerable Kenyans.","Ogochakiwa bene kwa omoroberio oyo FNRP bwe chidola chibilioni 5 erio gokonya okoba gwe chindagera ase chikaunti 24 ase eroro na chinsemo chinyomo, barengete abakenya chomirioni 5"
1697,Health,PSA,"Announcement of series of county learning forums emphasizing breastfeeding support, community hygiene, and infant diet education.","Okoraria amaegerio ase chibarasa ase chikaunti chirengete obokonyi ase okogonkia,obochenu bwegenka na chisemi chiokoragera okuya ase ebingwerere"
1698,Health,PSA,Celebrations as Kenya surpasses the WHO target with exclusive breastfeeding rates rising above 50%; commitment extended to sustain improvements.,"Omochengo aiga Kenya ase ogoetania ebirengo bia Ekeombe ekenene ense engima, biamentekire goetani emerongo etano ase emia;eira eyio yementirwe na gokina"
1699,Health,PSA,Announcement of TOT training initiative for 26 health workers from four counties under BFHI supported by USAID.,"Okoraria kuomoroberio bwa amaegerio ase abaorokia abanene ase abakori emeremo 26, ase chikaunti inye inse ya BFHi eire okoboko na USAID"
1700,Health,PSA,Elgeyo Marakwet County officially rolls out CNAP targeting a reduction of child stunting from 30% to 22%.,Ekaunti ya Elgeyo Marakwet ya chakiri bene omoroberio o CNAP orengete gokeani ogotakìa kwa abana korwa 30% goika 22%
1702,Health,PSA,Announcement of free school milk program for primary pupils in Migori and Nakuru to improve child nutrition and school attendance.,Okorari gwokoenana amabere abosa ase chisikuru chioboroso ekaunti ya Migori na Nakuru erio komenta okorereta na komenta abana bagosoa chisukuru
1703,Health,PSA,Launch of four-year dairy quality improvement initiative in central and western Kenya targeting smallholder producers.,Ogochaki omoroberio bwemiaka ene korosia amabere amaya gatigati na bosongo ya Kenya orengete abaremi abakeabake
1704,Health,PSA,"Announcement setting national target to increase milk production to 10 billion liters, supporting dairy livelihoods and nutrition.","Okoraria kobeka ekerenga ase orogongo rwa Kenya komenta eberengo bia amabere goika chirita chibirioni ikomi, gokonya obogima bwa amabere na chindagera"
1705,Health,PSA,"Official launch of a campaign integrating sanitation and nutrition messaging, coordinated via civil society coalitions.","Okorari bene ekampeni ekorenta amo obochenu ase atoetanaine, na chiesmi chiechindagera buna chiraroberetwe ime ya ebiombe bia mwanyabanto"
1706,Health,PSA,"Launch of national Advocacy, Communication & Social Mobilization plan for better public understanding of nutrition.","Ogochaki bene kuomoroberio orogongo rwa Kenya igoro yoboegereri, chinkwana na obosemi bwegenka, komenta obomanyi oboikeranu ase abamenyi"
1707,Health,PSA,"Official announcement of adolescent iron–folic acid supplementation program reaching over 160,000 youth.","Okoraria kwa bene gwokomenta chindagera chibwate foliki ase abasae goetani 160,000"
1708,Health,PSA,Ministry of Health hosts forum with media partners to promote breastfeeding benefits for working parents.,"Ewizara yocheni korosia chibarasa kobwarerana na abariki ba'amangana, erio bararie obuya bwokonkia ase abangina bare emeremo"
1709,Health,PSA,Official media brief on latest DHS findings showing decline; call to re-invest in maternity supports and lactation facilities.,Okoraria bene goetera ebiombo bia amangana chiroboto chia DHS yaenekire ogokeana; ogokurerwa kwarurwe bwokomenta obokoreri ase ebitaseni biobokonyi na okogonkia
1710,Health,PSA,"Announcement of Minitry of Health, private sector, NGOs pledge to strengthen school meals, market nutrition, and community gardens.","Okoraria korwa ewizara ya obochenu, chisegita chia abanyene, na ebiombe bitari ebieserekari barure chiira gotingia chindagera chisukuru, okoragera ase chichiro na okogonkia nase chinka"
1711,Health,PSA,Official roll-out of grant scheme to support vegetable gardens and school nutrition across Nairobi's public primary schools.,Ogochigwa kwa bene kw'omoroberio kwa bosa gochia ebiticha bwechinyeni na okoragera okuya ase chisukuru chi'oboroso chieserekari omochie o Nairobi
1712,Health,PSA,"Announcement of new SMS service sending weekly nutrition tips, food safety alerts and diet guidance to subscribers.","Okoraria okoyia ase SMS chigotomwa chibwate obosemi bokeboke igoro yechiumbu chingya chiokoragera kera omokubio, oborendi bwe chindagera na omoroberio ase abanto berikire"
1713,Health,PSA,"Ministry releasing comprehensive strategy following success of KNAP 2018–2022, targeting multisectoral interventions to further reduce malnutrition rates.","Ewizara korenta omoroberio omotingu kobwatia chiroboti chingiya chia KNAP 2018-2022, buna chisoanana nechinsagia ao ao gokeani okori orachi"
1715,Health,PSA,Announcement about SNV pledging continued support to Kenya’s food systems transformation during Nairobi National Summit.,Okorari korwa SNV koria chiira kogenderera gokonya oboonchorerio ase chindagera orogongo rwa Kenya chingaki chia okoomerana okonene Nairobi
1716,Health,PSA,"Formal launch of digital advocacy initiative mobilizing influencers and civil society to promote nutrient profiling, FOP labelling, and policy change.","Ogochakigwa kwa omoroberio bwokoegerera dichito, gosegeta abatiotereri okuya amo nebiombe bia abanyo erio koaranani chindagera, okobeka amangana ya FOP, Na oboonchoreri bwamachiko"
1717,Health,PSA,Announcing the launch of Kenya Market Assessment highlighting need for warning labels under new nutrient profiling model.,Koraria ogochaki gwe' chichiro Kenya komorekera okogania kobeka ebimanyererio inse yomoreberio omoyia ase chindagera
1718,Health,PSA,MoH reaffirms Kenya’s commitment to spearheading East African food environment policies including front-of-pack labeling.,"Ewizara yobochenu yatingiri okoerwa kwaye ime ya Kenya koraa emeroberio ase ebinto bitoetananete, sse orogongo rwa Afrika ya Mocha amo okobeka amangana make ase chipagiti"
1719,Health,PSA,Government and dairy sector jointly announcing reviving school milk distribution to enhance child nutrition and support local dairy industry.,Eserekari na esegita ya'amabere ase obomo bararirie gochakia obosombi bwa amabere chisukuru erio gotingia okoragera okuya ase abana
1720,Health,PSA,Announcing official ratification of United Nations framework for coordinated multisector nutrition interventions to tackle malnutrition nationwide.,Koraria ogoancherwa bene na obomo bwe Chinse igoro yogosoanana egati yokoragera okuya negisegita ao ao korwania okori bobe orogongo rwa Kenya
1721,Health,PSA,"Public launch of irrigated crop and fodder production in Naoros, where malnutrition cases among under-fives declined by 41% thanks to integrated agricultural-nutrition interventions.","Ogochakigwa ase abaremi komenta ebitoki ase oboremi ase okonyorokeria amache na chitugo aaria Naoros, ase okoria orachi kwarorekana ase abana inse yemiaka etano egakea ase 41% onye tari ogosoanana gwa okoragera okuya"
1722,Health,PSA,"Public announcement of national campaign targeting rice, flour and oil millers to adhere to micronutrient fortification standards, including awards for top performers.","Okoraria ekampeni ase mwanyabanto erengete abaremi bomochere, obosie na amaguta gotingia ebirengo biobochenu,amo nebiegwa ase abakori amaya"
1723,Health,PSA,Official launch of program training villagers including women for home gardens supplying nutrient-dense produce for households and schools.,Ogochakigwa bene omoroberio bwa' amaegerio ase abanyakenyoro ase bare abangina abaremi ebiticha chinka komenta rigesa chindagera ao ao ne' chisukuru
1724,Health,PSA,"Announcement of millet and sorghum adoption to promote climate-smart, nutrient-rich diets at national policy forum.","Koraria oboremi bwamaemba komenta chindagera chikoigwana nerire, bosio bwe' chingongo chinde"
1725,Health,PSA,"Public launch of rice products fortified with iron, folic acid, B-vitamins, iodine and zinc, aligned with government fortification standards.","Ogochakigwa gwechindagera chinde chire ase omochere omentire ebioma bia asidi ya foliki, ebitamunusi B, ayodini na zinki, gochia amo neserekari erobereti"
1727,Health,PSA,"Announcement of staff health screening (BMI, blood pressure, blood sugar) and wellness baseline to shape ongoing workplace wellness programming.","Okoraria okorenga obochenu ase abakori obochenu( BMI, ogoaka kwa amanyinga,esukari ase amanyinga) na korosia oboroso eeio korosia omoroberio yokoigwana ase emeremo"
1728,Health,PSA,Call for small food vendors to reformulate products to meet nutrition standards and enter competition for rewards.,Okorangerigwa kwa abaonchoreri abakeabake be' chindagera korengani na goetani ebirengo bio okoragera okuya na gochaka amaamererani bwechigutwa
1729,Health,PSA,Official launch of biofertilizer to increase micronutrient content in crops grown in six counties.,Ogochakiwa bene bw' obwoyo bokorosigwa komenta obotobu ase ebimeria bikoremwa ase chikaunti isano nemo
1730,Health,PSA,Announcement opening applications for grants to employers to establish gyms or fitness zones for staff.,"Okoraria bw'ogochakia amasabo yokoenana obokonyi botari gwakanerwa ase abariki, gochakia chinsemo chiamaegerio gose amatemu ase ebimo ase abakori emeremo"
1731,Health,PSA,Public announcement of competition to promote local nutritious recipes using fortified or indigenous ingredients.,"Okorari amaamereranio ase oborugi ase abanto, ase chindagera chia egekoro gotumia ebinto bikomenta obotobu gose ebikoro"
1732,Health,PSA,"Launch of smartphone app to track daily steps, hydration, dietary intake, and stress levels with community leaderboards.","Ogochakigwa kwo'moroberio ase esimi entingu kobwatia chimbaratero chia kera rituko,obonyiu, okoragera na eberengo biogochorerana kwa ebirengrrerio ase ekerore gwe' chinka"
1733,Health,PSA,Official launch of biofertilizer to increase micronutrient content in crops grown in six counties.,Ogochakigwa kwa obwoyo bokomenta obotobu ase ebimeri ime yechikaunti isano nemo
1734,Health,PSA,Announcement opening applications for grants to employers to establish gyms or fitness zones for staff.,Ogochakigwa bene obokonyi bwa bosa ase abariki gochaka chigosori chia ebimo ase abarikwa
1735,Health,PSA,Public announcement of competition to promote local nutritious recipes using fortified or indigenous ingredients.,Okoraria ase abanto bonsi amaamereri yoborugi gotumika chindagera chia egekoro
1736,Health,PSA,"Launch of smartphone app to track daily steps, hydration, dietary intake, and stress levels with community leaderboards.","Ogochakigwa kwo'moroberio ase esimi entingu kobwatia chimbaratero chia kera rituko,obonyiu, okoragera na eberengo biogochorerana kwa ebirengrrerio ase ekerore gwe' chinka"
1737,Health,PSA,"Public declaration of stress management, substance abuse, workplace safety, and wellness training for employers via FKE curriculum.","Okoraria inga ogochorerana kwe ebingererio, ogotimia ebinyugwa bigotindia, oborendi chinsemo chia emeremo, na amaegerio yokogendereria ase abariki gotumia amarago aya Ekeombe Ekenene Giokorika abanto (FKE)"
1739,Health,PSA,"Launch of a customizable wellness approach combining psychoeducation, screenings, group sessions, and organizational policy consulting for employee wellbeing.","Ogochakigwa kwamagenderero aranyare goochororegwa egosangani amasomo ya obongo, oboringori, ebiombe na obosemi kw'obomo ase abasomba"
1740,Health,PSA,"Announcement of Kenya’s first AI‑powered mental health & wellness platform offering tailored self-care, assessments, and access to professional counselling.","Okorari egetii kiobochenu bw'obongo na kogendereri na obongo botari bwobomaene orogongo rwa Kenya buna orebwate buya, okoeneki nga mbuya, na ogoikera obosemi bwa ekerengo kiaigoro"
1741,Health,PSA,Announcement that public service will now provide tele and in-person counselling services through Huduma Centres and hotline 1919.,Okorari inga obokoreri ase mwanyabanto goikerwa nechisimi naboigo obosio ase obosio na chinsagia chinde gotumika enamba ya mobasokano 1919
1745,Health,PSA,Public invitation and details for October 2025 national conference themed “Securing the Future” on holistic mental health.,"Ogochika mwanyabanto na amoorokererio ya'orogongo omotiènyi o'ikomi 2025 ore nekerenga "" Korenda Amarago"" igoro ya obochenu bw'obongo oboikeranu"
1746,Health,PSA,Gertrudes Cancer Walk: Walk held to raise funds for children with Cancer. Thousands turned up for the walk in Nairobi,Etaro ya Kansa ase Gertrudes: etaro eyio nekonye ogosangereria ebitoki ase engencho yabana babwate Kansa Abange mbesogeti ase ogosira etaro eyio Nairobi
1748,Health,PSA,"Gov't increases SHA benefits for Cancer patients, adds real-time claims tracking","Eserekali yamentire obuya obonge ase ogotumika SHA ase abarwaire ba kansa, obuya bonde mboria aya onsi agikoreka ase ebiro ebitingu agwe agwe Rituko rinene riogochengera kansa ense engima, amangana amamwamu"
1749,Health,PSA,"World cancer day themed 'united by unique'. Experts emphasize on individualized patient-centered care. Govt called upon to ensure easy accessibility to cancer services  
Rising burden of cancer considered a threat to the economy ",Abaringori babetereire obokoreri ase omonto omonyene Ebigambero biaborigu koeneki okonyorekana kwa obokoreri bwango ase kansa
1750,Health,PSA,Oncology clinic launched in Samburu County 10 cases of cancer reported monthly in Samburu. Barasa Centre makes cancer treatment accessible. We have been able to treat four patients,Ekiriniki gia kansa giachakigwe ekaunyi ya Samburu Chikansa ikomi chiatokire Samburu kera omotiènyi Egetaseni gia barasa yagerire kansa komanyekana
1752,Health,PSA,Government calling on employers to integrate mental wellness supports into occupational safety standards.,Eserekali yarure ogokurera ase abariki kobwaterani obikonyi na obochenu bw'obongo ase oborendi obuya ase emeremo
1753,Health,PSA,Public communication campaign across radio and TV networks during national mental health month.,Okoraria ekampeni yokoererania ase chiretio ne chitivi kero kuomotienyi bwokararia oborwaire bw'obongo
1754,Health,PSA,"Announcement of wellness zones offering balanced diets, counselling, and stress-relief services in major facilities.","Okorari gwechinsemo chiobuya na chindagera cherenganaine, obosemi oboikeranu na obokoreri bwogokeani ogoichorerana kw'obongo ase ebitaseni ebinene"
1755,Health,PSA,Health Ministry mandating provision of fruit-based snacks instead of sugary options in public primary schools by 2026.,Ewizara ya obochenu yachikire okorwegwa chindagera chia amatunda ao ao ribaga rie chindagera chibwate esukari ase chisukuru chi'oboroso goika omwaka 2026
1756,Health,PSA,Announcement that CHV-led malnutrition screenings will now include mental wellbeing checks.,"Okoraria inga oboringori bwokoragera bobe koraagwa na abanyagitari begenka, bamente obochenu bwobongo"
1757,Health,PSA,"New policy by the government mandating flexible scheduling, stress management training, and wellness breaks in government offices.","Ogochika okwororo okoyia,amaegerioigoro ogoichorerana kwa obongo na omotimoko omoya ase chiafisi chia eserekari"
1758,Health,PSA,"Government promoting daily exercise challenge across all counties, emphasizing movement for health.",Eserekari gochakia chigosori chia kera rituko egosingerera obochenu ase chikaunti chionsi
1759,Health,PSA,Announcement promoting community-based mental health outreach as anchor to Kenya’s Mental Health Awareness Month theme of “Community for Support”.,"Okorari gosegeta amaegerio igoro yobochenu bwobongo erengete amariko amamwamu kero kiomotienyi bwa obosemi ase obochenu bwobongo orogongo rwa Kenya na ""Ekeombe ekenene Kiobokonyi"""
1760,Health,PSA,"National Coordinating Committee affirming Kenya’s pledges on food system reform, nutrition financing, and wellness pathways.","Ekomiti enene yokobwaterani,gotingia chiira chia Kenya igoro ya oboonchereria ase chindagera, obokonyi bwe chindagera nechingecho chiokogenderera"
1761,Health,PSA,Annoucement by Kenya National Commission on Human Rights  calling recognizing mental health as a universal human right.,Okorari inga Ekeombe Ekenene Giokoegerera Mwanyabanto kemente obochenu bwobongo buna obomaene bwa mwanyabanto
1762,Health,PSA,KEMRI  unveiling pilot program training religious figures in suicide prevention as mental wellbeing outreach.,Ekeombe Ekenene Kiobotuki bwa Amariogo yachakiri amaegerio yamatemu ase abarai abanene bechidini ase ogotanga okwengete buna amasomo gokinia obongo
1763,Health,PSA,"Launch of digitized supply chain tool connecting farmers, schools and vendors to improve nutrition transparency in school feeding.","Ogochakigwa kwa oboereri ase dichitol kwabatani abaremi, chisukuru na abaonchoreria kobeka teneni okoragera okuya ase chisukuru"
1764,Health,PSA,Launch of Jifunze Lishe SMS service sending weekly nutrition and wellness tips to 2M subscribers.,Ogochakigwa kwa amariko amake yechisimi igoro yokoragera okuya kera omokubio ase abanyene ekeombe chimirioni ibere
1766,Health,PSA,"Announcement of first public wellness zone offering outdoor fitness equipment, dietary kiosks, and mental wellness pods at Nairobi's stadium.","Okorari ogotangani gwechigosori chia isiko yebitii, ebitaseni bia chindagera na ebikorerio biobochenu bwobongo ase egetii giachigosori Nairobi"
1768,Health,PSA,"Kenya confirms three new Mpox cases from Nairobi, Nakuru and Mombasa counties, this brings the total to 17, Health CS Barasa says.","Kenya yaenekiri abarwaire batato banyorekana na Mpox ase chikaunti chia Nairobi, Nakuru na Mombasa, baikire abarware ikomi na batano babere, omonogeri ewizara Barasa otebire"
1769,Health,PSA,The Ministry of Health has assured the public that the Mpox situation in the country is not comparable to the COVID-19 pandemic.,Ewizara ya obochenu yaenekeiri ase mwanyabanto obobe bwa Mpox mbokorenganigwa na Korona
1770,Health,PSA,Kenyans have been urged to desist from handling or consuming bush meat to avoid possible contraction of Mpox disease.,Abakenya bakureirwe batige koria chingiti chia orosana erio gwetanga kwambokrigwa obirwaire bwa ebikondo(Mpox)
1771,Health,PSA,"As concerns rise over Mpox outbreak, the Ministry of Health has pledged to procure two million vaccines before the end of the year.","Buna ogokumia kogendererete igoro yogoateka kwoborwaire bwebikondo, Ewizara yobochenu yarure eira korwa echancho chimirioni ibere nyuma yomwaka"
1772,Health,PSA,"Ministry of Health launches HIV\AIDS marathon to be held on December 1, as it targets to eradicate the disease by 2030","Ewizara ya obochenu yachakirie chimbero chia Marathoni chia oborwaire bwenyamoreo chirakoreke omotiènyi o'ikomi na kabere, etariki eyemo, erengete gosiria oborwaire egoekera omwaka 2030"
1773,Health,PSA,"Empowering farmers living with HIV/AIDS a crucial step towards sustainable agriculture, community well-being ",Gosegeta abaremi bamenyete na enyamoreo negetambokero kiengencho ase okogendereri oboremi nechinka
1774,Health,PSA,"There is no shame in seeking help for depression. In fact, seeking help is a sign of strength, not weakness. If you or someone you know is struggling with depression, please reach out to a mental health professional or a crisis hotline","Obosoku tiboiyo ekero okorigia obokonyi kore' nemechando Korigia obokonyi tari oboreu, korende mekemanyererio giachinguru Onye nomanyete omonto ogoetera amakungu ao ao"
1776,Health,PSA,The COVID-19 pandemic may be causing extra stress for many people. Learn the common signs of a mental health crisis and ways you can help.,Obokongu bwa korona mbwarenta ogoichorerana kwa obongo ase abànto abange Egera ebimanyererio biogosareria obochenu bwobongo na chinchera oranyare gokonya Inyora inga gosegeta obochenu bwobongo ritangani nkore nengencho enene buna obochenu bwomobere
1777,Health,PSA,"Always remember that Mental Health first aid is just as important as physical first aid.
St John Ambulance is here for you!",Ekeombe gia St John's Ambulance nao kere aroro asengencho yago!
1778,Health,PSA,Depression is a common mental disorder and one of the main causes of disability worldwide. WHO estimates that globally 264 million people are affected by depression.,Ogoichorerana kwa obongo noborwaire bwabotambe ase obongo na ensemo yechisababu chinde chioboremaru ense engima Ekeombe ekenene ense engima nekagerete buna abanto chimirioni 264 banyorirwe nogoichoreru nobongo
1779,Health,PSA,1 in 3 Kenyans will experience a mental health proplem at somepoint. Recognize and understand the symptoms.,Omokenya oyomo ase batato baeteire ogoichorerana kwa obongo Tema komanya ebimanyererio biaye
1780,Health,PSA,"Let's talk mental health! If they stopped talking, please check on them.","Tokwanere obochenu bwobongo! Konye batigete gokwanera, koranche barigie"
1781,Health,PSA,Cancer patients stranded at KNH. Patients left stranded after radio-therapy machine breakdown. Frustrated patients camp at the hospital for second week. KNH announces cobalt radio-therapy machine has been restored,Abarwaire ba kansa baraterire ase enyagitari enene ya Kenyatta Abarwaire bakwamire nyuma yechimashini kogira emeremo Abarwaire bakure emioyo nao bare nyagitari emekubio ebere
1782,Health,PSA,"Garissa governor sounds alarm on cancer surge, links it to alleged nuclear waste dumping","Egavana ya Garissa orure igokurerwa ase okomentekana gwa kansa, ekero ekio akomenta inga eubi egotugutwa ewate niuklia egobeteka"
1783,Health,PSA,MTRH conducts its first Stereotactic Radiosurgery on brain cancer patient,"Enyagitari enene ya Moi,yakora okomanwa kwaye ogotangani goetra chinsase chia eredio kwa stereotactic ase omorwaire okansa yobongo"
1784,Health,PSA,Air pollution fuels lung cancer among non-smokers,Ogosarigwa kwa embeo ngosegeta kore kansa ya amayaa ase abanto batari konywa esigara
1785,Health,PSA,"Cervical cancer is one of the most preventable and treatable cancers when detected early. This month, let’s join hands to raise awareness, encourage regular screenings, and support initiatives for prevention and early diagnosis","Kansa yenchera yoroiboro nensemo eyemo egotangeka kero yamanyiru kendabu Omotiènyi oyoiga, tubekane amo komenta obomanyi, gosegeta oboringoria mara aange, na gosegeta emeroberio yogotanga na okomanya ritangani mbuya"
1786,Health,PSA,"Polio, BCG vaccines to arrive in June after Gov’t releases Ksh.900M",Echancho ya polio na BCG neikarane omotiènyi ogatano narimo nyuma yesekari korwa chimirioni amagana kianda
1787,Health,PSA,MoH assures parents of vaccine safety after two children died from polio shot,Ewizara ya obochenu yaenekeire abaibori obuya bwa oborendi ase echancho nyuma yabana babere gokwa korwa echacho ya polio
1788,Health,PSA,"MoH announces 5-day Polio vaccination campaign from October 2 to 6, 2024","Ewizara ya obochenu nyararia ekampeini ye chancho ya polio ase amako atano gochakera omotienyi ikomi chitariki ibere goika isano nemo, 2024"
1789,Health,PSA,Ministry of Health confirms polio vaccines are safe after investigation into recent child deaths,Ewizara ya obochenu yaenekiri inga echancho ya polio mbuya ere nyuma yoboringori ase ogosira kwa abana bwango iga
1790,Health,PSA,Health experts from Kenya and Somalia devise ways to fight polio. Many cases of polio reported in Kenya coming from Somalia,Abamanyi korwa Kenya na Somalia mbachakia chinchera chiokorwani polio Abarwaire abange ba polio nkorwa Somalia
1791,Health,PSA,"MoH to begin third round of polio vaccination in Mandera, Wajir and Garissa","Ewizara ya obochenu gochakia entunda yagatato yechancho ya polio aaria Mandera, Wajir na Garissa"
1792,Health,PSA,Gov't targets to administer polio vaccine to 7.4 million children below 5 years during the vaccination campaign set to begin on Thursday,Eserekari yarengire koa echancho ya polio ase abana chimirioni 7 4 inse yemiaka etano ebiro bie kampeni ye chancho ekageire gochaka etichi gatano
1793,Health,PSA,Everyone deserves respect and support in their mental health journey. Let's break the stigma and build a world where we prioritize well-being for all.,Kera omonto naganeiri esiko na obokonyi ase orogendo rwaye rwobochenu bwobongo Tobunabune ogochecheriwa na toagache orogongo gatokobeka bosio okwendereria kera oyomo
1795,Health,PSA,"It's okay not to be okay!
There is no health without mental health!",Mbuya gotaba buya!
1796,Health,PSA,FGM is a traumatic experience that leaves a lasting psychological mark & may adversely affect the mental health of the victims,Okoarokigwa negetambokero kiobororo kegotiga magega ebirengereri bitakoera na eranyarekane korenta oborwaire bwobongo
1797,Health,PSA,"As we stay home & celebrate Easter holiday, we are reminded about our mental health. Be keen on what you consume as information during these troubled times, be mindful about your health & that of others. Share love, not panic & fear","Gatore chinka gochengera Epasaka,tuanyorigwe igoro yobochenu bwobongo Torende mono ninki togokorera chingaki chiemechando,renda kegima obuya bwago na abaamate bago Sanga obwanchani, tari obwoba ase obwoba"
1799,Health,PSA,Measles jab drive: Immunization drive to focus on children aged between 9-18 months,Esindani ya misols: Echancho erengete abana egati yemetienyi kianda goika ikomi na gatano gatato
1800,Health,PSA,"The ongoing measles-rubella, tetanus vaccination drive enters the fourth day","Ekampeni egenderereta yechancho ya misols-rubela,oborwire rwepunda na tetenasi yosoire rituko ria kane"
1802,Health,PSA,"Men's mental health awareness is critically important because they face unique challenges and pressures from society. Research shows that men are less likely to ask for help with mental health issues than women. This is often because society expects men not to show vulnerability or emotions. This can lead to serious problems, including a higher rate of suicide among men, who are almost four times more likely to die by suicide than women",Obomanyi bwoborwaire bwobongo ase abasacha nobwengencho enene ekiagera nabwo bakoomerana na amangana amange ase chinka Obotuki bwakirirwe bokoorokia inga abasacha naboro ase ogosaba obokonyi ase obochenu bwobongo kobua abangina Neye mara aange abasacha mbari gwasioka koorokia obworo bwabo
1803,Health,PSA,"By paying attention to those around you, you might save a life! Prioritising mental health in the workplace is just as crucial for those working from home. Mental health challenges can affect anyone; they don't discriminate. Wherever you are working from, taking care of your mental health can improve your productivity and overall happiness. Lets break the stigma and make mental health a priority!","Ase okobarengereri baria bagoetanaine, nabo ogokonya obogima! Nengencho engiya kobeka amangana aya motwemotwe obochenu bwobongo ensemo yemeremo na baria bagokora emeremo korwa chinka Obokongu bworwaire bwobongo nabo bokonyora onde bwensi; mbori gwanchereria Ande onsi ogokora emeremo, korenda obochenu bwobongo mbonyare gosegeta okwama okuya asegasi yago na omogoko oogo ase obwagare"
1804,Health,PSA,"Drug or alcohol addiction can exacerbate feelings of hopelessness, worsen mental health conditions, impair decision-making, and increase the risk of suicidal thoughts. Avoid drugs and substance abuse","Amariogo gose obotindu bwa amarwa nabo bigosegeta okwerusi moyo, komenta obochenu bwobongo, goteani ebirengererio na komenta ekegoso kwa ebirengererio biogweita Tigana na amariogo togotindia na ogotumika amariogo yogotinda"
1805,Health,PSA,"Self-care is important - it directly affects your overall well-being, including physical, mental, and emotional health. Prioritizing self-care helps you manage stress, avoid burnout, and maintain a balanced life. Engaging in exercise, good sleep, healthy eating, and mindfulness boosts resilience and promotes a positive outlook","Kwerenda mbuya-ngosegeta kore ogokina eyemo ase eyemo ase obonge,bire ama mbarabare ne obochenu bwomobere,obongo na okoigusa Beka bosiobosio kwerenda ngokonye ogoichorerana kwobongo, gotanga omoroso, na gotingia obogima obuya Gokora chigosori, korara buya, kula vizuri, na kobetereria komenta oboremereria na gosegeta ogokina ogoke"
1806,Health,PSA,"Climate change affects mental health. Natural disasters, displacement and chronic environmental stressors leads to increased anxiety, depression, and PTSD. Addressing climate change is key to protecting mental well-being","Ogoonchoreria kwe rire ngochangera bore oborwaire bwobongo Amakongu amakoro, konganyigwa nechinguru na ogoichorerana kw'obongo komenta ososobe, ogotitingara, omochando na PTSD Koonchani namaonchoreri yerire mboronge korenda obochenu bwobongo"
1807,Agriculture,PSA,"(Nairobi, Kenya, May 2024): African countries have been challenged to boldly push for the adoption of cutting-edge science in agriculture and the use of ...","Nairobi, Kenya, 2024: Orogongo rwa'Africa rwaboriigwe gosegeta obomanyi  bwo'ogoonchoreria gochia sayansi yooboremi bwabono erengete okonacha emete korwa ase emegondo  yendagera na engencho yobokoreri bwa...."
1808,Agriculture,PSA,(v) improving market access for the smallholders through better supply chain management. The Vision aims at adding value to our farm and livestock products.,Kwororobia echiro ya abaremi bemegondo emeke na echiro yerigesa riabo  goetera obobagi na oboererania bwerigesa riabo as oboikeranu. Ekerenga eke nigo kerengete gokinia ebotoki ase aboremi bwebimeri na etugo amo.
1811,Agriculture,PSA,... digital agriculture to facilitate sustainability and cost-efficiency. Is climate-smart agriculture enough? Despite the multiple benefits ...,"Oboremi goetera chisemi tekinorochia yegedichitari  erio kwororobia okogendera na gokinia rigesa ase rigori rike, nkore nobuya ao ao…"
1812,Agriculture,PSA,"... digital financial services, climate-smart agriculture and other digital tools that make agricultural value chains more efficient and inclusive.",Oboererania bwechibesa as embeo amo na chisemi chioboremi goeteratekinorochia yegedichitari  borengete bobwata embeo egosaria rire nechisemi chinde na okobwaterana rio oboremi bobe oboikeranu kegima….
1813,Agriculture,PSA,"... Market Access and Dietary Diversity: The Potential Role of Women in Improving Household Nutrition in Kenya Evelyne Kihiu, Hillary Wakhungu and Juneweenex ...","Goikera echiro yoboremi amo nendagera yomobere engiya ase obogare:  Obokoreri bwa abangina ase chinka nobwengencho ase okorageria buya chinka chiabo aiga Kenya buna  Evelyne Kihiu, Hillary Wakhungu and Juneweenex agoteba..."
1814,Agriculture,PSA,"... market access and product development, promotion of sustainable land use, access to credit and agricultural inputs, fish safety and quality assurance and ...",Goikera echiro yerigesa riabaremi na obonchoreria oboikeranu bwerigesa riabo nekonye korenda riroba riabo ritenenke as obotobu na oboremi obuya. kogenderera
1815,Agriculture,PSA,... market access in order to address food availability and affordability in the region. Low agricultural productivity and health issues emerge as most severe ...,Goikera echiro erio goikerania ogotoka kwendagera as bonsi na ase rigori rigiya aiga orgongo rwa'Afrika. Ogokeana kwerigesa nebirengo bibwenerate endagera engiya ekorenda omobere yarorekanire buna ring'ana riomochando omonene…..
1816,Agriculture,PSA,... Push Pull Technology is revolutionizing cowpea farming in Western Kenya. 16 July 2025. More News. Latest Updates. UK-CGIAR News. Exploring the ...,Chisemi chiegesayansi chirengete goseria gose kobwata amakonde nebichuni bigosaria endagera mogondo ase okobukania ebimeri mogondo buna chimbisi aaria songo ya Kenya. 6 July 2025. More News. Latest Updates. UK-CGIAR News. Exploring the …
1817,Agriculture,PSA,"…technology transfer are taken into account, science is the main driver…. Push-pull technology that involves intercropping with specific forage….",Amasomo yobamanyi bwegetekinorochi ase abange nobwenerete korengererigwa buna ekebekerero kiaboronge goikerania oboremi bwokoburukania ebimeri nemete yokorenta ekiriri as ebimeri mogondo.
1818,Agriculture,PSA,"201. Effect of varying desmodium and maize harvesting regimes on their yields and growth attributes within the ""Push- Pull"" intercropping ...",201. Rigesa rigiya ndianyorekanete koburania ebituma nekemeria gia deimidiam as engencho yogosegeta koburukania ebimeri biendagera amo nebimeri binde amo nemete gokoreta ekiriri as ebimeri.
1819,Agriculture,PSA,25 percent of users of digital agriculture solutions in sub-Saharan Africa are women. IFAD is committed to addressing and overcoming these challenges by ...,Abanto emerongo ebere na batano as emia eyemo bagokora oboremi bwembeo Afrika ya sugusu yeroro ya sahara nabang'ina. IBAD yerure gokonya obokong'u obo goetera obkoreri bwembeo
1820,Agriculture,PSA,"4th Floor, Bank of Agriculture building, 162 Independence Avenue, Central Business District Abuja, Nigeria. aatf Telephone : +234 9 4605480 ...See more","Enyomba ya igoro ya kane yebengi yo'oboremi, 162 oboeto bwobosibore omochie ogati bwomochie bwa'Abuja Nigeria enamba yesimi: +234 9 460580 ....."
1821,Agriculture,PSA,"4th Floor, Bank of Agriculture building, 162 Independence Avenue, Central Business District Abuja, Nigeria. aatf Telephone : +234 9 4605480; aatf@aatf-africa.","Enyomba ya igoro ya kane yebengi yo'oboremi, 162 oboeto bwobosibore omochie ogati bwomochie bwa'Abuja Nigeria enamba yesimi: +234 9 4605480; aatf@aatf-africa."
1822,Agriculture,PSA,"A climate-adapted push-pull system effectively controls fall armyworm, Spodoptera frugiperda (J E Smith), in maize in. East Africa. Crop Protection, 2018. CAB ...","Oboremi amo nebimeri binde buna edesimodiam  ngotanga ere amakonde buna chingeti gocha mogondo echio agosaria ebomeri, Spodoptera frugiperda (J E Smith), in maize in. East Africa. Crop Protection, 2018. CAB ..."
1823,Agriculture,PSA,"A comprehensive study conducted in Northern Nigeria by AATF, and partners has highlighted the glaring gender disparities among maize farmers.","Obokongoria bwabeene bwakoretwe aria Irianyi ya Nigeria na AATF, na abamwabo mbwaorokerertie ng'a ogotareng'ana gati yomonto omosacha na okungu ase engencho yobogambi na ekemira igoro yoboremi bwabobuna nomochando omonene as oboremi bwebituma."
1824,Agriculture,PSA,A new solar dryers shows promise for improving sweet potatoes yields/profitability. Learn more about its application and benefits.,Emasini enyia ekogendigwa nechinguru chierisase ase okwomia amarabwoni  yaire abarami omyo bwokogesa nagokinia oboremi nerigesa  erio bagese okonyora okuya. Egera mono igoro buna emasini eye egokora emeremo nobuya bwaye.
1825,Agriculture,PSA,A new study has confirmed that cultivating transgenic Pod Borer Resistant (PBR) Cowpea does not harm ecological species or disrupt biodiversity.,"Obokongoria bwa bwango iga bwaorokirie ng'a korema ekemeri kia transgenic Pod Borer Provenant (PBR), Cowpe mbori gosaria ebire bitoonchokanaine buna emete gose ching'iti."
1826,Agriculture,PSA,A solid business plan is essential for any agribusiness venture like grain production. Learn the key components and how to develop one.,Omoroberio omuya bwoboremi nobwengencho kegima as oboremi bwoboonchoreria  as oboremi bwechinyeke. Egera igoreo yebiganeirie na buna bigora emeremo kogesa rigesa.
1827,Agriculture,PSA,A subsidy voucher is a delivery mechanism that provides farmers with access to agricultural ... market survey should be launched to probe the market in terms of ...,Omoroberio bweserekari gokeeria abaremi rigori riebinto bioboremi nechiro yerigesa rioboremi bwbo noganeirie goikeranigwa  echiro yoboremi ase enchera ya……
1830,Agriculture,PSA,AATF (African Agricultural Technology Foundation) is a not-for-profit African led technology- transfer organisation that provides farmers in Sub-Saharan Africa ...,AATF (African Agricultural Technology Foundation aiga Afrika nekemo kiebiombe getari korosia obaita aiga Afrika kegendereretie koereria chisemi as abaremi bemegondo emeke aiga Afrika yensemo enyomo
1831,Agriculture,PSA,"AATF believes that technology can be a catalyst for the transformation of the agriculture sector in. Africa, as it has been in other parts of the world. Our ...","AATF mbre nokwegena ng'a chisemi chia tekinorochia nchibe ensemo yobokoreri ase okorenta oboonchoreria as oboremi, aiga Afrika buna yabeire egokorekana ase chinse chinde chiense."
1832,Agriculture,PSA,AATF is looking for a consultant to develop and deploy a contemporary knowledge management hub that will enhance internal and external information sharing ...,AATF nkorigia bare omomanyi kogesa bori bwabo buna bagochakia esukuru ya obosemia bwa bono igoro yoboremi erio kogareyia chisemi echio ime na isiko.
1833,Agriculture,PSA,AATF was encouraged to focus on developing programmes on smart and resilient agriculture that emphasize indigenous food systems as an intervention.,AATF mbasegetetwe korigereria igor yogochaka amasomo igoro yoboremi obikeranu / obonuke borengete chindagera chia aiga nka Afrika  kobua mono chiria chikonyara koremereria omopgaso omonene gose embura enyinge buna ensemo enene yobokoreri.
1834,Agriculture,PSA,"AATF will use its knowledge activities, both tacit and explicit2 to raise the profile of the role of science, technology, and innovation in African agriculture.","AATF nigo baraetere obomanyi bwabo na bori boreo as obokoreri kogendereria na gokinia obomanyi igoro yegesayansi, tekinorochia na okomanya konde erio gokinia oboremi aiga Afrika."
1837,Agriculture,PSA,ACAT is the foremost agriculture technology transfer platform that facilitates structured dialogue and consensus building on game-changing novel technologies.,CAT nomoroberio obeene bwokoererania chisemi chia tekinorochia gochia ase abarami ogendereretie chinkwana chia oboamo na ogwancheran amo buna enchera eyemo yokoreta ogoochoreia okoronge as oboremi.
1838,Agriculture,PSA,"Access accurate weather forecasts for your area to plan dairy farming like planting, spraying, or harvesting effectively.","Konyora ogokurerwa kwa bwango ase omorakera gose etoigo nekonye ase okweroberia ase oboremi igor yogosimeka, gosiarera eriogo na nomoroberio bwokogesa ase obikeranu."
1839,Agriculture,PSA,Access early warning information on flooding from KMD to prepare and protect your livestock.,Goikera ogokurerwa gose okomanyigwa se obwango nekiengencho mono kowa KMD gokonya omoremi kobanga igor yoboremi na korenda oboremi bwaye bwetugo
1840,Agriculture,PSA,"access especially by the smallholder farmers, and ... of relative agricultural economic growth and also shows the size of the agriculture market in Kenya.",Goikera obomanyi bwoboremi as abaremi bemenaboigo akworokia buna oboremi bogokinia ebitoki na buna echiro eng'ani aiga Kenya.
1841,Agriculture,PSA,"Access relevant education and training. b. Have ... agriculture production. o Existing supportive agricultural facilities e.g., soil labs, physical market ...",Goikera obomanyi bwa keene na amasomo. b. Mbire ... Oboremi nerigesa. o Omoreberio oreo nosirete obokoreri as oboremi sbuna ogopima obotobu bweriroba nechiro yaye ekororekana ...
1842,Agriculture,PSA,"Access to credit: Access to agricultural credit can have a significant ... market, access to extension services, and access to irrigation. Furthermore ...","Goikera amakobeso yechibesa : Goikera amakobeso yechibesa chioboremi noro ngosira kegima ... echiro, naboigo goikera obokoreri bwoboremi korwa ofisi yabaremi , nabo igo goikera ooroberion bwokonyorokereria amache chingaki chieguragura as ebimeri. Mono kegima ..."
1843,Agriculture,PSA,"Access to healthy foods: Improve access to affordable, nutritious food through community gardens, farmers' markets, and food assistance programmes. iii.","Goikera na konya kogora endagera engiya yokorenda omobere: Kwororobia ogoikera na kogora endagera ase rigori rigiya, endagera yebirengo bisaine ase omobere, goetera oboremi bwa nka, chichiro chia abaremi, na omoroberio bweserekari bwogonyonya ayio. iii."
1844,Agriculture,PSA,Adapt your farming practices on the fish pond to cope with climate change impacts like drought. Learn about resilient varieties and techniques.,Ogoonchoreria engencho yogokora oboremi bwechinswe chiechindani borengete ogoochoreria kwerire nemechando yaye buna eguragura/eng'era.. Egera igoro ya yembusuro ekoremereria ayio na tekinorogia ase oboremi obwo.
1845,Agriculture,PSA,Adding value to mushrooms can significantly increase your income. Explore simple processing techniques and market opportunities for value-added products.,Komenta oboikeranu as oboremi bwamoba erio gokinia ebitoki korwa aroro.
1846,Agriculture,PSA,Adding value to vegetables can significantly increase your income. Explore simple processing techniques and market opportunities for value-added products.,Komenta oboikeranu as oboremi bwechingeni na amatunda boigo komenta bore ebitoki. Rigia komanya enchera enyororo igor yoboonchoreria bweriga echiro yaye engiye ereo.
1847,Agriculture,PSA,"addition; Inadequate market information resulting to limited market access and narrow ... agricultural, mineral, natural and foresty resources; (iii) ...","Amo naya, oboremeru bwa'amang'ana igoro yobamanyi bwechiro tatangire abaremi goikera echiro na kogotei…. Oboremi,  ebirengo biotobu as riroba, natural and foresty resources; (iii) ..."
1848,Agriculture,PSA,"Good governance is key to a successful cooperative. Tips on leadership, transparency, member participation, and financial management.","Oborai obuya nobwengencho enene as ekeombe kioboremi. Ayagosemia as oborai, oboasioku, okobwaterana na abaremi and obokoreri bwechibesa"
1849,Agriculture,PSA,Adopt best practices in aquaculture (fish farming) for species like catfish to maximize yields and profitability sustainably.,Beegie chingencho chingiya chioboremi bwechinswe ase chindani erio gokinia rigesa erio na ebitoki ase enchera ebwenerete
1850,Agriculture,PSA,Adopt sustainable intercropping methods to protect the environment and ensure the long-term productivity of your small farm.,Beegie chingencho chioboboremi bwokwegendereria as okorenda ebitoetanete eriogoikerania rigesa riabotambe ase oboremi bwabaremi bemondo emeke
1851,Agriculture,PSA,"Adopt the 'One Health' approach recognizing the link between human, animal, and environmental health in managing foodborne illnesses.","Beegie enchera eyemo yobochenu eyi ekorenda oboamate gati ya mwanyabanto, etugo amo nobochenu bwebitoonchokanante buna enchera eyemo yogotanga amarwaire akorwa ase chindagera chitari chingiya as omobere."
1852,Agriculture,PSA,"Adopt the 'One Health' approach, recognizing the interconnectedness of human, animal, and environmental health, especially in managing foodborne illnesses.","Beegie enchera eyemo yobochenu ase okomanya oboamate gati ya afia ya mwanyabanto, etugo na ebitoonchokananete buna enchera eyemo yogokei amarwaire akorwa ase chindagera."
1853,Agriculture,PSA,"Adopt the 'One Health' approach, recognizing the interconnectedness of human, animal, and environmental health, especially in managing zoonotic diseases.","Beegie enchera eyemo yobochenu ase okomanya oboamate gati ya afia ya mwanyabanto, etugo na obochenu bwebitoonchokananete buna enchera eyemo yogokei amarwaire ase etugo."
1854,Agriculture,PSA,Adopting sustainable crop rotation methods protects the environment and ensures long-term productivity for cattle.,Okweegia chingencho chioboremi bwogoonchoreria ebimeri mogondo nenchera eyemo yokorenda ebitoonchokananete naboigo goikerania rigesa rioboremi bwetugo rioka rioka
1855,Agriculture,PSA,"Agricultural biotechnology is vital for addressing the chronic food shortages in sub-Saharan Africa. GM technology is employed in only a few African countries, ...",Obosayansi bwa oboremi nobwengenho enene as ogkei obremu bwendagera aiga orgongo rwense enyomo iga Africa. Neganetie ekinorochia ya GM
1856,Agriculture,PSA,Agricultural insurance protects against risks like drought. Learn about available insurance products for dairy cattle and how to access them.,Oboremi boteneneire na ekeombe kegokonya ekero kieguragura gose omobaso ogsaria ebimeri gose netugo nobwengencho. Egera igoe yobokoreri bereo as yebiombe ebio as abaremi betugo na buna orabaikere
1857,Agriculture,PSA,Agricultural insurance protects against risks like pest outbreak. Learn about available insurance products for poultry and how to access them.,Oboremi boteneneire na ekeombe kegokonya chingaki amakonde gose ebichuni bikorenta amarwaire ase oboremi . Learn about available insurance products for poultry and how to access them. Egera igoro ebiombe ebio biogokonya oboremi bwechingoko na buna orabaikere.
1858,Agriculture,PSA,"agricultural market access and support agricultural insurance programmes. At the county level, the medium term priorities to support the ...","Goikera echiro yoboremi na gosira emeroberio yekeombe ekio kiogokonya oboremi. As ense, omoroberio ogati  orengete gosira ..."
1859,Agriculture,PSA,Agricultural market access and value addition. To enhance agricultural product development and marketing systems. Producers and market associations formed ...,Goikera echiro yoboremi na kogesa rigori rierigesa.  Komenta rigesa rioboremi na goikerania echiro yobonchoreria bwerigesa riabaremi nomoroberio bwoboererania. Baria bagosangereria rigega na korigia echiro amo na bwa abaonia be'chirchio bworosiigwe ...
1860,Agriculture,PSA,"agricultural productivity. ... This includes through access to finance and skills development, market access opportunities, enhanced access to inputs and improved.","Rigesa nebitoki. This includes through access to finance and skills development, market access opportunities, enhanced access to inputs and improved."
1861,Agriculture,PSA,"Agriculture employs 65 percent of the working population on the continent, accounting for 15 percent of gross domestic product and 40 percent of export earnings ...",Oboremi mborigete abanto 65 as emia as ense engima na goichoreria ebitoki biense as 15 ase emia na 40 ase emia goetera obbonia bwerigsa riabaremi gocia chinse chi isiki...
1864,Agriculture,PSA,Agriculture is not just a contributor to climate change. It is an essential ... Digital Technology and Homeworking help rural women in Guatemala recover from ...,"Oboremi tibori rioka igo, korende nensemo eyem yagesire omochando bwogoonchoka kwerire. Nkeganeirie. ... Tekinorochia yembeo na gokora oboremi bwa nka bwakonyire abaremi bemegondo emeke aaria Guatemala gwekonya korwa……"
1870,Agriculture,PSA,"Agroforestry systems provide shade and improve microclimates for livestock, enhancing welfare and productivity.","Omoroberio bwboremi bwokoburukania ebimeri amo nemete nkorenta bore ekiriri ase  ebimeri, kogesa amakonde aria agotobia riroba, na kogesa endagera ase etugo, na kwangoyia oboikeranu bwerigesa na ebitoki korwa oboremi."
1871,Agriculture,PSA,"AkoFresh cold storage technology helps farmers store their fresh food from the farm for up to 21 days. The technology is reliable as it runs on solar, and ...","Etekinorochia ya AkoFresh cold storage ngokonya ere abaremi ase okogacha rigesa riabo as enkendu yerigesa riendagera riria rigosareka bwango korwa mogondo goika amatuko nonya 21. Etekinorochia eye egotumia chinguru chierisase yabbeire eyengencho kegima, na..."
1873,Agriculture,PSA,"AMP grazing improves soil health and ecosystem services, supporting sustainable livestock production.",Okorosia etugo as omoroberio bwokonya korwa omogondo gochia oyonde nobwengencho as okomenta obotobu ase riroba na okonyora okuya gosira rigesa rigiya na ebitoki biabotambe
1874,Agriculture,PSA,An examination of patented technologies related to agricultural biotechnology illustrated the large in- crease in both public and private sector patents since.,Obokongori borendete oboremi bwetekinorochia yoboremi  erio gokinia oboremi nerigesa nigo yaorogetie ogoitabwa na kobwatwa mono neserikari amo nabanyabiasara korwa abwo nyuma…..
1875,Agriculture,PSA,"and technology, and rising public finance for agriculture. A similar all-hands-on-deck push is needed now to prepare ... to engage the market pull of the ...","na tekonorocia. Nechibesa chia ebiombe chigendererte koseka ase engencho yogokinia oboremi, nerengete ng's abaremi bonsi babeke amogoko amo erio gosira omoreberio oyo gokerana"
1876,Agriculture,PSA,Announcement on distribution of vet drugs for livestock disease control.,Okoraria igoro yobobagi bwamariogo oboremi na ase etugo erio korwania amarwaire yoboremi.
1877,Agriculture,PSA,Announcement on new cooperative model to increase bargaining power.,Okoraria igoro yobomo yomoroberio bwebiombe  model erio koba nechinguru chio'okweegerera.
1880,Agriculture,PSA,"Are there export opportunities for your fruits? Learn about international standards, certifications, and potential buyers for Kenyan produce.","Echiro yokoonia engarera eye gochia ase echiro ya isiko nereoase oboremi bwao bweching'eni na amatunda? Egera igoro yebirengo biancheire nechiro ya isiko, ogoitabwa na nabagori bendagera eyio gati ya abaremi abwo aiga Kenya."
1881,Agriculture,PSA,Argentina promotes silvopastoral systems to enhance livestock welfare.,"Ense ya Agentina nigo egokinia oboremi boria borengete ebimeri, emete amo netugo amo erio goikerania ng'a ebimeri amo netugo mbire nekiriri, obotobu bwogondo mbogenererte kobao, goikerania afya engiya yetugo, gokonya riroba koba nobotoby bwaye, korenga amakonde aria agokonya riroba koba nobotobu bwaye erio bobwata embeo eria egosaria rire na ayande amange."
1883,Agriculture,PSA,"As part of its 13th Replenishment period (2025-2027), IFAD has committed to integrate ICT4D, digital agriculture and behavioural approaches ...","Buna ensmo yomoroberio 13th Bwokoiranera na gokora boyia oboremi (2025-2027), obomo bwa IFAD bwerure goikerania ICT4D, oboremi bwe'egechidichitari erengete oggochokera engencho enyia ase ogokora oboremi..."
1886,Agriculture,PSA,Awareness creation of smallholder farmers on and adoption of push-pull technology reduces fall armyworm (Spodoptera frugiperda) infestation on ...,Komanyia abaremi bemegondo emeke engencho yoboremi bwetekinorochia ngokeyia bore amarwaire akorete makonde (Spodoptera frugiperda) obotuki igo ya ...
1887,Agriculture,PSA,"Be inspired by the story of Kitale Growers Group, a successful example of increased yields in Tharaka Nithi.","Ee omoyo nomogano korwa omochi o'Kitale Growers Group, omoroberio obeene ogesire rigesa aria Tharaka Nithi."
1888,Agriculture,PSA,"Be inspired by the story of Kitale Growers Group, a successful example of secured financing in Taita Taveta.","Ee omoyo nomogano korwa omochi o'Kitale Growers Group, omoroberio obeene ogesire rigesa aria okonyire goikera echiro yakobeso yechibesa aria omochie o'Taita Taveta."
1889,Agriculture,PSA,"Better market access: Strengthening cooperatives, promoting digital marketing, and developing fair trade systems enhance farmers' market ...","Goikera echiro engiya: Gokong'ia obomo bwebiiombe bioboremi, korwa amasomo egechidigitari na oboonia, na goikerania echiro engiya nogo egokinia echiro yoboremi  ..."
1890,Agriculture,PSA,"Biotechnology advances are reshaping agriculture and improving food security among other spheres. However, agricultural biotechnology is a relatively ...","Okogendera ase ensemo yoboremi bwegidichitari kwabeire okwengencho as okoreta omoroberio omoyia goikerania omoigoto ase chinsemo chinde. Nonya nogo, tekinorochia erengete gokinia ebemeri biorongo yarorekanire koba ande ake ..."
1891,Agriculture,PSA,"Boost productivity in poultry farming through improved breeds, feeding, housing, and healthcare practices.","Gokinia ebitoki ase oboremi bwechingoko ase enchera ya  ogokeborana embusuro yaye ase engencho yengoko entwoni yegredi as engoko yekegusii korenta embusuro  eng'a, okorageria, egesumu gwechingoko, na oborendi obuya."
1892,Agriculture,PSA,"Both pets and babies use begging and finicky eating habits to control what they are given, in a push-pull relationship. Day and his ...","Etugo buna chisese gose ebimoni nechimanu chiabo nigo bigotumia omonyonk ao ao komanya endagera bikoogegwa,  ase oboamate obo bwokong'usanana. Ituko amo na..."
1893,Agriculture,PSA,Branding helps differentiate your vegetables. Learn how to create a simple brand identity and market your vegetables effectively.,Gosiba chingeni as amarieta abo as echiro ngokonya ere goatanana  ching'eni chiao. Egera buna oranyare kobekera ching'eni  amarieta erio gokonya gosoa ase echiro buya kegima
1894,Agriculture,PSA,"Build drought resilience through practices like water harvesting, drought-tolerant crops (sweet potatoes), and strategic storage.","Etugeeke korwa eguragura goetera okwegera gotacha na kogacha amache, gosimeka ebimeri birwa bikoremereria eguragura buna (amarabwoni), na enchera engiya yokonyagacha."
1895,Agriculture,PSA,"But as most extension workers are male, it is harder for women to access this useful farming advice. Digital extension services through an ...","Korende buna abange ba abakoreri boboremi bare abasacha, eri nigo rikoba akongu ase abang'ina gosoanana na abasacha erio gotebererania gose konyora chisemi igoro yoboremi bwabo . Ase igo chisemi chiegedichitari korwa obosemia nechiengencho goetera ..."
1896,Agriculture,PSA,"By definition, the CSA approach pursues three pillars: to sustainably increase agricultural productivity and improve farmers' incomes; to build resilience and.","Ase ogoatanana, oboremi goetera CSA nigo borengete chisiro isato: kogesa rigesa ase enchera yokwegendereria nebitoki ebiya erio goikerania oboremi bwonchoreria as okonyora ebiitoki ebiya as abaremi na ogwetenenera."
1897,Agriculture,PSA,"By harnessing digital technology in agriculture and food systems, the ... IFAD 13 must pave the way for IFAD's role in innovative agri-.","Okokobwata chisemi chiegedichitari na egetekinorochia as oboremi na oboereria bwendagera as echiro,  ekeombe ekekene gie'ense engima ... IFAD 13 goika erie enchera ase emeroberio ya IFAD's nemeroberio emeyia yoboremi."
1899,Agriculture,PSA,"Canisius Kanangire Kenya's Agriculture and Livestock Development Cabinet Secretary Mithika Linturi in March 2023 urged Kenyans to consume more rice, potatoes, ...","Goetera omorai Canisius Kanangire Kenya's Agriculture and Livestock Development Cabinet Secretary Mithika Linturi in March 2023 nasorerete aba' Kenya koria endagera yomochere as obonge, amarabwoni, ..."
1901,Agriculture,PSA,"Certified seed potatoesGrown in Nakuru KenyaUsed all over Eastern Africa Our approach has been developed for potato farmers of all sizes and is aimed at more profit through the use of healthy, high yielding seed potatoes and applying good intensive agricultural practices.","Embusuro eng'ikeranu ya amarabwoni egosimekwa ari orogongo rwa Nakuru Kenya. Nigo egimekwa orongo rwa Afrika ya Mocha engima. Ase eri, omoroberio oito nori ng'a okogendereria oboremi obo bwamarabwoni as abaremi bemegondo emenen na emeke nigo orengete rigesa rinene nebitoki ebiyagoetera ogosimeka embusuro ekongoririe buya , na ebwate ebwate rigesa rinene goetera oboremi oboikaranu."
1926,Agriculture,PSA,"Climate-smart agriculture needs to be mainstreamed into core government policy, expenditure and planning frameworks. To be effective CSA policies must ...","Neganeirie ng'a  moroberio bwoboremi borengete ebimeri biria bikoremereria ogoonchoka kwerire na egurargura osoigwe as omoroberio bwa amachiko oboremi, koegwa chibesa chibacheti yeserikari na ase emeroberio  yesirikari. Goikerania aya, CSA amachiko igoro ya Omoroberio bwoboremi borengete ebimeri biria bikoremereria ogoonchoka kwerire na egurargura goika ..."
1932,Agriculture,PSA,Colombia adopts silvopastoral systems to improve livestock welfare and reduce emissions.,Ense ya'Colombia yabogoirie omoroberio o'silvopastoral systems gokinia oboremi bwetugo lna igo kokeania embeo eria egosaria rire.
1933,Agriculture,PSA,"communication technology in agriculture: A comparative analysis from three projects of India. (AgREN network paper No.135) ODI. Miagostovich, M. (2004) ...","Enchera yokomanyia yegetekinorochia ase oboremi: Okorenga kwa beene na korwa chiprochekiti korwa ense ya Boindi. (AgREN network paper No.135) ODI. Miagostovich, M. (2004) ..."
1934,Agriculture,PSA,Conduct a cost-benefit analysis before adopting new practices like drip irrigation to ensure they are financially viable for your poultry rearing.,Korigia komanya bga ninki okonyora korwa oboremi bwao na egarama eyio yoboremi nyuma otaraonchoria gochia obonde buna boria bwogosiarera ebimeri amache lerio komanya gose nore nechibesa chioboremi obwo na ase obotugi bechingoko.
1935,Agriculture,PSA,Connect with institutional buyers like hospitals to supply your vegetables consistently. Understand their requirements.,Rosia oboamate amo nabogori buma chisukuri nechnyagotari buna abagori bao beching'eni bechingaki chionsi. Manya ninki baganetie.
1936,Agriculture,PSA,"Connect with institutional buyers like hotels to supply your milk regularly. Understand their quality, quantity, and delivery requirements.","Rosia oboamate amo nabogori buma chioteri abwo ase oraire chingeni chiao gose amabere botambe. Manya buya nkerengo ki kiobuya bwechingeni gose amabere baganeti, nkerengo ki baganetie, na omoroberio bwokobaikeria ebinto ebio."
1937,Agriculture,PSA,"Conserve biodiversity on your farm by protecting native plants, creating wildlife corridors, and using diverse crop/livestock varieties.","Kora oboremi boria bokorenda gose kogesam amakonde ase riroba aria okorosia obotobu, korenda emete yekienyeji, gitera ebimeri biao tibisarigwa netugo gose chingiti chinde chiorosana, burukania ebimeri mogondo gose gotuga etugo ao ao."
1938,Agriculture,PSA,"Conserve water on your farm through techniques like mulching, rainwater harvesting, and drought-resistant crops like millet.","Renda amache gose obonyiu koera ase riroba bwango ase ogotuba riroba nobanyansi gose eubi, gotacha na kogacha amache yembura, na gosimeka ebimeri biria bikoremereria eguragura buna amaemba."
1939,Agriculture,PSA,"Conserve water on your farm through techniques like mulching, rainwater harvesting, and drought-resistant crops like sweet potatoes.","Renda amache gose obonyiu koera ase riroba bwango ase ogotuba riroba nobanyansi gose eubi, gotacha na kogacha amache yembura, na gosimeka ebimeri biria bikoremereria eguragura buna amarabwoni."
1942,Agriculture,PSA,Control coffee berry disease in an environmentally friendly way using Integrated Pest Management (IPM) techniques suitable for rice.,Tanga amarwaire ekaagwa as enchera etari goita amakonde ase riroba gose gosaria amasingira ase ogotumia chingencho ao oa chiogotanga ebichuni gose amakonde (IPM) mose ase oboremi bwomochere.
1943,Agriculture,PSA,Control fall armyworm in an environmentally friendly way using Integrated Pest Management (IPM) techniques suitable for onions.,tanga amakonde ase enchera engiya na erendete amasingira buya as ogotumia amariogo ao ao (IPM) tekonorochia obwenerete oboremi bwebibitunguo.
1944,Agriculture,PSA,Control weeds in an environmentally friendly way using Integrated Pest Management (IPM) techniques suitable for onions.,Tanga orosa ase omogondo as enchera engiya etari gosaria amasingira ase ogotumia amariogo ao ao goseria ebichuni gose amakonde (IPM) tekinorochia ebwenerete oboremi bwebibitunguo
1945,Agriculture,PSA,"crops, climate-adapted push-pull techniques, mulching, and minimum tillage systems. However, interventions may also come with trade-offs (within CSPM, but ...","ebomeri, gotumia emete yarosana ende goseria ebichuni na amakonde mogondo korengana nogoonchoreria kwerire, gotuba omogond nonyansi gose eubi erio riroba ribe nobonyiu, na gosiartera erigo ase ogorema. Nonya nogo, omoroberio oyo nonya ore omuya nore nerigori goikaraniagwa (gati ya CSPM, korende..."
1946,Agriculture,PSA,CSA seeks to identify and develop locally adapted strategies and practices which improve production systems and their natural resource base and sustainably ...,Omproberio o'CSA snogo orengete korigia na kogendereria iomoroberio orengete kera ense gose orogongo omoroberio bwoboremi oyebwenererete erio gokinia oboremi nerigesa riabotambe ase obremi botagotasaria amasingira ...
1947,Agriculture,PSA,"CSPM leads to effective and cost-efficient management of new and existing crop pests, thereby reducing crop losses and increasing both food security and farmers ...","Omoroberio bwariofgo arenge oboremi bwa kera ekemeri (CSPM) nigo bore oboikeranu lna ase rigori ribwenerete igor yamariogo aria areo agotanga amarwaire, na uigo kogesa rogesa na goikerania omoigoto bwendagera na abaremi …"
1948,Agriculture,PSA,Demonstratable knowledge on agriculture technology in Africa,Obomanti bwa'beene ase oboremi aswe tekinorochia  aiga Afrika
1949,Agriculture,PSA,Develop a clear business plan for your irrigation or dairy unit. Learn the essential components and how it helps in securing finance.,Rosia omoreberio omuya bwoboonchoreria bwoboremi bwao as ogosiarera amache gose omoremi bwechiombe chia amabere. Egera igor yechinsemo chibwenerete chiragokonye ase okonyora eroni yoboremi
1950,Agriculture,PSA,Develop your agribusiness enterprise by focusing on land use to improve profitability and sustainability in grains.,Rosia omoreberio omuya bwoboonchoreria bwoboremi bwao borengete buna ogotumia omogondo oo boronge erio komenta ebitoki amo na okwegendereria  as oboremi bwechinyeke.
1951,Agriculture,PSA,Differentiate your free-range eggs in the market by creating a strong brand identity. Learn basic branding principles and marketing techniques.,Atanana amgena echingoko chiao ase echiro goetera okoyabeka ekamanyerrerio gete buna enchera eyemo yomonguso ase abagori. identity. Egera buna orabeke ekemanyererio ase amagena echingoko chiao na ayarengete oboonia  oboikeranu.
1952,Agriculture,PSA,Differentiate your fresh milk in the market by creating a strong brand identity. Learn basic branding principles and marketing techniques.,Atanana buna amabere ao akororekana ase echiro ase okobeka ekemanyererio kiabeene. Egera buna orabeke ekemanyererio ase amagena echingoko chiao na ayarengete oboonia  oboikeranu.
1953,Agriculture,PSA,Digital tools can be a gamechanger for both small-scale farmers and sustainable food systems as a whole.,Ebokoreri bwegechidichitari mbinyare koreta ogoonchororeria  gati yabaremi bemegondo emeke naboigo abemegondo emene goikerania omoroberio oboererania  bwendagera.
1954,Agriculture,PSA,"Discover the benefits of forming farmers' cooperatives. Learn how collective action can improve bargaining power, reduce costs, and access services.","Rigia komanya obuya bwokorosia ebiombe bioboremi. Egera buna okobwaterana koraegerere amagori amagori yoboremi baino ase echiro, bokeanie rigori riogokora rioboremi, na goikera ogokonya se oboremi bwao."
1955,Agriculture,PSA,"Discover the numerous benefits of joining or forming input, including bulk purchasing, shared marketing, and access to credit.","Rigia komanya obuya obonge boreo ase okobwatana gose korosia ebiombe bigokonya korwa ebioboremi, amo nobogori bwebinto bioboremi ase obonge, ogosanga echiro, na buna ogoikera amakobeso yoboremi."
1956,Agriculture,PSA,"Drip irrigation delivers water directly to plant roots, saving water and improving efficiency for goats.","Omoroberio bwokonyorokereria amche ase ebiimeri nomoikeranu ekiagera ogotonyia amache gochia emeri yebimeri  erio gokonya gotumia amache buya, na goikerania obotugi bwechimbori."
1957,Agriculture,PSA,"during transportation to the market were significant determinants of market access. There is evidence that has shown that access to agricultural markets, ...","Engaki yokoira rigesa echiro omoroberio norengeo orekobwatigwa erio gosoa echiro. Aya akworokia boene ng'a gosoa ase echiro yoboremi, ..."
1960,Agriculture,PSA,Effective cooperative management relies on clear rules and good governance. Learn the essentials for running a successful credit group.,Oboteneri obuya ase ebiombe bioboremi nigo borengete amachiko amaya na obokoreri  oboikeranu. Egera igoro yebiganeirie koraa eeombe gekorwa obonyi bwechibesa.
1961,Agriculture,PSA,Effective cooperative management relies on clear rules and good governance. Learn the essentials for running a successful input group.,Obotenereri obuya bwebiombe biabaremi nigo orengete amachiko amaronge na oborai obuya. Egera igoro yomoroberio omuya bwebiombe bioboremi.
1963,Agriculture,PSA,"Effective management of fall armyworm is vital. Get tips on identification, prevention, and safe control methods for your sweet potatoes.","Omoroberio omuya bwogotanga amakonde bobwengencho. Nyora obamanyi igoro yokoyarora, koyatanga, nenchera engiya koyatanga ase oboremi bwamarabwoni."
1964,Agriculture,PSA,"Effective pasture management ensures good quality feed for livestock. Tips on grazing, fertilization, and pasture improvement.","Oborendi obuya bwobonyansi oboikeranu ase etugo. Obomanyi igoro yokorisia, kobeka oborito bworoibori, na korema obnyansi ase engencho engiya."
1965,Agriculture,PSA,Effectively market your free-range eggs or services using social media platforms. Get tips on creating engaging content and reaching customers.,Oboonia obuya bwamagena echingoko chiao chiria chigotara isiko goetera obokoreri bwembeo namagaseti. Nyora obomanyi igoro buna oranyare komanyekania amagena echingoko chiao na goikera abagori.
1966,Agriculture,PSA,Efficient transportation gets your onions to market quickly and in good condition. Understand logistics options and cost considerations.,Obobogoria bwerigesa riebitunguo gochia echiro ase enchera ya bwango na bikororekana buya. Rigia komanya chuinhrera chngiya chiobobogoria gocia echiro na ase rigori rigiya.
1967,Agriculture,PSA,"Enhance market access for private sector both locally and regionally by ... marketing agricultural produce at a wider scope beyond the county level, and improving ...","Angoyia enchera yogosoa echiro goetera abanyabiasara banka nechingongo chinde chiekaonti goetera ... Komanyekania rigesa rioboremi bwao ase enchera engare goetania ime ya Kenyal, na goikerania ..."
1968,Agriculture,PSA,Enhancing Agricultural Financing in Kayonza: SACCOs were introduced to the Agriculture Credit Assessment Tool through which cooperatives ...,Kwangoyia omoroberion bwokorwa chibesa chioboremi ari Kayonza: Ebiombe bioboremi mbiaansetwe korigereria ogoikerania kwa ayio nebikoreri goetra ayio ebiombe bioboremi ...
1969,Agriculture,PSA,Enroll in an upcoming course on bee hive management to upgrade your skills and knowledge in beekeeping.,Erikease ekosi egocha kwegera igoro buna okorenda emetana yechinchoke erio gokinia obomanyi bwao igoroyobotugi bwechinchoke.
1970,Agriculture,PSA,Ensure occupational health and safety on your farm for workers handling marketing. Know the basic safety protocols.,Tema koba na afya engiya ase oboremi bwao amo nabakori emeremo bao buna bakomanyekania rigesa riao. Manya aya aganeiries as okwerenda as emeremo yao.
1971,Agriculture,PSA,Ensuring fair pricing for cooperative members is vital. Learn how to assess the true value of your grain and negotiate effectively with consumers.,Tema kobeka rigori rigiya as abanyabiombe abwo bakogora rigesa riao buna ring'ana riengencho. Egera komanya buna oraikere rigori riabeene rierigesa riechinyke chiao riabeene na buna ogoaka rigori nabagori bao.
1972,Agriculture,PSA,"Evidence shows that farmers empowered with high quality digital information will increase yields, incomes, and resilience.","yarorekanire ng'a abaremi baegeriigwe goetera obomanyi bwegechiditari bagesire rigesa riabo, ebitoki na na ogwetenenera."
1973,Agriculture,PSA,Experimental designs on laboratory bioassays and semi-field cage tests to assess the feasibility and efficacy of a push-pull crop system against.,Okwegia kwobokongoria goetera ebimanyi goetra kobibeka ase emebere yechitugo komanya obuya bwaye gose obobe ase mwanyabanto borengete  komanya oboikeranu bwa ogosegeta ebimeri biria bigoseria obwarwaire korwa ebimeri mogondo
1974,Agriculture,PSA,"Explore digital tools like M-Farm that can help small-scale farmers with market prices, weather forecasts, extension advice, and mobile transactions.","Bwatia komanya igoro ebokoreri biegechidtari buna M-Farm ebio biranyare gokonya abaremi bemegondo emeke igoro yamagori na echiro, komanya ogoonchoreria kwerire, obotebereria korwa ase abamanyi, and okoererania kwemebeo."
1976,Agriculture,PSA,Explore loan schemes tailored for expansion of enterprise from Cooperative Bank. Compare interest rates and terms.,Rigia komanya igor yechironi echio chirengete gokinia oboonchoreria bwao korwa ebengi ya Cooperative. Renga amagori na efaida eria ogoakana na amachiko arengete ebiasara ebio.
1977,Agriculture,PSA,Explore loan schemes tailored for expansion of enterprise from Kenya Post Office Savings Bank. Compare interest rates and terms.,Rigia komanya igoro yamakobeso ayio arakonye gokinia oboonchoreria bwao korwa ebengi ya Kenya Post Office Savings Bank. Renga komanya igoro yechibesa chiria ogakana as ogokobesa korwa asebare na amachiko abo.
1978,Agriculture,PSA,"Explore opportunities for your dairy farm or cooperative to supply fresh eggs to colleges (schools, hospitals) for their feeding programs.",Rigia komanya chinagaki chingiya chireo as ase oboremi bwao bwechiombe chia'amabere giose ebiombe bibwatekaine nayio ase okoonia amagena echingoko chiao bwango kegima gochia (chisukuru na chuinyagitari ) ase omoroberio bwoborageria bwaobo.
1979,Agriculture,PSA,"Explore opportunities for your small farm or cooperative to supply fresh meat to hospitals (schools, hospitals) for their feeding programs.","Rigia komanya omoroberio oreo as oboremi bwao oboke gose ekeombe erio koonia  enyama yao korwa egechinchio bwango kegima gocuia chinyagitari (chisukuru, na chinyagitari) ase omoroberio bwoborageria bwabo."
1980,Agriculture,PSA,Explore options for long-term storage of eggs to take advantage of better market prices or bridge supply gaps.,Rigia komanya emeroberio ende erengete obogachi obuya bwerigesa riamagena ekero magori yamagena ere engiya na orengete oboonia bwechingaki chionsi.
1981,Agriculture,PSA,Extension services to offer digital literacy workshops for farmers in Bungoma.,Omoroberio bwobotebereria nore neribaga rigiya igor yobosemia bwegechidichitari  ase abaremi ba' Bungoma.
1982,Agriculture,PSA,Farmer groups can implement savings schemes to provide internal credit and build financial resilience. Learn how to set up and manage one.,Ebiombe biabaremi ngoikerania bire omoroberio bwobogachi chibesa ase ogokonyana chibesa barabwo ase barabwo gokinia obogoko bwabo na gwetenenera. Egera buna oranyare gokora ayio.
1983,Agriculture,PSA,Farmer training on proper fertilizer application to boost yields.,Gosomia abaremi igoro buna obwoyo bokobekwa mogondo erio gokia rigesa riao.
1985,Agriculture,PSA,Farmers encouraged to register for subsidized animal feeds program.,Abaremi basegeterie kwerika ase omoroberio bweserikari oyio orengete korwa chindagera chietugo ase amagori amake .
1986,Agriculture,PSA,Farmers invited to attend workshops on smart agriculture technologies.,Abaremi baariganiigwe ase amasomo igoro ya  oboremi bwegetekinorojia.
1987,Agriculture,PSA,Farmers urged to adopt pest-resistant crops to curb yield losses.,Abaremi basoroirwe goonchorerioboremi bwabo gochia embusuro eria ekoremereria  amarwaire ebichuni erio gokeania ogosareka kwendagera mogondo.
1988,Agriculture,PSA,Farmers urged to form cooperatives to enhance market access for horticultural products.,Abaremi basororirwe korosia ebiombe erio kwangoyia ogosoa echiro ase obwororo ase oboremi bwabo bwechigeni na amatunda.
1989,Agriculture,PSA,Farming (UNDFF). Organizations can register in FO ... (3) make digital agriculture technics available to small farmers and not only the big agro-industries.,Oboremi (UNDFF). Ebiombe nabo birerike ime FO ... (3) goikerania oboremi bwegechiditchitari na tekinolochia gotoka ase ase abaremi bebirengo ebike na  abaremi bebirengo ebinene nechfactori chinene chioboremi boka.
1990,Agriculture,PSA,Featured Article. UK-CGIAR News. How Vegetable Integrated Push Pull Technology is revolutionizing cowpea farming in Western Kenya. 16 July 2025.,Amangana arikire na. UK-CGIAR News. Buna okoburukania chingeni nebimeri bwabeire obwengencho gotera tekinorogia as oboremi bwe;chimbisi  aria Mocha ya Kenya. 16 July 2025.
1991,Agriculture,PSA,Featured Article. UK-CGIAR News. How Vegetable Integrated Push Pull Technology is revolutionizing cowpea farming in Western Kenya. 16 July 2025. More News ...,FAmangana arikire na. UK-CGIAR Amang'ana amayia. Buna oboremi bweching'eni bogosegeta okoburukania chimbisi nebimeri binde bwabeire obwengencho ari Mocha ya Kenya. 16 July 2025. Amang'ana amayia amange ...
1992,Agriculture,PSA,"Find out about funding opportunities, grants, or low-interest loans specifically available for registered dairy groups.","Rigia komanya omoroberio oreo bwokoegwa chibesa, ogokonya gwechibesa, gose amakobeso yechibesa chia inse mono ichireo ase abaremi baria bebiombe bechiombe chia ammabere berigete neserikari."
1993,Agriculture,PSA,"Find out about funding opportunities, grants, or low-interest loans specifically available for registered farmers' groups.","Rigia komanya omoroberio oreo bwokoegwa chibesa, ogokonya gwechibesa, gose amakobeso yechibesa chia inse mono ichireo ase ebiombe biabaremi berigete neserikari."
1994,Agriculture,PSA,Find the nearest aggregation points where buyers collect avocados in bulk. This can reduce transport costs and improve market access for women farmers.,Rigia komanya ase chiafukado chiria chachoririrwe na goatananwa as chigotoka  na kogorwa ase ebirengo ebi'nene. Eye nekonnabiogo kwororobia engencho ya oogosoa echiro ase abaremi abangina.
1995,Agriculture,PSA,Find the nearest aggregation points where buyers collect tea in bulk. This can reduce transport costs and improve market access for smallholder producers.,Rigia komanya ase chiafukado chiria chachoririrwe na goatananwa as chigotoka  na kogorwa ase ebirengo ebi'nene. Eye nekonnabiogo kwororobia engencho ya oogosoa echiro ase abaremi bebirengo ebike.
1996,Agriculture,PSA,"Focused cow and calf vaccinations, quality colostrum, and herd-specific programs improve calf health and reduce mortality.","Omoroberio bwokobeta chisindani chiombe nechiomori. Amanoga amaikeranu, and na obotubi bwetugo bweriicho riengencho eyemo ngokonya bore korenta oboreni obbuya bwechimori na gokeania oroku rwechomori."
1997,Agriculture,PSA,"For example, smart farming includes precision farming, sensors and remote sensing. Figure 1. Distribution of digital use cases in IFAD projects (ICT4D stocktake ...","Buna ekiorokererio, oboremi obuya borenge omobaro omoronge on komanya chingaki  chiokobeka obwoyo gose amariogo ase oboremi nobwengencho enene. Ekiorokererio 1. Ayareo ase okobaga na ogotumeka kwegechidichitari  IFAD (ICT4D na korikwa ..."
1998,Agriculture,PSA,"For IFAD, this shows why digital agriculture needs to be at the very heart of its work. As the world's poorest people face spiralling food ...","Ase IFAD,eye nigo ekworokia egekogera obooremi bwegedicgitari boanetie kobekwa nkoro ase obokoreri bwaye. Buna abataka bense baonchokananire  nenchara..."
1999,Agriculture,PSA,"from favourable weather conditions, government subsidies, and improved market access for agricultural products. The sector's contribution is ...","korwa rire rigiya ase oboremi, omoroberio bwogokei amagori, na gosoa echiro bokongu botaiyo, oikera ebokobekwa mogondo. Obokoreri obo no..."
2000,Agriculture,PSA,"Further, research institutions, including the Kenya Agricultural ... Better market access: Strengthening cooperatives, promoting digital ...","Goetania ayio, ebiombe biobokongoria amo na keria gia Kenya Agricultural ... Chichiro chingiya, gosoa echiro: Gokong'ia ebiombe, gosegeta  egechiditari..."
2001,Agriculture,PSA,"Further, technologies that boost farm yields such as climate smart crop varieties and adaptable livestock breeds; resilience-enhancing ...","Mono kobua, chitekinorochia chiria chikogesa regesa buna chiria chiogochora chimbusuro ao ao chikoremereria rire amo nembego yetugo eria ekeremereria  rire-yangoi ..."
2004,Agriculture,PSA,"Furthermore, we aspire to foster innovation and digital entrepreneurship in agriculture, convinced that the most innovative solutions will emerge from the.","Mono nayio,we asoire to gokinia oboremi bwechinchera chinyia yoboremi goetera egedichitari as oboremi, goisanegete ng'a  oboremi bwechinchera chinyia mbochake korwa."
2006,Agriculture,PSA,"Gender Disparities Shape Adoption of Farming Technology in Northern Nigeria ... (Nairobi, Kenya, May 2024)- A comprehensive study conducted in Northern Nigeria by ...","Ogotarengangana gati yomonto omosacha nomonto omokungu nabio bigosegeta ogoochoreria ase oboremi. Oboremi bwetekinorochia ari Irianyi ya Nigeria ... (Nairobi, Kenya, May 2024)- Obokongoria bwaigo bwakoretwe aaria Irianyi ya Nigeria by ..."
2010,Agriculture,PSA,"Get your soil tested by KALRO Soil Testing Lab to understand its nutrient levels and pH, guiding you on the right fertilization for beans.","Renga riroba riomogondo oo na KALRO erio komanya ebirengo biobotobu bwaye , ekio keragokonye gose gokoraa komanya mbwoyo I omogondo oo aganetie ase oboremi bwechingende."
2011,Agriculture,PSA,"Get your soil tested by KEPHIS to understand its nutrient status and pH, guiding effective fertilization for bananas.","Tema korenga obotobu bweriroba riao na KEPHIS erio komanya ebirengo bwobotobu bwaye na ebirengo bia biobotobu, amache na oboikeranu bwendagera pH, bikorae buna okobeka obwoyo ase amaotoke ao."
2012,Agriculture,PSA,"Good governance is key to a successful cooperative. Tips on leadership, transparency, member participation, and financial management.","Oborai obuya nobwengencho as okogenderera kwebiombe biabaremia . Ayarengete oborai obuya naya, obwasioku, ogosangia abanyakeombe, na korenda chibesa"
2013,Agriculture,PSA,Government advisory on pest monitoring to control fall armyworm.,"Ogotebererigwa nereikari buna buna okorenda ebichuni biria bigosaria endagera, erio gotanga amokonde echingeti ."
2014,Agriculture,PSA,Government introduces fair pricing guidelines for fresh produce markets.,Eserikari yarwete amagori amaya buna rigori ribwenerete kobekwa ase ase chindagera chiria chiarure mogondo gochia echiro.
2015,Agriculture,PSA,Government introduces new high-yield maize varieties for semi-arid regions.,Eserikari yarure aembusuro yebituma yerigesa rinene ase chingongo chiria chinyomo.
2016,Agriculture,PSA,Government issues advisory on animal feed quality to prevent aflatoxin contamination.,Eserikari nigo ekorwa ogosemia igoro yechindagera chingiya chietugo erio gotanga amarwaire akoretwa nesumu korwa nokobosa  gwechinyeke.
2017,Agriculture,PSA,Government publishes market price index for smallholder farmers.,Government publishes market price index for smallholder farmers.
2018,Agriculture,PSA,Government urges farmers to plant early-maturing maize varieties to adapt to shorter rainfall cycles.,Eserikari nogo egosorora abaremi ebimeri biebituma biria bikwama bwngo buna enchera eyomo yogwekongia ase embure enyeng'e.
2019,Agriculture,PSA,"Grants are available for setting up a greenhouse. Find out eligibility criteria, application process, and deadlines from SMEA.","Chibesa nchireo chigokonya okwaagacha ebisa bieriberera ase oboromi bweching'eni na amatunda. Rigia komanya aya arengete goikeranu ayio, buna ogosab agokonywa okwo, chingaki chiogosaba ogkonywa na wekero chigosiekwa na SMEA."
2020,Agriculture,PSA,"Grow maize alongside banana (intercropping) to maximize land use, reduce pests, and diversify produce and income.","Rema ebituma amo namatoke amo (okoburukania) erio konyora rigesa rinene korwa omogondo oo, ekeanie amarwaire, na kogareia ebitoki korwa oboremi bwao."
2021,Agriculture,PSA,"Grow maize alongside sweet potato (intercropping) to maximize land use, reduce pests, and diversify produce and income.","Erma ebituma amo namarabwoni (okoburukania) erio gotumia omogondo oo buya, gokeania ebichuni na amakonde, na kogarei okonyora korwa oboremi bwao."
2022,Agriculture,PSA,"Grow tea even in limited space using container gardening methods on balconies, terraces, or small plots.","Kora oboremi bwrchae nonya omogondoo ore omoke, karue ribaga ase ekemeri korwa ekende na kobeka amaroba ase chigunia gosimeka chingeni gesona gose ase ekorofa igoro, gotanga emegoko ase omogondoo omoke."
2025,Agriculture,PSA,"Harness renewable energy like solar for lighting needs like powering water pumps, lighting, or storage facilities.","Tema gotumia chinguru chierisase buna solar koreta oborabu nyomba, goaka amache gochia etangi, gose korenda chindagera gotagunda bwango."
2027,Agriculture,PSA,"How Vegetable Integrated Push Pull Technology is revolutionizing cowpea farming in Western Kenya. The iSPARK project, commissioned by the UK-CGIAR Centre, is ...","Buna oboremi bwechingeni bwasegetite oboochoreria as oboremi bwechimbisi aaria Mocha ya Kenya. Ekiorokererio korwa iSPARK, ochagetwe na UK-CGIAR Centre, nigo ..."
2028,Agriculture,PSA,"Hydroponics allows soil-less growing of cattle. Learn about systems, nutrients, and managing a hydroponic setup.","Oboremi bwebimeri bia roche nigo egkonya riroba . Manya igoro yomoroberio oyio, obotobu na buna orachake oboremi bwebimeri biaroche."
2029,Agriculture,PSA,"ICTs and digital technologies also lend themselves to multiple use cases that can allow farmers to access their peers, potential buyers and sellers, welfare ...","Obogachi amangana ase enchera yegetekinorochia boigo nkorwa bore obokoreri ase chinchera ao ao echio chiranyare gokonya abaremi goikera abamwabo, abagori bechinguru na abaonia berigesa riabo, okomenya buya ..."
2030,Agriculture,PSA,Implement disaster risk reduction measures on your small farm to minimize potential losses from events like drought.,Implement disIkerania omoroberio bwogokeania emechando ase oboremi bwao bwomogondo omoke erio okei asara ekoretwa nomogaso omonene.
2031,Agriculture,PSA,Implement strict biosecurity measures on your poultry unit to prevent the introduction and spread of pests and diseases affecting poultry.,Ikerania amachiko buna obwenerete gotanga bwamarwaire ase chinoko chiao erio gotanga amarwaire na okwamborerania kwamarwaire ayio ase egesumu giechingoko chia  chiao amo na mochando onde bwonsi.
2032,Agriculture,PSA,"Improving both women and men's agricultural market access improves dietary diversity, but women's effect is double that of men.","Gokinia oboremi na echiro yerigesa riabaremi abaka na abangina amo nigo ekegosa oborageria bwendagera engiya ase  omobere ase chinka, korende abangina mbare neribaga rigiya ase ogokora ayio kobua abagak ase chinka chiabo."
2033,Agriculture,PSA,"Improving market access and infrastructure: Invest in rural infrastructure, such as roads and storage facilities, and promote digital platforms ...","Goikerania enchera yogosoa echiro amo nobogachi obuya bwerigesa: Ikerania chinyomba chiokogacha endagera amo nobobogoria korwa mogondo, chipara chingiya nechinyomba chiobokendu ase okogacha chindagera, na gokonyia omoroberio bwokoererania chisemi ase embeo..."
2034,Agriculture,PSA,In 2015 he co-founded Precision Agriculture for Development (PAD) to pioneer digital agriculture at scale and advance innovation and research in the sector ...,Omwaka o 2015 omochaki bwoboremi bwokobeka omobaro na korenga boronge ebimeri mogodo ase amagenderero (PAD) ase okworokereria igoro ya oboremi bwegechidichtari as oboagare erio goikerania enchera enyia yobotuki as oboremi as ensemo yoboremi...
2035,Agriculture,PSA,"In a liberalized economy, provision of services in the agricultural sector, including financing of inputs, collection of produce, and processing and marketing ...","Korengana nobogoko bwa bono abwo ase ogosuguma gwechiro kore nechinguru kobua eserikari , engencho yobokoreri ase oboremi, amo nakobeso na ebiganeirie kobekwa mogondo, gosangereria rigesa, amo nokorosia buya na gosiba rigesa na oboonia ..."
2036,Agriculture,PSA,"In addition, access to wellfunctioning markets is likely to improve farmers profitability and their access to diverse nutritious foods. This paper avails the ...","Igoro yayio, goikera chichiro chingiya nebaise gokinia ebitoki bwoboremi erio koba nokobua gwokora chindagera ao ao baganetie koria. Enkwana eye nigo ekoreta ..."
2037,Agriculture,PSA,"In addition, it also improves timeliness of agricultural operations, increases resource-use efficiency, enhances market access and contributes to mitigating ...","Igoro yayio, ngokonya ere ase chingaki chiganeirie ase oboremi, goikerania aya aganeirwe ase oboikeranu, kwangoyia omoreberio bwogoikera echiro ase okwerenda  ..."
2038,Agriculture,PSA,Inclusive access to digital technologies and education is crucial to reducing gender inequalities and empowering rural women and girls.,"Chisemi chia tekinorochia yegedichitari ase bonsi nechisemi boigo negento kiengencho engiya kerengete gokeiyia ogotarengangana gati yomosacha na omokungu, abanda na abataka ase kobeka chinguru amagenderero ekenyoro gati yomokungu nechinyaroka."
2043,Agriculture,PSA,Infrastructure improvements have been associated with improved market access and lower food prices. Transport investments often result to agricultural.,Ogotaba nomoroberio omuya ase chinyomba chiokogacha rigesa nechipara gochiboria gochia echiro ngokonya ore ase goikera echiro na gokeania rigori riendagera. Chipara chingiya botambe nigo chigosegeta boremi…….
2044,Agriculture,PSA,Innovation drives progress. Discover new developments in agribusiness that can benefit small-scale farmers.,Obomanyi oboyia nabwo bokogendi amagenderero. Rigia komanya okogendera okoyia ase oboremi bwoboonchoreria obwo borakonye abaremi bemegondo emeke.
2046,Agriculture,PSA,"Integrate trees into your vegetable garden (agroforestry) for multiple benefits like shade, windbreaks, fruits, timber, and improved soil health.","Burukania enete ase omogondo bwechingeni  (agroforestry) ase engencho yobuya obonge buna ekiriri, gokanya embeo enene, konyora amatunda, chibao na komenta obotobu ase riroba."
2047,Agriculture,PSA,"Integrate trees with your livestock farming (agroforestry) for shade, windbreaks, fruit, timber, and improved soil health.","Borukania oboremi bwao bwetugo amo nemente (agroforestry)ase okonyora ekiriri, gokanya embeo enene, konyora amatunda, chibao timber, na obotobu ase riroba."
2048,Agriculture,PSA,"Integrated Pest Management (IPM) combines biological, cultural, and chemical methods to control coffee berry disease effectively and safely.","Burukania amariogo yogoseria eichuni gose amarwaire (IPM) erengete egebarochia, ekegusii, amo nechikemikari gotanga amarwaire yechintetere chikagwa cbuya kegima na ase enchera etabwati mochando onde."
2049,Agriculture,PSA,Integrating Nutrition Sensitive Agriculture (NSA) into Agricultural value chains for improved dietary diversity and nutrition behaviors in Africa.,Kora oboremi borengete chindara chiria chikoagacha omobere (NSA) ase oboremi bwaoerio gokinia endagera engiya ase oboagare eyio ekorenda omobere erio koreta oggonchoreria engencho buna abano bakoragera aiga Afrika.
2050,Agriculture,PSA,"Interested in organic farming? Understand the certification process, standards, and market opportunities for organic mushrooms.","Nore nomoyo bwogokora oboremi botari gotumia obwoyo bwetuka obwo bobwate chikemikari? Manya igoro ya' ayaganeirie, ebirengo, ana echiro ereo ase oboremi obwo bamoba."
2051,Agriculture,PSA,"Invest in cold storage to significantly extend the shelf life of perishable fruits, allowing you to sell at better prices and reduce waste.","Rosia chinyomba chiobokendu ase okogacha chindagera chiria chigosareka bwango buna enchera eyemo yogochigesa amatuko koganyete gochiira echiro  buna chinyanya nechingeni na amabere, eye nigo ekogonya gochigaka erio gochionia chingaki chia motwe ase rigori rigiya na gotanga asara."
2055,Agriculture,PSA,Kenya enhances disease surveillance systems for early detection of livestock diseases.,Kenya yaangoirie omoroberio ogendererete bwokomanya na gotanga amarwaire yetugo.
2056,Agriculture,PSA,"Kenya launches a nationwide livestock vaccination program to combat diseases like foot-and-mouth disease, enhancing animal health and meat exports.","Kenya yachakire omoroberio omonene bwense ase okobeta etugo chisindani erio gotanga amarwaire yrtugo buna amarwaire yamagoro nomonwa, gokinia afia yetugo erio goikerania kooinia enyama gochi chinse chi-isiko."
2057,Agriculture,PSA,Kenya promotes biosecurity measures to prevent livestock disease outbreaks.,Kenya negendererete gosegeta omoroberio bwogotanga amarwaire etugo korwa isiko na ime ase ense yaito erio gotanga amarwaire etugo.
2058,Agriculture,PSA,Kenya promotes deworming and vaccination to control parasites in goats and sheep.,Kenya negendererete gosegeta okobeta etugo chisindani na gocia eriogo riebianda erio buna enchera eyemo yogotanga amarwaire nebinyinyi ase chimbori nechong'ondi.
2059,Agriculture,PSA,Kenya promotes disease control measures for livestock health.,Kenya negendererete gosegeta ogotanga amarwaire yetugo ase afia engiya yetugo.
2060,Agriculture,PSA,Kenya promotes disease prevention for livestock health.,Kenya negendererete gotanga amarwaire yetugo ase afia yetugo.
2061,Agriculture,PSA,Kenya promotes livestock disease control programs.,Kenya negendererete gosegeta omoroberio bwogotanga kwa amarwaire etugo.
2062,Agriculture,PSA,Kenya promotes livestock disease prevention programs.,Kenya negendererete gosegeta omoroberio bwogotanga amarwaire etugo.
2063,Agriculture,PSA,Kenya promotes livestock disease prevention.,Kenya negendererete gosegeta omoroberio bwogotanga amarwaire etugo.
2067,Agriculture,PSA,Landscape approaches for climate-smart agriculture are based on optimizing synergies between multiple stakeholders and sectors in the landscape.,Chinchera chogokora oboremi as orwaro rwoboremi abuya borengete rire nigo borengete okobwaterana ase chingencho chionsi gati ya baria mokobwaterana na obokoreri as oboremi bwa mogondo.
2069,Agriculture,PSA,Latest Opinions & Insights. Opinions & Insights. Digital agriculture: key to helping small-scale producers overcome COVID-19 challenges. As we approach the ...,Amangana amayia na amaikeranu. Ebirengererio bia'ime. Oboremi bwegechiditchiari: Ekenene ase ogokonya abaremi bemegondo emeke erio kobua omochando bweendwari ya COVID-19. Gatore ang'e goikera ...
2070,Agriculture,PSA,Latest Opinions & Insights. Opinions & Insights. Taking stock of IFAD's digital agriculture efforts in the Asia-Pacific region. Digital agriculture is an ...,Amangana amayia na amaikeranu. Ebirengererio bia'ime. Gokora omobaro o' IFAD's buna yechandete goikerania oboremi bwegechidichitari efforts iaria orogongo rwa Asia-Pacific. Oboremi bwegechiditchiari  no...
2072,Agriculture,PSA,"Learn about extension services available in your area from KALRO. Know how to access advice, training, and support.","Egera igoro yabasemia boboremi bare ange naye korwa KALRO. Manya buna oranyore ogosemia korwa ase bare, ogosomigwa, na gosirwa."
2073,Agriculture,PSA,"Learn about Plant Variety Protection rights and how they encourage the development of new, improved maize varieties.","Egera komanya igoro yebimeri ao ao, oboronge bwokwerenda na buna oranyare koa moyo abande kogendereria, embego engiya yebituma."
2074,Agriculture,PSA,"Learn about Plant Variety Protection rights and how they encourage the development of new, improved mangoes varieties.","Egera igoro yoboronge bwebimeri aoa ao na buna bigosegeta korosia embusuri enyia, yamaembe ao ao."
2075,Agriculture,PSA,"Learn how agriculture can contribute to school feeding programmes by supplying fresh, local produce like kales.","Egera komanya buna oboremi boranyare goikerania omoroberio korageria chisukuru goetera obobagi bwendara korwa mogondo etarasereka, rigesa ria nka buna ebikeri ."
2076,Agriculture,PSA,Learn how farmers can earn carbon credits by adopting practices on the dairy farm that remove carbon dioxide from the atmosphere.,Egera komanya buna abaremi baranyore goakanwa chibesa korwa ogotanga embeo eria egosaria rire ase akobwata chingencho chiria chioborisia obuya  bogokeyia embeo eyio gochia ase rire.
2077,Agriculture,PSA,Learn how farmers can participate in carbon credit programs by adopting practices that sequester carbon in dairy farm.,Egera komanya buna  abaremi baranyare korwa ebirengererio biabo igoro yokonyora chibesa chiria chiogotanga embeo eria egosaria rire ase okwegera chingencho chiria chigokeania embeo eyio korwa obweri bwetugo.
2078,Agriculture,PSA,Learn how farmers can participate in carbon credit programs by adopting practices that sequester carbon in poultry unit.,Egera komanya buna  abaremi baranyare korwa ebirengererio biabo igoro yokonyora chibesa chiria chiogotanga embeo eria egosaria rire ase ase okwegera na kobwata chingencho chiria  chikobwata embeo eyio ase ebisumu biechingoko.
2079,Agriculture,PSA,Learn how to access agricultural extension services in your area from providers like [extension_provider] for advice and training.,Egera komanya buna oranyare goikera obokonyi bwoboremi korwa abatebereria buna abaagirigacha beserikari ase ogosemia amo nechisemi.
2080,Agriculture,PSA,Learn how to access agricultural extension services in your area from providers like County Extension Officers for advice and training.,Egera komanya buna oranyare goikera obokonyi bwoboremi korwa abatebereria abwo nka yao ikorwa  buna abaagirigacha beserikari ye kaonti Extension ogosemia amo nechisemi
2081,Agriculture,PSA,Learn how to access agricultural extension services in your area from providers like Private Consultants for advice and training.,Egera komanya buna oranyare goikera obokonyi bwoboremi korwa abatebereria abwo nka yao korwa Abatebereria Bogwetenenera  se ogosemia amo nechisemi.
2082,Agriculture,PSA,Linking directly with food processors can offer stable markets. Learn how to meet processor requirements for meat.,Okobwaterana  na baria bakorosia rigesa koba chinagera ao ao nenchera engiya ase echiri yabotambe. Egera buna oranyare goikera abanto abwo na amachiko abo yenyama.
2084,Agriculture,PSA,"Lowering tariffs liberalizes markets, makes access to imported commodities easier, and ultimately exposes domestic import-competing sectors to enhanced ...","Gokeania echogo nensemoeyemo ekwororobia gosoa echiro, ekwororbia obogori bwebinto mkorwa isiko aororo, emoerio yaigora okoreta endagera inkaase baria bagosindana kwangoyia..."
2085,Agriculture,PSA,"Maintain soil health through testing, organic matter addition, and avoiding harmful practices for better sweet potatoes growth.","Renda korora nga riroba ndire nobotobu goetera okoripima, kogesa obwoyo bweubi, na gotanga chinchera chiria chogosaria riroba ase okwama okuya kwmarabwoni."
2086,Agriculture,PSA,"Maintaining good animal health is vital. Learn about common diseases, vaccination schedules, and biosecurity for chickens.","Ikerania afia engiya yetugo yao buna egento kiengencho. Soma komanya igor yamarwaire aoao, chingaki okobeta chisindani, na oborendi bwechingoko."
2087,Agriculture,PSA,Making markets work for African agriculture and helping farmers to access new technologies and inputs could spur a transformation of the wider economy. Through ...,Korora nga chichiro ngokora chire emeremo as oboremi bworongo rwa Afrika na gokonya abaremi goikera tekinorochia enyia na biria bikobekwa mogondo nenyage gochakia ogoonchoreria kwoboagare ase obogoko. Goetera..
2094,Agriculture,PSA,"Many farmers rely on digital services, especially those delivered through platforms accessible via mobile phones, to access this information.","Abaremi abange mbesimegete ase obokoreri bwegechiditchitari, mono baria bakonyora obokoreri obo goetera enchera ya tekinorochia goetera chisimi chiabo, erio goikera amanga'na aya."
2095,Agriculture,PSA,"Mark your calendar for Devolution Conference, a major gathering for stakeholders in the aquaculture sector to network and learn.",Beka ekeriorokererio ase ekarenda yao igoro yomiosangerekano bwokota obokoreri ang'e. oyio orarete baria bonsi amo baria bakobwaterna ase ensemo yoboremi buna bareranie na gosoma.
2096,Agriculture,PSA,"Mark your calendars for the upcoming Agricultural Show, a key event for stakeholders in the livestock sector.","Beka ekeriorokererio ase ekarenda yao igoro yyamorokererio yoboremi agocha, ayio are egekoro ekenene ase abowo bonsi babwateranete ase ensemo oboremi bwetugo."
2097,Agriculture,PSA,"Market access and orientation are necessary for improved agricultural performance. Notably, farmers who are closer to well-functioning markets tend to ...","Goikera echiro  namorokererio igoro yayio nayengencho ase ogkinia obokoreri as oboremi . Buna yarorekanire, abaremi baria bare ang'e nechichiro chigenderete buya nigo bakoamba koba..."
2098,Agriculture,PSA,"Market access for imports into the Kenyan market has improved since the reforms, occasioning tremendous import growth. However, the capacity to import food has ...","Goikera echiro yokoreta ebinto korwa isiko fgocha echiro yaito aiga Kenya kwagendereire korwa omoroberio bwokorwta obokoreri ang'e ochagete, na goikerania okoreta ebinto korwa echiro ya isko gokina. Nonya nigo, okobua gwokoreta chindagera korwa isko kwabeire..."
2099,Agriculture,PSA,"Market access, influenced by transport infrastructure, plays a crucial role in promoting food security, productivity, income changes, and food price ...","Goikera echiro, kogosegetwa nobobogoria amo nechinyomba chikogacha rigesa, nigo bire ebiengenchoo ase okogendereria omoigoto bwendagera, rigesa rigiya, ogoonchoreria ase ebitoki,  namagori endagera..."
2100,Agriculture,PSA,Market linkage and coordination. Connecting farmers with markets through digital platforms requires coordination between various stakeholders.,"Kobwatania chichiro amo na oboererania, kobwatania abaremi nechichiro, goetera omoroberio bwegechidichitari dnoganetie oboereria gati baria bakobwaterana ao ao. ."
2101,Agriculture,PSA,"Maximize your returns from beans by understanding market demands, reducing post-harvest losses, and exploring value addition opportunities.","Kinia okonyora kwao korwa oboremi bweching'ende  ase okomanya boronge buna chiganeirie, gokeania ogosareka kwerigesa rieching'ende, agotema komanya buna oragese obuya bwaye nechiro ereo."
2102,Agriculture,PSA,"Maximize your returns from coffee by understanding market demands, reducing post-harvest losses, and exploring value addition opportunities.","Kinia okonyora kwao korwa chikagwa ase okomanya echiro yaye, gokenia ogosareka kwerigesa riaya, na korogia buna oragese obuya bwaye."
2103,Agriculture,PSA,Mechanisms through which the ICIPE push-pull technology conquers the fall armyworm. ICIPE. PlantwisePlus Knowledge BankVideo Factsheet 12 September 2024.,Ebitambokero goetera ebio ICIPE bigosegeta etekinorochia mbire nobobui goita amakonde buna chingeti. ICIPE. PlantwisePlus Knowledge BankVideo Factsheet 12 September 2024.
2106,Agriculture,PSA,Ministry issues drought adaptation tips for sustainable water use.,Eminisituri nigo ekorwaogosemia igoro yogwekomereria ekero kieguragura na yogotumia amache buya.
2110,Agriculture,PSA,"Mitigate flood risks through proper land preparation, drainage, and crop choices suitable for flood-prone areas like sweet potatoes.","Tanga obokong'u goetera okorema omogondo buya, gwata emetaro, na gochora ebimeri biria bikonyara koremereria amache amange buna amarabuoni ."
2111,Agriculture,PSA,Mobile phones top the list of digital technologies transforming agriculture. They boast the fastest adoption rates ever seen among technologies invented within ...,Chisimi cha koboboko nigo chire igoro mono ase egechidichitari na tekinorochia ase okorenta oboonchoreria ase oboremi. Nigo bagwetogeria ogoonchoreria kwa bwango buna etanya koba rinde ase amatumisi a tekinorochia ebekireaiaga eng'e...
2112,Agriculture,PSA,More than 10000 family farmers in Latin America will soon have access to digital solutions to overcome the obstacles they face in accessing markets and ...,"Abaremi abange begefamiria goetania 10,000 fense ya Latin America bwango iga mbabe bagoikera omoroberio bwegechidichitari erio kobua ebigocha bibarigereretie  ase ogosoa chichiro na..."
2116,Agriculture,PSA,New export agreement for avocado farmers to boost incomes in Murang’a and Kiambu.,Okobwatana okoyia gwokoonia chafokado gocuhia isiko gokinia ebitoki ase abaremi aria Murang’a ana Kiambu.
2119,Agriculture,PSA,"Objective: The overarching objective of the JP is to advance food systems transformation and digital connectivity, through enhanced public ...","Ekerenga: Ekerenga ekenene gia JP nokogendereria oboikeranu bwoboenania bwendagera  goetera okobwatania kwegechidichitari, tgoetera okwangoyia gwokobwaterana na bonsi..."
2122,Agriculture,PSA,Packaging protects beans and adds value. Find out what types of packaging are suitable for selling in export markets.,Ogosiba chingende nigo kogochirenda buya na kogesa rigori. Rigia komanya buna oranyare gosiba chingende chiao buya ase okoonia gochia echiro ya isiko.
2123,Agriculture,PSA,Packaging protects your produce and adds value. Discover suitable packaging materials and methods for selling in export markets.,Ogosiba rigesa riao nigo gokorirenda buya na kogesa rigori. Rigia komanya buna oranyare gosiba chingende chiao buya ase okoonia gochia echiro ya isiko.
2124,Agriculture,PSA,Packaging protects your produce and adds value. Discover suitable packaging materials and methods for selling in local markets.,gosiba rigesa riao nigo gokorirenda buya na kogesa rigori. Rigia komanya ebinto bigosiba buya nenchera yokoonia ase chichiro chia nka.
2125,Agriculture,PSA,Pay attention to early warning systems for hail issued by KMD to prepare and protect your dairy cattle and assets.,Beka ebirengererio kegima korora bwango ogcha kwamagena embura una korure na KMD terio kogonya kobanga na korenda oboremi bwao bwetugo na ayabwatekaine.
2126,Agriculture,PSA,Personal highlights included giving a keynote address at the first-ever joint meeting of G20 Finance and Agriculture Ministers in Washington D.C. and ...,Amangana engencho yomonto na aya okoinyoria nabwatekaine nokowa amangana amanene  as omosangerekano obeene o G20 Bwechibesa na Oboremi korwa Omominisita o Washington D.C. na...
2128,Agriculture,PSA,"Practice environmental stewardship by adopting methods that protect soil, water, and biodiversity in your dairy farm.","Egera obokoreri bwamasingira ase okobwatia chingencho  omoroberio chiria  okorenda riroba, amache, nebitonwa binde ase omogondo oo."
2129,Agriculture,PSA,"Precision agriculture, agri-information and the development of digital agri-markets, among other technologies, contribute to data generation and.","Oboremi oboikeranu, amangana igoro yoboremi na ogoikerania oboremi bwegechidichitari nechiro, agti  y tekinorochia chinde, nigo bigoikerania  omobaro bwegechidichitari na"
2130,Agriculture,PSA,Precision farming is transforming the agricultural landscape by optimizing the management of inputs based on the site-specific requirements ...,Oboremi oboikeranu bwaretire ogoonchoreria ase emegondo yoboremi igoetera ogoikerania ebirengo bwebinto biria bikobekwa mogondo koreng'ana kweriroba ria ase ayio buna ebwatekanete...
2131,Agriculture,PSA,"progress in utilizing digital agriculture to fight COVID-19, and to ... To build the case for investment,. IFAD must work to break misconceptions ...","Okogenderera ase enchera yogotumia oboremi bwegechidichitari korwania COVID-19, amo na ... Kobeka oboroso bwobogachi,. IFAD yabetereriigwe gotagora ebirengererio bitari biaboronge..."
2135,Agriculture,PSA,Proponents argue that genetic engineering has the capability to resolve or mitigate many of the most critical problems facing agriculture: conservation of ...,Obamanyi bwegeinchinia mbore neriiranerio ng'a  chinguri chiogotanga emechando emenge ase oboremi: gotumeka buya kwa ...
2136,Agriculture,PSA,Protect your agricultural innovations and new varieties by understanding Intellectual Property (IP) rights like patents and plant breeders' rights.,Renda chingecho chia chioboremi amo na embusuri enyia ase okomanya buna okorenda obomanyi bwao (IP) oboronge buna boria bwokorosia egento ekeyia and oboronge bwogokeborana kwebimeri .
2137,Agriculture,PSA,Protect your livestock investment with agricultural insurance. Understand the types of cover available and how to make a claim.,Renda enibo yao yobotugi goetra koyerika nekeombe keria kegoakana ekero mochando onde bwensi ogocha. Manya buya igoro yokwerika nebiombe ebio na buna oranyare bokwatia ogoakanwa ekero omochando okonyorire .
2144,Agriculture,PSA,Public advisory on adopting drip irrigation to conserve water in dry zones.,Ogokurerwa gochia abaremi igoro yogosiarera amache mogondo orengete obogachi obuya bwamache aria chinsemo chinyomo.
2145,Agriculture,PSA,Public advisory on use of certified seeds to boost national food production.,Ogokurerwa gochia abaremi igoro yogotumia embusuro eria yancheire erio kogesa omoroberio bwense ase okorema endagera.
2146,Agriculture,PSA,Public notice: Registration open for digital agri-skills certification.,Ogokurerwa ase bonsi: Omoroberio bweserikari goikerania chisemi chioboremi goetera  egechidichitari.
2147,Agriculture,PSA,"push and pull technology. Efficacy trials. Setting up of pheromone traps. ZARI, DoA, CABI, CIMMYT. Zambia. Awareness creation. Coordination. Call centre.","Ogosegeta etekinorochi. Obotuki bwa keene korora gose.  Ogochakakorora gose okobeka emetego ya pheromone ngokora ere emeremo buya. ZARI, DoA, CABI, CIMMYT. Zambia. Okomanyia abanto. Kobwatania. Ase orarangerie."
2149,Agriculture,PSA,Push-pull technology is an approach which involves using repellant plants (silver leaf desmodium) to push pests away from the main crop and ...,Ogosegeta omoroberio otekinorochia nenchera ierengete goyumia ebimeri biria bigoseria ebimeria biri bende bikorenta emechando mogondo (amato edesimodiamu) goseria ebichuni na amakonde korwa ebimeri osimegete mogondo...
2151,Agriculture,PSA,"raising agricultural productivity through value addition, increasing market access and adoption of technologies; exploiting irrigation potential; increased ...","Gokinia rigesa goetera okogesa ubuya bwerigesa, kogareyia chinchera chigosoa echiro, gotumia tekinorochia, na kobwata tekinorochia; korigia komanya okobua kore ase ogosiarera amache mogondo; kmentekana..."
2152,Agriculture,PSA,Ready to register your group? Follow this guide to understand the legal requirements and process for registering a cooperative in Kenya.,Korika ekeombe kiao?Bwatia omoroberion oyo komanya omoroberio bwamachiko no okogenderera ase okorika ekembe kiao ase obomo bwebiombe Kenya.
2153,Agriculture,PSA,Recent years have seen a growth in digital innovations that can address the different challenges in the agricultural and food industry.,Emiaka ya iga bwango yaorokirie okogenderera ase obotuki bwegetekinorochia obw boranyare gokonya emechando ao ao ase abaremi nechifakitori chiendagera.
2154,Agriculture,PSA,"Reduce post-harvest losses for fruits through better handling, storage, and processing techniques from harvest to market.","Keania ogosareka kwendagera korwa mogondo ase rigesa riching'eni  na amatunda goetera chinchera chikogesa chibwenerete, obogachi obuya, na engench yogoonchoreria rigesa riao gochia chindagera ao ao korwa buna okogesa korwa mogondo goika echiro."
2155,Agriculture,PSA,Reduced soil erosion: Reducing tillage and maintaining soil cover with crop residues can reduce erosion by up to 80%. CA also generally increases soil organic ...,Keania omogoko bweriroba riao: Keania korema riroba na egera gotuba rirob rario cover neubi eria egotigara korwa rigesa buna enchera eyemo yogokeania omogoko bweriroba riao goika 80%. CA boigo nigo ekogesa obotobu ase riroba riao ...
2156,Agriculture,PSA,"Regional and international markets, such as the African Continental Free Trade Area, provides an expanded market access to 1.3 billion people.","Echiro yorogongo goika echiro yense engima, buna omoroberio bwa'Afrika orengete korusia ebango ase oboererania bwerigesa, nore noboagare bwosoa echiro na goikera abanto 1.3 billion."
2157,Agriculture,PSA,"Research has shown that strengthening women's access to agri-food markets generates increased and stable incomes, laying a foundation for their ...","Obotuki bwoboremi bwaorokirie ng'a kobeka abangina chinguru gosoa echiro nigo kore ogwonyora ebitoki bia igoro na biabotambe, igo kobeka oboroso bwabo ase..."
2158,Agriculture,PSA,resilient and varied agricultural systems. iii. Prioritize expansion of ... Improve market access and infrastructure: Develop market infrastructure and.,"Ogwekomereria na oboremi bwomoroberio omuya. iii. Nigo borengete okogareyia ... Kwororobi gosoa echiro, obobogoria obuya nechinyoma chikogacha rigesa: Rosia omoroberio bwechiro, obobogoria na obogachi obuya na."
2159,Agriculture,PSA,"Rotational grazing mimics natural herbivore patterns, improving soil health and reducing erosion in sustainable livestock systems.","Ogoonchoreria buna okorisia gose gotuga etugo yao erengete korageria etgo yao buna ebwenerete korwa aa gochia asande erio konyora rigesa riengencho, kogesa obotobu ase riroba, na gokeania omogoko bweriroba ase omoroberio bwetugo."
2160,Agriculture,PSA,"Run an efficient pack house to ensure consistent quality sorting, grading, and packaging of meat before sale.","Kabe nenyomba yao yokogacha rigesa goikerania obikerabu bwerigesa riao botambe na korichora gwatana ribe korwa ase rigiya, korirenga, na giba enyama buya nyuma yokoyeonia."
2161,Agriculture,PSA,Rural youth are bringing agriculture into the digital age. Meet three young rural people in Asia who've cracked the irrigation code!,Abasae korwa ebinyoro baansire koreta oboremi bwegedichitari  ase ekegori eke.  Umerana abase batato bebinyoro aaria Asia abwo banyorire enchera enyia yogosiarera amche mogondo.
2163,Agriculture,PSA,"Save precious water resources by installing drip irrigation for your sweet potatoes. Learn about system types, installation, and maintenance.","Gacha amangana igoro yamache nayabwatekaine abwo nyuma ase okobeka ebinto biogosiarera amache ase ogtonyiaase oboremi bwa bwamarabuoni . Egera buna kera eyomo yabo egokora emeremo ao ao, buna ogokebeka, na gokerenda."
2165,Agriculture,PSA,Scientists from ILRI and KALRO outline strategies to eradicate Contagious Bovine Pleuropneumonia in Kenya through collaborative vaccination efforts.,Abasayansi korwa ILRI na KALRO barure omoroberio bwogokora endwari yokwambokerana buna Bovine Pleuropneumonia aiga Kenya goetera okobwaterana gwokobeta chisindani.
2166,Agriculture,PSA,"See how intercropping empowers smallholder farmers in rural communities, improving livelihoods and food security.","Rora buna okoburukania ebimeri mogondo biakonyire abaremi bemegondo emeke ase ebinyoro, gokinia ebitoki na omoigoto."
2167,Agriculture,PSA,"SEEDS will conduct a comprehensive analysis of the policy and regulatory landscape influencing the uptake of digital innovations in smallholder agriculture, ...","SEEDS mbakore obotuki bwabo amo na amachiko agosegeta kobwata obokoreri bwegetekinorochia ase abaremi bemegondo emeke, ..."
2168,Agriculture,PSA,Session 1: Digital Agriculture and its Role in Fostering Inclusive and Resilient Rural. Transformation. Time. Topic. Speakers. 09:00 -09:30.,Ensemo yeritang'ani 1: Oboremi bwegedichitari amo na nensemo yabo yosegeta oboamo na Ogwekomereria Kwebinyoro. Ogoonchoreria. Engaki. Ekere kegokwanerwa. Omokwani 09:00 -09:30.
2169,Agriculture,PSA,"Set up a soil-less hydroponic system to grow sweet potatoes efficiently using less water and space, ideal for urban or intensive farming.",Tema oboremi bwamarabwoni ase enchera engao yegetekinorochia buna eria yogotumia amache gose ebinto binde gosimeka amarabwoni ase ogotumia ribaga rike riomogondo as abaremi bemechie gose chitaoni ase okomigereria.
2170,Agriculture,PSA,Silvopastoral systems in Brazil integrate trees and livestock to reduce deforestation and enhance carbon sequestration.,Omoroberio o'Silvopastoral aaria Brazil oretire amo etugo na emete erio gokeania okonacha amanani yemete kogesa okobwata kwembeo eria egosaria rire.
2171,Agriculture,PSA,Simone Sala. Image Download. Profile Image. Latest Opinions & Insights. Opinions & Insights. A look at the digital technologies transforming agriculture.,Simone Sala. Image Download. Profile Image.. Okorengereria kwa iga bwango na ayare Ime. Okorigeria ogoonchoreria igoro ya yegedichitari negetekinorochia ase oboremi.
2172,Agriculture,PSA,"social media to help farmers access information about market prices, weather patterns, and other critical market information. In addition, support ...","Goetera oboereria bwamanga gotera embeo botari na getango ase onde bwensi bwakonyire abaremi goikera amangana  igoro yechiro, rire na ayande yengencho igoro yechiro. Komenta nayio, yakonyire..."
2173,Agriculture,PSA,"Solar-powered water pumps offer a clean, reliable way to irrigate your bananas, reducing reliance on diesel or manual methods.",Chiinchini chia ogoaka amache chigotumia chinguru chierisase nenchera eyemo engikeranu gosiarera amache ase amatoke ao ekiagera egokeania gotumia amaguta ediseri goge chinguri chamaboko.
2174,Agriculture,PSA,"Start or improve your beekeeping business. Learn about hive management, honey harvesting, and marketing bee products.","Ansa gose kong'ia obotugi bwao bwechinchoke. Egera komanya buna okorenda emetana, kogesa oboke, na buna okoonia rigesa riechinchoke."
2175,Agriculture,PSA,"Start or improve your beekeeping. Learn about hive management, colony health, honey harvesting, and marketing bee products.","Ansa gose kong'ia obotugi bwao bwechinchoke.Egera komanya buna okorenda emetana, amasingira amaya yechinchoke, honey harvesting, kogesa oboke, na buna okoonia rigesa riechinchoke."
2176,Agriculture,PSA,Statistics for Agricultural market access and dietary diversity in Kenya: Gender considerations towards improved household nutritional outcomes ...,Amangana arikire igoro yechiro yoboremi na oborageria obuya ase oboagare aiga Kenya: Korigeria buna ogotarengana gati mokungu nomasacha igoro yoborageria buya ase oboagare na ayarorekanire...
2177,Agriculture,PSA,Stay informed about current market prices for vegetables in major markets like Mombasa. Knowledge is power in negotiations.,Tema komanya igoro yamagori yechingeni na amatunda amo nerigori ase chichiro chinene buna Mombasa. Chisemi negencto kiengencho ase ogoaka rigori.
2178,Agriculture,PSA,Stay updated on the latest research findings from Egerton University on topics like new crop varieties relevant to your dairy farming.,Tigara kiomanyete igoro yobokongoase ebirenga ebiyia yembusuro enyia ebwenerete oboremi bwao bwetugo yamabere.
2180,Agriculture,PSA,"Straight row planting allows the use of hand-operated, push-pull weeders. According to Guimba farmers, they tried straight-row transplanting during the late ...","Gosimeka ase omoroberio orambogete buya ngokonya ore ase oboremi bwamaboko, koburugera ebimeri. Koreng'ana na abaremi ba Guimba, bagatema gosimeka ase omorobiro ase okoiya na gosimeka  chingaki chia motwe."
2181,Agriculture,PSA,"Strategic issue 3; Limited market access, Low investment in value addition and poor consumption. Objective 1: To improve potato marketing for increased farmers' ...","Amang'ana amaramboke 3; Ogotaikera echiro ase oboagare, Ogotabeka omokia ase okogesa obuya bwerigesa and okoragera gotari okuya. Ekerenga 1: Gokinia echiro yamarabwoni ase abaremi abwo bagesekire' ..."
2185,Agriculture,PSA,"Sustainable Farming Services Africa (SFSA) is an advisory, training and consulting firm working within the agriculture sector in Kenya and elsewhere in Africa. We exist to promote the concepts of sustainability in farming practices in order to ensure profitability from agribusiness today while securing productivity of the same resources for future generations.","Enchera engiya yoboremi agia Africa (SFSA) nigo gekorwa obosemia, amo nechisemi buna baria bakorwa obotebereria na bagokora nabaremi aiga Kenya na ande onsi aiga Africa. nao tore erio tosegete engencho ya oboremi obuya erio korora ng'a abaremi nafaida korwa ebigeri biabo bioboremi arero nabo gosangereria rigesa tore narirorio ase ebigori biamotwe."
2186,Agriculture,PSA,Taking stock of IFAD's digital agriculture efforts in the Asia-Pacific region. Digital agriculture is an indispensable part of strengthening food systems.,Gokora omobaro IFAD' asogotema kwegedichitari  aaria orongo rwa Asia-Pacific. Oboremi bwegedichitari nabwo bobwenerete buma enchera eyemo gogokonyia omoigoto.
2187,Agriculture,PSA,Taxation and policy biases against agriculture include: concentration of public investments in areas of infrastructure and provision of safety ...,Ebango na amachiko akomiga abaremi naro buna aya: eserikari koengeria obokoreri bwaye gochia chingongo gete kobua echinde amo na omorobwerio bwoborendi...
2188,Agriculture,PSA,"technical support in building an enabling environment for agriculture technology. With a view to improving the seed system in many countries, discussions to ...","Obokonyi bwomanyi bwobundi ase amaagacho nenchera eyemo egonya amasingira yoboremi bwegetekinorochia. Amo nebirengererion biogokong'ia omoroberio bwechintetere ase chinse, chinkwana chia ..."
2189,Agriculture,PSA,"Technology is used at all stages of crop and animal production. The delegation's aim was to identify Chinese agricultural technologies, assess their relevance.","Tekinorochia yatumekire at ebitambokero bionsi ase ogokinia rigesa rioboremi amo na etugo. Ekerenga kia abatomwa nkeria ng'a baatanane oboremi bogokorwa aaria Chaina na tekinorochia bagotumia, erio barenge okobwekana neyaito aiga Kenya."
2190,Agriculture,PSA,"technology, AATF ... Established in 1993, Tanager works with the. ACDI/VOCA family of companies to make agriculture work better for people.","tekinolochia, AATF ... Giachagetwe 1993, Tanager nogo aagokora emeremo nefamiria ya ACDI/VOCA eyio ere obomo bwechikambani erio korora nga oboremi gokora emeremo emiya ase abanto."
2194,Agriculture,PSA,The aim of the project was to support governments in six focus countries to develop national CSA programmes (and/or to integrate CSA priorities into existing ...,Ekerenga ekenene kiegekoro eke nigo kiarengete gokonya serikari goikera chinse isano nemo echio chiarengire gochaka omoroberio bwoboremi obuya CSA (gose gokora oboremi obwo amo gocuia ase boria bwareo ...
2196,Agriculture,PSA,The application of biotechnology in Agriculture can however change the scenario: the application of genetic modification technology can be used to develop.,"Ogotumia chisemi chiegesayansi se oboremi nabo, nonya nigo nechenchie buna erengereirie: the application of genetic modification technology can be used to develop."
2197,Agriculture,PSA,The application of digital technologies and other innovations to the agriculture sector can also help increase agricultural productivity. Both ...,Omoroberio bwegedichitari na tekinorochia amo na nobvoremi bwenchera enyia naboigo borakonye komenta rigesa. Bionsi ...
2198,Agriculture,PSA,"The book uses an economic lens to identify the main features of climate-smart agriculture (CSA), its likely impact, and the challenges associated with its ...","Egetabu eke nigo gekomoreka obogoko erio komanya enchera ebwenerete oboremi bokogenda nerire (CSA),nenyarekanete ng'a, and the challenges associated with its ..."
2199,Agriculture,PSA,The climate smart agriculture (CSA) concept reflects an ambition to improve the integration of agriculture development and climate responsiveness.,Oboremi boria bokoremereria ogosareka kwerire (CSA) ekerengererio ekio nigo gekworokereria ogokinia oboremi goetera okoburukania ebimeri mogondo ebio bikogenda nerire.
2200,Agriculture,PSA,"The Climate-smart agriculture (CSA) approach simultaneously addresses food security and climate change, while contributing to greenhouse gas mitigation. FAO ...","Oboremi boria bokoremereria ogosareka kwerire (CSA) engencho yeye nigo erengete omoigoto nogoonchoreria kwerire, naboigo gatnga embeo eria egosaria rire. FAO ..."
2201,Agriculture,PSA,The Climate-Smart Agriculture Sourcebook comprises a wide range of knowledge and expertise on the concept of CSA to better guide policy makers.,Egetabu gekworokereria igoro yoboremi boria bokoremereria ogosareka kwerire nkebwate chinsemo chingare chiesisemi na ochusi ase ebirengererio bia CSA erio korwa oborai bwabeene ase abarosia amachiko.
2202,Agriculture,PSA,"The climate-smart management of orchards and plantations involves the efficient use of water and energy for husbandry operations, and the transportation and ...","Oboremi boria bokoremereria ogosareka kwerire ase ase oboremi bwemegondo emenene yamatunda neganetie gotumia amache nechinguru buya chiomorero buya ase okoenana embego, amo nobobogoria amo..."
2203,Agriculture,PSA,"The complex and controversial global debate on GM technology seems to have steered some African countries to a more cautious attitude. For instance, in 2002, ...","Chinkwana chigendererete gati abanto ense engima igoro yegetekinorochi ya GM bangire omoroberio oyio bwekwamia endagera na ebimeri goetera  oro ase obwoba ng'a tori omuya ase afya, aya asugumire chinse chia Afrika gotegia amato ase obwoba nga nigo egosaria amasingira na ebogoko. Buna ogochakera, omwaka 2002, ..."
2204,Agriculture,PSA,The concept of Climate-Smart Agriculture (CSA) has consistently been positioned between science and policy. CSA has given rise to a lively debate in both ...,Ekerengererio kioboremi boria bokoremereria rire (CSA) biabekirwe gati gati sayansi namachiko. CSA yokirie enkwana gati ya...
2207,Agriculture,PSA,"The cost of reaching more farmers with digital extension is low, and there are several other benefits too. Moreover, there are many ...","Rigori riogogoikera abaremi bande abange amo na dichitari nigo ore inse na obokoreri bwogotebereria boigo, na obuya obonge mboreo boigo. Igoro yayio, nareo amange..."
2209,Agriculture,PSA,"The difficulty in accessing markets poses a major hurdle for beef farmers, ... market access and climate-induced adversities. This omission undermines the ...","Obokong'u igoro yosoa echiro nibo botigarete bika ekogocha ase abaremi betugo yenyama, ... Gosoa echiro na -nebigocha biamaiso marore. Ogotaikeria aya nigo akong'enta …"
2210,Agriculture,PSA,"The drafting of this Sourcebook on Climate-Smart Agriculture, Forestry and Fisheries has been a collaborative effort involving professionals from within several ...","Okorika egetabu eke korwa oborai ase oboremi boria bokoremereria rire, Amanani, na Chinswe obeire omoroberio bwokobwaterana na abanyi korwa  bechinsemo ao ao aiga..."
2211,Agriculture,PSA,"The event will highlight the importance of investing in digital solutions to accelerate sustainable and inclusive rural development, and through ...","Ogokora oko nkworokie obuya bwokobeka chinguru chisemi chiegedichitari erio gosuguma amagenderero yokwegendereria abonsi na amagenderero ebinyoro, na goetera ..."
2212,Agriculture,PSA,"The focus was on agricultural policies, food security, access to inputs and commodity markets, industrialization, micro and small enterprises and regional and ...","Ekerenga nigo kiarenge ase amachiko oboremi, omoigoto, goikera ebikobekwa mogondo na gosoa echiro yerigesa riabo, kogendereria chifakitory, chinene nechinke amo nechingongo na..."
2213,Agriculture,PSA,"The forming of dairy cooperatives will enhance economies of scale, provide access to the market and financing. Cooperatives create more ...","Okorosia kwebiombe bwobotugi bbwechiombe chia amaberenkwangoi obogoko bwa igoro, borwe enchera gosoa echiro na amakobeso. Ebiombe nigo bikorenta mono ..."
2214,Agriculture,PSA,The government could explore supporting nascent industries to produce competitive products that can access the export market. This could include investing in ...,Eserikari nebaise korigia gosra chifakitori chiria chigochka chinyare korosia  ebinto biria bikonyara koamerarania ase echiro na goikera koonia ebinto biaye gochia chinse chia isiko. Aya nabo arengete koboka chinguru ase...
2215,Agriculture,PSA,The increased availability of mobile phones and access to timely and accurate agriculture information has made it easier and more accessible for farmers to ...,Okogesaka gwechisimi chiamaboko na goikera amanga aborenge ase obwango aororobirie na gokora koba aororo ase abaremi ...
2216,Agriculture,PSA,The Kenya Agricultural Marketing Strategy (AMS) 2023-2032 highlights on leveraging digital technologies to enhance market access for small farmers.,Ekeombe gia Kenya ekio kerengete emeroberio yoboonia (AMS) 2023-2032 nkworokereria kere buna okoreng'ania obokoreri bwegedichitari na etekinorochia erio kwangoyia ogosoa echiro ase abaremi bemogondo emeke.
2217,Agriculture,PSA,"The older the youth the more the capital accumulation, including knowledge and skills for livestock production, market access for capital and livestock ...","Okogeseka kwabasae nigo esiemete ogokomontana gwechinguru  chia motwe buna chisemi chiobokreri korenta obonda bwa motwe, amo na nochusi ase oboremi bwetugo, gosoa echiro na chinguru ase obotugi..."
2218,Agriculture,PSA,The pilot projects of the Mitigation of Climate Change in Agriculture (MICCA) Programme of FAO in Kenya and the United Republic of Tanzania have integrated ...,Omoroberio moke ochagetwe ase ogotanga ogoonchoreria kwerire ase omorobewrio bwoboremi (MICCA) na FAO aiga Kenya na United Republic of Tanzania bwabwatanirie...
2220,Agriculture,PSA,The PRAPS project in the Sahel promotes sustainable pastoralism through improved livestock health and grazing management.,Emeremo ya PRAPS aaria ense ya Sahel ngosegeta ore oboremi  bwokwegendereria kwabaremi bense enyomo abwo bakorwa aa gocia aria goetera afia engiya yetugo yabo nomoroberio omuya bwoborisia.
2221,Agriculture,PSA,"The Program is specifically designed with profitability, mitigation, and adaption in mind to help farmers in New York and the Northeast: (1) sustainably ...","Emeremo eye yabeene nigo orengete efaida, ogotanga, na ogoonchoreria ebirengererio biabaremi aaria New York na Northeast: (1) ase okogenderera ..."
2222,Agriculture,PSA,The project is working to deliver transgenic drought-tolerant and insect-protected maize varieties to African farmers.,Emeremo eye negendererte korwa obokoreri bwa embusuro yebituma eria yanka ekonyara koremereria rire na amarwaire ebichuni ase abaremi ba Afrika.
2224,Agriculture,PSA,The 'push-pull' technology involves intercropping maize with the legume desmodium (Desmodium uncinatum) while Napier grass (Pennisetum purpureum) is planted ...,Tekinorochia yogosegeta nigo erengete koburukania ebimeri mogondo buna ebituma amo nechingendena desimodiam (Desmodium uncinatum) ekero chinsiaga chiembusuro ya (Pennisetum purpureum) chisimekire...
2225,Agriculture,PSA,The rapid penetration and development of digital technologies has the potential to revolutionise the ways in which poor farmers receive and exercise information ...,Gosoa bwango na kogendereria tekinorochia yegedichitari nere nechinguru chiokorenta ogoonchoreria chingencho buna abaremi abataka bakonyora na gotumia amang'ana ...
2226,Agriculture,PSA,"The second edition of the African Conference on Agricultural Technology (ACAT) will take placein Kigali, Rwanda from June 9-13, 2025.","Okorwa gwa kabere kwamang'ana nomosangerekano o'African igoro ya oboremi bwa tekinorochia (ACAT) nokorekane aaria ense ya Kigali, Rwanda gochakera  9-13, 2025."
2228,Agriculture,PSA,The sector is faced with poor market access by most famers especially those in remote areas due to inadequate infrastructure and information asymmetry. Uganda's ...,Ensemo eye nere nobokong'u ase ogosoa echiro gati ya abaremi abange mono kobua bari risabu ase engencho gotaba nechiara chingiya amo nechinyomba chibogachi bwerisegesa riabo na buna bakonyora amang'ana ase oboreng'ananu. Uganda's ...
2229,Agriculture,PSA,The session discussed technology's transformative power and how it can advance agriculture in Africa and foster sustainable growth and resilient food systems.,Chinkwana echi echia rengete buna etekinorochi eranyaretechnology's transformative power and how it can advance agriculture in Africa and foster sustainable growth and resilient food systems.
2230,Agriculture,PSA,"The strategy aims to transform Kenya's food system to be healthy, inclusive, environmentally sustainable, and resilient, using agroecology, which integrates ...","Omoroberio oyo nogo orengete goonchoreria oboereria bwendagera koba obeafia engiya, ase bonsi, erendete amasingira,na ogwekomereria, gotumia amayo yeubi, ayakopburukania ..."
2231,Agriculture,PSA,"The strategy is a holistic, long-term approach using agroecology to address food system challenges, aiming for food security and addressing issues like ...","Omoroberio oyo nomoikerabu, omoroberio omotambe omotwe ase ogotumia amoyo yeubi gokora obwoereria bwenchindagera, orengete omoigoto na gokwanera amang'ana buna..."
2232,Agriculture,PSA,The use of GM technology has helped farmers to make money by giving them better seeds that resist the destructive insects from feeding on the crop in the field.,Omoroberio o tekinorochia ya GM okonyire abaremi korosia chibesaase okobanyorera embusuro yechintetere chiria chikoamereria ebichuni biria bigosaria ebimeri ase okobiria buna endagera yaboase omogondo.
2233,Agriculture,PSA,The World Trade Organization (WTO) is vital to the Kenya Government's international efforts to negotiate for enhanced market access through improved trading ...,Ekeombe kioboonchoreria giense (WTO) nekemo kiebiombe biengencho ase eserikari ya Kenya ase omoroberio bwogokwanerana nense engima buna bakwororobia enchera yogosoa echiro goetera  oboonia obuya...
2236,Agriculture,PSA,These agricultural products should be exempted from applicable tariff reduction regimes or subjected to less demanding tariff reduction mechanisms in the market ...,Ebinto ebi birorosirie korwa tibirusigwa ebange ende yonsi ase chibango chionsi chiria chireo boigo gokeania chibango chinde ase echiro ...
2238,Agriculture,PSA,These services are crucial for job creation because they improve access to agricultural ... Market linkage and coordination. Connecting ...,Obokoreri obo nobwengencho ase okomenta emeremo egekogera nigo bigosegeta gosoa echiro na obwororo bwosoa echiro ... Okobwatania cichiro noboererania. Bokobwatania ...
2239,Agriculture,PSA,"These technologies minimize crop damage and reducing losses, increasing yields and income for farmers. Market access: AI can enhance market ...","Chitekinorochia echi nigo chigokei ogosareka kwebimeri amo na asara, kogesa rigesanebitoki ase abaremi. Gosoa echiro: AI nabo erangoi goikera echiro ..."
2240,Agriculture,PSA,"These technologies range from precision farming and satellite imaging to drone technology and artificial intelligence, digital tools and can ...","Chitekinorochi echi nogo chire echia  precision farming and satellite imaging to drone technology and artificial intelligence, digital tools and can ..."
2241,Agriculture,PSA,"They've begun working with local chambers of agriculture and trade through the government's Digital Agriculture Market portal, where they upload ...","bachakire gokora emeromo na abaremi bebiombe biebisara bia anka na abaonhoreria goetera omoroberio bweserikari  bwegedichitari ase echiro yoboremi , abwo ase bakobeka ..."
2242,Agriculture,PSA,"Thinking of forming a group? Learn the step-by-step process of starting a credit cooperative, from member recruitment to registration.","Norengeretie buna ogochaka ekeombe? Egere ebitmbokero bigneirie ase ogochaka ekeombe giokorwa chibesa, goetera okorika abanyakeombe bao goika ekorika ekeombe."
2243,Agriculture,PSA,This advanced course builds on the 'Fundamentals of ICT4D in Agriculture course' to enhance knowledge and capacity among IFAD staff and ...,Ogosoma oko kwaigoro nigo gokoagacha igoro ya ayabwenerete ICT4D ime ya ekosi yoboremi kwangoyia chisemi nobangaini nokobua gati ase abakoreri IFAD na ...
2245,Agriculture,PSA,This domination of agriculture by the aging community may negatively affect sustainable agricultural production. The contribution of labour to agriculture ...,Ogtigara oko kwoboremi as ekegori na ekenyoro kegendererete kogota nebaise kogocha oboremi bwokwegendereria. Eki oboremi bogogesa gochia chinguru chibokoreri ...
2248,Agriculture,PSA,"This involves longer term and near-term predictions of traditional indices, such as temperature and precipitation, as well as new bioclimatic indicators that ...","Aya nigo abwatekaine nomoreroberio omotambe naboigo omoroberio omweng'e  buna obomanyi bori boitabire  igoro yerire neriberera bigochia koba, naboigo buna riberera rigochia boba ase ebimeri."
2250,Agriculture,PSA,"This publication describes climate-smart agriculture (CSA) case studies from around the world, showing how the approach is implemented to address challenges ...","Egatabu eke nigo geworokereria igoro yoboremi borengete ogsareka kwerire (CSA) ebikworokereria korwa chingongo aoao chience, chikworokia bua omoroberio oyo ogokorwa gokonya omochando oyo ..."
2251,Agriculture,PSA,This publication presents an assessment and mapping of CSA-SDG interlinkages. These provide entry points for targeted CSA planning to enhance synergies.,Egetabu eke nkworokia kere ayaitonetwe na omobaro bwabagokora oboremi obuya obwateranetie CSA-SDG. Aya nigo akorwa ebisoero gochia oboremi obuya  borengete rire as abaremi abwo barengire nomoroberio oyo bwokoroberia CSA kwngoi okobwaterana.
2252,Agriculture,PSA,"This session focused on promoting sustainable agriculture and building the support needed for STI. Governments were lauded for developing policies, institutions ...","Enkwana eye nigo yarengete gokinia oboremi bwokwegendereria na koagacha ogosira koganeirie ase STI.Amagambi nagokeretwe ase okorosia amachiko, ebikoreri ..."
2254,Agriculture,PSA,This study tested the hypothesis that inclusion of Desmodium spp. into maize cropping system under the push-pull technology.,Obokongoria obo mbwatemete na kworokia buya ng'a koburukania edsimodiamu spp. amo nebituma  ase ogosegeta tekinorochi..
2255,Agriculture,PSA,"This talk about digital agriculture and its potential to reduce rural poverty featured Prof. Michael Kremer, 2019 winner of the Nobel Memorial Prize in ...","Enkwana eye igoro yegedichitari na tekinorochi  na obuya bwaye gokeaniaobotaka ase ebinyoro bakwanete igoro ya Prof. Michael Kremer, 2019 omobui o Nobel Memorial Prizeomwaka ..."
2257,Agriculture,PSA,"This webinar will launch a new report by Grow Asia, commissioned by IFAD, that illustrates how digital technologies are reshaping agriculture in the region.","Ogosoma oko goetera embeo igoro nkoerete omoroberio omoyia o Grow Asia, oetwe okoboko na IFAD, oyio oraorokererie buna dichitari na tekinorochia bigenderere kobeka omoroberio omuya ase oboremi ."
2258,Agriculture,PSA,Three ways IFAD can support digital agriculture in the Asia-Pacific region. Farmers and agribusinesses across the Asia-Pacific region are increasingly making ...,Chinchera isato IFAD eranyare gosira oboremi bwegedichitari ime yorogongo rwa Asia-Pacific region. Abaremi nabanyabiasara boboremiorogongo rwa Asia-Pacific mbagendererete gokinia oboonia ...
2259,Agriculture,PSA,Three ways IFAD can support digital agriculture in the Asia-Pacific region. Setembro 2021 - BLOG. Farmers and agribusinesses across the Asia-Pacific region ...,Chinchera isato IFADeranyare gosira oboremi bwegedichitariime ime yorogongo rwa Asia-Pacific. Setembro 2021 - BLOG.Ebiasara bioboremi ase chingongo chia Asia-Pacific ...
2260,Agriculture,PSA,"To acquire in-depth understanding of what the Chinese agricultural technologies have to offer Africa, AATF undertook a study to identify technologies available ...","Eri konyora okomanya kwa ime mono eki tekinorochi eki yaabaremi abachaina bakora na eki babwate korwa gocha Africa, AATF bagakora obokongoria bwogoatanana chitekinorochia chireo ..."
2261,Agriculture,PSA,"To facilitate increased productivity and agricultural output through extension, advisory support services and technology application 2. Promote market and ...","Kworokereria igoroyerigesa riagoro na okonyora okuya korwa oboremi goetera obotebereria korwa eserikari, Ookoreri bwobosemia na  gotumia etekinorochi 2. echiro engiya na ..."
2262,Agriculture,PSA,"Traceability builds trust. Learn how simple record-keeping can help track your beans from farm to market, pleasing buyers and consumers.","Ekero abaremi bakobwatia okoererania kwerigesa riabo na korenda ebirengo biganeiries ase rirorio nigo ekorenta , abagori na baria bakogora nigo ekorenta ogoisaneka na oboremu ase rigesa riabo. Egera buna omoroberio omoronge bwokorika emeroberio yao yoboremi amo nerigesa riechingende korwa mogondo goika echiro, kogokia baria bakogora na koria."
2268,Agriculture,PSA,Transform your raw coffee beans into a higher-value cassava chips. Discover simple processing methods and potential markets.,Onchorereria rigesa riechinyeke chiao ekerengo kia igoro kioboke goetera oborosia obwororo na konyora echiro engiya.
2269,Agriculture,PSA,Transform your raw grains into a higher-value honey wine. Discover simple processing methods and potential markets.,Transform your raw grains into a higher-value honey wine. Discover simple processing methods and potential markets.
2270,Agriculture,PSA,Transform your raw mangoes into a higher-value cassava chips. Discover simple processing methods and potential markets.,Onchoreria rigesa riamaembe ao gochia ebirengo biaigoro biebusamunyore biomwogo. Rigia komanya buna bire nechiro egiya.
2276,Agriculture,PSA,"Understand the importance of using certified seeds for tea to ensure high germination, varietal purity, and yield potential.","Manya obuya bwogotumia embusiro erengire yebimeri biechae goikerania  okomera okuya, oboikeranu bwembego yechae ao ao, na buna rigesa raiye rire ria igoro."
2279,Agriculture,PSA,Upcoming training on digital farming tools and mobile-based crop monitoring.,Omoroberio bwogosomia ogocha igoro yebikoreri bioboremi bwegedichitari na buna oranyare gotumia esimi ya koboko yao kobwatia komanya igoro yebimeri biao.
2281,Agriculture,PSA,Urban gardening allows city dwellers to grow food. Explore techniques like container gardening and vertical growing for avocados.,Abanto bamenyete emechie yechitaoni nabo baranyare gosimeka chingeni chiabo ase ebisona biabo  konyora endagera. Rigia komanya buna oratumie amakara emebuko gosimeka chiabokado.
2282,Agriculture,PSA,Urban gardening allows city dwellers to grow food. Explore techniques like container gardening and vertical growing for goats.,Abanto bamenyete emechie yechitaoni nabo baranyare korema endagera.  Rigia komanya buna chisemi chiogotumia emebuko gosimeka ching'eni na nogosimeka chiabokado na gotuga chimbori.
2283,Agriculture,PSA,Urban gardening allows city dwellers to grow food. Explore techniques like container gardening and vertical growing for onions.,Abanto bamenyete emechie yechitaoni nabo baranyare korema endagera. Rigia komanya buna chisemi chiogotumia emebuko gosimeka ching'eni nebitunguo.
2296,Agriculture,PSA,"Use fertilizers effectively for your beans by understanding soil needs, choosing the right type, and applying the correct amount at the right time.","Tumia obwoyo buyaase oboremi bwao bweching'ende ase okomanya ekere riroba ria riganetie, gochora embusuro engiya, na kobeka obwoyo bwekerengo ekerongo ase chingaki chingiya."
2298,Agriculture,PSA,Use fertilizers wisely to maximize nutrient uptake by maize and minimize environmental impact. Learn about soil testing and balanced fertilization.,Tumia obwoyo buya erio gokeania okonyua obwoyo obonge ase ebituma erio gokeania omochndo  bwogosareka kwamasingira. Soma buna orapime riroba riao goikerania ebirengo ebiya bwobwoyo.
2299,Agriculture,PSA,Use social media effectively to market your free-range eggs. Tips on creating content and engaging with customers online.,Tumia  ebikoreri biogoetwa gose korwa amang'anakomanyekania amagena echingoko chiao chiria chigora isko korigia endagera. Obobisi igoro yokomanyia na koresia buna ogotangasa  oboremi bwao na buna oranyare gokore chinkwana nabagori goetera ombeo.
2301,Agriculture,PSA,Various proposals in the World Trade Organization agricultural market access negotiations are explained and their implication to tariff reduction in terms ...,Ebirengererio ao ao ime yekeombe giense kioboremi bwoboonchoreria (World Trade Organization) chinkwana igoro yogosoi rigesa echiro yense natebire buya nomochando oreo ase engencho yechibango ao ao chiganeirie gokeigwa igoro ya ...
2302,Agriculture,PSA,Veterinary department announces livestock vaccination drive across Laikipia and Kajiado.,Ensemo yobobwenia bwetugo yararirie okobeta etugo chisindani aaria Laikipia na Kajiado.
2303,Agriculture,PSA,"Vulnerability, exposure, adaptive capacity, resilience, and adaptation to climate change. Climate change adaptation should enhance and build on healthy and ...","Ogotenyara, okoyorwa, nokobua kwogweonchoreria, ogwekomereria, nokobwanana nogoochoka kwerire. Okobwatana noboremi bokogenda nerire eborengete korenda amasingira, oboamate gati ya amasingira na gokongi'a obogoko ..."
2305,Agriculture,PSA,Warehouse Receipt Systems (WRS) allow you to store produce and use receipts as collateral for loans. Learn how WRS works for fruits.,Omororeberio bwamarisiti yenyomba yobogachi (WRS) nigo okogokonya kogacha rigesa nogo ogoyumia amarisiti buna  egento kiogotenerera ase konyora chironi. Egera buna WRS egokora emeremo.
2306,Agriculture,PSA,will strengthen the protection of farmers from exploitation by brokers through packaging and also provide the infrastructure necessary for market access.,nekong'ie oborendi bwa abaremi gotariananigwa nabagori bagati goetera ogosiba rigesa riabo buya korosi chipara ase obobogoria nechinyomba chikogacha rigesa riabo buna ayabwenerete gosoa echiro.
2307,Agriculture,PSA,"Women play a crucial role in dairy. Learn about specific programs, resources, and markets targeting women in agriculture.","Abang'ina mbare nensemo enene ase oboremi bwetugo yamabere. Egera komanya emeroberio ereo, ebiganeirie, amo nechiro erengete abang'ina ase oboremi."
2308,Agriculture,PSA,"Women play a crucial role in tea. Learn about specific programs, resources, and markets targeting women in agriculture.","Abang'ina mbare nensemo enene ase oboremi bwechae. Egera igoro yemeroberio ao ao, ebiganieirie, nechiro erengete abaremi abang'ina."
2309,Agriculture,PSA,Women play a key role in fish value chain. Learn about specific initiatives and markets that support women's participation and empowerment.,Abangina mbare nensemo enene bagokora ase okogesaebirengo ase oboonia bwechinsue. Legera igoro yemeroberio yabeene nechiro na gosira okobwaterana na abang'ina na kobaa chinguru.
2310,Agriculture,PSA,"women play in the agricultural sector, they have unequal access to agricultural assets. ... (2020), Agricultural market access and dietary diversity in Kenya: ...","abangina ngokora bare ase ensemo yoboremi, mbabwati ogosoa oboremi buna abasacha ase obonda bwoboremi. ... (2020), Gosoa echiro yoboremi na oborgeria ase oboagare aiga Kenya: ..."
2311,Security,PSA,"Floods are common in Kenya during rainy seasons. Learn evacuation routes, store emergency supplies, and avoid flooded areas to protect lives and property.","Etoigo negento kiabotambe ekero kiembura enene aiga seito Kenya.Egera kumanyama chinsemo chiokominchoreria,kogacha ebinto biokonya,na bera are korwa chinsemo chitereime amache erio korenda obogima nenibo."
2312,Security,PSA,Informal settlements are prone to fires due to congested housing and illegal electricity connections. Report hazards and use fire-safe cooking methods.,Abanto mamenyete ase emechie eagachire gotabwatia omoroberio omoronge bwobwagachi na ekomonteranete nigo bare ase emechando bwechinyomba chaibo koiya nomorero asengencho chinyomba chiabi chibwataine nabo igo okobeka esitima ase enchera yoboibi.Karwa amang'ana igoro yomorero na tumia chinchera chingiya chiokorisia endagera.
2313,Security,PSA,Droughts devastate livestock and livelihoods. The government provides water trucking and livestock feeds. Report severe cases to county disaster committees.,Omogaso omonene nigo ogochanda etugo amo nendagera ase.Eserikari nkorwe ere ogosira ase amache nendagera yetugo boigo.
2314,Security,PSA,"Though rare, earthquakes can occur. Drop, Cover, and Hold during tremors. Avoid buildings with cracks and report structural weaknesses to authorities.","Nonya omotengencho tori koba mono,nabo ekanyerekana ochiche.Tuba omotwe oo na ekumbe gose kunama namagako ao gochia inse,ekero kiomotengencho.Kabe are nechinyomba chitandogete,gose gose chiekumbete na manyia abateneri bamaagacho igoro yobogongeru bwechinyomba echio."
2315,Security,PSA,"Save critical numbers: *719# for Red Cross, 999 for police, and 112 for ambulance services during disasters. Share with family and neighbors.","Kabe nechinamba chikorigia ogokonya:*719# ase ekeombe kiomosaraba omobariri,999 asee porisi na 112 ase chorori chiria chiogokonya ekero kiomochando.Manyania chinamba echi nabanto baino na abaamate."
2316,Security,PSA,Hilly areas like Murang'a are prone to landslides. Avoid building on steep slopes and heed evacuation warnings during heavy rains.,Chinsemo chimogete iguru buna Murang'a naororo konyora okwanyoka kweriroba.Kabe are nechinyomba chiagachire ase aimogete igoro naende igwera chinchera chigokurera ekero kiembura enene.
2317,Security,PSA,"During floods, cholera spreads through contaminated water. Boil drinking water, wash hands, and report symptoms to health facilities immediately.","Chingakj chiamache nemegoko emenene,obworwaire bwa gepindapindu nigo bokwambokerana bwango goetera ebinyinyi ase amache.Beria amache okonywa,esibie amaboko buya,na manyia abakoreri bobochenu bwango."
2318,Security,PSA,Human activities cause most wildfires. Avoid open flames in forests and report smoke sightings to Kenya Forest Service.,Engencho abanto bagokora ebinto biabo nero egwokia omorero ase chingaki chinyinge.
2319,Security,PSA,Coastal communities should recognize tsunami warning signs (receding water) and move to higher ground immediately.,Abamenyi baonchokanete enyancha nere buya babe nobomanyi bwokomanya ekero omwaga omonene bwesunami okare gocha (obwango bwa amache enyancha agocha na kogenda)erio batame gochia ase aimokerete igoro bwango kegima.
2320,Security,PSA,Basic first aid saves lives during disasters. Free training is available through St. John Ambulance and Kenya Red Cross.,Ayabwenerete gokorwa ritangani chingaki chimobasekano.Okwegerigwa kwa bosa na St.John Ambulance and Kenya Red cross.
2321,Security,PSA,Disasters disproportionately affect people with disabilities. Families should plan accessible evacuation routes in advance.,Emesabeka no nigo ere omochando omonene ase abanto bare noborema.Abanto benyomba eyemo nere buya koroberia igoro yenchera yogwekonya baranyare goetera nyuma yomobasekano oyio.
2322,Security,PSA,Survivors of disasters often face trauma. Free counseling is available at government health centers and through NGOs.,Abatigari bemebasekano chingaki chinyinge nigo bakweiranana.Obotebereria na obokonyi bwa bosa mboreo ase chinyagitari chieserikari na goetera ebiombe biria bitari bieserikari(NGOs).
2323,Security,PSA,Drought-affected families can access government relief food. Report hunger cases to the National Drought Management Authority.,Baria banyorirwe nomochando bweguragura enene nabo bakonyora endagera korwa eserikari.Karwe amang'ana igoro yabanto bare nchara gochia eserikari ensemo ya baria batenenerete ogokonya igoro yokorwa obokonyi chingaki chieguragura enene.
2324,Security,PSA,"Homes and schools in disaster-prone areas should meet safety standards to withstand floods, earthquakes, and storms.",Chinka nechisukuru chire chingongo chiriachibwate rinaga rinene ria emechando goika chitwatre oborendi bore igoro konua emetengecho nee chikoba
2325,Security,PSA,Counties have designated evacuation centers. Locate your nearest shelter and keep emergency kits ready.,Counties chibegete chinsemo chio obotamero bera ange nase ayie beka ebinto bio'bokonyi ang'e.
2326,Security,PSA,"After floods, water sources may be contaminated. Use water purification tablets or boil water before drinking.","Nyuma yetoigo,chisoko chia amache nabo chirasareke tumia chitetere chia ogosibia amache ose oberie."
2327,Security,PSA,"Schools should conduct regular fire drills and have emergency plans for floods, fires, and conflicts.","Nere buya ase chisukuru korenda ogwateka kwemerero ase chisukuru chiabo nomoroberio bwokwerenda igoro yetoigo,emerero,nechisegi."
2328,Security,PSA,Subscribe to SMS alerts from the Meteorological Department to receive real-time flood warnings in your area.,Erike nomoroberio oria okorwa ogokurera igoro bwabsemi berire erio konyora ogosemia kwa beene igoro yembura eneene egocha netoigo ase ekenyoro kiao.
2329,Security,PSA,Local committees help coordinate rescue efforts and resource distribution during emergencies. Volunteer with your village committee.,Chikomiti chi nka ase okomanyania na kobwaterana igoro yobokonyi na kobga obokonyi chinaki chiomobasekano.Erwe gokomora emeremo yokwerwa.
2330,Security,PSA,Improper handling of corpses risks disease outbreaks. Follow Textlines from health authorities during mass fatalities.,Enhera etabwenereti buna etugo ekwete egotindekwa nenchera eyemo yogwateka kwendwari.Bwatita ayarikire korwa baria bakoraa obochenu ekero endwari yatekire.
2331,Security,PSA,Criminals may exploit chaos. Secure your property and report looters to police immediately.,Abasaria nigo bagotumia omoburukano gokora obosareku.Gacha buya enibo yao na karwe yabasaria gochia ase abasikari bwango kegima.
2332,Security,PSA,Livestock are critical for livelihoods. Report distressed animals to veterinary officers for feed and medical support.,Etugo negento iiengencho ase endangera.Manyia abanyagitari betugo yetugo eria ere ase obokong'u kobwenia nagochirageria amo nobokonyi boganeirie.
2333,Security,PSA,Use flashlights instead of candles to prevent fires during blackouts. Report downed power lines to Kenya Power.,Tumia chitoci ase oborabu erio gotanga ogwateka kwomorero ekero esitima etaiyo.Manyia abanto besitima igoro yemerande yesitima eyio egwete inse.
2334,Security,PSA,Avoid driving through flooded roads. Just 30cm of water can sweep away vehicles. Use alternative routes.,Renda togendia egari ase emegeko yamache gose epara etubire namache.Ekerengo kia amache 30cm nabo kerayengeyie na gokorora erori.Etera chinchera ching'ao.
2335,Security,PSA,"Companies should have continuity plans, backup generators, and employee safety training for emergencies.","Chikampani nchibwenerete koba nomoroberio bwokogenderera,koba nebinto buna chichenereta chiomorero,na gosimia abakori emerebo baye igoro yemebasekano."
2336,Security,PSA,"Internally Displaced Persons (IDPs) are vulnerable to diseases. Ensure clean water, sanitation, and medical supplies in camps.","Abanto baria baseretigwe korwa ase bare gokora emeremo ekero kieminano yechikura chibopresidenti omwaka 2007/2008 na korenta egegi embe yebiama biegesiasa nebisaku, igo ere obwororo ase bare konyorwa namarwaire. Bakonye konyora amache amaya, chichoo, namariogo aaria chikambi chiabo."
2337,Security,PSA,Improper generator use causes carbon monoxide poisoning. Operate generators outdoors and away from windows.,Gotumia echenereta etarosirie buya namakanika esambe ediseli gose epetiroli buya ekero okoyetumia konyora chunguru chiesuitima nigo egosokia erioki ribabwate esumu ekero kwayeeyanire yaba esumu ase omobere oo. Okia echenereta are korwa ase emerangu nechitirisa erioki tirisoa nyoma.
2338,Security,PSA,Trained volunteers assist in rescue operations. Register with Kenya Red Cross or local disaster committees.,Tabanto begeirie bokwerwa nigo bagokonya ekero kiemesekano. Erike byuna oyomo obo nekeombe ekebariri (Red Cross) gose ecomiti eria yanka eusikaine nemeremo eyio.
2339,Security,PSA,Children are highly vulnerable. Ensure they know emergency contacts and have identification tags in crowded shelters.,Nigo ere aororo aase abana konyora emechando yemebasekano. Tema kobamanyia chinamba chiesimi chiemebasekano baranyare korangeria nakobaa chipachi chibwate amarieta abo aase abanto bare abange.
2340,Security,PSA,"After floods, disinfect homes to prevent mold and diseases. Wear protective gear during cleanup.","Nyuma yetoigo, siarera omochie ariogo riogoita abinyinyi gotanga amatosi namarwaire. Beka chianga chiogwetanga gotonyerwa neriogo."
2341,Security,PSA,"During prolonged disasters, preserve food by drying, salting, or using airtight containers to avoid spoilage.","Ekero kiechando emetambe buna omogaso gose embura enyinge, gacha endagera ase okoyiomia, koyebeka omonyo, goge koyesiba ime yebibekerero embeo etari gosoa ime koyerenda tegunda."
2342,Security,PSA,Rumors worsen panic. Rely on official updates from government agencies and verified media outlets.,Amangana oborimo nigo akogesa obororo. Nyora amangana korwa aase aronge buna eserikari amo nabariki na abamanyi amangana bokwegenwa.
2343,Security,PSA,Snakes seek shelter in homes during floods. Use torches at night and avoid walking barefoot.,Chingiti ching'enda'nse origia chire obomenyo chinka chiaito ekero chietoigo. Tumia etochi botuko na erende gotatacha inse namagoro amasa aotabegeti ebiato.
2344,Security,PSA,"Insurance mitigates financial losses from floods, fires, or storms. Explore affordable micro-insurance options.","Chinsuarensi nigo chigotanga babanto konyora asara ekero kiembura enyinge nemegoko, emerero, gose emerindo. Rigia komanya ebiombe ebike bikorwa ogokonya ekero kiemebasekano yoboremi bwao ekobe ase rigori rianse."
2345,Security,PSA,Vulnerable families can access government cash aid during disasters via mobile money platforms.,"Chifamiri chiria chitari kwenyara gose chintaka mbwango konyorwa nemechando, tema goikera ogokonya gweserikari goetera omoroberio (o'cash aid) ekero kiemechando goetera esimi yao."
2346,Security,PSA,Avoid rebuilding in landslide-prone areas. Government offers alternative land for affected families.,Tiga koirorera kwoagacha ase riroba rikoanyoka. Eserikari nkorwa ere emegondo emao ase oyio oo ase chifamilia chianyorirwe nomochando oyio.
2347,Security,PSA,Free fire safety training is available for communities to prevent and respond to fire outbreaks.,Amasomo abosa igoro yokwerenda ekero kiomorero nareo ase ebinyoro gotanga nagokonya chingaki omorero ogwateka.
2348,Security,PSA,Water conducts electricity. Avoid touching power lines or electrical appliances during floods.,Chinguru chiomorero bwesitima ngoeta chire ase amache. Tiga kobwata ebitanke biesitima gose ebinto biesitima chingaki chietoigo gose amache ateremete.
2349,Security,PSA,Farmers should adopt drought-resistant crops and water conservation techniques to mitigate climate shocks.,Nere buya ase abaremi gosimeka ebimeri bikoremereria omogaso omnene amo nenchera yokogacha na gotumia buya amache na gotanga konyorwa gose gokeania konyorwa nemechando eyio .
2350,Security,PSA,Learn to build temporary shelters using locally available materials for displaced families.,Egera koacha chinyomba ogtumia ebinto bigotoka inka ase bari baseretigwe korwa aase bare abwo nyuma.
2351,Security,PSA,Stampedes worsen disasters. Follow authorities' instructions and avoid panic during mass evacuations.,Ekere omobasekano obeire ekero abanto bakomigererania gotama nogo gokogesa emechando ende emenene. Bwatia ekere abarai bagoteba gokonya okomagamaga chingaki chiogokonya kwabanto abange.
2352,Security,PSA,Learn to recognize trauma symptoms and provide psychological first aid to disaster survivors.,Tema komanya buna obwoba gose ogwechanda kwa abanto banyorirwe nomobasekano erio kobakonya korwania obwoba obwo goetera obosemia bwebirengererio na kobasira nchera ende yonsi erio banyare gotenenana kogenderera.
2353,Security,PSA,Ensure LPG cylinders are stored in well-ventilated areas and check for leaks regularly.,"Rora ng'a omotungi bwegasi yokorugera mbuya egachiire na aase agiya are nerigaba riembeo gosoa ime, na rigereria kera chingaki komanya gose egasi nkominchoria ere korwa omotungi oyesokie bwango buna enchera eyemo yogotanga emebasekano."
2354,Security,PSA,Older adults need tailored evacuation plans. Identify caregivers and accessible shelters in advance.,Abanto abagotu mbaganetie enchera yabeene kobatamia korwa emebasekano. Beka abatenereri babo amo nase oraibaire kobera motwe yokobatania korwa omobasekano.
2355,Security,PSA,"Village loudspeakers, SMS alerts, and radio broadcasts help disseminate disaster warnings quickly.","Beka amakondo komanyia abanto, tima amangana amenge goetera esimi, nechiredi gokonya komanyia abanto ase oboagare nogokurerwa bwango igoro yomobasekano."
2356,Security,PSA,Chemicals and fuels should be stored away from homes to prevent fires and environmental contamination.,Chikemiko naguta nere buya kogachwa are korwa chinka na ase engencho ebwenerete eri ogotanga ogwateka kwemerero na ogosaria amasingira.
2357,Security,PSA,Lost family members can be traced through Kenya Red Cross and social media platforms.,Abanto basirete nnabo barabwatigwe goetera ekeombe ekebariri (Red Cross) amo nabariki amangana na komanyia abanto amang'ana.
2358,Security,PSA,Stagnant water breeds mosquitoes. Use bed nets and report mosquito infestations to health authorities.,Chiumbu nigo chikoiborerana ase amache atereime. Tumia chineti chiebitanda korara na manyia abanyagitari igoro yokoromwa nechiumbu na buna abanto barwarete.
2359,Security,PSA,Communities should invest in boreholes and rainwater harvesting to ensure water access during droughts.,Nere buya ebinyoro kobeka chinguri chiabo ase okorema ebisima ebinene bia abanto abange nomoroberion bwogotacha amache erio koba namache aisaine chingaki chieguragura.
2360,Security,PSA,Kenya's policy framework ensures coordinated disaster management. Understand your rights and government obligations.,Amachiko aKenya igoro yobokoreri ekero kia omobasekano nkoenekia are ng'a okobeaterana nekomoti yemebasekano. Manya aboronge bwao neki eserikari ebwenerete kogokorera.
2361,Security,PSA,The national helpline 1195 is available at all times to provide immediate assistance to survivors of sexual and gender-based violence.,"Enamba yesimi yogokonya 1195 inao ere ase chingaki chionsi ase ogokonya bari batarareirwe, gotibonwa gose komocherwa nchera ende yonsi koreng'ana na eki ore."
2362,Security,PSA,Intimate partner violence often escalates gradually. Early recognition and training for frontline professionals support prevention and safe referrals.,Eminano gose ogokurarana gati yomosacha nomokungu oye mara aanga nigo gokogenderera kogesekana na koba boke ng'orang'ora. Mbuya komanya ayio bwango na kwegeria abakoreri baria bare motwe gokonya ase okobaikera na kobakonya ebirengererio na kobaraa gochia nyagitari ase kobwenigwa.
2363,Security,PSA,"Prompt reporting of gender-based violence protects survivors and preserves evidence. Specialized Gender Desks handle cases sensitively and survivors have rights to medical care, protection, and legal support.","Komanyia ase obwango amang'ana eminano gose ogokorerwa bobe egekogera eki ore ngokonya kore baria bakoreirwe bobe, na gacha obosaidi igoro yayio. Egetengo kia beene ase Chinyagitari na Porisi nao amangana ogokorerwa bobe ase engencho yeki ore agokonyerwa, na baria bakoreirwe bobe mbare noboronge bwabo konyora obobwenia, korenda kemachiko na gokonya kemachiko."
2364,Security,PSA,All public health facilities in Kenya offer free medical services for gender-based violence survivors.,Chinyagitari chionsi chieserikari aiga nka Kenya nkorwa chire obobwenia ao ao bogokorerwa bobe bosa ase baria bamocheirwe.
2365,Security,PSA,Personal safety plans help individuals prepare for dangerous situations by identifying safe locations and strategies for protection.,Omoroberio oo aye omonyene kwerenda ngokonya ore kwebanga chingaki chiokong'u ase okomanya boronge ase ogotamera gochia na buna okwerenda.
2366,Security,PSA,"Community support networks assist survivors by providing safe spaces, trained volunteers, empowerment programs, and coordinated referrals while prioritizing safety and confidentiality.","Ebokundi biogosira ase ebinyoro nigo bigokonya baria bakoreirwe bobe ase enchera yokobaa aase bakobera atari namochando onde bwonsi goetera abakonyi babo bokwerwa begeirie buya, kobasira goetera ebinto bike bike bikobakonya, na kobwaterana gochia ase baranyare konyora obokonyi ao ao, oborendi bwaigoro nobobisi bwabo."
2368,Security,PSA,"Workplace policies and training prevent sexual harassment by establishing clear definitions, reporting channels, investigations, and support services based on national legal frameworks.","Koba namachiko ase abanto bagokora emeremo na kobaegeria igor yoboronge bwa mwanyabanto ngokonya ere gokorerwa bobe kebwanchani egekogera kera omokori emeremo amanyete buya nga ogokora eke gose keria aya naria naro aramonyore, chinchera omonto akomanyeria abane igoro yayio, obotuki, amo nemeroberio yokomosira korengna nerichiko riense."
2369,Security,PSA,Child protection systems must prevent sexual abuse and exploitation and provide full support for affected children.,Nebwenerete nga ebitengo bionsi bire bikorenda abana gtanga na abana gotibonwa na bosomba bonde bwonsi goetera okobaa ogokonya gwa kera engencho.
2371,Security,PSA,"Healthcare workers require specialized training in trauma-informed care, evidence collection, mandatory reporting, and coordinated referrals for survivors.","Abakori emeremo bobochenu mbaganeirie amaorokererio abeene ase ogokonya barwaire babo komanya emechando nagekong'ia koyerwania, kobeka amo obosaiti , kobeka eripoti as ebitabu, na na okobwatera kobatoma gochia baranyore obokonyi bwa beene."
2372,Security,PSA,Safe houses and shelters offer secure temporary accommodation for survivors and their children.,Aase agiya neyomba yokomenya nensemo eyemo yoborendi ase baria bakoreirwe bobe nabana babo.
2373,Security,PSA,"Digital spaces can expose individuals to online abuse. Laws criminalize cyberviolence and support services help survivors secure devices, report incidents, and remove harmful content.","Goetera obokonyi bwedichitari nkonyarekana ere gosioria baria bagokorera bobe abande goetera eintaneti. Amachiko nkorenda are abanto tobakorerwa bobe goetera eintaneti na kobakonya korenda chisimi nechikombiuta chiabo neintaneti korwa ebibago, korwa eripoti yokogoserwa, na gotinyia amangana aria akogechia."
2374,Security,PSA,Engaging men and boys in prevention programs promotes healthy relationships and challenges harmful gender norms.,Renta abasacha nabura amo ase emeroberio yogosegeta oboamate obuya ase abanto na orokereria buna ogotareng'anana kwa banto ase engencho yebimira ere bobe.
2375,Security,PSA,Legal aid services ensure survivors access justice through free or subsidized representation.,Ogokonya abanto kemachiko nigo korengete korora nga goikera ekeene goeera gokonywa bosa otari korwa kende gose ogoaka pesa inke igo omogambi bwebina gokogambera kotini.
2376,Security,PSA,"Educational institutions must implement prevention programs that address harassment, assault, and exploitation in learning environments.","Chisukuru razima chiikeranie emeroberio gotanga gokorerwa bobe kobasuguma gose kobagechi, kobarwania ngose komiga oboronge bwabo ase engencho bare abagongeru ase chisukuru."
2377,Security,PSA,Economic abuse limits financial independence. Financial institutions should recognize warning signs and support affected customers.,Obosaria bwobogoko nigo bokomiga okwenyara nogwetenenera gwechibesa. Ebiombe baria bionsi bigokora nechibesa nere buya asebire komanya bwango emechando ere motwe na buna baranyare gokonya baria bakogachera chibesa chiabo.
2378,Security,PSA,Human trafficking for sexual exploitation is a serious crime. National laws provide strong penalties and survivor protections.,Enchera yokobetereria gose koira abanto ase egete ase engencho yokobaonia ase ebiasara biobwanchani konyora chibesa okomocha okobe mono. Amachiko yense nkorwa are egesusuro ekerito na gokonya baria bakoreirwe bobe.
2379,Security,PSA,Risk assessment tools help identify individuals at high risk of experiencing or perpetrating violence to enable targeted interventions.,Amasakara abwate amaborio na buna abanto bakoiraneria ebigokonya korora na komanya buna abanto baria bare ase ekonyarekana gokorerwa bobe gose kogenderera gokorerwa bobe erio gokonya kobeka emeroberio yogotanga ebwenerete.
2380,Security,PSA,"Survivor-centered approaches uphold safety, dignity, and autonomy in all decisions about reporting and service use.","Emeroberio yokobakonya baria bakoreirwe bobe nigo ekoimokereria igoro oborendi, amasikani, obobisi, nobosibore bwomonto korwa ebirengerio biaye neko aganeti gokorerwa."
2381,Security,PSA,Emergency settings heighten gender-based violence risks and require specialized prevention and response planning.,Chingaki chiemebasekano gose obokongu nigo chikogesa ribaga abanto gokorerwa bobe ekiagera eki bare naya ekero abeire neganeirie chinchera chigotanga abanto gokorerwa bobe chaiabeene na emeroberio buna baranyare gokonywa.
2382,Security,PSA,Reliable data systems track violence trends and service use to inform evidence-based policies and programs.,"Amangana aria arikire amaikeranu buna chiripoti chiabasikari, chianyagitari na NGOs chikworokia buna abanto bagokorerwa bobe erio gokonya korosia amachiko nemeroberio yokobakonya."
2383,Security,PSA,Strategic communication campaigns promote non-violent norms and responsible media coverage of gender-based violence.,"Omoroberio bwoboamo obangire buya komanyia na gosomia abanto korengete gosegeta abanto goonchoreria na kwanga gokorera abanto bande bobe na korwa eripoti igoro ya baria bakoreirwe bobe otarikonyorwa, amo noboriki na komanyia abanto amang'ana goetera chiredio na amagaseti ase enchewra etari koeneria gokwanrera obobe bwogokorera aband bobe."
2384,Security,PSA,Persons with disabilities face higher risks of violence. Services must meet accessibility needs and provide inclusive support.,Abanto abaremaru nigo bagokorerwa bobe kobua abanto bande. Ogokonywa kobarengete goika goikeranie buna bagoikerwa nokogania kwabo ase bonsi.
2385,Security,PSA,Refugee and displaced populations require protection measures and community involvement to reduce violence risks.,Abanto baria abatemete chisegi korwa sobo na baria baseretigwe korwa ase abrenge ase chisegi chigesiasa nobogekaku mbaganetie chinhera buna bakorendwa ase okobwaterana nebinyoro gokeania gokorerwa bobe.
2386,Security,PSA,Correctional facilities must prevent sexual violence and respond effectively to any incidents.,Chichera goika chitange ogokorerwa bobe ekiagera eki oro na korwa egusuro korengana nokomocha kwabamochi.
2387,Security,PSA,Technology-facilitated abuse requires digital security training and documentation skills for affected individuals.,Ogokorerwa bobe goetra eintaneti neganetie oborendi bwegedichitari goetera ogosomia nenchera engiya yokorika na kogacha amang'ana ase bari bakoreire bobe.
2388,Security,PSA,Community-based prevention programs mobilize local leaders and groups to create safer environments.,Oborendi goetera emeroberio yebinyoro goetra okoreta abarai nebiombe amo korora nga abanto bonsi mbuya bare kera ase bare.
2389,Security,PSA,"Institutions must coordinate across sectors to provide effective, compassionate responses to survivors.",Chinsemo chiserikari ao ao goika kobwaterana korwa obokonyi obuya nobwanchani ase abakoreirwe bobe.
2390,Security,PSA,Research strengthens program design and policy by generating evidence on effective prevention and response strategies.,"Amasomo okorigia chisemi chinyia, kobanga emeroberio na korosia amachiko goetera obomanyi obwo koba nechinguru gotanga gokorerwa bobe."
2391,Security,PSA,Women in politics face violence aimed at limiting participation. Electoral laws protect candidates and voters from gender-based harm.,Obakungu bagokora siasa nigo bagokorerwa bobe korengete gokeania esiasa yabo gochia ase abasqacha. Amachiko obochori nkorenda are abarigia chikura nabaaki chikura korwa gokorerwa bobe ekiagera eki bare.
2392,Security,PSA,Healthcare facilities must screen for violence and provide safe and comprehensive responses for survivors.,Ase abanto bakobwenerigwa goikbapime ekerengo omonto okoreire bobe na korwa obobwenia boisaine naende obuya.
2393,Security,PSA,Public transport systems must address harassment through staff training and appropriate response measures.,Abarai bechirori chikobogori abanto goika chitange ebikoru biokogosereria goetera ogosomia bakori emeremo babo na korwa egesusuro ase abamochi.
2394,Security,PSA,Women in agriculture face distinct risks. Cooperatives should adopt prevention policies and reporting options.,Abakungu bagokora emeremo ase oboremi nigo bare ase okonyorwa nemechando yabeene. Ebiombe bioboremi nere buya bitabe amachiko yogotanga nenchera yokorwa chiripoti.
2395,Security,PSA,High-density informal settlements require community-led safety efforts to reduce violence.,Abanto bamenyete chirandi mabaganetie okobwaterana newbinyoro erio gokeania chiburaburu.
2396,Security,PSA,Older women experience specific forms of abuse. Caregiver training supports prevention and protection.,Abangina abagotu nigo bagokorerwa bobe enchera ching'ao. Egeria baria babarendete buna enchera eyemo yogotanga gokorerwa bobe na kobarenda.
2397,Security,PSA,Religious institutions influence community norms. Clergy training and counseling support safe and equitable environments.,Chidini ngosegeta chire buna ebinyoro bikorosia amachiko ekemira. Gosomia barai bechidini nigo egokonya gosegeta ababwatai babo korenda amasingira.
2398,Security,PSA,"Sports programs must prevent harassment, abuse, and hazing through clear boundaries and reporting procedures.","Emeroberio yechigori goika ekonye gotanga ebikoru bikogosereri agose bikogechi, gose bikorasimisa omonto gosoa na chinchera chiokoripoti ayio."
2399,Security,PSA,Hospitality venues should recognize and address risks such as trafficking and harassment while protecting guests and staff.,"Aase abanto bakoriera chindagera buna emebogani nere buya komanya na gotanga emechado eyio buna kobetereria gose kobasoi ase obosomba bwechinguru, kobatumia ase chinchera chiogokora obwanchani koegwa chibesa nayande, kobarenda abageni and nabakori emeremo babo."
2400,Security,PSA,Fishing industry environments pose risks of exploitation. Safety improvements at docks support worker protection.,Emeremo yoborubi chinswe yaretire obwoba bwokorerwa bobe na koriananigwa. Gokongia oborendi aaria ase chinswe chigoikerigwa korwa obwato ngosira ere oborendi bwabokori emeremo.
2401,Security,PSA,"Women living with HIV face increased risks and barriers. Integrated health, counseling, and legal services provide essential support.","Abakungi bawate endwari yenyamoreo mbwango konyorwa nobobe nebitango. Obobwenia ase oboamo, obosemia, amo nogokonywa kemachiko nkorwabire ogokonya kwabeene."
2402,Security,PSA,Mining areas require strict policies and safety measures to prevent harassment and exploitation.,"Okorema amadini nigo koganetie amachiko amaikeranu noborendi gotanga okorera abande bobe, kogechi gose gochaya nakobarianania ."
2404,Security,PSA,Market environments must establish reporting systems and committees to prevent harassment and extortion.,"Chichiro goika chibe nemeroberio egokonya abanyabiasara korwa okwemurangania kwabo gotanga gokorerwa bobe, kiogechigwa, kogosererigwa gose kobetererigwa gkorwa chibesa."
2405,Security,PSA,Residential facilities for persons with disabilities require strong safeguards and accessible education on rights and reporting.,Aase abanto bamenyete na mono baria bare noborema chinchera chiokobarenda chingiya nchiganeirie na kobakonya goikera chisemi chioboronge na buna baranyare goteba ekero bakoreirwe bobe.
2406,Security,PSA,Higher education institutions must address campus sexual violence through comprehensive strategies and anonymous reporting.,"Chiyunifasiti goika chitange okobetereria, okogosereria gose gokorera abande bobe ekiagera eki bare goetera okomanyia abarai beyunifasiti otari kwemanyekani."
2407,Security,PSA,"Refugee camps must prioritize safety planning, adequate lighting, and women’s participation in governance.","Aaria chikambi chia baria batamire chisegi korwa chinsobo goika baroberie igoro yoborendi, oborabu boisaine ase chikambi chiabo, na gosangia abangina ase emeroberio yoborendi bwabo."
2408,Security,PSA,"Government workplaces must maintain zero tolerance for harassment through training, accountability, and independent reporting systems.","Aaria chiofisi chieserikari ase abanto bagokorera emeremo goika chitange ogokorerwa bobe, kobabetereria gose kobagosereria oetera okobasomia, obotenereri, nechinchera chiokorwa okwemurangania kwabo."
2409,Security,PSA,Climate disasters increase risks of violence. Preparedness must include violence risk assessments and mitigation actions.,Emechando yogoonchoreria kwerire nigo egosegeta abanto gokorerwa bobe. Emeroberio yogwetanga nayio goika erigererie ebinto biragere ogkorerwa bobe gose kogosererigwa na buna baranyare gotangwa.
2410,Security,PSA,"Children face online risks. Parents should monitor use, apply controls, and teach safe behavior.","Abana mbare ase hatari goetera eintaneti. Abaibori goika bamongere buna abana babo bagotumia eintaneti, batabge na komanyia abana babo chinchera chingiya chibaretere emechando."
2411,Security,PSA,Suspected child abuse should be reported immediately to police or through the *116# anonymous helpline.,Abana ekageire gokorerwa bobe gose gotibongwa goika eripoti erugwe gotachererwa gochia ase abasikari goetera enamba eye yesimi *116# otari kwemanyekania.
2412,Security,PSA,Child trafficking remains a major threat. Communities should report suspicious activity to authorities.,"Ogosoi abana ase ebinto bitancheiri, kobatamia gose kobabisa erio kobatumia ase chinchera chitabwenereti neringa rinene riokogosia. Ebinyoro goika birwe amang'ana igiro yebinto bare nechitangutangu ase abagambi gose abasikari."
2413,Security,PSA,"Schools must implement protection policies, anti-bullying systems, and counseling services to safeguard learners.","Chisukuru goika chiikerania amachiko oborendi, gokorera abana abande bobe, na korwa obosemia erio korenda abana buya."
2414,Security,PSA,Foster caregivers must be vetted to ensure safe environments for vulnerable children.,Abaibori abarendi babana barigererigwa buya bataraegwa abana korenda erio korenda nga abana baria abake batanyare kwerenda.
2415,Security,PSA,Child marriage harms children’s health and future. Communities must report cases and support girls’ education.,Enywomo yabana abake nigo egosaria afia yabana nobogima bwabo bwa motwe. Abanto goika barwe eripoti igoro yobobe obwo na gosira chisemi chiomwana omonyaroka.
2416,Security,PSA,Children experiencing trauma need psychological support available through free counseling services.,Abana bare ase ogochandeka bwebirengererio mbagabeti ogokonywa kobakonya gokinania omochando oyio bosa goetera chinkwana nomonyagitari konyora chinguru chiogokinana nebirengererio.
2417,Security,PSA,"Street-connected children require shelters, education, and reintegration programs for safety and development.","Abana baria banarete obogima bwokobera ebisona ase chitaoni mbaganetie ase bakorara, chisemi, nemeroberio yokobairania chinka chiabo ase oborendi namagenderero."
2418,Security,PSA,Child labor is illegal. Report hazardous child work to the Labour Department or call 0800220444.,Obosomba bwabana mamincha yerichiko. Karwe eripoti igoro yabana bare ase emeremo eranyare kobaretera emechando gochia chiofisi chitenererete obokori emeremo gose goaka esimi 0800220444.
2419,Security,PSA,Children involved in legal processes should receive specialized legal aid through the Office of the Director of Public Prosecutions.,Abana abwo bare ase okoariganigwa gotamigwa mamincha yerichiko neganeirie konyora obokonyi mwachiko bosa goetera ofisi yomoteneneri bwobosoi ebina (ODPP).
2420,Security,PSA,Children should learn to protect personal information online and report suspicious interactions to trusted adults.,Nere buya abana kwegera buna baranyare korenda amangana abo arikire are ase eintaneti na komanyia oyo begenete igoro yechitang'utang'u.
2421,Security,PSA,Domestic violence harms children. Report incidents to local authorities or child helplines.,Chiburaburu chiekenyomba nigo chikoumisa gose gosaria abana. Karwe amangana igoro yaya gochia abagambi gose chiofosi chieserikari chirendete abana.
2422,Security,PSA,Government and NGOs support orphaned children with essential services. Adoption and foster care follow legal guidelines.,Eserikari na NGOs ngokonya chire abana chitankana ase okobakonya ase chinchera ao ao chiengencho. Buna okogora abana ase enchera yamachiko gochia abaibiri bakabere na kobabwatia kemachiko komanya ng'a mbuya barendete abana abwo.
2423,Security,PSA,"Every child has rights to education, healthcare, and protection. Communities must report violations.","Kera omwana nare noboronge bwokonyora chisemi, obobwenia, na oborendi. Abanto goika barwe eripoti igoro yotaikeranigwa kwayio."
2424,Security,PSA,Bullying leads to depression and school dropouts. Schools must enforce strict anti-bullying policies and provide counseling for affected children.,"Ogokorera abande bobe nigo gokoreta ogochandeka kwebirengererio, ogoichania goika gotiga amasomo. Chisukuru nere buya kobeka amachiko amakong'u gotanga ogokorera abande bobe na korwa obosemia ase abana baria bakoreirwe bobe."
2425,Security,PSA,"In disasters (floods, fires), children are most vulnerable. Ensure they are evacuated safely and receive psychosocial support.","Ekero kiemebasekano buna (etoigo, nopgwateka kwemerero), abana nabwo bagochandeka mono ekiagera batari naguru chigokonya. Rora ng'a batammigwe gose korusigwa aroro buya na bae ogokonywa kwebirengererio goetra okobakwanera."
2426,Security,PSA,Sexual predators target children online and offline. Parents should monitor interactions and teach children about body safety.,Ebibago bitagete gokoria abana chingencho chiobonyaka nigo bikembete abana goetera eintaneti gose kobaikera abanyene. Nere buya abaibori komongera okoererania chinkwana chiabo na kobanyia igoro yoborendi bwomebere yabo.
2427,Security,PSA,Children with disabilities face higher risks of abuse. Ensure inclusive education and accessible reporting mechanisms for their protection.,Abana bare noborema nigo ere raisi ase bare gokorerwa bobe. Rora nga abana bonsi ba kera engencho banyorire chisemi na buna baranyare komanyia igoro yogokorerwa bobe ase oborendi bwabo.
2428,Security,PSA,"Local communities should establish child protection committees to monitor and report abuse cases, working closely with government agencies.","Nere buya ebinyoro koba nechikomiti igoro yoborendi bwa abana chikomongera na koripoti buna abana kogorerwa bobe, gokora emeremo yabo ase ase okobwaterana nebiombe bieserikari."
2429,Security,PSA,The Kenya Police have specialized desks to handle child-related cases with sensitivity and confidentiality. Report cases at any police station.,"Chipori stesheni nchire negetengo kiabeen kegosugurikia buna abana bakomecherwa buna ogoakwa, ogotibongwa, obosomba, okoiba gose gokengania abana ase enchera chiobosani nabana na erendete obobisi bwabana. Karwe eripoti ase porisi stesheni ende yonsi."
2430,Security,PSA,"Neglect harms a child's development. Parents and guardians must provide basic needs, love, and security to prevent long-term trauma.","Ogotarenda gose koa omwana ebinto atagete nigo ekogocha ogokina na okogenderera kwomwana. Abaibori nabarendi babana goika bae abana babo ebi bakonyara, buna obwanchani, noborendi gotanga mechando yebirengererio nogochandeka ase engaki entambe."
2431,Security,PSA,Refugee children are vulnerable to abuse and trafficking. Humanitarian agencies provide safe shelters and education in camps.,Abana ba baria batamete chisegi korwa sobo igo ere raisi ase bare gokorerwa bobe gokenganigwa gose koibwa. Ebiombe bikorwanerera oboronge bwekemwanyabanto bieserikari nkorwa bire obomenyo obuya nechisemi aaria ase chikambi.
2432,Security,PSA,Some communities still practice harmful traditions involving children. Report such cases to authorities immediately.,Abanto bande mbagenderete gokora ebienyechi buna ogekeba abanyaroka ebio bire mamincha noboronge bwa abana. Karwe eripoti yamang'ana ayio gochia ase abambi otari konyorwa.
2433,Security,PSA,Positive parenting reduces abuse risks. Attend government-sponsored parenting programs to learn child protection strategies.,Oboreri obuya nigo bogokeania abana gokorerwa bobe. Soa gose kabe oyomo ase omoroberio bweserikari gosomigwa chinchera buna oranyare korenda abana.
2434,Security,PSA,Children involved in legal matters should go through specialized courts to ensure fair and trauma-sensitive proceedings.,Ebina birengete abana goika ebina biabo bigamberwe ase chikoti chiabeene korora ng'a biagendiigwe buya birendete gotatubania obongo naende korwa obobe bwabete.
2435,Security,PSA,Underage drug use leads to crime and health issues. Schools and parents should educate children on substance abuse dangers.,Abana abake konywa amarwa nigo gokogesa obosaria nemechando ya afia. Nere buya chisukuru nabaibori basomie abana igoro yemachando yokonywa amarwa.
2436,Security,PSA,"Dial 116 (Child Helpline) or 999 (Emergency) to report child abuse, neglect, or exploitation for immediate assistance.","Aka esimi 116 (Obokonyi ase Abana) gose 999 (Emebasekano) komnyia igoro yogokorerwa bobe kwomwana, ogoserigwa gose okwangwa, gose koba ase obosomba erio onyore ogokonya kegima."
2437,Security,PSA,Children in areas like Northern Kenya face abduction and recruitment into armed groups. Security agencies must prioritize their safety.,Abana bare chinsemo chiria buna Kenya ya Irianyi nigo ere raisi ase bare koibwa na gosoigwa ase ebiombe biobokebago. Ebiombe bieserikari goika birwe birigerie ayio ase okobarenda.
2438,Security,PSA,"Perpetrators of child abuse face severe penalties, including life imprisonment. Report offenders to ensure justice for victims.","Ebibago biria bigosaria abana mbirigereririe negesusuro ekenene, gosse giibwa maisa. Ripoti ebibago ebio ase okorigia ekeene ase baria bokoreirwe bobe."
2439,Security,PSA,Schools in high-risk areas should have security measures to protect children from terrorist threats and abductions.,Chisukuru chiria chire aase ere raisi abana gokorerwa bobe mbuya chibe nomoroberio omuya bwoborendi korenda abana korwa obwoba bwebibago koruta chipomu noboibi bwechiombe.
2440,Security,PSA,Children's identities can be stolen for fraud. Parents should safeguard birth certificates and monitor credit reports.,nabo ekonyarekana nga ebiband biabana bibwe gokorera obongainereria. Abaibori brende buya chisatificate chiokoiborwa chia abana babo no komongera buna chibesa chigosao chisimi chiabo.
2441,Security,PSA,"Victims of sexual abuse need medical, legal, and psychological support. Specialized centers offer free services nationwide.","Baria bakoreirwe bobe gose gotibongwa nere buya konyora obokonyi bwobobwenia, kemachiko, anakebirengererio. Chisenta chiegeirie gokora emeremo eyio nkorwa chire obokonyi bwa bosa Kenya engima."
2442,Security,PSA,"Many children drown in open water sources. Parents should supervise kids near pools, rivers, and wells.","Abana abange nigo bkogwa nagokwera ime yechinsemo chiamache. Abaibiri goika barande abana babio ekero bare ange nase aria agoakerwa ontimbu, chindoche, amo nechinsoko."
2443,Security,PSA,Churches and mosques must vet staff and implement policies to prevent child abuse within their facilities.,Chikanisa nemesikiti goika bakongori abakori emeremo babo na goikerania amachiko agotanga gokorera abana bobe imse yechinyomba chiikanisa gose emesikiti.
2444,Security,PSA,Media should avoid exposing children to harmful content and respect their privacy when reporting on abuse cases.,Abariki na baria bagotangasa amang'ana goika barende gotanga nga amangana agosaria abana ase ogotatora amarieta abo nase barwete ekero bakomanyia amangan buna abana bagokorerwa bobe.
2445,Security,PSA,Criminal gangs exploit children for begging. Report such cases to the police for rescue and rehabilitation.,Ebibago nigo bigotumia ribaga riabana gotenyara ase ogosaberera. Manyia abasikari kobakonya na kobarongei.
2446,Security,PSA,Ensure school vans are properly licensed and drivers vetted to prevent accidents and kidnappings.,Rora nga chirori chisukuru nchuibwate chirensesi buya nomotereba buya achoretwe korenga gotanga emebasekano na koibwa kwa abana.
2447,Security,PSA,Extremist groups target vulnerable children. Communities should report suspicious recruitment activities.,Ebiobago biria bigosaria amongo abanto na kobaira obokebago bwokotuta chipomu nigo nigo birengete abana baria batari kwenyara gose korwa emchie emetaka . Abanto gioka barwe eripoti igoro yebinto bare nechitang'utang'u nabirobio gose okorikwa gosoa obokebago obwo.
2448,Security,PSA,Hospitals should have trained staff to handle child abuse cases with confidentiality and care.,Chinyagitari mbuya koba nabakori emeremo begeirie gosugurikia ogokorerwa bobe kwabana ase obobisi obonene noborendi boisaine.
2449,Security,PSA,Teach children fire safety measures and ensure homes have working smoke detectors to prevent tragedies.,Somia abana chinhera chiokwerenda nomorero na rora ng'a chinka chibwate egento keria gekomanya ekero erioki rireo erio gokonya gotanga emerero gwateka.
2450,Security,PSA,Online games can expose children to predators. Parents should monitor gaming interactions and set time limits.,Chigosori chieintaneti nigo chigosuguma abana ang'e gochia ase ebibago biabo. Abaibori goika bamongere chingaki abana bakorrigereria chigosori na ase chinsa gete.
2451,Security,PSA,Families should include children in disaster drills and ensure they know emergency contacts.,Chifamiri goika chisangie abana babo amo koroberia buna baranyare gotange omorero tibwateka sobo na ekero bwatekire ase bagotamera gochia nechinamba chiesimi barangerie konyora ogokonya.
2452,Security,PSA,Teach children stranger danger rules and ensure they travel in groups. Report missing children immediately.,Somia abana tibakwana omonto batamanyeti gose kobwatia amang'ana yomonto batamanyeti buna enchere engiya yokwerenda na gotara amo abanto abange. Karwe amangana igoro yomonto otaoyi otari konyorwa gochia ase abambi gose porisi.
2453,Security,PSA,Businesses must avoid employing children and support initiatives for their education instead.,Abanyabiasara goika barende tibarika abana buna abkori emeremo yabo korende basire emeroberio yogokonya ng'a bachire esukuru gosoma.
2454,Security,PSA,Sports academies must have policies against physical and sexual abuse of young athletes.,Aaria ase abanto bagosomera gokora chogosori goika babe namachiko agotanga gokorerwa bobe ekiagera eki ore gose ogotabatabwa ase abanyagosori abasae.
2455,Security,PSA,Keep medicines and chemicals out of children's reach to avoid accidental poisoning incidents.,Beka amariogo mo nebinto biria bionsi bire hatari ase abana are korwa ase bare buna enchera eyemo yogotanga abana konywa chisumu ase egesio ekebe.
2456,Security,PSA,Event organizers should provide child-safe spaces and lost-child protocols during large gatherings.,Baria bakoroberria emeyega nere buya kobekaase abana basirete bakobekwa negento abaibiri basireriigwe nabana babo babwenerete gokora ekero kiesangerekano emenene.
2457,Security,PSA,Tourist hotspots sometimes exploit children for labor or sex. Report such cases to the Tourism Regulatory Authority.,Aase abanto bakorwa isiko (abatari) bagotarera chingaki chinyinge nigo akoba aase abana bagokorigwa egasi gose gotibongi. Karwe eripoti gochia baria batenenerete obotari.
2458,Security,PSA,Kenya's laws are evolving to better protect children's rights. Stay informed on legal changes affecting child welfare.,machiko a Kenya akongiigwe erio korenda abana baria batari konyara kwerenda gose korwa emechie emetaka erio korenda oboronge bwa abana. Kabe gokomanyigwa igoro yamaonchorerio arengete ebiombe biabana.
2459,Security,PSA,"Neighbors, teachers, and relatives must speak up against child abuse to create safer environments for children.","Abaamate,abarimu, na abairi goika bakwenere ringana igoro yabana gokorerwa bobe erio korora ng'a abana tibari ase hatari yogokorerwa bobe."
2460,Security,PSA,"Livestock theft remains a challenge in pastoralist regions. Communities should form watch programs, brand animals, and report suspicious activities.","Oboibi bwechiombe nabo botigarete koba omochando aaria chinsemo chiobotugi. Nere buya ebinyoro koba nemeroberio yobomongeri, basambererie chiombe chiabo chinamba, na korwa eripoti igoro yamangana bare nechitangutangu naro."
2461,Security,PSA,Regular vaccination protects livestock from major diseases. Veterinary services offer free campaigns during high-risk seasons and farmers should keep records.,Ogochancha etugo ase chingaki chionsi nigo egotanga amarwaire yetugo korwa amanene. Abanyagitari betugo nkoba bare negeseto chingaki endwari yetugo egwateks na mbuya abaremi koba nomobaro bwetugo yabo.
2462,Security,PSA,"Water scarcity during droughts causes losses. Farmers should adopt water harvesting methods such as dams, pans, and subsurface storage.","Ogokeana kwamache chingaki chieguragura nigo ekorenta asara Nere buya abaremi kwegera gotacha na kogacha amache ase okorema chingoro, kogora ebibuyu ebinene, koagacha chitangi chia'mahe inse yeriraba."
2463,Security,PSA,"Biosecurity prevents disease outbreaks. Disinfect footbaths, quarantine new animals, control wildlife access, and report sick animals promptly. Proper carcass disposal is essential.","Gotanga okoererania etugo korwa ensemo eyemo gochia eyende nigo egotana okwambokerana kwamarwaire yetugo nabanto. Beta chiombe esindani yoborwaire bwomonwa namagoro, chiombe chikorwaa gochia aria chichanche, renda chingiti chiorosana tichiika ange, na karwe eripoti ioro yetugo erwarete otrikonyorwa. Tindeka etugo eri yakure inse kabisa."
2464,Security,PSA,The Kenya Livestock Identification and Traceability System assigns herd numbers and ear tags to support theft prevention and disease control.,"Omoreoberio o'Kenya komanya etugo, na komanya ase yarwete ngosambereria ore chiombe chinamba gose gochikera chinamba ase amato buna enchera yogotanga oboibi."
2465,Security,PSA,Wildlife predation causes losses. Farmers should construct predator-proof enclosures and use guard animals. Compensation is available for verified cases.,Ogoitwa gwetugo nechingiti chiorosana buna endagera yabo nigo gokoreta asara ase omoremi. Nere buya abaremi koagacha gose kogitera etugo yabo buya gotanga chingiti chiorosana goikera etugo yabo na koyeita bua endagera yabo. Ogoakanwa ase baria etugo yabo yaitetwe nechingiti chiorosana nereo ase baria bagitere etugo yabo buya.
2466,Security,PSA,Index-based livestock insurance protects pastoralists from drought losses using satellite data triggers.,Ensuarence erendete abaremi bobotugi nereo ekero rioka yamanyakinire nga omobaso omonene gose etoigo gose ogwateka kwendwari etare konyarekana ekorenda abatugi gotera ebimoreki bieintenet igoro aa ase rire bokorenga ekerengo omochando ore gokonys chiinsuarence komanya nechibesa irenga bagoakana omoremi.
2467,Security,PSA,Unauthorized livestock movement spreads disease. Farmers should demand permits and follow quarantine notices.,Okoererania gwetugo gotancheirie nigo kogotaria amarwaire. Nere buya abaremi basabe rirube rikobanchera goetia etugo korwa aa gochia aari na kobwatia amachiko ogochancha chitugo chiabo.
2468,Security,PSA,Proper slaughter methods protect meat safety. Only use licensed slaughterhouses or follow public health guidelines for home slaughter.,Obonyenyi etugo obuya na gacha enyama buya protect. Tumia ebichinchio biria biancheire gose bwatia amachiko yobochenu ekero okonyenya etugo yao nka.
2469,Security,PSA,Certain plants poison livestock. Farmers should remove toxic plants and provide alternative fodder during drought. Veterinary analysis supports diagnosis.,Ekero etugo yarire emete gete nigo ekoba esumu mebere yabo. Nere buya abaremi batogore emete buna eyio yonsi na koa chitugo chiabo obonyansi obuya chinaki chiguragura. Ogopima etugo yao nomonyagitari bwetugo nabio bikoenekia ayio.
2471,Security,PSA,"Ticks spread deadly diseases. Regular dipping, chemical rotation, and daily inspections protect livestock.","Amagecha nigo agotambokeri amairwaire amabe ase etugo. Koira etugo chidipu, gochenchia amariogo ase edipu, gose goyesibia ase okoyesiarera eriogo riogoita amagecha nepambu, na korigereria kera rituko nga etugo yao tebwati amagecha."
2472,Security,PSA,"Drought requires special management. Provide minerals, reduce herd size early, and conserve water.","Eguragura nego eganitie emeroberio emeikernu korenda amache, gosiarera ebimeri amache, na koa etugo amache okonywa. Karwe amache echichuba, keania obonge bwetugo yao genkioy, na gacha amache."
2473,Security,PSA,"Proper feed storage prevents aflatoxin contamination. Keep grains dry, mold-free, and securely stored.",Kogacha endagrera buya nigo egokonya ogotabosa kwendagera.
2474,Security,PSA,Early reporting prevents outbreaks. Contact veterinary officers or the Toll-Free Animal Disease Hotline 0800721313.,Korwa eripoti bwango igoro yamarwaire gochia ase abanyagitari nigo egotanga oborwaire kwambokerana/koranda. Manyia omonyagitari bwetugo rangeria esimi eye yamorero 0800721313 otari goakana kende.
2475,Security,PSA,"Climate change increases animal risks. Provide shade, drainage, windbreaks, and use early warning systems.","Ogoonchoreria kwerire nigo gokogesa emechando ase atugo. Beka etugo yao inse yekiriri, emetaro yogosokia amache amachafu, chimbago gotanga embeo, na komanya bwango igoro yogoonchoreria kwerire bwebage."
2476,Security,PSA,"Milk safety requires hygiene. Wash udders, use clean containers, cool milk, and sell only to licensed processors.","Okogacha amere buya neganetie obochenu. Sibia enyeri nechimbere buya, beka amabere ase egento ekerabu, kendia amabere, na yaoneri bari bawete amarube yokobanchera koonia amabere boke."
2477,Security,PSA,"Internal parasites reduce productivity. Deworm regularly, rotate grazing, and test fecal samples.","Ebianda nigo bikei amabere. Kae etugo yao eriogo riebianda, onchoreria ase okorisia etugo yao korwa aa gochia aaria, na pima esike yetugo yao komanya gose nere nebianda."
2478,Security,PSA,"Pastoralist migrations need planning. Obtain permits, choose safe routes, and avoid conflict areas.","Okonganya korwa aa gochia aaria kwa abatugi nkoganetie emeroberio emiya. Nyora ogwancherwa gwokong'anya netugo yao, etera ase atari nemechando, kabe are korwa chingongo chiria chire neminano."
2479,Security,PSA,Misuse of veterinary drugs creates resistance. Buy from licensed sources and follow prescriptions.,Koa etugo amriogo otabirie nabanyagitari betugo nigo egosaria obonyamasi bwetugo gose amariogo atari gokora egasi buya ase etugo. Gora amariogo korwa amonyagitari omoronge eriogo ribwate amalezo buya.
2480,Security,PSA,"Accurate records improve management. Track births, deaths, treatments, and vaccinations.","Amariko abwate maeleso yoboremi bwetugo yao nigo akogokonya ase emeroberio yao. Bwatia komanya chitariki chia kera etugo ekero yabiaretwe, ogokwa, buna kwarure obobwenia, na gochichancha."
2481,Security,PSA,"Beehive theft is rising. Secure apiaries, mark hives, and report suspicious buyers.","Oboibi bwemetana yechinchoke mbogendererete kogeseka. Renda buya emetana, yebeka chinamba, na manyia igoro yabagori bakengeka."
2482,Security,PSA,"Industrial pollutants harm animals. Report dumping, fence off contaminated sites, and test water.","Obochafu bokorwa ase chifakitori nigo bokorentera etugo obokongu. Karwe eripoti igoro gotuguta obochafu bwabo ase enchera etari engiya, gita aase eubochafu bogotugutwa, na pima amche komanya gose nabwate ebinyinyi."
2483,Security,PSA,Floods kill animals and spread disease. Move herds to higher ground and disinfect pens after floods.,Omogoko omonene nigo ogoita etugo na okoranda kwendwarim yetugo. Siarera obweri eriogo motwe yemegoko.
2484,Security,PSA,Community policing reduces livestock theft. Share intelligence and support police investigations.,Oborendi bwebinyoro nogo bogokeania oboibi bwetugo. Karwe amanagana obotuki na bwatisia porisi kobeka oborendi.
2485,Security,PSA,Proper manure handling prevents disease. Compost before use and store away from water sources.,Kogacha na gotumia bobe obwoyo buya nigo kogokeania amarwaire. Karwe ribaga risaine ase eubo koguna na goonchoreria koba obwoyo omanye kobotumia na bobeke are korwa ase amache.
2486,Security,PSA,Snakes bite animals in dry seasons. Clear bushes and seek immediate treatment for bites.,Chingiti chingenda nse nkorasa chire etugo aaria chingongo chinyomo. Rabia orsana na rigia obowenia bwa bwango ase etugo yao rasirwe neng'iti engenda nse.
2487,Security,PSA,"Poor transport harms animals. Ensure ventilation, avoid extreme heat, and inspect animals after transport.","Okobogoria etugo bobe nechirori nigo akoumisa etugo. Rora nga erori okobogoreria etugo yao nebwate ebigorero bisaine koreta embeo ime, renda nga riberera tibucha erori ime, na rigereria buya nga etugo mbuya ere magega goika ase kware koyeira."
2488,Security,PSA,"Auction yards attract criminals. Use licensed yards, verify buyers, and maintain registers.","Ase ebinto bigoakerwa omonada nigo akongusa ebibago. Akera omonada aase aitabire neserikari, rigereria buya abagori baino, na gacha buya amariko buna ogoaka omonada ebinto ebio."
2489,Security,PSA,Contaminated feed causes losses. Test for aflatoxins and store feed safely.,Endaera enchafu yetugo nigo ekorenta asara. Pima komanya gose engaera eyio nebwae obobosu na gacha endagera eyio buya.
2490,Security,PSA,Large birds prey on young livestock. Use scare devices and provide sheltered pens.,Ebibaki na makotu nigo akira ebichichu buna endagera yabo. Gitera etugoyao buya na rosia ebinto binga buna omonto obogoretie enyimbo gochia igoro na koyeka aroro kogosa ebinto ebio bitgete koira etugo.
2491,Security,PSA,Disaster preparedness reduces losses. Identify evacuation routes and store emergency supplies.,Kweroberia buya nyuma yemechando nigo ogotanga asara. Orokia chinchera chiokominchoreria ekero kiemebasekano na gacha endagera orarie ekero kiemebasekano.
2492,Security,PSA,Water points attract thieves. Water animals by day and patrol high-risk areas.,Ase amache akobucherwa nigo akongusa ebibago. Ira chiombe kere mobaso konywa amache animals no mokera buya aase okagerete abaibi barabaise korwera.
2493,Security,PSA,Animal noise disturbs communities. Proper housing reduces noise and prevents complaints.,Okwana gwechiombe nigo gokogechia abanto. Koagacha obweri obuya nigo bogotanga eriogi riokwana na igo gotanga abanto kwemurangania.
2494,Security,PSA,Stray animals destroy property. Maintain secure fencing and report damage promptly.,Etugo yabagoire nigo egosari ebimeri biabanto. Gitera buya etugo yao na manyia abanyene ekero etugo yao yasaririe ebinto bia bande.
2495,Security,PSA,Dry season fires threaten grazing areas. Create firebreaks and report arson incidents.,"Omorero chingaki chieguragura nigo okorenta obokongu ase oborisia bwetugo. Onye omogondo bwendagera gose rinani ore omonene, yobarore gati gati na koyatiga atri namete gose obonyansi gotanga omorere gotamboka gochia asande na manyia abarai onye nomonto bwogetie obomorero eyio makusudi."
2496,Security,PSA,"Proper breeding management prevents injuries. Use healthy stock, maintain hygiene, and record breeding dates.","Renda korora nga ekero etugo yao ekobwata embego yakorirwe ase enchera engiya etarikoumisa etugo eria ekobwata embego. Tumia eeri ebwate afia engiya , renda obochenu, na rika inse chitariki kwaete etugo yao embego."
2497,Security,PSA,Equipment theft affects productivity. Secure tools and machinery and report theft immediately.,Oboibi bwebinto bioboremi buna chitinga chiokorem nebinde nigo bikoirania magega gose gokei rigesa. Gacha buya ebinto biao biogokora oboremi buya na manyia abagambi igoro yoboibi biebinto biao bioboremi bwngo.
2498,Security,PSA,Lightning kills grazing animals. Install lightning rods and avoid tying animals to isolated trees.,Enkoba nigo egoita etugo ere getii korisia. Beka ebinto biria bikobwata enkoba na tiga gosiba etugo ase omote ore oymo.
2499,Security,PSA,Misuse of antibiotics creates resistance. Follow prescriptions and dispose of drugs safely.,"Ekero amariogo aria agotanga ebinyinyi komenta omobere ime agotumeka bobe, nigo akoa ebinyinyi chinguru goika eriogo riasinywa gokora egasi yobobwenia buya. Bwatia amereso omonyagitari buya na tuguta amariogo ase enchera engiya buna eyokoyatindeka."
2500,Security,PSA,Large gatherings increase theft risks. Supervise herds and coordinate with security agencies.,Omoganda omonenenbwabanto nigo okongusa abaibi. Renda etugo yao buya na bwaterana nabarendi boborendi.
2501,Security,PSA,Plan feed supplies to avoid shortages. Preserve fodder and use drought-resistant varieties.,Rosia na kogacha endagera yetugo yao genkio gotanyorwa nobokongu abwo motwe. Gacha endagera yetugo yao buya na simeka endagera yetugo eria ekoremereria omogaso omonene.
2502,Security,PSA,Blue-green algae poison animals. Avoid contaminated water sources and report cases.,Esosera ime yamache rooche nigo ere esumu ase etugo ekero yayenyure. Renda korora nga ebiberero biamache nebirabu. Renda nga etugo yao terikonywa amache korwa aase achafu na manyia abangagitari betugo ekero etugo yarwarire.
2503,Security,PSA,"Multiple identification methods enhance security. Brands, tags, and microchips support recovery.","Beka etugo yao ebimanyererio ao ao gokonya kobirenda korwa oboibi. Chisambererie ekemanyererio, beka chipachi amato, and Kobekera chiombe ekagento gete ime yerisankwa riabo nechera eyemo yogotanga oboibi bwetugo ekiagera ekero yaibirwe egento keria kebisire ime yerisankwa nabo gekoorokia goetera eintaneti ase etugo eyio ere nakoyebwatia bwango."
2504,Security,PSA,Poor handling causes stress and injury. Use non-slip floors and proper restraint equipment.,"Ekero etugo ekoirwa ase enchera etari engiya nigo ekoba nobwoba, ogochandeka ebirengererio an koumia. Beka etugo aase atari noboterere na yesibe buya."
2505,Security,PSA,Faulty electrical systems harm animals. Inspect wiring and test for stray voltage regularly.,Esitima etbikirie buya nabo are hatari ase etugo. Rora gose chigwaya nchiererete inse na gopima gose nchire nomorero kera engaki erio korenda etugo teakwa nesisitima.
2506,Security,PSA,Steep water edges trap animals. Install gentle slopes and fence dangerous areas.,Koira etugo rooche konya amache aase are egetionko nabo etugo aranyare gotereria na kogwa amache ime ekwe. Rosia buya aase etugo yao ekonywera amache na gita aase are atari ase etugo.
2507,Security,PSA,"Research farms need strict security. Use CCTV, controlled access, and patrols.","Aaria ase oboremi bogokorerwa amasomo ogotema ao ao naganetie oborendi obuya. Tumia ebimoreki biria biekamera bikobwata buna abanto bagosoa nagosoka, renda nga tari kera omonto ogosoa aroro, nobomongeri obuya."
2508,Security,PSA,"High temperatures reduce productivity. Provide shade, ventilation, and constant water.","Ekero riberera rire igoro mono nigo rigokei amabere ase etugo. Beka ekiriri, karwe ribaga ase embeo rgoetera, na beka amache okonya ase etugo chingaki chionsi."
2509,Security,PSA,Early warning prevents losses. Monitor conditions and share forecasts with herders.,Komanya omochando bwango nigo kogotanga asara. Rigeria buya komanya rire buna rire na sanga nabatugi bamino.
2510,Security,PSA,Be cautious of investment apps advertised during football matches on illegal streams. Many are fronts for data theft or financial fraud,Erende korwa omochieso ogotangaswa ase chisimi kobeka chibesa ase etimi gete ng'a nonyore chibesa goetra esimi chingaki chiegosri yomopira. Abange ba abwo bakorenta chigosori echi nigo barengete koiba amanga iigoro yao bakorere oboibi.
2511,Security,PSA,"""DCI is investigating a fake 'youth startup grant' program circulating on TikTok and Instagram. There is no such initiative funded by the Government of Kenya.""",Abanyanyimbo mbagendererete gotuka igoro yogochaka ogokonywa ase abasae neserikari ya Kenya goetera TikTok na Instagram. Gento kenga buna ekio tikeiyo korende noborimo bwoka.
2512,Security,PSA,The Ministry of Public Service reminds job seekers that all internship postings are free to apply for. Avoid anyone asking for bribes or airtime in return,Eminisitiri yobokoreri bwabanto nkoinyoria are abakorogia egasi nga baria bakorigia gosoa ase okwegera mono igoro yamosomo abo nigo agwancherwa na gosoa bosa. Kana monto onde bwensi oragosabe riaki.
2513,Security,PSA,Several Kenyans have reported scam calls claiming to be from international couriers requesting customs clearance payments. Confirm such calls with KRA or the courier directly,Abakenya abange banyorire chisimi korwa ebobagp bikobasaba chibesa gose kobaa amanga igoro yabo korwa abakweroka buna baria bagokora emeremo yobobogoria emesigo korwa chinse chia isiko mbare nomosigo oo abae chibesa chiogoetia omoesigo iyio erio bagokonye. Koranyore esimi yengencho etye manyia office chia chiebango (KRA) gose ekambani eyio bakogotebi.
2514,Security,PSA,"""Be cautious of business mentorship programs advertised by influencers that ask for hefty registration fees. Many lack legal registration.""",Renda kegima tosoa ase emeroberio yogosomia igoro goetera chisimi nabanto bare nokobua gokong'ina nakobebegena bagosaba chibesa chinyinge gosoera Abange babanto aba tiberigeti neserikari.
2515,Security,PSA,"""We urge wananchi to report any person asking for 'expedited NHIF services' in exchange for cash. NHIF does not charge for processing.""",Nigo togosaba abanto komanyia abagambi gose abasikari igoro yabanto bagosaba chibesa basuguikie akadi yao ya NHIF ekore egasi. NHIF teri gosaba besa goetia emesigo.
2516,Security,PSA,The Judiciary warns of false bail refund letters sent to unsuspecting litigants. Refunds are processed only through court registries,Ekoti yaonyire abanto igoro yamarube oborimo ogotomwa gochia ekoti korigia koiranerigwa chibesa babegete ebondi false bail refund letters sent to unsuspecting litigants. Okoiranerigwa chibesa chiepondi nkotini kogokorerwa na tari ande onsi.
2517,Security,PSA,"""Ministry of Housing has not contracted any agents to collect payments for affordable housing units. Application is done through Boma Yangu portal only.""",Eminisitiri yobokoreri bwabanto nkoinyoria ere abakorogia egasi nga baria bakorigia gosoa ase okwegera mono igoro yamosomo abo nigo agwancherwa na gosoa bosa. Kana monto onde bwensi oragosabe riaki.
2518,Security,PSA,Red Cross Kenya cautions citizens against donation drives using MPESA till numbers not registered to the organization. Always crosscheck before sending money.,Ekeombe Ekebaririri gia Kenya kiarure ogokurerwa ase abanainchi igoro yemechango goetera MPESA chinamba chia till chitarikiri rasimi na Safaricom ase abwo bagosaba omochango . Tema komanya buya nyuma otatatoma chibesa chiao.
2519,Security,PSA,Public warning: PSC does not conduct interviews on WhatsApp. Any job ad asking for 'application fees' is fake and should be reported,Ogokurera ase bonsi: Enseo yesrikari eria etenenerete emeremo yeserikari (PSC) teri gokria abanto ogotema gwokorigia emeremo goetra Whatsapp. Any job ad asking for 'application fees' is fake and should be reported
2520,Security,PSA,"""CBK is aware of mobile apps charging 'CRB clearance' fees upfront. CRB requests are processed through licensed bureaus only.""","""Ebengi enene ya Kenya (CBK ) nemanyete ebikoreri biechisimi apps charging 'CRB clearance' fees upfront. Ogosaba gochia baria batenenerete ogosaria kwobogoko (CRB) nigo kogokorwa nabanto bancheire gokora egasi eyio boka"""
2521,Security,PSA,EACC has flagged a syndicate offering forged title searches and valuations in Kisumu. Use verified government channels only,"Ekeombe keria gekorwania obokengeka (EACC) yarure ogokurerwa igoro yamarube oborimo koa abanto emeremo, gose chinamba chiamaremo chioborimo, na korenga oboremo obwo nga nirenga boisaine aaria Kisumu. Tumia chiofisi chieserikari ekero otagete komanya ayio boronge."
2522,Security,PSA,"""DCI confirms arrests of fake NGO representatives claiming to partner with World Food Programme in Northern Kenya. Always verify through official NGO registry.""","""Omotuki omonene enekirie okobwatwa kwa abatenereri be'NGO boborimo bakweroka abakobwaterana nekeombe kia Omoroberio Bwendagera Bwense (World Food Programme) aaria Kenya ya Irianyi. Botambe manya boronge korwa egetabu gia NGO."""
2523,Security,PSA,"""Wanafunzi wanaombwa wasitumie wasimamizi wasiojulikana kusajili HELB. Maafisa bandia wamekuwa wakichukua pesa wakiahidi kufanikisha mkopo.""","""Abana babioriigwe tibatumia abatenereri batamanyekaneti ekero bakwerika konyora ogokonya gwechibesa korwa HELB. Abanene ba pandia babeire bagosaba chibesa ase okobatebia ng'a mbabae chibesa chieroni ya HELB."""
2524,Security,PSA,Communications Authority warns of cloned betting apps circulating on Telegram. Many steal your phone data and banking information,Ekeombe keria ekenene getenerete okoererania amangana ase embeo kiarure ogokurera igoro yegokoreri gia bahati na sibu kioborimo kerandete ase Telegram. Abange nigo bakoiba amanga ao are ase esimi amo nayenamba yebengi yao.
2525,Security,PSA,KRA reminds taxpayers that agents are not allowed to collect cash payments in person. Use official PayBill numbers and receipts,Ekeombe ekenene giokorusia ebango gia Kenya (KRA) nkoinyoria kere baakani abango nga abaachenti babo tibaganeirie korusia ebango gose koegwa chibesa tbarabwo abanyene. Tumia enamba yabeene ya PayBill na nyora risiti riogoakana.
2526,Security,PSA,"""We urge Kenyans to confirm job offers from airlines, especially Emirates and Qatar Airways. Multiple scams promising airport jobs have been flagged.","""Nigo togosaba abakenya komanya buya amatangaso yechigasi korwa ase ebitii bienchindege, mono kobua buna keria Emirates na Qatar. Amatangaso amange yoborimo igoro yemeremo ase ebitii biechindege bwaansire."
2527,Security,PSA,EACC is investigating individuals posing as ministry auditors soliciting bribes from small schools. All inspections are officially scheduled and documented,Ekeombe keria ekenene gekorwani obopkorekanu (EACC) ngotuka kere abanto gete bagwekora baria bakorigereria amatumisi yechibesa chieserikari na igo gosaba amaaki korwa ase chisukuru chinke. Okorigererigwa bwebitabu nigo gokoba ekero gwatangasirwe.
2528,Security,PSA,"""CBK reminds Kenyans that legitimate banks do not conduct promotions via Facebook inboxes. Ignore messages asking for account details to 'activate rewards'.""","""Ebengi enene ya Kenya (CBK) nkoinyoria ere abanto ba Kenyan ng'a chibengi boronge tichiri gokinia abakori emeremo babo goetera Facebook. Ombia mang'ana ande onsi akogosaba obae ennamba yao yebengi erio bakobekere ekeegwa gie chibesa."""
2529,Security,PSA,"""DCI warns against conmen selling fake 'church land' in Kayole and Ruai. Verify ownership documents at the Ministry of Lands before making any payment.""","""Omotuki omonene orure ogokurera gochia abangainereria baria bakkonia amaremo echikanisa ataiyo aari kayole na Ruai. Manya buya abanyene oboremo ase ofisi chia amaremo otaraakana besa chinde chionsi."""
2530,Security,PSA,NSSF alerts contributors to disregard WhatsApp messages claiming there is a special withdrawal window for those over 40. No such provision exists.,Ekeombe keria ekenene kiabagotu (NSSF) giakureire abanto baye bonsi baombie amanga ande onsi korwa WhatsApp agotebia abanto ng'a baria bonsi baikire emiaka 40 nkonyarekana ere korusia chibesa chiabo. Mang'ana anga buna ayio taiyo.
2531,Security,PSA,Be cautious of investment apps advertised during football matches on illegal streams. Many are fronts for data theft or financial fraud.,Erende korwa amatangaso yokonyora chibesa goetera chitimu chiomopira chikobua chigotangaswa ekero kiemepira egoakwa ase abarimo gagwesoi ime. Abange babwo nigo barengete komanya na koiba amangana yebinto biao bakoibere nonya nechibesa.
2532,Security,PSA,"""The Judiciary has received complaints about fake court summons sent via email. Summons are never delivered electronically or through WhatsApp","""EkKoti yanyorire okwemurunganania okonge igoro yokorangerigwa kwa abanto baike kotini ase enchera yoborimo goetera eintaneti. Amangana yokorangerigwa goika kotini tari gotomwa goetera eintaneti gose goetera Whatsapp."
2533,Security,PSA,EACC warns of imposters offering job placements at parastatals for upfront cash. All official job listings are published on PSC and organization websites.,Ekeombe keria ekenene gekorwania obokengeka (EACC) giakureire abakwebeka buna mbare namabaga ase yemeremo ase chikambani chiserikari ase okobaakana besa inke. Emeremo yonsi yeserikari nigo egotangaswa ase ensemo yeserikari tenerete emeremo yeserikari (PSC) na ase eintaneti yechikambani echio.
2534,Security,PSA,"""People have been sent 'Safaricom refund claim' links that look like the real site. Safaricom does not issue refunds without an official claim form.""","""Abanto batomeirwe amang'ana koiranigwa chibesa ase bare ase egsio ekebe korwa safaricom. 'Ogosabwa oko koirania chibesa nigo kogokorwa ase enchera omonto okonayra kwegena. Safaricom teri gosaba koiranigwa gwechibesa otaichoretie efomu yabeene."""
2535,Security,PSA,The Ministry of Transport has received reports of fake NTSA agents collecting bribes along major highways. Report any suspicious activity via 999 or NTSA portal,Emonistiri yobobogoria yanyorire amang'ana igoro yabateneneri boborimo ba (NTSA) bagosaba amaaki ase chinhera chinene. Karwe amangana igoro yamang'ana anga buna ayio are nechitang'utang'u naro goetera enamba yesimi yamorero 999 gose eintaneti ya (NTSA)
2536,Security,PSA,"""CBK reminds Kenyans that any investment requiring you to recruit others to earn returns is likely a pyramid scheme. Report such activities immediately.""","""Ebengi enene ya Kenya (CBK) nkoinyoria ere aba'Kenyan ng'a moroberio bwokobeka chibesa ande yonsi eganetie orike abanto gosoa aroro erio konyora eng'eria rnigo enga buna emeroberio yoboibi buna eria ya pyramid scheme. Karwe eripoti ya yobokenga ebwo kegima kwayarora."""
2537,Security,PSA,"""Fraudsters posing as election observers have been soliciting money from aspirants for fake clearance. IEBC does not charge for clearance forms.""","""Abangainereria bagwekora buna abarigereria buna chikura chigoakwa babeire bagosangereria chibesa korwa ase baria bakorigia chikura kobarusia korwa erkodi yogokora bobe. Ekeombe keria gietenenerete buna chikura chiogoakwa (IEBC) nkeri gosaba chibesa erio korigereria gose nore namamocho aragotange toboria goakerwa chikura."""
2538,Security,PSA,"We advise Kenyans not to share photos of their ID, NHIF or voters card on Facebook job groups. These details are being harvested for fraud","Nigo togosemia abanto ba Kenya tibasanga chipicha chibibande chiabana babo, chiria chia nyagitari (NHIF ) gose chikadi chiogoaka chikura ase okorigia emeremo goetera Facebook. Amangana aya yabana bao nigo agotumika gokora obosaria."
2539,Security,PSA,NSSF has suspended several field agents found collecting cash for 'special processing. NSSF does not charge for fast-tracking services,Ekeoombe keria ekenene kiabagotu (NSSF) kiabutire abakori emeremo abange banyoretwe bagosangereria chibesa korwa abagotu erio kobakonya korosia chibesa chiobogotu bwabo. NSSF teri gosaba besa chinde chionsi ekero ekobwatia komanya ayakorengete.
2540,Security,PSA,Several students have lost fees to fake school accounts shared on WhatsApp. Always pay school fees through officially designated bank accounts.,Abana abange basisiririe chibesa chiesukuru fisi goetera chiakaonti chioborimo chibekire WhatsApp. Chingaki chionsi akana chibesa chiesukuru goetera ebengi yesukuru yekeene.
2541,Security,PSA,KRA warns taxpayers not to use agents who claim they can erase penalties for a fee. All tax waivers are issued through formal channels.,Ekeombe keria ekenene getenenerete korusia ebango (KRA) kiarure ogokurera ase baria bagoakana chikodi chiabo tibatumia abaachenti abwo bakobang'aina nga nabo baranyare gotinyia chifaini chiabo ase okorwa gento geke. Okonacherwa gose kogokeaneri abango nigo kogokorwa goetera enchera ya ofisi yoka.
2542,Security,PSA,"Those job ads for 'NGO agents hiring enumerators' without an interview are a scam. Verify with the actual NGO before sending money.""","Amangana ogosegeta korwa abaagenti ba'NGO ng'a nkorika bare abanto bakorika amang'ana gotakorigwa ogotemwa kwemeremo namangana oborimo. Manya boronge ng'a NGO ki yatomete amang'ana ayio."""
2543,Security,PSA,EACC notes rising cases of impersonation in procurement offices. Report anyone claiming to 'influence' tender outcomes,Ekeombe keria ekenene gekorwania obokorekanu (EACC) kiarorire ng'a ekogeseka kwobosaria bwogwekora abakori emeremo ba eofisi yobogori bweserikari. Karwe eripoti igoro ya monto onde oresio kobukania obogori bwechitenda chuieserikari
2544,Security,PSA,"""The Ministry of Agriculture has disowned individuals collecting registration fees for 'subsidized fertilisers. All legitimate lists are displayed at ward offices.""","""Eminisitiri yoboremi yangire abanto abanto bagosangereria chibesa chiokwerika ase okonyora obwoyo bweserikari. Amariko akworokia emeroberio eyio nkonantigwa are ase kera Ewodi Yomokansera oino."""
2545,Security,PSA,CBK warns Kenyans against sending money to social media groups promising weekly payouts from investment plans. These are unregulated and illegal.,Ebengi enene ya Kenya (CBK) yakureire abaKenya igoro yogotoma chibesa gochia chigurupu chiembeo bakobangaina konyora obwaita kera ewiki. Ebinto binga buna ebio tibiri bia amachiko igo nebiobong'ainereria.
2546,Security,PSA,"""Public notice: DCI has shut down a fraudulent real estate company operating under multiple names in Kiambu. Always perform a search at the Lands Ministry.""","""Ogokurera ase bonsi"": Omotuki omonene osiekire ekampani yobokengeka ogokora obokengeka bwaye goetera amarieta ao ao aaria Kiambu ekongaina abanto kobaoneria emechi yokomenya operating. Kera engaki rigia komanya obomaene bwebinto binga buna ebio korwa ofosi yamaremo."""
2547,Security,PSA,Fake insurance brokers have been selling invalid motor covers in bus stations. Confirm your insurer through IRA  public registry.,Abaonia bechinsuarensi boborimo babeire bakoonia ebinto bioborimo nonya nime yechirori chibasi. Manya buya ng'a einsuarensi yao nerikire gose neitabire neserikari goetera Insuaren Regulatory Authority (IRA).
2548,Security,PSA,Communications Authority has warned of fake WiFi installers operating in residential estates. Confirm service providers through the CA licensed list,Communications Authority has warned of fake WiFi installers operating in residential estates. Confirm service providers through the CA licensed list
2549,Security,PSA,"""We have received multiple reports of individuals faking job placement letters for Qatar and UAE. All foreign employment must go through accredited agencies.""","""Twanyorire chiripoti chinyinge chiabanto bagwegokora ng'a mbare namarube yemeremo gochia Qatar na UAE. Emeremo yonsi gochia chinse chia isiko goika aetere ebiombe bimanyekanete buya nabwo bagotebwa nga mbare nemeremo neserikari ya Kenya"""
2550,Security,PSA,"""The Ministry of ICT reminds citizens that all eCitizen payments are automated. Do not send money to personal numbers for services.""","""Eminisitiri yamang'ana netekinorochi yokoererania amang'ana (ICT)nkoinyoria ere abanainchi chibesa chionsi chia eCitizen nigo chigoakanwa goetera ebengi na Mpesa chimanyekanete neserikari . Tiga gotoma chibesa gochia chinamba chabanto nonya ngake."""
2551,Security,PSA,"""Fake humanitarian campaigns using stolen photos have been flagged on Twitter. Always verify fundraisers through trusted platforms like M-Changa or Red Cross Kenya.""","""Chibicha chioborimo gotumia chibicha chiabanto bande baibete korigeria chibesa chiangirwe buna okogenda mamincha yerichiko ria twiter. Kera engaki chungusa abakorigia chibesa goetra chinchera chiegenire buna M-Changa gose Omosaraba Omobaririri) Red Cross Kenya."""
2552,Security,PSA,"Nairobi residents, beware of people who claim to provide business loans within an hour. The government does not have such a cash-in-hand program.","Abamenyi ba Nairobi, kab maiso nabanto bagwekora ng'a nkorwa bare chironi chiebiasara ase engaki yensa eyemo yoka. Eserikari tebwati moroberio onga buna eyio bwechibesa koboko chiokorwa."
2553,Security,PSA,Kenyans are warned to avoid online forex traders promising guaranteed profits. CBK does not license individuals to offer such services.,Abakenya bakureirwe gwetanga koonia chibesa chiechinse ao ao goetera eintaneti abanyabiasara bakongaina abanto nga abaita obonene mboreo. Ebengi enene ya Kenya (CBK) teri korwa erensesi as omonto oyomo gkora agasi eyio.
2554,Security,PSA,DCI cautions the public against forged university admission letters being used to defraud parents. Always verify admission directly with the institution.,Omotuki omonene okureire aanainchi igoro yamarube yogosa eyunifasiti yoborimo agendererete gotimeka kongaina na koibera abaibori. Kera engaki chungusa rirube riogosoa eyunifasiti goetra uyunifasiti enyene.
2555,Security,PSA,Public warning: There are no County Government jobs offered via agents in town. Anyone asking for a facilitation fee is running a scam.,Ogokurerwa kwa bonsi: Meremo teiyo yechikaonti okorugwa goetera abaachenti abwo emechie gose chitaoni. Onde bwensi ogosaba chibesa chiokomokonya agokorere ayio noboibi maiso marore.
2556,Security,PSA,"""Communications Authority has launched a hotline for reporting impersonation scams involving fake mobile providers. Dial 0800 222 777 to report.""","""Ekeombe getenenerete oboererania bwamang'ana giaansire enamba ya morero gokonya koyemanyia gose abasikari igoro yabanto bagwekona nga nkorwa bare obokoreri beintaneti. Aka esimi 0800 222 777 koyemanyia amang'ana ayio."""
2557,Security,PSA,"""Be cautious of agents offering NHIF registration at matatu stages. Report such individuals to the nearest police post. NHIF registration is free.""","""Kabe maiso korwa abanto bagwekora ng'a nkorika bare ase omoroberio bweinsuarensi ya nyagitari (NHIF) abwo ase chirori chikorinerwa. Ripoti abanto abwo ase eporisi ere ange naye. Kwerika koba oyomo ase Einsuarensi ya Nyagitari (NHIF) mbosa egokorwa."""
2558,Security,PSA,"""The Ministry of Education reiterates that bursary forms are distributed freely and do not require payment. Any demand for money should be reported.""","""Eminisitiri yechisemi yabekire chinguru nga chibasari chiesukuru nigo chikorugwa bosa fnaigo tegaineirie nga oakane. Gosabwa besa chinde chionsi nere buya korwaipoti."""
2559,Security,PSA,"""We urge Kenyans to double-check the legitimacy of any NGO requesting donations via mobile payment. Many have been flagged for fraud.""","""Nigo togosaba abakenya koirorera gocheki oboamaene bwebiombe bia NGO dchigosaba ogokonya goetera entaneti. Chinyinge chiechio chianyorirwe koba echioboibi"""
2560,Security,PSA,Do not give your M-PESA PIN to anyone! This is a very common scam.,Tobaisa korwa epini ya M-PESA yaogochia ase onde bwensi! Eye nero enchera abange baibeirwe.
2561,Security,PSA,Enable two-factor authentication (2FA) for all bank and social media accounts.,Enable two-factor authentication (2FA) for all bank and social media accounts.
2562,Security,PSA,Beware of emails pretending to be from banks asking for account verification.,Beware of emails pretending to be from banks asking for account verification.
2563,Security,PSA,Use a strong password like 'Nairobi2023!/' that is not easy to crack.,Tumia enomba yesiri enkongu okoigorera esimi yao buna Gusii2025! Eyio etari raisi ase monto onde koigora.
2564,Security,PSA,"Never click on suspicious links like 'Youve won KSh 100,000!' in SMS.","Tobaisa kobata eraini yeintaneti orechitangutangu nero buna eria ekogotebi ng'a kwanyorire chibesa 100,000!' goetera amangana ameng'e eyesimi."
2565,Security,PSA,Update your phones software monthly to fix security vulnerabilities.,Kera engaki tema gokora keboyia einchini yesimi yao kera omotienyi erio koyerenda korwa okoriegwa nebinyinyi.
2566,Security,PSA,"If your child is being bullied online, report it to the DCI Cyber ​​Unit immediately!","Onye omwana oo ogochandwa, kogoswa gose koramwa goetera eintaneti, manyia omonene bwobotuki otari konyorwa!"
2567,Security,PSA,Avoid using public Wi-Fi for banking. Hackers can steal your data.,Tiga gotumia chisimi gose eintaneti kobeka gose gotoma chibesa gochia akaonti yao yebengi. Gokora igo nigo okorwa ribaga abaibi bare nobang'aini bwogosoa eintaneti yao na gokoibera ase obowororo.
2568,Security,PSA,Teach children to avoid sharing personal details with 'online friends'.,Abana batige gosanga amangana abao nabasani babo bembeo goeera eintaneti.
2569,Security,PSA,Check 'Serena_254's' profile to see if it's legit before accepting the friend request.,Risegereria komanya inki 'Serena_254's' erengete nyuma otarakora kende nabarabwo.
2570,Security,PSA,Use a VPN on public networks to encrypt your internet traffic.,Tumia chinamba chiesiri ekero ogosoa ase Wi-Fi yabanto bonsi erio bwerende korwa abant barengete koyetuka komanya ninki kere ime.
2571,Security,PSA,Lock SIM yako kwa *something#! Usiache mtu atumie line yako kufanya maovu.,Sieka ESIM kadi yesimi yao buna *gentogete#! Totigera omonto atumie eraini yesimi yao gokora obobe
2572,Security,PSA,Fake job offers like 'Earn KSh 50k daily from home' are scams.Avoid upfront payments.,Emeremo yoborimo buna Nyora chinusi chilifu 50 kera rituko korwa nka' namangana oborimo agotumeka gokora oboibi. Tiga korwa chibesa omanye konyora chibesa.
2573,Security,PSA,Monitor bank statements for unauthorized transactions weekly.,Mongera buna chibesa chia chigosoa na gosoka kera ewiki ase akaonti yebengi yao erio onyare komanya bwango boibi bonde bwonsi bobaise kobao.
2574,Security,PSA,Don't write your passwords down in a book! Use an app like 'SafePass' to save them.,Tiga korika ringana riao riesiri riesimi goge ebengi ase egetabu! Tumia omoroberio beintanati yao ekero okoyeigora 'SafePass' rio korenda ringana erio ria riabobisi.
2575,Security,PSA,Use biometrics (fingerprint/face ID) instead of PINs where possible.,Tumia egento buna ekiara kiao gose epicha yobosio bwao rika ria enamba yesiri ase ekonyarekana.
2576,Security,PSA,Download apps only from Google Play Store or Apple App Store.,Nyora ebinto biria gigokonya esimi gokora emeremo yaye goetera Google Play Store gose Apple App Store.
2577,Security,PSA,"If you are using a cyber computer, log out after using your Gmail!","Onye kogotumia ekombiuta yesaiba, rimia Gmail akaonti yao ekero gwakorire korora ebinto gwatagete!"
2578,Security,PSA,Ignore messages like 'Youve won Safaricom Jackpot!'Theyre scams.,Ombia amang'ana ameng'e esimi buna 'Kwabuire ejakipoti ya Safaricom' Aya namangana arengete gokoibera.
2579,Security,PSA,Encrypt sensitive files before sharing them online.,Amanagana ao obobisi yakeborane gochia enkwana yobobisi otayarasanga ase eintaneti.
2580,Security,PSA,"Don't use the same password for Gmail, Facebook, and bank! If hacked, they'll all be gone.","Totumia enamba yesiri eyemo ase esimi, ebengi, akaonti ya Gmail, sose Facebook! Omonto aise gwesoi ase akaonti yao, onso aria kwabwate aroro nigo agosira pi na tokoyanyora rinde."
2581,Security,PSA,Verify charities before donating online.Fake fundraisers are common.,Kongoria buya ebiombe biria bigosaba ogokonywa goetera eintaneti otararwa besa ende yonsi. Abarigia chibesa boborimo nao bare.
2582,Security,PSA,Install antivirus software to protect against malware and spyware.,Beka egento keria kegotanga ebinyinyi ase esimi nekombiuta yao koyerenda korwa ebinyinyi bia malware na spyware.
2583,Security,PSA,Avoid 'get rich quick' schemes promising high returns.Theyre Ponzi scams.,Tiga kongaineka ng'a notenke bwango' emeroberio amangana akogotebia obwaita bwa bwango. Obo noborimo.
2584,Security,PSA,Secure home Wi-Fi with a strong password like 'Jamhuri@1963'.,tanga abanto korwa eWi-Fi yao ya nka goetera ringana rikingu kwegia buna'Jamhuri@1963'.
2585,Security,PSA,Turn off your Bluetooth when you're not using it! Others can access your phone.,Rimia eBluetooth yao ekero otari koyetumia. Abanto bande bensemo nabo barosoe ase esimi yao otamanyanyeti.
2586,Security,PSA,Check for 'https://' and a padlock icon before entering payment details online.,Rigereria 'https://' amo nekeogorero kiaye nyuma otarabeka gose goskana chisebesa goetera eintaneti.
2587,Security,PSA,"If someone says 'I'm with DCI, help me fix your computer', hang up! It's a scam.","Omonto aise kogotebi 'nao inde nomotuku omonene, nkonye nkoroserie enkombiuta yao, rimia omonto oyio korwa enkwara nere! Oyo nkogokona are akoibere anamangana ao korwa ekombiuta."
2588,Security,PSA,Back up important data to an external drive to avoid ransomware attacks.,Rosia ekopi yamangana ao yengencho ase esimi goe ekombiuta gochia ekegachi kende terio gwekonya korwa ogosarigwa nebinyinyi
2589,Security,PSA,Use privacy screens on laptops in public to prevent shoulder surfing.,Tumia ekerore ase ekombiuta yao yakoboko ekerore monto onde ore ange naye atanyarekorora eki okorikagose gwancha monto abekerere gento igoro ase ekombiuta yao. Eyio nabe arabe enchera eyemo yomoiba amangana ao gose kokoibera chibesa.
2590,Security,PSA,Don't use 'Mothers maiden name' for security questions! Use a fictional answer.,Tobaisa gotumia erieta riorera ria mama omino buna ring'ana ria riobobisi bwesimi gose ekombiuta. Tumia erieta riokwebaka orayare koinyora.
2591,Security,PSA,Fake DHL parcel alerts are common scams.Verify via official customer service.,Amanagana agokomanyia igoro yemesigo yoborimo goetera DHL nenchera eyemo abanto bakongainwa. Rigia komanya buya emeremo ekambani eyio egokora.
2592,Security,PSA,Do not open the 'Free Movies' USB on your computer! It may contain a virus.,Tobaise koigora gose kobeka chisiinema chia bosa ase ekombiuta yao goetera egento keria gekogacha chisinema gekorokwa eflash! Nabo keeranyare gosaria ekombiuta yao goetera ebinyinyi eflash ebogoretie.
2593,Security,PSA,Use incognito mode on shared devices to avoid saving browsing history.,"Ekero ogotumia ekombiuta yeintaneti, yebeke tabaisa kogacha eki kware korora gose gosoma ekero gwasiekire eki kware gokora. Renda gotagacha eki ogokora ase ase ekombiuta."
2594,Security,PSA,"If you are looking for customer support, use the numbers on the company's website.","Onye gokorigia ogokonywa korwa ekambani, tumia chinamba chiesimi gose eintaneti yekambani."
2595,Security,PSA,Disable browser password-saving features to protect accounts if your device is stolen.,Tobaise gwanchera ekombiuta okogachere ringangana riao riobobisi koyeigora erio korenda amagnana ase ekonbiuta eise koibwa gose gosira.
2596,Security,PSA,Visit rental properties in person. Online listings can be fake.,Tarera chinyomba chigokomboa aye omonyene. Amangana goetera eintaneti nabo arabe oborimo.
2597,Security,PSA,Download apps only from official stores like Google Play or Apple App Store.,Nyora ebinto biria bigokonya esimi gose ekombiuta gokora emeremo korwa aase egenire buna Google Play gose Apple App Store.
2598,Security,PSA,Enable 'Find My Device' on phones to track them if lost or stolen.,Ase chisimi bata Enable' Rigia Esimi Yane' ase chisimi erio koyebwatia ekero yasirire gose koibwa.
2599,Security,PSA,Never share OTPs.Even with 'bank staff'. Legit banks wont ask for them.,Tobaise gosanga OTPs. Nonya nase okori emeremo bwebengi'. Chibengi chiekeene tichiri koyesaba.
2600,Security,PSA,Use ad blockers to stop malicious pop-ups like 'Youve won an iPhone!'.,Tumia egento kegotanga amangana ogotangasa ebiasara buan kwanyorire esimi iPhone eye nencher eyemo yogotanga ebinyibigosaria esimi giose ekombiuta yao.
2601,Security,PSA,Check email sender addresses for typos like 'support@paypa1.com' (scam!).,Rora buya ng'a ningo otomete eimeil komanya eyebingainereria buna 'support@paypa1.com' (Oboibi!).
2602,Security,PSA,Avoid public USB charging stations They can steal your data.,Erende korwa nogochacherigwa esimi yao nomorande o USB. Ebi nabo biraibe amang'ana ao.
2603,Security,PSA,"""Do not download apps from random websites. Always use Google Play Store or Apple App Store. Unverified apps may contain malware.""","""Tiga korusia ebikoreri biria bigonya esimi gokora egasi korwa eintaneti aende yonsi. Kera engaki binyore korwa Google Play Store gose Apple App Store""."
2604,Security,PSA,"Avoid using public Wi-Fi for banking. Use a VPN if you must connect. Most free networks are not secure.""","""Erende korwa eWi-Fi yabanto bonsi kobeka chibesa ebengi. Tumia a VPN onye gokonyara gosoa ime. Chinetewaki chinyinge chia bosaare nchibwati borendi buya."""
2605,Security,PSA,"""If you receive an email asking you to verify your bank account, dont click  it's phishing. Report to the DCI Cybercrime Unit.""","""If you receive an email asking you to verify your bank account, dont click it's phishing. Report to the DCI Cybercrime Unit."""
2606,Security,PSA,"Do not share your MPESA PIN with anyone. Safaricom and banks will never ask for it. If in doubt, call official support.","Tobaisa gosanga enemba yao yobobisi ya MPESA nonde bwensi. Safaricom gose ebengi mbarikobori koboria nga obayetebie. Ekero ore nechitangutangu yeringana erio, rangeria ebengi yao koboria buya okonywe."
2607,Security,PSA,"""Set up 2FA (Two-Factor Authentication) for all your accounts. If your password is stolen, you will still be protected.""","""Eroserie 2FA (Chinchera ibera komnya buya) buna chiakaonti chiao ebengi chigendererete. Onye ringana riao riobobisi riaibirwe, nobe kwerendete ekiagera orosetie 2FA."""
2608,Security,PSA,Always wear a helmet when riding a bodaboda - it saves lives!,Kera engaki beka ehofia eri egokorende ekero kiomobasekano korinete epigipigi - ngokonya ere obogima!
2609,Security,PSA,Don't use your phone while walking on the road! Look both ways before crossing the road.,Tiga gotara kogotumia esimi ekero ore epara! Rigereria rigoro na maata otarantamboka.
2610,Security,PSA,Keep children away from open flames and hot surfaces in the kitchen.,Beka abana are korwa ase omorero ore gose ebinto bigosamba aaria echikoni.
2611,Security,PSA,Install barriers on windows and doors on upper floors to prevent children from falling.,Sambereria gose beka ase emerangwa nechitirisa ase enyoba yeekorofa ebinto bigokonya gotanga abana tibagwa inse.
2612,Security,PSA,Never leave children unattended near water bodies - drowning happens silently.,Tobaisa gotiga abana boka aase amache amange are - okonywa chintobe nigo ekoba raisi otamanyeti.
2613,Security,PSA,Use crossing points and traffic lights where available.,Tumia gotamboka epara aase ebimanyererio bibekire gose chitochi chikogotebia ekero obwenerete gotamboka epara.
2614,Security,PSA,Install smoke detectors in your home for early fire warnings.,Beka ebinto biria bikonyonka erioki ase enyomba yao gokomanyia bwango elero enyomba yabwatire omorero oyorimie bwango.
2615,Security,PSA,Keep a first aid kit at home and learn basic first aid procedures.,Kabe namariogo nyomba aria aragokonye gokonyera oborwaire bwa mobasekano gose omonto oumiire otaramoikia nyagitari.
2616,Security,PSA,Always check expiry dates on food products to avoid food poisoning.,Kera engaki mongera chitariki chiendagera kogunda otaragora erio bwerende gotara na koria endagera eng'undo ekoretere obokong'u.
2617,Security,PSA,"If you see a power cable fallen, stay away and call 999 immediately.","Korarore omorande bwesitima ogwete inse, toika ang,e rangeria enamba ya morero ya porisi 999 otari konyorwa."
2618,Security,PSA,Secure heavy furniture to walls to prevent tip-over accidents with children.,Torerania ebinto buna eborogo gose chimesa chidito nyomba ase chinyasi gokonya hitichigwera abana ekero bagotema korina igoro.
2619,Security,PSA,Do not use gas stoves indoors - keep them in a well-ventilated area.,Tiga gotumia eagsi gotugera nyombe ase etirisa gose morangwa otari koreta embeo nyomba - yetumie ase aigogete embeo egosoa buya.
2620,Security,PSA,Learn basic swimming skills - it could save your life or someone else's.,Egegera buna oranyare goaka ontimbu -nabo eragokonye gose gokonya omonto onde.
2621,Security,PSA,"Put emergency contacts in your phone: Police (999), Ambulance (911), Fire (990).","Bechaka chinamba chiemebasekano ime ase esimi yao: Porisi (999), Egari yemebasekano (911), Omorero bwatekire (990)."
2622,Security,PSA,Always have a fire extinguisher in your kitchen and know how to use it.,Kera engaki kabe negento keria gekorimia omorero ase echikoni yenyomba yao na manya buna okogetumia.
2623,Security,PSA,"If you see water on the road, do not try to cross it - It may be deep.","Korarore amache ase epara, tobaisa gotamboka- nabo oranyore amache ayio namange orimere."
2624,Security,PSA,"Teach children their full names, parents' contacts, and home address.","Egeria abana komanya amarieta abo onsi, enamba yesimi, inka sobo buna ekorokwa, agose enamba yeposita yerirube."
2625,Security,PSA,Keep emergency exits open and unblocked in shops and offices.,Manyia gose orokereria buya aase abanto bakominchoreria gochia ekero kiobokongu na koyatiga aigoire chingaki chionsi egasi egenderete.
2626,Security,PSA,Never overload electrical sockets - it can cause fires.,Tiga gotumba ebinto ebinge ase esoketi eyemo yesitima -eye nabo erabe enchera eyemo yomorero gwateka nyomba.
2627,Security,PSA,"If you notice a foul smell from the gas, leave the house immediately and call the gas company.","Ekero oranyoke rimisu riegasi, tama korwa enyomba eyio kegima na rangeria abanto bekambani yegasi eyio gose porisi."
2628,Security,PSA,Always wear seatbelts - front and back seats - on every trip.,Siba omchibi kore erori ime chingaki chionsi - nyuma na magega kera engaki egari ekogenda.
2629,Security,PSA,Do not allow children to play near stones during construction.,Totiga abana gotienera ase amagena are ekero amaagacho agendererete.
2630,Security,PSA,Keep emergency numbers visible in your home and workplace.,Beka chinamba chiria chiemebasekano ase chikororekana buya chinka chiaino na ase emeremo.
2631,Security,PSA,Create a family emergency plan and meeting point for disasters.,Manyererania genkio nabanto benyoma yao aase ogotamera chingaki chiomobasekano.
2632,Security,PSA,Always supervise children when they're using playground equipment.,Kabe ange nabana bao ekero bakogosori nebinto biria biogokorerwa chigosori.
2633,Security,PSA,Do not use damaged or burning electrical appliances.,Tobaisa gotumia ebinto biesitima bisaregete gose bigisamba.
2634,Security,PSA,Learn the Heimlich maneuver to help someone who's choking.,Soma na komanya igoro ya Heimlich maneuver erio omanye buna orkonye omonto ongentirwe nandagera gose amache.
2635,Security,PSA,"Put covers on unused electrical outlets, especially in homes with children.","Tibua ande onsi aase esitima egosokera buna chisoketi, mono kegima ase chinka chire nabana."
2636,Security,PSA,Never leave candles burning unattended - use hurricane lamps instead.,Totiga omosuma ogwoka bwoka monto taiyo korora buna ogwoka - tumia etaya nyakio rika riomosuma.
2637,Security,PSA,"If you are riding a bodaboda, make sure the driver has a helmet and a reflective jacket.","If you are riding a bodaboda, make sure the driver has a helmet and a reflective jacket."
2638,Security,PSA,Keep walkways clear of obstacles to prevent trips and falls.,Rusia kegocha kende giosni ase abanto baogoetera gokonya abanto mbagochwa na kogwa.
2639,Security,PSA,"Keep  mosquito repellent at home, especially during the rainy season.","Kabe naguta aria agoseria chiimbu korwa nyomba, na mono kegima chingaki chiembura."
2640,Security,PSA,Always check weather forecasts before planning outdoor activities.,Rigereria buya rire buna rire otarasoka kogenda gose gosoka gochia esafari.
2641,Security,PSA,Do not leave your vehicles open or valuables visible.,Tomocha gotasieka erori yao gose gotiga ebinto biengencho kororekana ime.
2642,Security,PSA,Install carbon monoxide detectors if you use gas or kerosene heaters.,Beka egento keria gekonyonka embeo embe onye kogotumia amaguta etaya gose egasi.
2643,Security,PSA,"Make an emergency kit with a flashlight, batteries, first aid, and drinking water.","Kabe nebinto bia ntenera biranyare kogokonya ekero kiobokongu buna ekero esitima etaiyo obe etochi koreta oborabu ase eyomba, amo namasasi, na amariogo, namache okonywa."
2644,Security,PSA,Never drink and drive - even small amounts of alcohol impair judgment.,Tonywa amarwa naende ogendie erori - nanya namarwa amake igo nigo agosaria ebirengererio nachisemi eki obwenerete gokora.
2645,Security,PSA,Keep your doctor's and hospital's numbers nearby in case of emergencies.,Gacha enmba yanyagitari nomonyagitari oo ange nase ebogete omobuko oo bwemebasekano buna amarigo.
2646,Security,PSA,Teach children how to call for help in emergencies (999 or 112).,Somia abana bamanye buna baranyare krigia ogokonya ekero kiemebasekano goetera (999 gose 112).
2647,Security,PSA,Do not leave dangerous items within the reach of young children.,Tiga kobeka ebinto bire atari ase abana ase baranyare kobikera.
2648,Security,PSA,Always have an emergency evacuation plan for your workplace.,Kera chingaki kabe na ase oranyanyare kominchoreria ekero kiomobasekano ase egasi.
2649,Security,PSA,"If you have farms, clearly label fertilizers and pesticides.","Onye kobwate omogondo bwoboremi, orokereria buya obwoyo mborobi, n amariogo boigo."
2650,Security,PSA,Never use generators indoors - they produce deadly carbon monoxide.,Tobaisa kobeka echenereta nyomba na koyiokia - erioki riaye nesumu ase omobere.
2651,Security,PSA,Install waterproof devices on all electrical sockets in the home.,Beka egento kegotuba aase esitima egosokera korwa buna esoketi nnka bwoo.
2652,Security,PSA,Keep emergency exits clearly marked and unobstructed in public buildings.,Erokeria buya aase okominchoreria elekero kiemebasekano ere na etbwati binto biranyare kogocha abanto kabagotama.
2653,Security,PSA,Use sunscreen and avoid the sun between 10 am and 4 pm.,Use sunscreen and avoid the sun between 10 am and 4 pm.
2654,Security,PSA,Always check depth before diving into water - neck injuries can be fatal.,Kera engaki pima komanya obotambe bwamache otarasoa goaka ontimbu. - nabo oraumie bobe ebigoti.
2655,Security,PSA,Do not leave cooking utensils uncovered when using cooking oil.,Kunekeri chufuguri ekero ogotumia amaguta amaguta ogokaranga endagera.
2656,Security,PSA,"Learn basic first aid for burns, cuts, and choking incidents.","Manya chinchera chia bwango buna oranyare gokora ekero kwayire, kwenachire gose kwangentirwe nandagera gose amache."
2657,Security,PSA,"Emergency contacts are: Police (999), Ambulance (911), Fire (990).","Chinamba chiemebasekano: Porisi (999), Erori ya Ambulance (911), Omorero bwatekire (990)."
2658,Security,PSA,Never leave children alone in vehicles - temperatures rise dangerously fast.,Totiga abana boka erori ime - riberera ime yorori nigo rikomenta bwango.
2659,Security,PSA,Use easy-opening windows in bedrooms for emergencies.,Beka chitirisa chikoigoka kebwororo ase chinyomba chiokorara koba aororo ekero kiemebasekano kominchoria.
2660,Security,PSA,Keep walkways well-lit at night to prevent accidents and deter crime.,Rora nga nobegeta chitaya ase abanto bagoetera botuko ase ogotanga emebasekano yomonto kogochwa and gotanga obosaria.
2661,Security,PSA,Do not leave electrical appliances plugged into sockets when not in use.,Tobaise gotiga ebinto biria bigotumia esitima bisomekire ase esoketi ekero otari kobikorera egasi.
2662,Security,PSA,Always have a working flashlight and extra batteries at home.,Kera engaki tema koba netochi inka orayare gwokia ekero esitima yagendire amao nasasi ande oranyare koyebeka ekro aria are ime aerire.
2663,Security,PSA,Keep an emergency contact list on the fridge and with your older children.,Rika chinamba orarangerie onyore ogokonya ase egento keria kegokendia endagera (efurichi) amo nabana bao abanene.
2664,Security,PSA,"Always lock doors and windows when leaving home, even for short periods.","Kera chingaki sieka emerangu nechitirisa ekero ogosoka korwa inka, nonya nase egeka egeke."
2665,Security,PSA,Report suspicious activities in your neighborhood to police immediately.,mnyia amangan ore nechitangutangu naro agokorekeka ase chiamate chiao gochia ase omogambi gose abasikari kegima.
2666,Security,PSA,Install security lights around your property to deter burglars.,Iboka chitaya chikomoreka buya ase enibo yao ere buna enchera eyemo yogotanga abaibi.
2667,Security,PSA,Don't display valuables in your car - keep them out of sight.,Tiga kworokia ebinto bierigori ime yerori yao - keep them outside.
2668,Security,PSA,Join or start a neighborhood watch program in your area.,Join or start a neighborhood watch program in your area.
2669,Security,PSA,Take photos of your valuables and record serial numbers for identification.,Aka ebicha ebinto bia biengencho bionsi chibicha na rika chinamba chiokobiatanana.
2670,Security,PSA,"Use strong padlocks for gates and sheds - avoid cheap, easy-to-cut locks.","Tumia ebiburi ebikong'u ase ebiita biao nekiriri igoro yabo - tga kogora ebinto biebei enke, bikobutoru naibaibi bwngo."
2671,Security,PSA,Be cautious about sharing travel plans on social media.,Tiga gwatora-tora emeroberio yechisfari chiao ase eintaneti.
2672,Security,PSA,Keep bushes and trees near windows trimmed to eliminate hiding spots.,Nacha emete na rabia orosana ase chitirisa gotanga abaibi tibebisa aroro.
2673,Security,PSA,Mark your property with UV pens or engraving to help recovery if stolen.,"Beka ebinto biao nekemanyererio ""UV pens or engraving"" gokonya kobinyora onye biaibirwe."
2674,Security,PSA,Install peepholes in exterior doors to identify visitors before opening.,Bochora ebingoro biabeene ase emerangu yaisiko kogokonya korora nakomanya omonto korwa nyomba otaramogorera.
2675,Security,PSA,Don't carry large amounts of cash - use mobile payment options instead.,"Tiga kobogoria chibesa chinyinge - rika riokobogoria chibesa, tumia chinhera chigedichitari."
2676,Security,PSA,Park in well-lit areas at night and check surroundings before exiting vehicle.,"Ekero ogoteneni erori yao botuko yeteneni ase oborabu bore boisaine, na mongera aaria na gochia aaria buya nyuma otarasoka korwa erori ime."
2677,Security,PSA,Teach domestic staff to verify identities before opening gates/doors.,Somia abakori emeremo bao ba nka korigereria buya ebibande bia'bageni nyuma batarabaigoreraebiita gose omorangu.
2678,Security,PSA,Use timers for lights when away to give appearance someone is home.,"Ekero gwasokire gochia esafari, beka chitochi chia chiesitima chinsa chireokie chinyene buna egento giokworokia nga omonto nare nka."
2679,Security,PSA,"Keep car keys in a secure location at home, not near doors/windows.","Gacha ebibunguo bierori yao inka ase agiya, korende tari ase omorangu gose etirisa."
2680,Security,PSA,Verify credentials of service personnel before allowing access to property.,Verify credentials of service personnel before allowing access to property.
2681,Security,PSA,Install security cameras at entry points and make them visible.,Beka chikamera chikobwata buna abanto bagosoa na gosoka korwa bwoo as omorangu gose egeita hirirekanete buya.
2682,Security,PSA,Be aware of common scams like fake lottery winnings or inheritance claims.,Erende korwa ebinto biobongainereria buna kong'ainwa ng'a kwabuire bahati na sibu buna omonyamwando bwomonto osirete.
2683,Security,PSA,Don't resist during armed robbery - your safety is more valuable than property.,Ekero ebibago biobibi bikogosagana tiga kwamererania nabarabwo- obogima bwa nobwengencho kobua enibo.
2684,Security,PSA,Keep emergency numbers programmed in your phone for quick access.,Rika na kogacha esimi yaoime chinamba orarangerie chingaki chiemebasakano.
2685,Security,PSA,Use different routes when traveling regularly to avoid establishing patterns.,Etera chinhera ao ao echi ogosokera korwa inka na koirana erio osirerio amabarato yorogendo rwao buna enchera eyemo yokwerenda.
2686,Security,PSA,Shred documents containing personal information before disposal.,Tandora na gosria gose samba amasakara ao abwate amang'ana bobisi otarayatuguta.
2687,Security,PSA,Join us in the fight against corruption. Be part of the solution.,Tobwatisies ase ekinano nobokengeka. Kabe oyomo ase okoreta ekeganeirie.
2688,Security,PSA,"Promote integrity and transparency in all institutions. Together, we can prevent corruption before it starts.","Segeta ekeene nobomaiso marore ase chinsemo chionsi chiobokoreri. Ase oboamo, nabo togotanga obokorekanu tiboba."
2689,Security,PSA,Report irregular hiring and misuse of public office. Fair recruitment builds trust and accountability.,Karwe eripoti igoro yokorikwa kwa abanto omoroberio omoronge otabwatirie ase ogotumia bobe ofisi yobokoreri bwabanto. Okorika abanto ase omoroberio omuya nigo ogosegeta obwegenwa noboteneri obuya.
2690,Security,PSA,Corruption weakens counties. Ttake a stand! Uphold ethics in public service and support anti-graft initiatives.,Obokorekanu nigo bokogengeria chinguru chiense. Chora buya! Segeta na goikerania obokereri obuya ase na sira emeroberio yokorwania obokorekanu.
2691,Security,PSA,Every Kenyan must join the fight against corruption.Uuphold our dignity and justice.,Nere buya kera omo'Kenya kobwatisia esegi gotanga obokorekanu. Segeta amasikani nekeene.
2693,Security,PSA,Urgent reforms at Kenya Power & Lighting Company (KPLC) are vital to restore public trust. Be part of the change.,Oboonchoreria bwa bwango ase ekambani yesitima ya Kenya (KPLC) nayengencho ase okoirania obwegenwa gati yekambani eyio yomorero nabanto ba Kenya. Kabe oyomo ase baria bakorenta amaonchorerio.
2694,Security,PSA,Automation of the self-declaration process is now live. Uphold integrity by complying online today.,Okwemanyekania aye omonyene igoro yenibo obwate bono nigo ogekorwa goetera egedichitri gose eintaneti. Segeta obokeene ase ogoikerania ayio goetera eintaneti.
2695,Security,PSA,Embrace innovation for greater impact. Ethical leadership starts with you.,Bwata chinchera chinyia chiogokora emeremo ase obokoreri oboikeranu. Engencho engiya nigo egochaka naye.
2696,Security,PSA,"Unified action is needed in the war against graft. Stand firm, report corruption.","Okobwatera amo nkoganeirie erio gosegeta esegi ase obokorekanu. Tenena bokong'u, teba ase obokorekanu bore."
2697,Security,PSA,"Search warrants are investigative tools, not criminal proceedings. Uphold the law, uphold integrity.","Abasikari gocha kogotuka buna koti yabatomete nokorigia obosaiti, na tari ekina kiobosaria. Sika richiko, kabe nekeene."
2698,Security,PSA,Visit the ASK Eldoret Show and stand with us in the fight against corruption. Together we can safeguard Kenya’s future.,Tarera amaorokererio yoboremi (ASK) aaria Eldoret na koba oyomo oito ase okorwania obokengeka. Amo nabo torakonye Kenya ayito aiga motwe.
2699,Security,PSA,Keep our roads safe. Corruption in licensing and inspections is “licensing to kill.” Report bribery in transport.,Bwatia amachiko obogendi chirori gotanga emebasekano. Konyora erensesi yokogendi erori ase obokengeka gose eroi yao koegwa amarube yoborigereria nga mbuya ere yoborimo “nokorwa erensesi yogoita.” Teba igoro yokoria riaki ase obobogoria.
2700,Security,PSA,"Join our outreach in Nandi County: raise awareness, promote ethics, and stand with us against graft.","Inchuo naintwe ase ogoikera abanto isiko gokwanerana aiga ekaonti yaito ya Nandi: manyia abanto, segeta chingencho chingiya, na tenena naintwe korwania obokengeka."
2701,Security,PSA,Be cautious of strangers asking for personal or financial information.,Erende korwa abanto otamanyeti bagokobori amangana igoro yao gose chibesa chiao.
2702,Security,PSA,Install window security film to make glass harder to break.,Sambereria chichuma ase chetirisa chia erio gotanga ebirore tibiateka raisi.
2703,Security,PSA,Don't leave ladders or tools outside that could help burglars gain access.,Totuiga engasi gose kende gionsi keranyare gokonya abaibi korina mwao ase ekorofa na kogoikera.
2704,Security,PSA,Keep car doors locked and windows up when driving in high-risk areas.,Sieka emerangu yerori yao na koyeroki buya ekero okogendia erori yao ase chirori nabanto bare abange gose obosaria bwa igoro.
2705,Security,PSA,Use tracking devices for valuable items like electronics and vehicles.,Beka erori yao ebinto biria biranyare koyebwatia gose koyerora ase ere ekero yaibirwe nebinto binde bia bionsi biingencho.
2706,Security,PSA,Be wary of strangers offering unsolicited help with ATMs or banking.,"Eborie buya igoro tabanto otamanyeti bakorwa ogokonya kwa bosa goetera obokoreri bwechisimi, (ATMs) gose ebengi."
2707,Security,PSA,Create inventory of household items with photos and receipts for insurance.,Rika inse ebinto bionsi bia mwao. biake chibicha na gacha amarisiti kwabigorerete gonya insuarensi kogoakana ekero birayie gose koibwa.
2708,Security,PSA,Use deadbolt locks on exterior doors for added security.,Use deadbolt locks on exterior doors for added security.
2709,Security,PSA,Be cautious about sharing personal information on phone calls.,Renda tobaise gosanga amangana ao abobisi gose ayengencho na monto onde bwensi goetera chinkwana ase esimi.
2710,Security,PSA,Install motion-activated lights in dark areas around your property.,Beka ase enkna yao gose ase enibo yao ere ebirobu biesitima biria ekero biarorire omonto botuko bigwoka gokomanyia nga onto nare isiko.
2711,Security,PSA,Keep shrubbery near entry points low to maintain visibility.,Simeka amaoga ase omorangwa gose egesona kiao.
2712,Security,PSA,Don't leave spare keys in obvious places like under doormats or flowerpots.,Totiba ekopi yebinguo biao bia kobera aase aamo engaki entambe buna inse yomogeka bwenyomba gose ase enyongo yamaoga - bichenchie kera engaki.
2713,Security,PSA,Use security bars or grilles on vulnerable windows and doors.,Sambereria egiriri ase chitirisa nemerangu gochikong'ia.
2714,Security,PSA,Be alert in parking lots - have keys ready and check backseat before entering.,Be alert in parking lots - have keys ready and check backseat before entering.
2715,Security,PSA,The Police Service urges Patriotic Kenyans to report cases of illegal immigrants for arrest to the nearest police stations.,Abasikari baboririe abakenya baria banhete ense yabo Kenya bamanyie igoro yabanto bakagere gosoa Kenya goetera emerangu ya magega gochia eporisi steseni ya ange babwatwe.
2716,Security,PSA,We urge citizens to cooperate with security personnel as they perform their duties and use lawful channels to address their grievances.,Nigo togosaba abanainchi babweterane nabarendi boborendi chingaki bagokora emeremo yabo ase ogotumia chinchera chireo korwa okwemurunganania kwabo.
2717,Security,PSA,We urge citizens to continue volunteering information that will lead to the arrest of Francis Gaitho.,Nigo togosaba abanainchi bagenderere korwa amang'ana gochia ase abasikari aranyare gokonya komobwata Francis Gaitho.
2718,Security,PSA,Let's continue playing our part in thwarting terror by sharing information on suspicious activities with relevant authorities.,Kera oyomo oito atigare koba maiso nagokora ensemo yaye gotanga obokebago bwokoruta chipomuin goetera akomanyania amang'ana gose ebinto tore nechitangutangu nabirobio.
2719,Security,PSA,"If you have information, #ReachDCI through hotline number 0800 722 203. Let's work together to uphold justice and accountability. #FichuaGaitho","Onye kore nering'ana, #Moikera omotuki omonene goetera enamba ya morero 0800 722 203. Tiga tokore emeremo amo gosegeta ekeene nobotenereri obuya. #Bisora Gaitho"
2720,Security,PSA,The public is advised to exercise restrain and is explicitly cautioned against any attempts to enter without authorisation or break into JKIA as it is a protected zone under the laws of Kenya.,Abanto basemiigwe gwetanga koba nobororo na gokurerwa kegima ng'a tibatema kobuna egeita na gosoa nechinguru egetii kene giechindege gia Jomo Kennyatta International Airport (JKIA) egekogera aiga naase arendire nerichiko ria Kenya.
2721,Security,PSA,Youths are advised to reject alshabaab propaganda to avoid premature death or such hefty jail sentences.,Abasae basemiigwe kwanga amangana alshabaab aporopaganda gotanga ogokwa kwabwango buna etarenge engencho yogokwa gose gosibwa echera engaki entambe.
2722,Security,PSA,Citizens are advised to avoid buying phones from random people as Telcos and Security Agencies are tracking the stolen devices.,Abanainchi basemiigwe gotanga gotaboria chisimi korwa ase abantoekiageraekambani eria yarosetie chisimi echio nabasikari nkobwatia bare chisimi chibire.
2723,Security,PSA,"Let's work with Police to arrest criminals hiding in #Maandamano to steal, destroy properties and commit other crimes.","Tiga tokore emeremo amo nabasikari kobwata ebibago biebisete ase amaanadamano erio koiba, dgosaria ebinto kobakora abande koba ebibago."
2724,Security,PSA,"Let's avoid sharing propaganda, unverified information, and graphic images in order not to add to the distress of the affected.","Totige korandarandia amangana yoborimo, amangana ataramanyekana boronge, amo nechibicha erio titoba abakogesa obororo ase baria bare nobokong'u."
2725,Security,PSA,"Citizens are advised to conduct themselves in a lawful manner. All acts of sabotage, theft and incitement will be prosecuted.","Abanainchi basabirwe koba abatebere na abasigete richiko. Ebikoru biobosaria biabomwenu, oboibi na gosegeta abanto kobuna amchiko goika agambigwe."
2726,Security,PSA,"Disturbance of peace, incitement, looting, and vandalism remain unlawful.","Ogoturubania omorembe, ogosegeta abanto, okiba, na gosaria ebinto nigo bire mamincha yerichiko."
2727,Security,PSA,Verify identity of delivery personnel before allowing access to property.,Rigereria buya ekabande kiomonto ogokoba gose korenta ebinto buya nyuma otaramwanchera gosoa.
2728,Security,PSA,Don't leave valuables visible in your car when parked.,Totiga ebinto biengencho birorekane ime yerori yao ekero oyeteneneties ase chirori chikobekwa.
2729,Security,PSA,Use steering wheel locks as additional deterrent for vehicle theft.,Sieka gose richania egento keria kierori omorundia erori agotumia goonchorana amagoro gakoyegendi (Obureki) buna enchera eyo yogotanga teibwa.
2730,Security,PSA,Be cautious of 'distraction theft' tactics in public places.,Tigara komanyete buna abaibi chingencho abaibi bagotumia ase abanto bare abange koiba.
2731,Security,PSA,Keep emergency numbers visible near phones and programmed in mobile devices.,Rika na kobeka chinamba chiesimi ase chikororekana buya mbarabare nesimi yao echio chirangerigwe ekero kiomobaseka konyora obokonyi visible.
2732,Security,PSA,Consider installing a safe for important documents and valuables.,Nere buya koba nase agiya okobeka amanag'ana ao na ebinto biaobiengencho.
2733,Security,PSA,Be wary of 'emergency' scams where callers pretend to be family in distress.,Kabe maiso nechisimi korwa ase abanto bagwekona buna abamo babamino chigokorangeria nga omonto omino nare ase emechando eganetie oboknyi bwa bwango gokonya obogima bwaya.
2734,Security,PSA,Use security chains on doors even when expecting visitors.,Sieka emerangu yao yenyomba nenyororo nonya nekero okagerete abageni gocha kogokwania.
2735,Security,PSA,Don't leave purses or wallets unattended in shopping carts or public places.,"Tiga gotiga ebibeti biechibesa bitarendiri na monto ase eduka, echiro gose aande onsi."
2736,Security,PSA,Be cautious of 'shoulder surfing' at ATMs and when entering PINs.,kabe maiso ase emachini eria ekorusia chibesa ase ebengi na abanto bakoigoka ang'e okobata PIN emachine ekoe chibesa.
2737,Security,PSA,Use security cameras with cloud storage to preserve evidence if needed.,Beka chikamera chiria chibwatanirie neintaneti chikobwata abanto buna bagosoa na gosoka gose ebinto bigendererete kogonya obosaiti ekero boganeirie.
2738,Security,PSA,Usifanye maonyesho ya mali thamani kwa umma - weka kwa siri na salama.,Tobaise kworokia enibo yao ore nero ase abanto- yegache ase obobisi na buya.
2739,Security,PSA,Install security film on glass doors to prevent easy break-ins.,Beka egamu gatigati yebirore bierori yao gotanga abaibi kobwata ase obwororo.
2740,Security,PSA,Put unique marks on your belongings to easily identify them if they are stolen.,Beka ekemayererio kia beene ase ebinto biao erio onyare kobiatanana buya ekero biabirwe.
2741,Security,PSA,"Keep car registration and insurance documents secure, not in glove compartment.","Gacha amasakara kwagorerete erori yao amo neinsuarensi kafa yerori yao ase agaya , na tari ase erori yao ome."
2742,Security,PSA,Be cautious of 'too good to be true' offers for rentals or purchases.,Kabe maiso nebinto bikororekana buya na buna ebiekeene bikorugwa ogore enyomba aase gete.
2743,Security,PSA,"Don't leave doors and windows open at night, even if it's very hot.","Tobaise gotiga omorangu gose etirisa bitasiekirie botuko, nonya riberera rire rinene."
2744,Security,PSA,Consider joining or forming a business watch program in commercial areas.,Nere buya kobwatana nabanyabiasara ase oborendi bwebiasara biano aaria ase ebiasara.
2745,Security,PSA,"Contact emergency services through: Police (999), DCI (0800 722 203).","Ikera ogokonywa chingaki chiemebasekano goetera: Porisi (999), Omotuki omonene (0800 722 203)."
2746,Security,PSA,Be cautious of strangers asking to use your phone for 'emergencies'.,Erende nabanto otamanyeti bakogosaba esimi yao baake ase ingana rinde rionsi riomobasekano'.
2749,Security,PSA,"UNDP feature on community policing, Nyumba Kumi and Youth liaison programs in Kenya","Obomo bwechinse chikwegambera nemeroberio yamagenderero (UNDP) nkworokereria ere igoro yabarendi boborendi (Community Policing), Nyumba Kumi amo nemeroberio yogoikera abasae (Youth liaison programs) aiga Kenya"
2750,Security,PSA,Police Reforms Working Group calls for stronger COP,Ekeombe kia baria bagokora amaonchorerio ase obokoreri bwabasikari nigo kegosaba ogokongigwa kwa abarendi boborendi (COP)
2752,Security,PSA,Study report on Nyumba Kumi impacts in Migori County (Suna West),Eripoti ya ayarorekanete goikerwa naobokoreri bwa Nyumba Kumi aaria ekaonti ya Migori (Suna West).
2753,Security,PSA,KIPPRA analysis of community policing reforms,Obokongoria bwa KIPPRA igoro yamaonchorerio igoro yabarendi boborendi.
2754,Security,PSA,Nairobi informal settlements community policing case study with relevance to wider Nakuru experience.,Ayanyorekanete arengete abarendi boborendi ase emechie yechirandi aaria Nairobikoreng'ana na ayare aaria Nakuru engima.
2755,Security,PSA,"Community policing committees model in Narumoru station (serving Nyeri County), supported by IMLU, engaging community officers","Engencho engiya yechikomiti chia abarendi boborendi aaria omochie o'Narumoru station (Obokoreri bwakaonti ya Nyeri), bwasiretwe na IMLU, kobwaterana nabarai bebinyoro."
2757,Security,PSA,IMLU report on community policing committees in Narumoru (serving Nyeri and Nyandarua region),Ekeombe kia IMLU kiarure eripoti igoro yechikomoti chiabarendi boborendi aaria Narumoru (egokorera ensemo ya Nyandarua)
2759,Security,PSA,Mombasa community policing forum convened by KEPSSI and local leaders to curb juvenile gangs in Likoni,Ogocha amo kwabarendi boborendi aaria ekaonti ya Mombasa gwakoretwe nekeombe keria kiobomo bwechisukuru chioboroso  (KEPSSI) ase okobwaterana nabarai bebinyoro gokinana na ebiombe biobosaria nabana abake aaria Likoni
2761,Security,PSA,Research showing how police community collaboration contributed to crime reduction in Machakos Sub County,Obotuki bokoorokia buna okobwaterana gwe ekenyoro na eserekari biorokiri gokei obosaria
2762,Security,PSA,Academic findings on drivers of COP success and constraints in Migori County's Nyumba Kumi program,Amasomo abeene aorokirie buna omosangerekano bwabasangi ase oborendi (COP) bwakonyire gokeania emechando aaria ekaonti ya Migori goetera omoroberio O'Nyumba Kumi.
2763,Security,PSA,"Outline of training programs for police and community defenders in Kisumu, Mombasa, Nakuru, prior to national elections","Ngwatora ere emeroberio yokwegeria as abasikari nabaegereri bebinyoro aaria Kisumu, Mombasa amo na' Nakuru ange nobochori obonene."
2764,Security,PSA,All 47 Kenyan county security committee members received training in community policing and prevention of violent extremism,Abarendi boborendi bechikaonti chionsi 47 mbanyorete amasomo amao nabateneneri boborendi bebinyoro abanyene gotanga obosareki bwogoonchorwa ebirengererio.
2765,Security,PSA,TOday GBV-capacity workshop with NPS and community figures across Kisumu subcounties,Rero ogomomia gokinia okomanya igoro yogokorera bobe abande ase yeki bare ase abasikari nabanto bande bebinyoro basikire ase amechie emeke yonsi inse ye'kaonti ya Kisumu
2766,Security,PSA,KNCHR tells of citizen engagement programs boosting security and human rights awareness in Kisumu County,Ekeombe keria ekenene gia Kenya kerendete oboronge bwa mwanyabanto (KNCHR) ngoteba bare igoro yemeroberio yokobwaterana buna yakong'irie oborendi na obomanyi igoro yoboronge bwa mwanayabanto aaria ekaonti ya Kisumu
2767,Security,PSA,NPS published an official Text for community policing roles and expectations to help residents and officers work together more effectively,Ekeombe keria ekekene kiabasikari (NPS) ngiatomete amanga amen'ge gochia abarendi boborendi bwebinyoro goetera esimi kobamanyia emeremo yabo nekere gekageire korwa asebare gokonya abamenyi na abaofisa gokora emeromo amo keboikeranu.
2768,Security,PSA,Study demonstrates that adoption of community policing in Nairobi significantly improves service delivery and police accountability,Amasomo aorokirie ng'a goitabwa kwoborendi bwenyoro nabanyene aaria Nairobi yakonyire kegima emeremo yokorwa oborendi ase oboikeranu.
2770,Security,PSA,NPS published a Text detailing roles and expectations of community policing in Nairobi County,Ekeombe keria ekenene ki'abasikari nkiarigete amangana ameng'e agoteba buya emeremo na egekageire korwa abarendi boborndi bwebinyo ase ekaonti ya Nairobi.
2771,Security,PSA,Research shows that community policing in Nairobi County significantly improves service delivery in police stations,Amasomo yokorigia chisemi chinyia nkworokia are ng'a abarendi boborendi bwenyoro ase ekaonti ya Nairobi ogoonchoreria okonene buna egasi egokorwa yoborendi ase chisitesheni chia police.
2773,Security,PSA,Citywide COP strategy building citizen coalitions for crime prevention in Nairobi City,Chinchera chibarendi boborendi bwenyoro Nairobi engima (COP) bagoetera gocha amo nakorosia ebiombe bioboamo gotanga obosaria omochie omonene o'Nairobi.
2774,Security,PSA,NCRC government report finds mixed public trust in police despite years of community policing,Chiripoti chiekeombe ekenene gieserikari ekio kebwata chiripoti chieserikari chionsi (NCRC) nkworokia kere chitang'utang'u gati yabanainchi buna okwegena kwabo ase abasikari kore ogoke nonya yabeire engaki entambe korwa omoroberio bwoborendi nabarendi bebinyoro ochagete.
2775,Security,PSA,Analysis of police social media use and public trust dynamics in Nairobi City County,Okounenkia kwabasikari buna ebinto biokomanyia amang'ana (NCRC) bagotumeka na buna abainainchi babegenete ase ekaonti yomochi omonene bwekaonti ya Nairobi.
2776,Security,PSA,NCRC report reveals while community policing increased info sharing public trust remains low in Nairobi County,Chiripoti chiekeombe keria ekenene getenerete amasomo yobosaria (NCRC) yaorokirie ng'a nonya abarendi boborendi bwenyoro bagesete okomanyania amang'ana okwegenwa kwabo ase abainchi nogo kore inse ase ekaonti ya Nairobi.
2778,Security,PSA,"NCRC survey shows Kenyans want COP to tackle drug abuse, professionalism and slow investigations",Obokongoria bwekeombe keria ekenene getenerete korigia chisemi chinyia chiogotanga obosaria (NCRC) nigo bookorokia ng'a abanto ba Kenya mbatagerte omonene otenerete obokoreri bwasikari (COP) akore omochando bwogotumia bobe amarigo nebinto biogotindia ase obotuki bwa bwango.
2779,Security,PSA,NPS urged by IPOA and oversight bodies to strengthen community policing to improve public trust,Ekeombe ekenene kia abasikari NPS giasoroirwe nekeombe keria getenerete abasikari bonsi (IPOA) na bonsi baria bakorigereria emeremo yabasikari bae abarendi boborendi bwenyiro chunguru buna enchera eyemo yokoirania okwegena.
2780,Security,PSA,Interior Ministry commits to implement police reform proposals including expanded COP structures,Eministry yoborendi bwa ime yaenekirie gokora oboonchoreria bwa amachiko emeremo yabasikari buna ebirengererio biarwetwe na kogarei obokoreri bweofisi yomosikari oria otenenerete emeremo yabasikari (COP).
2781,Security,PSA,New community policing head Judy Jebet appointed to lead COP efforts in Nairobi County,Omorai omonene omoyia bwabarendi bwoborendi bwenyoro Judy Jebet obekirwe koba omorai omonene otenenerete obokori emereyo yabasikari (COP) bwekaonti ya Nairobi.
2782,Security,PSA,UoN report assesses trust dynamics and communication as key to successful COP in Ruai portion of Nairobi,Eripoti yeyunifasiti ya Nairobi (UoN) yarengete ayarengete obwegenu na oboererania bwamangana buna obwengencho enene goikerania obokoreri bwabasikari (COP) aaria ensemo ya Ruai ya Nairobi.
2783,Security,PSA,University of Nairobi research shows strong positive link between COP strategies and crime reduction in Machakos SubCounty,Obokongoria bweyunifasiti ya Nairobi Nairobi mbwaorogetie emeroberio yokobwateterana kwabeene gati yomoteneneri omonene bwegasi yabasikari (COP) buna yakeanirie obosaria ase emechie ameke yekaonti ya Machakos
2784,Security,PSA,Police presence and roadblocks set up in Machakos ahead of youth-driven Nane Nane protests as part of COP and crowd management readiness,Obonge bwabasikari nebirichanio biechipara biabekirwe Machakos nyuma yokororobekana kwabasae kwa Nane Nane erio gokinana nabarabwo buna omoroberio (COP) ase ogokinana na abanto abnge.
2785,Security,PSA,Arrest in Yatta neighborhood achieved after public tip-off about robberies example of citizen-police collaboration,Okobwatwa kwebibago aaria ase emate ya Yatta nogo kwanyarekanete nyuma yabainchi korwa korwa amang'ana gochia ase abasikari buna enchera eyemo yabainchi kobwaterana nabasikari
2786,Security,PSA,Regional police launch COP-informed operations profiling gangs and increasing patrols in Kisumu County,Abarai babateneneri bwokoreri bwabasikari bechingo babekirwe goikerani obokoreri obuya ase okomanya abasaria ba kera engencho nagotoma abasikari gochia ase ayio aaria ekaonti ya Kisumu.
2787,Security,PSA,Interior CS opens new Kasagam police station enhancing security and COP infrastructure in Kisumu East,Omonimisita bwoborendi bwa ime oigoire egetaseni gia porisi enyia ya Kasagam kogesa oborendi nobokoreri bwa baria batenenerete abasikari buna bagokora emeremo yabo aaria Kisumu ya mocha.
2788,Security,PSA,IOM-supported COP public engagement events bring communities and security agencies together in Garissa,Ekeombe ekenene giense getenerete gokongia obokoreri bweserikari (IOM) giakonyire gosira abanene babasikari gokora emeremo yabo ase okobwaterana gokora emeremo yabo amo nabainchi aaria Garissa.
2789,Security,PSA,Stakeholders including police chiefs and counselors trained in GBV community policing and awareness in Kisumu County,Abanto bonsi amo nabasikari na baria bonsi batagegete oborendi amo nabasemia basomiigwe igoro komanyia abanto igoro yobobe bwogochaya gose gokorera abande bobe ase enncho yeki bare aaria ekaonti ya Kisumu
2790,Security,PSA,"NPS published its official Community Policing Information Booklet to clarify roles, expectations and citizen engagement frameworks","Ekeombe keria ekenene kia abasikari (NPS) nkiarwete egetabu kebwate eripoti igoro yoborendi bwebinyoro erio kobamanyia buna babwenerete gokora emeremo yabo, eke gekageire korwa ase bare bokobwaterana nabanyabinyoro."
2791,Security,PSA,Kenya Methodist University/IJRISS research shows community policing significantly improves service delivery and trust in Nairobi County,Eyunifasiti ya Kenya Methodist University kobwaterana na nechiyunfasiti chinde igoro yokorigia chisemi chinyia igoro yobobwenia nabanto korwa Belgium (IJRISS) yaorogetie ng'a oborendi bwebinyoro nobwengencho ase okorwa oborendi bwokwegena aaria ekaonti ya Nairobi.
2792,Security,PSA,University of Nairobi research identifies communication as key to community trust and COP effectiveness in Ruai Township,Eyunifasiti ya Nairobi ekorigia chisemi chinyia yaorogetie nga ogokwanerana bun egento kiengencho koreta obwegenwa ase ebinyoro na okobwtera nebinyoro korwa oborendi (COP) ase oboikeranu aria etaoni enke ya Ruai.
2793,Security,PSA,Nairobi Regional Commander pledges safe policing of GenZ protests incorporating COP principles and coordination with community groups,Omosikari omonene bworogongo rwa Nairobi oenekeirie abasae ba GenZ oborendi ekero giokorobererekana kwabo bobwateranete nokobwaterana nobwebinyoro kobarenda inse yemeroberio ya (COP) ase okoererania nebinyoro.
2794,Security,PSA,"Police credit community policing efforts for a marked decline in murders, defilement and other serious crimes in Mwala Machakos County","Abasikari baitabire oborendo bwebinyoro ase ogokeie obosareku bwogoita, gotibonga na amamocho ande amabe aaria ekaonti ya Mwala Machakos."
2796,Security,PSA,Community forums sponsored by IOM improved trust and intelligence sharing between residents and security.,Emesangerekano yebinyoro yasiretwe nekeombe giense igoro yobonganyi (IOM) yasegetete okwegenana na gosanga amang'ana obotuki gati ya abanto bebinyoro nabarendi boborendi.
2797,Security,PSA,"The Inspector General pledged to implement IPOA recommendations to strengthen oversight, disciplinary processes, and responsiveness to misconduct complaints.","Omorai omonene bwasikari (IG) nriete eira goikerania okoboria gwekeombe keria gietenerete korora buna abasikari bagokora emeremo yabo (IPOA) erio gokong'ia obomongeria, nchera yokorwa egesusuro, na koiraneria bwango gochia okwemuranganania kwa abanainchi."
2798,Security,PSA,"A report documented systemic excessive force during protests and called for prosecutions, crowd control reforms, and stronger conduct enforcement mechanisms.","Eripoti yarekoorokia buna abasikari bagotumia chinguru chinyinge ekero abanto bakorobererekana na ekaboria ng'a egosoerwa, amaonchorerio igoro buna abakorobererekana bakorendwa, nenchera ebwenerete kobarenda bikorwe."
2800,Security,PSA,Advocacy group PRWG urged criminal responsibility for senior commanders whose subordinates commit misconduct and expansion of command responsibility doctrine.,Ebiombe bwabarwanereri bia abasikari baria batenerete korigia amaonchorerio (PRWG) mbamanyetie abanene ba abasikari kobogoria amamocho abasikari babo abwo bakomocha ase chigasi chiabo goetera oggochoreria amachiko as ayio.
2801,Security,PSA,"The Kenya Human Rights Commission criticized the IG for bypassing the Police Service Commission’s authority, warning that it undermines constitutional oversight.","Ekeombe keria ekenene getenerete oboronge bwamwanyabanto (KNCHR) mbangete ebikoru bwomonene bwabasikari kogenda mamincha namachiko yobokoreri bwekeombe getenerete obokoreri bwabasikari, komokurera ng'a ebikoru biaye nigo bire mamincha nobomongeria."
2802,Security,PSA,"Media highlighted calls for an independent investigation into a custodial death, with families demanding prosecution and better detention oversight.","Ebiombo biokomanyia abanto amangana mbiaboretie nga obotuki bwogwetenera bokorwe igoro yogokwa yabanto baria barenge eseri ya porisi, abowo ase baria bakweretwe nabamwabo nga abasikari basoerwe na buna baria bare ase chiseri chia porisi bakoreretwe gose barendire."
2806,Security,PSA,An NGO launched a citizen oversight toolkit with training materials and reporting templates to strengthen youth involvement in accountability.,Ekeombe gie NGO yarwete egetabu kiomoroberio bwo'bomongeri bwabainchi nebinto bwokwegeria na buna babwenerete korwa amang'ana gochia erio gokongia abasae komanya na gotenerera ebikoru biabo.
2807,Security,PSA,Judicial leadership endorsed IPOA’s mandate and pledged support for stronger cooperation between the judiciary and the oversight body.,Abatenereri bokogamba ebina mbaete okoboko ekeombe keria gietenererete kia abasikari (IPOA) buna kegokora emeremo na koenekia kobasira ase okobwaterana gti yechikoti nebiombe biria bikomongera obokoreri bwabo.
2808,Security,PSA,IPOA launched a toll-free hotline operating 24/7 for public reporting of misconduct to increase accessibility and transparency.,Ekeombe keria gietenererete kia abasikari (IPOA) giansete esimi ya bosa ogoaka kobamanyia kobamanyia buna abasikari bakomocha ase emeremo yabo egokora emeremo amatuko onsi chinsa chionsi erio gokinia ogoikera obokoreri bwaporisi maiso marore.
2809,Security,PSA,A formal agreement between IPOA and the Law Society of Kenya aimed to streamline legal responses and improve prosecution support.,Okoigwana kwabeene gati yekeombe keria gietenererete kia abasikari (IPOA) na ekeombe keria ekenene getenerete obogambi ebina namachiko gia Kenya kwarengete kobeka buya obokoreri bwamachiko na korongei na gosira buna ebina bigosou.
2810,Security,PSA,"A review detailed IPOA’s achievements, challenges, and strategic direction and outlined next steps in police accountability reform.","Okorigereria keboyia ngwatebe geikaranu buna ekeombe keria gietenererete kia abasikari (IPOA) giakorire buya, emechamndo ereo, amo nemeroberio yabeene yar koorokia ebitambokero bia motwe biogoikerania abasikari gotenera ebikotu biegasi yabo."
2812,Security,PSA,"Following an IPOA probe, a senior officer and colleague were charged with torture and abuse of office, demonstrating judicial follow-through.","Goetra obotuki bwe'keombe keria gietenererete kia abasikari (IPOA), omosikari omonene nomoke oye mbasoeretwe na gokumerwa igoro yogochanda gose komosuna omonto kare eseri ya porisi buna amamocho yogotumia amadaraka abo bobe, ekoenekia buna ekoti ekomongera amashitaka buya."
2813,Security,PSA,"A court verdict held a police sergeant accountable in a fatal shooting case, setting precedent for misconduct prosecutions.","Ekoti yanacherete omosikari omonene kobogori amamocho ase ekina giokorasa, kworokia buya buna amchiko agokora emeremo ase bonsi."
2814,Security,PSA,A legal ruling confirmed IPOA’s exclusive authority to investigate police misconduct and rejected attempts to limit its jurisdiction.,Okonacha gwekoti nkwaete ekeombe keria gietenererete kia abasikari (IPOA) chinguru chiogotuka buna abasikari bagokora bobe na kwanga ogosaba ng'a chinguru chiabo chikeanigwe.
2816,Security,PSA,"IPOA spotlighted a serious misconduct case in Mombasa, calling for transparency and systemic discipline reforms.",Ekoti ekanacha ekina ng'a ekeombe keri gietenenerete korigereria buna abasikari bagokora emeremo (IPOA) nkere nokobua koringori amamocho abasikari bakora igo ekanga ogosabang'a chinguru chiabochi keanigwe.
2819,Security,PSA,IPOA issued updates on detainee fatality investigations and outlined measures to improve custodial conditions.,Ekeombe keria gietenerete korigereria buna abasikariba gokora emeremo yabo (IPOA) nkiarwete eripoti yobotuki bwabo igoro yabaria babegetwe chiseri na buna baumiete amo nemeroberio yokorora ng’a baria bonsi babwatetwe mbaegwe obosibore bwabo ime yechiseri.
2820,Security,PSA,"A judicial ruling found former officers guilty of murder, reinforcing accountability for serious misconduct.","Ekoti yanyorete abasikari namamocho yogoita, egekoro kiabegete chinguru gokora emeremo buya gwanchereria gotaiyo goikerania korora ng’a kera omosikari ebogorerie emeremo yaye."
2821,Security,PSA,An IPOA warning stated that silence within the police force enables impunity and called for cultural reforms and safe reporting.,"Ogokurerwa korwa ekeombe keria gietenerete korigereria buna abasikari bagokora emeremo yabo (IPOA)ngwatebete ng’a ogotakwana buna abasikari bagokora bobe nenchera eyemo yagerire abasikari bagendererete gokora amamocho na gotegwa egesusuro, nagosaba ng’a oboonchoreria goetera chinchera chiegenka kobe erio korwa ribaga abanto koripoti."
2822,Security,PSA,IPOA inspected forensic labs and case files to improve evidence integrity and transparency in criminal investigations.,Ekeombe keria gietenerete korigereria buna abasikari bagokora emeremo yabo (IPOA) nkiarogereretie buya chifaeri chiebina goikerania oboikeranu bwebinto bikworokia buna amagoso arenge ase enchera yamaiso marore ase obotuki bwebina.
2823,Security,PSA,"A multi-agency forum aligned civil society, oversight bodies, and government to develop a coordinated police reform strategy.","Okobwaterana kwebiombe biechi-enichio (NGOs), baria bakomongera, amo nesirikari korosia amo omoroberio bwokoererania ase okoererania kwa’maonchorerio a porsi."
2824,Security,PSA,"A public forum in Kakamega enabled citizens to report misconduct directly to officials, strengthening community oversight.","Omosangerekano obonsi aaria Kakamega okonyire abanainchi komanyia abane gotyaertera monto onde igoro yogokora bobe kwabasikari gochia abanene, naigo yakonya kwororobia gokora emeremo."
2826,Security,PSA,An audit exposed misuse of public funds in police operations and prompted calls for fiscal transparency and procurement reform.,Obokongoria mbwaorokia maiso marore igoro yogotumia chibesa bobe ekero abasikari bagokora emesako ekio kiagerete abanto gotaka komanya obokeene na obomaiso marore ase ogotumia chibesa echio na amaochorerio yobogori.
2827,Security,PSA,"A live radio program educated listeners on detainee rights, proper custody treatment, and legal recourse for abuse.","Amasomo goetera eredio nasomitie abategereri oborionge bwabaria bare chiseri chia polisi, buna babwenerete korendwa buya ime yeseri, na ekibaranyare gokora onye bakorereirwe bobe."
2828,Security,PSA,"Posters distributed nationwide explained suspects’ rights, legal search limits, and how to file complaints with oversight bodies.","Ebinto bwabwate amariko are komanyia oboronge bwomokagerwa, ekerngo giokomotababa, na buna oranyare gosoera abasikari gochia ase baria bakomongera buna abasikari bagokora emeremo."
2829,Security,PSA,"NPS launched an online portal providing access to oversight reports, misconduct statistics, complaint status, and disciplinary actions.","Ekeombe keria ekenene kiabasikari (NPS) giansire obokoreri bweintaneti goikera chiripoti chia’ bamongeri buna poilisibagokora emeremo yabo barenge bakorore mamincha, buna ayio agendererete korigererigwa, negeusuro kiarurwe."
2830,Security,PSA,APS introduced a yellow card system allowing citizens to report misconduct anonymously during patrols.,Ekeombe keria ekenene gis abasikari bobokoreri (APS) mnkiarwete ekadi yerangi yomochununu buna enchera yogokonya abanainchi komanyia amamocho abasikari bagokora gotemanyekania naye ng'o chingaki bagora omosako.
2831,Security,PSA,Mombasa County launched a text-based reporting line for victims to send secure complaints to oversight officials.,Ekaonti ya Mmobasa yaansete okomanyia gooetera rirube erieng'e riesimi ase baria bakoreirwe bobe gotoma ebirero biabo gochia abatenereri babasikari kobwatia amamocho ayio.
2833,Security,PSA,DCI urged citizens to submit crime complaints or tips directly to DCI offices or email to improve investigative response.,Omosikari omonene bwobotuki (DCI) osoroire abanainchi babe bagotoma okwemurangania kwabo gose bosemia konde gwonsi gochia asare ere omonyene gose komotomera eimeiri erio kwangoyia obotuki nokoiraneria.
2834,Security,PSA,Guidance provided on how to file police misconduct complaints and the rights of complainants.,Oborai borure buna obwenerete komanyia abatenereri babasikari buna bagokora bobe gose okwemuranganania amo noboronge bwoyokwemuranganania.
2835,Security,PSA,NPS refuted a false terror alert online and urged verification through official channels.,"Ekeombe ekenene kia abasikari (NPS) mbangete amangana oborimo igoro yokobamanyia obokebago goetera eintaneti, na bagasorora ng'a koenekia amangana ayio nere buya akoreke goetera chichera chiria chireo chiokobamanyia."
2836,Security,PSA,US Embassy warned citizens of increased terror threats at tourist sites and advised heightened awareness.,Obobarosi bwa America Kenya (US Embassy) mbwaruete ogokurera gochia abainchi igoro yokogeseka kwobwoba nokogosereria kwobokebago ase chioteri chiria abageni korwa chinse chi isko bakobera na korwa ogosemia buna berure komanyia ayio.
2837,Security,PSA,Authorities warned Western and Nyanza communities of suspected terror recruitment and urged reporting of suspicious behavior.,Aabarai mbakurerete ebinyoro bia Mocha na Nyanza igoro yogosoigwa ase obokebago bwogoaka chipomu na gosororwa komanyia abagambi igoro ya kende gionsi giechitang'utang'u.
2838,Security,PSA,Public informed of an Al-Shabaab attack in Garissa and encouraged to stay vigilant as security heightened.,"Abanainchi bamanyiigwe igoro yebikoreri bia akili bandia Al bia -Shabaab goaka epomu Garissa, na kobaa omoyo gotigara maiso ekiagera oborendi bwagesirwe."
2842,Security,PSA,Security operations intensified in Kitale and North Rift to combat cattle rustling with specialized units deployed.,Emeroberio yoborendi aaria Kitale na North Rift bangangane gokora aboibi bwechiombe ase okobwaterana nebitengo bieserikari bia beene biatomirwe aroro.
2843,Security,PSA,Government recognized GBV as a national security threat and called for inter‑agency collaboration.,Eserikari yarorire ogkorerwa bobe ekiagera eki ore (GBV) koba ringana rokogosereria eborendi bwense na koreta amo ebitengo bieserikari kobwaterana.
2844,Security,PSA,A terror cell in Lamu was dismantled and suspects arrested in a joint security operation.,Eseri ase ebibago biechipomu bibekire aaria Lamu yabunetwe na abakagerwa mbabwatetwe goetera ebitengo ao ao bieserikari.
2845,Security,PSA,NPS debunked a fake terror warning poster and cautioned against misinformation.,Ekeombe keria ekenene gia abasikari (NPS) nkiarwete oboene igoro yongainereri goetera amariko ogokurera anantetigwe chinaysi bwogoakwa epomu na gokurera abanto batige korwa amangana agotantania.
2846,Security,PSA,US Embassy issued advisory warning of heightened crime and terror risks and urged caution.,Obobalosi bwa America (US Embassy) aiga Kenya yarwete ogosemia kwogokurera igoro yobosareku bwaigoro mono nokonyarekana kwobokebago na gosaba koba maiso.
2847,Security,PSA,US Embassy imposed travel restrictions for staff in six counties due to insecurity.,Obobalosi bwa America (US Embassy) aiga Kenya mbwarwete ogokurera gochia abanto babo koba maiso gotarera chikaonti 6 aiga Kenya ekiagera oborendi botaisaine aroro.
2848,Security,PSA,NPS published a list of most wanted terror suspects and urged anonymous public reporting.,Ekeombe keria ekenene kia abasikari (NPS) nkiarwete omoroberio obaria baganeirie mono buna ebibago biogoaka chipomu na gosaba abanto babamanyie bakagerwa bande bateri gweteba barabwo mbarabi .
2849,Security,PSA,KAA heightened airport security after a bomb threat and advised early arrival for screening.,Egetii giechindege kia Kenya (KAA) kiagesire oborendi ase egetii nyuma yobwoba bweombu goateka na gosaba baria bonsi bagochia koiruruka baike mapema gokorerwa oboringori.
2850,Security,PSA,US government advised citizens to avoid Eastleigh and Kibera due to security concerns.,Eserikari ya America yasemirie abanainchi koba maiso gochia Eastleigh na Kibera ase engencho yoborendi botari oboikeranu.
2851,Security,PSA,Additional personnel were deployed to Naivasha to secure the Safari Rally event.,Abakori emeremo abange batomirwe gochia Naivasha kobeka oborendi ekero gia Safari Rally event.
2852,Security,PSA,Public advised not to circulate graphic images after the DusitD2 attack to protect victims’ dignity.,Abanainchi basabirwe tibasiarera chibicha chiokwoboi buna DusitD2 yaagetwe ebomu erio korenda amasikani ya baria baagetwe nepomu.
2853,Security,PSA,Cyclone Hidaya alert issued urging coastal residents to prepare for strong winds and floods.,Ogokurerwa igoro ya yomorindo omonene okorokwa Hidaya kwarwetwe gosorora abanto bamenyete ang'e na nyancha ukwearigania ase emerindo emene netoigo.
2854,Security,PSA,"Interior Ministry warned ahead of protests, urging peaceful demonstrations and placing security forces on alert.","Eminisitiri yoboredi bwa ime yakurerwe nyuma yokoroberekana gotaraba, egosorora nga okoroberekana kobe okwomorembe na kobeka ebitengo bionsi bioborendi maiso."
2855,Security,PSA,National Cybersecurity Strategy published outlining plans to protect digital infrastructure.,Omoroberio omonene bweserikari okorenda amang'ana aye arikire taminchoria gochia amaboko amabe nkiarurwete omoroberio buna ekorenda bionsi biria bigachete amang'ana.
2856,Security,PSA,Multiple suspects arrested in Lamu during a counter‑terror operation; public urged to report tips.,Abakagerwa bobosaria ba kera engencho mbabwatetwe aaria lamu ekero kiomosako gotana ogoakwa nechipomu; abanainchi mbasabetwe koerwa chiripoti.
2857,Security,PSA,Residents in flood and conflict‑prone areas ordered to evacuate with routes and shelters listed.,Abamenyi bari bare aase emegoko gose aregire chimanano bachikirwe kong'anya korwa ase ande onsi ararete emechando gochia ase atebire neserikari gose chinyomba chiria eserikariyatebire.
2858,Security,PSA,Government issued updates on North Rift anti‑bandit operations and reaffirmed commitment to security.,Eserikari yarure eriport igoro ya yebitengo bieserikari gotanga aboibi bwechiombe aaria North Rift na kobaenekeria oborendi bwabo.
2859,Security,PSA,NPS reminded officers to avoid misuse of force during protests and maintain professionalism.,Ekombe keria ekenene gia abasikari (NPS) kiainyoirie abobisa baye gotatumia chibunduki bobe chingaki chiokoroberekana na goikerania obokoreri emeremo obuya.
2860,Security,PSA,US Embassy warned of potential unrest during primaries and urged citizens to avoid large gatherings.,Obobalosi bwa America aiga Kenya US Embassy) nyarwete ogokurera igoro yomoburakano ekero gwokorwanererera chitigiti chiebiama biegesiaia igo gosaba abanainchi berende gotaba ase emesangerekano emenene.
2862,Security,PSA,"Government declared a nationwide high-alert and urged citizens to remain calm, report suspicious activity, and cooperate with security agencies.","Eserikari yatangasire koba maiso ense engima na gosaba abanainchi koba abatoreru, korwa eripoti igoro ya ebire nechitang'utang'u, na kobwaterana nabateneneri bobosrendi."
2863,Security,PSA,NPS warned the public about a fake police recruitment advert online and advised job seekers to rely only on official government platforms.,Ekeombe keria ekenene kia abasikari (NPS) giakureire abainchi igoro yokong'ainwa goetera eintaneti ng'a abasikari nkorikwa bare na kobamanyia bonsi ng'a ogotangasa gwokorika abasikari ngoetera eintaneti yeserikari yoka.
2864,Security,PSA,NPS dismissed a viral terror-warning poster as a hoax and urged the public to verify information before sharing.,Ekeombe keria ekenene kia abasikari (NPS) yakanete amangana igoro yokogosereria goetera eintaneti ng'a ebibago ngoaka biarenge epomu na gosaba abainchi koenekia amangana aya ase aruwete nyuma batarasareria.
2865,Security,PSA,"APS responded to a school bomb threat by evacuating students, securing the area, and launching investigations into the source.","Abasikari bobokoreri (APS) nkiairaneretie bwango igoro yamang'ana yokogosereria gwepombu ase esukuru goetera ogotamia abana, goetanana ase ayio, na goansa obotuki komanya ase amangana ayio arwete."
2866,Security,PSA,A curfew was imposed in Mandera County to address rising insecurity and facilitate ongoing security operations.,Ogochika gotanga abanto mbasoka korwa chinka chiabo chinsa gete nkwabegetwe aaria ekaonti ya Mandera buna enchera eyemo yogokeania obokebago na kobeka oborendi ase omoroberio bwokogenderera.
2867,Security,PSA,Kenya Meteorological Department issued a flash-flood advisory for seven counties and urged residents to take safety precautions.,Ekeombe keria gekorigeria rire buna rire nkiarwete ogkurera igoro yogocha kwembura enyinge nemegoko ime yechikaonti 7 naigo koboria abanto ng'a berende.
2868,Security,PSA,Airports nationwide were placed on high alert with intensified screenings following a classified security memo.,Ebitii biechindeke Kenya engima mbiabiaboretigwe koba maiso na komongera buya baria bonsi bagosoa ase ebitii ebio korengana nogokurerwa kwa ime kwarwetwe nabarendi boborendi.
2869,Security,PSA,"Authorities deployed surveillance, roadblocks, and emergency teams to ensure safety ahead of the Safari Rally.","Abarendi mbagegete obomongeri, ebitumo ase chipara, na baria bagokonya ekero kiemebasekano goikerania oborendi nyuma yamashindano yechigari."
2870,Security,PSA,"Government issued updates on North Rift anti-banditry operations, including arrests and livestock recovery, urging public cooperation.","Eserikari yamanyetie abanto ba North Rift igoro yemeroberio yaye gotanga oboibi bwechiombe, abaibi babwatirwe nechiombe chianyorirwe na koiranigwa, na gosaba nga okobwaterana kobeo."
2871,Security,PSA,Ministry of Interior advised evacuations in conflict-prone and flood-affected areas and deployed emergency response teams.,Eminisirtiri yoborendi bwaime yarwete ogosemia abanto barwe chngongo chiria neminano na chiria chigoterema amache na gotoma baria bagokonya elero kiemebasekano.
2872,Security,PSA,NPS reiterated guidance for officers to use proportional force during protests and to prioritize peaceful engagement.,Ekeombe keria ekenene kiabasikari (NPS) kiairoreire komanyia abasikari gotumia chinguru chinke chingaki chiokorobererekana na koba nobwororo chingaki bakoiranererania nabainchi.
2874,Security,PSA,"A national alert was issued over rising insecurity, with assurances that security measures were being strengthened across affected counties.","Ogokurerwa Kenya engima nkwarwetwe igoro yoborendi, na koenekeria abanainchi ng'a oborendi boisaine bwabekirwe chikaonti chionsi."
2875,Security,PSA,U.S. Embassy renewed its advisory on possible unrest during U.S. primaries and urged heightened vigilance in demonstration-prone areas.,Obobalosi bwa America (U.S. Embassy) aiga Kenya naende yarure ogokurerwa igoro yechiburaburu chingaki chiobochori bwa abarai bwebiam aaria America no kobeka obokongori bwa igoro kegima ase akageire koba nechiburaburu.
2876,Security,PSA,Authorities issued detailed Cyclone Hidaya safety guidance urging coastal residents to secure property and avoid non-essential travel.,Abari mbwaretwe oborai boisaine igoro yomorindo okorokwa (Cyclone Hidaya) sna gosaba amenyi bonsi bamenyete ang'e na nyancha barende chinibo chiabo na gokeania chisafari chitari chiengencho.
2877,Security,PSA,Security agencies increased nationwide patrols during the festive season to deter crime and safeguard communities.,Abatenereri boborendi bagesire obomongeri bwabo Kenya engima chingaki chiotimoko nemeyega ao ao gotanga obokebago eri korenda ebinyoro.
2878,Security,PSA,"Interior CS briefed the Senate on national security readiness, highlighting anti-terror efforts and enhanced intelligence coordination.","Omominisita bwoborendi bwa ime narwete enkwana gochia abagambi beseneti buna beariganirie igoro yoborendi bwense, na kobeka chinguru buna okwearigania kwa beene nabasikari baria batenenerete obokebago bwogoaka chipomu beariganirie goetera okoererania kwobotuki."
2879,Security,PSA,Government reaffirmed its commitment to combating cattle rustling through intensified patrols in the North Rift.,Eserikari yaenekirie okwerwa kwaye gokora oboibi bwechiombe goetra obomongeria bwaye ase chipara nechinchera ase abaibi bagoetia chiombe chioboibi aaria ensemo ya North Rift.
2880,Security,PSA,Authorities notified the public of an Al-Shabaab attack in Garissa and urged vigilance as additional troops were deployed.,Aabarai banyirie abanainchi igoro yobkebago bwogokwa epomu na Al-Shabaab aaria garisa Garissa na gosaba koba maiso buna enchera eyemo gokonya ebikosi bia abasikari biria biatomirwe.
2881,Security,PSA,NPS discredited multiple fake posters circulating online and urged the public to avoid sharing unverified content.,Ekeombe keria ekenene kia abasikari (NPS)nkiangete ebinto birikire bia gosiarerwa goetera entaneti buna ebioborimo na gosaba banainchi berende kobisiarera.
2882,Security,PSA,APS promptly evacuated a school following a bomb threat and initiated investigations while strengthening safety protocols.,Ekeombe keria ekenene kia abasikari (NPS) nkinganyetie abanto bwango gotanyorwa korwa esukuru nyuma yogosarera kwamang'ana kwogoakwa epombu na goansa obotuki ekero boigo bagesete oborendi.
2883,Security,PSA,"PRWG urged police to prevent masked infiltrators during protests, maintain professional crowd control, and ensure accountability for misconduct.","Ekeombe keria getenerete oboonchoreria ase abasikari (PRWG) ngiasororete abasikari gotanga bonsi baria bagwesoi ase okorobererekana koburukania okorobererekana kwomorembe, goikerania amachiko emeremo yabo ekero bakorwa oborendi ase abakorobererekana, na koba ange gotenenera ebokoro biabo."
2884,Security,PSA,"Amnesty Kenya reminded officers to respect protest rights, protect medics and journalists, and avoid excessive force.","Ekeombe kia Amnesty aiga Kenya nkiainyoretie abasikari gosika amchiko yokorobererekana, barendi abanyagitari nabariki amang'ana, na korenda gotatumia chinguru chinyinge ekero batenenerete okorobererekana."
2885,Security,PSA,"IPOA opened a comprehensive investigation into allegations of police misconduct during June protests, including use of live rounds and mass detentions.","Ekeombe keria ekenene gekorigereria buna abasikari bagokora emeremo yabo (IPOA) nkiagorete obotuki obonene komanya igoro yokwemuranganania ng'a abasikari mbakorete meremo yabo buya chingaki chiokorobererekana kwomotienyi 6, amo nogotumia chimbunde bobe na kobeka abanto ase egesibo getari kiaboronge."
2886,Security,PSA,PRWG reaffirmed that peaceful protests must be protected and criticized failures to separate violent actors from lawful demonstrators.,Ekeombe keria getenenerete oboonchoria ase emeremo yabasikari (PRWG) nkiaenegetie ng''a okorobererekana kwomorembe goika korendwe naigo goteba ng'a abasikari mbasinyetwe goseberania abarobererekani bari bare notindi erio korwa ribaga ase abaroberekani bekeene.
2887,Security,PSA,Human Rights Watch noted lack of prosecutions for 2023 protest-related deaths and urged enforcement of IPOA recommendations.,Ekeombe keria kerigeretie oboronge bwekemwanyabanto (Human Rights Watch) nkiaroche ng'a ogotasoera baria bausikanete namakweri yabaria bakwete ekero okorobererekana kwomwaka 2023 na gosaba ng'a amangana yekeombe keria getenerete obokori emeremo na abasikari (IPOA) yatebete akore emeremo.
2888,Security,PSA,"Investigations revealed police attempts to misreport protest fatalities as accidents, raising concerns over deliberate cover-ups.","Obotuki mbwaorogetie buna abasikari batemete kobisa enamba yabanto baumiete gose gosiria obogima goetera goetera okorobererekana, buna ringana riamakusudi kobisa amang'ana."
2889,Security,PSA,"Reports detailed police-ordered lockdowns on Saba Saba Day, including blocked routes, live fire, and escalated confrontations.","Chiripoti igoro ya buna abasikari batangete ogotara, gosanga na koererania amangana rituko ria Saba Saba, goetra ogosieka chipara, okorasa chimbunde, na kogesa emeburukano."
2890,Security,PSA,Opposition leaders demanded the president’s resignation after he appeared to endorse shoot-on-sight rhetoric during protests.,Abarai bopinsani mbaimokererete igoro koboria omorai bwense erusie emeremo ekero aitabete ng'a abanto bagosangerekana baraswe amagogoro abwo abwo buna enchera yokobeka asikari chinguri chiogogokorera bobe baria bakorobererekana.
2891,Security,PSA,"Reuters reported the arrest of activist Mwangi over alleged possession of tear gas and ammunition during protests, widely condemned as political intimidation.","Abamanyi amangana ba Reuters mbamanyetie ense igoro yomoegereri Mwangi ase okomebekerera ng'a nabwate ebinto biria bikoraswa korwa erioki amo nechimbunde chingaki chikoroberekana, na kwanga okogoserigwa konga buna okwo kwegesiasa kwoboi abakoroberekana."
2893,Security,PSA,"The Guardian covered the arrest of a constable linked to a political blogger’s death in custody, seen as a rare step toward accountability.",Abariki amang'ana ba The Guardian mbarigete igoro yokobwatwa kwomosikari oyio otumegete gesiasa na komobwata kwomoriki amangana bwetenenerete oyio okerete eseri ya polisi buna enchera eyemo ekworokia buna abasikari babweneret goajibika.
2894,Security,PSA,"AP News reported police use of tear gas on activists protesting a custodial death, reigniting public demands for justice and transparency.","Amang'ana amayia yabasikari boborai (AP) namanyetie buna abasikari barasete ebinto biraia bigokrwa erioki ase gochia ase abaegereri baria bare koroberekana ogori yomoegereri gokwera eseri ya porisi, na gosegeta abanainchi godai ekeene na obomaiso marore ase ayio."
2895,Security,PSA,"Reuters confirmed the arrest of Constable Mukhwana over the death of blogger Albert Ojwang, marking a rare formal charge amid unrest.","Abarimi amang'ana ba Reuters mbaenegetie okobwatwa kwomosikari Mukhwana igoro yamakweri yomoriki amangana bwogwetenenera Albert Ojwang, eke nigo kiabete egento getanyagokoreka rinde, na konyorwa nare nekina giokoiraneria nonya chuburaburu chiareo."
2896,Security,PSA,"The Guardian reported Constable James Mukhwana as the first officer arraigned over the custodial death case, signaling increased scrutiny of police conduct.","Abariki amang'ana ba The Guardian mbamanyetie nga omosikari James Mukhwana buna omosikari omotangani gosoerwa igoro yomonto gokwera maboko aye ekero are eseri ya porisi, egekoro gekworokia ng'a abasikari mbarigereirie buna bagokora emeremo yabo."
2897,Security,PSA,"Missing Voices documented a sharp rise in enforced disappearances and killings linked to protests, urging justice for families of missing victims.","Ekeombe kia Missing Voices mbarigete igoro yokomenteka kwabanto gosira gose gokenganigwa, and goitwa ase engencho yokorobererekana kwanga oborai obobe, na gosaba ng'a ekeeneo gekoreke ase abanto bakenganirie gose kobiswa ase engencho yokorobererekana."
2904,Security,PSA,AP News covered Mwangi’s release on bail and rights groups’ criticism of terrorism charge misuse during protests.,Managana amayia yabasikari boborai (AP) nyarigete igoo yokobwatokwa kwa Mwangi ase ogotenenerwa nebiombe biokoegerera ebio biangete okobekererwa kwobosaria bwobokegago bwokoruta chipomu ekero bakorobererekana.
2905,Security,PSA,"Local media reported calls for prosecution of officers accused of excessive force during Gen Z protests, urging IPOA and ODPP action.","Chisiteseni chai aiga inka chiokomnyia amang'ana nchiatebete konyora chisimi chikogosereri kobabwata na kopbasoera ase ogotangasa abasikari baria basoeretwe gotumia chinguru goetania ekero giokorobererekana chingaki chia Gen Z, na bakarigia ogokonya korwa IPOA na ODPP."
2906,Security,PSA,An academic analysis linked protest-related abuses to systemic police impunity rooted in historical failures of accountability.,Amasomo yokongori igoro yabasikari kobuna amahiko ekero giokorobererekana kobwataine nagotakorerwa ekero kwamochire ase obokoreri bwabasikari bwairire emeri ase eiaka emenge yogotakorerwa kende ekero bamochire.
2907,Security,PSA,"A quantitative summary outlined protest timelines, injuries, deaths, arrests, and legislative outcomes to contextualize state response.","Amangana amanene arikire ase obwenge naorogetie chinsa, buna abanto baumiete, abkwete, ababwatetwe, na ekere kiabete kworokereria buna eserikari egokora emeremo yaye."
2908,Security,PSA,"An encyclopedic overview documented causes, fatalities, economic triggers, and arrest numbers from the 2025 protests.","Amangana ase oboamo arigetwe naorogetie ekiaretete, omkoumia kwabanto, okomigwa kiuchumi kebogoko buna egesegeto, na enamba ya baria babwatetwe ekero giokoroberereka kwa 2025."
2909,Security,PSA,"Missing Voices published a registry of killings and disappearances among youth during Gen Z protests, calling for formal investigations.","Abariki amang'ana ba Missing Voices mbarigete buna abasae bare goitwa, gokenganigwa gose kobiswa ekero giokorobererekana kwa Gen Z, na koboria ng'a obotuki bwakeene bokorwe."
2910,Security,PSA,"A civic observance commemorated Saba Saba protest victims, spotlighting grievances over unresolved police brutality cases.","Rituko riokoinyoro ogokwa kwa baria bare korobererekana ria Saba Saba, mabaorogotie ogotaisaneka igoro yobororo bwamanag'ana atarakwanerwa neserikari igoro buna abasikari batari gokora emeremo yabo koreng'ana namachiko ase abakorobererekana."
2911,Security,PSA,"AP featured families of protest victims expressing grief, frustration with impunity, and demands for justice and oversight reforms.","Abasikari boborai (AP)mbaorogetie buna chifamiri chia baria barenge ase emechando yogosiria abamwabo, na buna abasikari bakobuna amachiko batari okorerwa kende, na gosaba nga ekeene gekoreke na ogoonchoreria kwa amachiko arengete obokoreri bwa abasikari."
2913,Security,PSA,"BBC aired evidence of coordinated brutality during Gen Z protests, identifying officers and urging prosecution of responsible commanders.","Abamanyi amang'ana ba BBC mbagegete ase embeo obosaiti buna abasikari bare korasa abanto, gotumi chinguru goetania ekero giokorobererekana kwa abasae Gen Z, goteba abasikari bare gokora ayio na gosaba ng'a abanene ba abasikari baria bare korwa amachiko ng'a barase abanto basoerwe."
2914,Security,PSA,United Nations urged Kenya to respect human rights during protests and called for independent investigations into killings and disappearances.,Obomo bwense (UN) mbwasabete Kenya gosika oboronge bwamwanyanto chingaki chiokorobererekana naboigo kobori ng'a obotuki bwetenererete bokorwe igoro yogoitwa kwabanto na gosira kwa abanto batamanyiri ase bare.
2915,Security,PSA,"U.S. Embassy warned citizens of risks during ongoing protests, advising avoidance of demonstration areas due to potential violence.","Obobarosi bwa america aiga Kenya (U.S. Embassy) mbakurerete abakenya kwerenda chingaki okorobererekana kwagendererete, na korwa ogosemia abanto gotaika ang'e ase okorobererekana kore ase obwoba bwobotindi boreo."
2916,Security,PSA,"Media oversight body condemned arrests and assaults on journalists covering protests, calling for an independent inquiry into press violations.","Abariki amang'ana ba Media oversight body mbatebete koba bobe okobwatwa na ogoakwa kwabariki amang'ana bare korika na kobwata buna okorobererekana kware gokorwa, na koboria nga obokongori bwabeene bokorwe komnya ninki kiagerete abariki amanga bare gosaganerwa."
2917,Security,PSA,Katiba Institute reported constitutional rights violations during protests and urged judicial safeguards and rights-based policing.,Ekeombe gia Katiba Institute nkiamanyetie buna okobunwa kwa amachiko nabasikari kware gokorwa kwegosa gotaiyo chingaki chiokorobererekana na gosaba bororo ng'a amachiko atumeke korenda abakorobererekana buna oboronge bwabo.
2918,Security,PSA,"JLTM NGO documented over 500 protest-related arrests, urging release of minors and access to legal representation.","JLTM NGO mbarigete goetania abanto500 abarobererekani babwatetwe, na kobori ng'a babwatokwe ara rimo na mono abana abake na baegwe oborongo bwokoegererwa kemachiko."
2919,Security,PSA,"Kenya Red Cross provided data on protest-related injuries and EMS response, urging improved pre-positioning of medical resources.","Ekeombe kiomoslaba omobaririri nkiarwete enamba ya baria baumiete ekero giokorobererekana na buna abanyagitari bemebasekano gokonya (EMS), na gosaba ng'a okobwekwa kwebinto biobonyagitari chinsemo chionsi chiokorobererekana bibeo."
2920,Security,PSA,"Law Society demanded accountability for commanders behind protest suppression tactics, calling for prosecutions including chain-of-command responsibility.","Ekeombe kia amachiko (Law Society) nkiaboretie ng'a abanene babasikari baria bare korwa amachiko chingaki chiokorobererekana babogorerigwe ebitambokero, na gosaba ng'a abanene babasikari amo na baria baete richiko kobuna amachiko basoerwe."
2921,Security,PSA,A youth movement organized a peaceful march demanding justice for protest victims and reforms to use-of-force protocols.,Obomo bwa'basae mwatwarete okorobererekana kwomorembe omotienyi 3 koboria ekeene igoro ya baria baumisetwe nabasikari amo nogoonchoreria kwamachiko igoro yekerengo giechinguru abasikari babwenerete gotumia.
2923,Security,PSA,Young influencers produced real-time video series documenting protest injuries and brutality to raise awareness and counter state narratives.,"Abasae abasegeti amaonchorerio mbarosetie esinema yechingaki chiokorobererekana na kworokia buna abarobererekani baumiete, na buna abasikari bare gotumia richiko goetania erio komanyia abanto buna enchera eyemo yokworokereria buna eserikari egotumia amachiko bobe."
2924,Security,PSA,Civil society coalitions opened legal clinics offering free representation to families of protest casualties and detainees.,Obomo bwa (Civil society Coalitions) mbaigorete ebituo bikorwa obokonyi bwakemachiko bosa goetera kobatenere abarobererekani kotini buna abanogeri babo rase abamwabo baria basiretie abamwabo gose koumia na baria babegetwe echera gotaiwa kotini.
2926,Security,PSA,Civil society organized silent vigils in Nairobi to honor protest victims and call for justice across diverse communities.,Omoroberio bwobomo bwebiombe bitari bieserikari okaroberia ogekengano aaria Nairobi koinyora baria baria bakwete na gokorerwa bobe na koboria ng'a ekeene ase abarobererekani gokoreke ase abanto bonsi Kenya engima.
2927,Security,PSA,"A civic-tech initiative published live maps of protest zones, police deployments, and safe routes to enhance demonstrator safety.","Omoroberio bwogotumia eintaneti oansirwe okworokia aase okorobererekana kware gokoreka Kenya engima, buna abasikari batometwe, nechinchera chiokominchoreria ase ogokonya abarobererekani."
2928,Security,PSA,"An exhibition showcased photographic evidence of protest brutality and mass gatherings, documenting state response to civic unrest.","Chipicha chianantetigwe kera aase nchiaenegetie buna abasikari bare gotumia chinguru goetania ase bria bare korobererekana na baria bare konyorwa amo ase obonge, nchiarogetie buna eserikari yaineretie igoro yokogechigwa kwa abainainchi ase obogambi obobe."
2930,Security,PSA,A rights group compiled a verified injury registry with photos and medical data to support accountability and prosecution efforts.,Ekeombe kioboronge nkiabegete amo eripoti engikeranu igoro ya baria baumiete amo nechibicha neripoti ya nyagitari yabwate amarieta baria baumiete gosira emeroberio yokobabogoreria egatambokero na kobasoera.
2931,Security,PSA,"Workshops trained young journalists in ethical verification, safe documentation, and protective practices during protest reporting.","Abariki amangana mbasometigigwe buna bakomanya oboikeranu bwamangana, korenda obobisi bwa baria bonsi bausikanete, na buna bakwerenda chingaki bare ase emeremo yabo yokorika amangana ekero giokorobererekana."
2935,Security,PSA,Community leaders in Garissa received training on early radicalization indicators and reporting procedures under PCVE programs.,Abarai bebinyoro aaria Garissa mbanyorete amasomo agenkio buna baranyare korora na komanya ebokoro biogosarigwa ebirengererio na engencho yokomanyia abasikari inse yemeroberio yobokoreri bori botenererete gotanga and korwania okwegena gose ebikoro biomonto gose abanto kwegena gotumia obosareku goikera amaganio abo (PCVE).
2944,Security,PSA,An MoU was signed to integrate gender equality into national PCVE structures and empower women in terrorism-prevention roles.,Okoigwanana nkwabegetwe egechara kobwatana amo oboreng'ananu bwabanto gochia ase omoroberio bweserikari bwogotanga na korwania obokegab bwogogosria ebirengererio (PCVE) gosomia na na kobaa ebire bineirie erio babe abakoreri bengencho gotanga komanya na gotanga obokebago bwokoruta chipomu.
2946,Security,PSA,KDF and NCTC held a community engagement initiative in Lamu to build resilience against extremism and inter-communal tension.,Ekeombe kioborendi bwa Kenya (KDF) na Ekeombe keria ekenene gekorwania obokebago bwokoruta chipomu (NCTC)mbabete nomoroberio nokoumerana nebionyoro aaria Lamu erio gikinana nogosarigwa ebirengererio na neminano yebinyoro.
2950,Security,PSA,Government sought public input on leveraging AI and technology to detect and prevent self-radicalization trends.,Eserikari nyarigetie ebirengererio korua isiko buna eranyare koreng'anania chisemi chia pandia (AI) na tekinorochia erio komanya na gotanga chinchera abasae bagwesaria ebirengererio barabwo abanyene goetera eintaneti.
2952,Security,PSA,Government sought public input on using artificial intelligence and new technologies to strengthen prevention of violent extremism and address rising online recruitment risks.,Eserikari nyarigetie amaoni korwa abanainchi igoro yogotumia akiri pandia na tekinorochia enyia gokongia gotanga obokebago bwokoruta chipomu na gokwanera igoro yemechando yogosoigwa goetera eintaneti.
2953,Security,PSA,Training provided to mining sector stakeholders on safe handling of commercial explosives to reduce misuse by terror groups and prevent smuggling.,"Ekwegerigwa kwarurwe ase baria bakorema amadini  na baria bakobwaterana buna bakoiya, kogacha na kobibogoria bakeanie okobitatumia buya na baria abasaria bokoruta chipomu na gotanga oboibi bwebinto ebio."
2954,Security,PSA,Pilot sub county forum launched to build community trust and improve public reporting as part of the national countering violent extremism strategy.,Emesangerekano ase chikaonti inke yakoretwe korenta obwegenwa ase abanainchi na gokong'ia emeroberio ya abaninchi korwa chiripoti buna ensemo yemoroberio yeserikari gotanga obokebago bwokoruta chipomu.
2959,Security,PSA,"Expanded training in Kiambu brought together county officials, youth, media, and civil society to strengthen local prevention networks.","Okogareigwa kwamasomo aaria Kiambu nkwaretete amo barai bechikaonti, abasae, abariki amang'ana, amo nebiombe bitari bweserikari (NGOs) samo gokong'ia oborai bwebinyoro gotanga obokebago."
2961,Security,PSA,Public invited to contribute to development of artificial intelligence tools for detecting self radicalization and improving prevention strategies.,Abanainchi baariganiigwe gochia korosia ebokoreri bi'akiri pandia bikomanyia omonto buna asriigwe eberengererio na komenta chinchera omonto aranyare kwerenda.
2962,Security,PSA,Kenya and Indonesia held a Nairobi–Mombasa workshop to share community based approaches and draft a memorandum of understanding on PCVE collaboration.,Kenya na Indonesia mbabete negeikaranso kia Nairobi – Mombasa gosanga buna ebinyoro biranyare korika amang'ana okoigwanana gose kobwatana igoro yogotanga ogosarigwa ebirengererion gwancha obokebago bwogotumia chinguru (PCVE) ase oboamo.
2965,Security,PSA,"Five day regional training focused on disengagement, de radicalization, and reintegration for security personnel across East Africa.","Amatuko atano yechingongo kwegera igoro yokwerusia gose gotiga amangana ogosaria ebirengererio na koirana gati yabarendi boborendi Kenya, yuganda na Tanzania (Afrika ya Mocha engima)."
2966,Security,PSA,National Counter Terrorism Centre worked with the Ministry of Basic Education to train teachers on identifying and mitigating radicalization risks in schools.,Ekeombe keria ekenene gekorwania obokebago bwokoruta chipomu (NCTC) kegakora emeremo amo neminisitiri yechisemi chioboroso gosomia abarimu buna bakomanya na gotanga obobe bwiogosarigwa ebirengererio chisukuru.
2967,Security,PSA,One hundred forty eight park officers trained to strengthen early detection of terror related threats around major tourism areas.,Obaofisa emia eyemo na merongo ene na batana na batato boborendi aaria ase chingiti chiorosana kirorerwa mbasometigwe gokongia obokoreri bwabo buna bakomongera na komanya ebokoru biobokebago bwokoruta chipomu chinsemo chiabo.
2968,Security,PSA,Youth beneficiaries in Lamu received entrepreneurship kits and awareness training on preventing violent extremism as part of reintegration efforts.,Abasae aaria Lamu mbasometigwe na koegwa ebinto kobakonya gochaka ebiasra buna enchera eyemo yogotanga ogosarigwa ebirengererio gosoa obokebago bwokoruta chipomu na koiranigwa inka.
2969,Security,PSA,Media Council of Kenya urged journalists to report violent extremism responsibly with emphasis on fact checking and ethical coverage to avoid amplifying radical narratives.,Ekeombe keria ekenene getenenerete oboriki bwamang'ana ngiasabete abariki amangana korika na komanyia ense igiroro yobokebago bwogosaria ebirengererio ase enchera engikaranu gose yobomaene gokonya gotanga ogosarera kwobosaria bweberengererio.
2970,Security,PSA,"County public forums in Nairobi reviewed the updated National Strategy to Prevent and Counter Violent Extremism focusing on gender, youth, and technology.","Omosngerekano obonsi aaria Nairobi norigereretie keboyia emeroberio yaye na korwa omoroberio omoyia igoro yogotanga na korwania obokebago bwogosaria ebirengererio kwarengete abanto bechingencho chionsi, na mono abasae na tekinorochi erio gokora obokebago obwo."
2972,Security,PSA,"Community policing campaign in Lamu engaged youth, elders, and security agencies to strengthen early warning and reporting systems.","Oborendi bwebinyoro aaria Lamu mbabete nechinkwana chiogosegeta abasae, abakwani bebinyoro, neserikari buna bagokong'ia obomongeri komanya bwango ebikoru biobosaria na komanyia abarendi kegima."
2974,Security,PSA,Journalists from multiple counties trained on responsible reporting of violent extremism to prevent sensationalism and reduce harm.,"Abariki amangana korwa chinse ao ao mbaegeretie igoro yokorika na komanyia goetra amangana ase enchera engikeranu igoro yogosarigwa ebirengererio buna enchera eyemo yogotanga ogosarigwa obongo amangana echinkuma, okogosia gose okongainereria erio gotanga ogosareka kwa'bange."
2976,Security,PSA,Security Sector Counter Violent Extremism partners held public forums in Mapenya and Mkunumbi to build resilience and counter extremist messaging.,Ensemo yoborendi ase okobwaterana korwana nobokebago bwogosaria amongo koba ekabago gikoruta chipomu mbagete nechinkwana nabanainchi aaria Mapenya na Mkunumbi kobaa chinguru gotenena na korwania obokebago bwogosaria amongo goetera ogotoma amang'ana ameng'e esimi.
2977,Security,PSA,Training delivered to Anti Terrorism Police Unit officers to strengthen ideological awareness and operational skills under the national CVE framework.,Amasomo arwetwe ase abasikari bari batenererete gotanga ogwateka gwechipomu gokongia chinhera chikomanya ebirengererio biogosari obongo na buna oranyare gotanga ayio goetera amachiko yokorwania gotanga gosarigwa obongo.
2978,Security,PSA,County security engagement forums enhanced collaboration between communities and security agencies for early warning in high risk areas of Lamu.,Okobwaterana ase aborendi bechikaonti ngwakongetie oboererania gati yebinyoro nabarendi boborendi komanya bwango ebiorokererio bwobokebago bwokoruta chipomu chinsemo chiria chiregire nobokebago aaria Lamu.
2983,Security,PSA,Advisory notes high likelihood of terrorist attacks targeting public areas and urges awareness and adherence to security guidance.,Abasemia baorokirie okonyarekana goakwa chipomu chirengete aba abanto bare na igo gosaba abanto komanyigwa berende na kobwatia amachiko oborendi.
2984,Security,PSA,United States advisory urges increased caution due to terrorism and kidnapping risks and recommends reviewing personal security plans.,Abasemia ba America koba maisi enchera ya igoro mono igoro igoro yobokebago nokobwatwa na gotamigwa kwa'banto na gosaba nga amachiko oborendi arigererigwe keboyia.
2985,Security,PSA,Counties along the Somalia border face heightened terrorism threats and essential travel only is advised.,Chikaonti chiruia chibebekanete na Somalia chire ase obwoba bogoakwa chipomu ase igo gababwa ng'a bkeanie chisafari chiabo.
2986,Security,PSA,Security tightened in Lamu following recent attacks and travelers are urged to remain vigilant and avoid certain road routes.,"Oborendi bwabekirwe boisaine aaria Lamu ase engencho yogoakwa chipomu bwango iga, ase ayio na abanto bare ase chifari chiabo baboriigwe koba maiso ase ogotaetera chinchera chiria chiregire."
2987,Security,PSA,"United Kingdom advisory urges alertness in hotels, malls, and transport hubs and encourages use of counter terrorism guidance.","Abasemia ba United Kingdom basabire abanyene bechinyoma chiokoragera na korara, chiduka chinene chikoonia ebinto ao ao, amo naase chirori chikorinerwa erio koba maiso na kobwatia amachiko ogotanga obokebago."
2988,Security,PSA,DusitD2 attack underscores importance of knowing emergency exits and procedures in hotels and office buildings.,Ogoakwa epomu gwa DusitD2 nogokurera ng'a komanya bwango na gotanga obokebago nechinchera chiokominchoreria nemeroberio yonsi ase chinyomba chiokoragerera nechiofisi eikaranigwe.
2989,Security,PSA,Advisories recommend avoiding large gatherings and taking caution during religious and cultural events due to elevated risks.,Obosemia obwo nigo bokomanyia ng'a bonsi baria bare ase emesangerekano yabanto abange buna chikanisa nemesikiti na emesangerekano ende yonsi babe maiso ekiagera yogoakwa chipomu okwo gokageire koba.
2991,Security,PSA,High threat of kidnapping targeting foreigners in northern and coastal areas and travelers are urged to avoid high risk zones.,Obwoba bwa igoro bwokobwatwa na kobiswa kwabanto korengete abarwa isiko bamenyete aaria Irianyi mbarabare nenyancha na baria bonsi bagotumia chigari ase rogendo baboriigwe gotaika ange nchinsemo echio chiregire nobokebago.
2992,Security,PSA,Terrorist attacks are more likely during major holidays and the public is urged to maintain heightened awareness and avoid crowded spaces.,Ogoakwa chipomu ngokageire mono chingaki chiemetiko nemeyega emenene igo ogosaba goikarania koba maiso kwarurwe goetra okomanyania na kwebacha korwa omoganda bwabanto abange.
2993,Security,PSA,Government outlines offenses classified as terrorism under the Prevention of Terrorism Act and urges public awareness of legal obligations.,Eserikari yarure omoroberio ogoatanana igoro yamnamocho yobokebago bwokoruta chipomu inse yamachiko yogotanga obokebago bwokoruta chipomu na gosaba abanto komanya igoro ya ayare obwenerete gokora aye buna omokenya.
2994,Security,PSA,Kenya hosts regional training to strengthen capacity in combating terrorism financing with participation from experts across Africa.,Kenya yaretire amo okwegerigwa kwa abarai bechingongo gokongia okobua kwabo korwania obokebago bwokoruta chipomu na baria bakorwa chibesa gokora ayio ase ogasanga nabimanyi korwa Afrika engima.
2995,Security,PSA,Analysis identifies persistent terrorist activity in counties bordering Somalia and urges adherence to safety recommendations.,Obokongori bwaorokirie igoro yokogenderera kwobkebago bwokuruta chipomu ase chikaonti chiria chibebekaine na Somalia na gosaba ng'a okobwatia amachiko oborendi buna ring'ana riengencho.
2997,Security,PSA,"United Kingdom advisory urges continued vigilance due to unpredictable threats in public places, hotels, and religious sites.","Obosemia korwa United Kingdom bwasabire omongeri bwakogenderera ase engencho yogotamanyereria ekero ebibago birarute chipomu ase abanto, chinyomba chiokoragera, naase gosabera."
2998,Security,PSA,National Assembly strengthens laws to detect and prevent terrorism financing and improve transparency across financial systems.,Bunge yakong'irie laws yokomanya na gotanga obokebago bwokoruta chipomu n baria bakobaa chibesa gokora ayio naboigo koba maiso marore buna chibesa chigoeta anaboko abanto.
2999,Security,PSA,Kenya and the United Kingdom opened a modern Anti Terrorism Police Unit headquarters in Mombasa to enhance coastal security capacity.,Kenya amo na United Kingdom Bigoire polisi enyia buna oboikaranso bwaye obonene aaria Mombasa etenerete gotanga obokebago bwokoruta chipomu gokong'ia oborendi boetanaine enyancha.
3000,Security,PSA,Canada advises high vigilance across Kenya due to ongoing extremist threats and warns against large gatherings.,Canada yarure obosemia koba maiso Kenya engima ase engencho ykogosia okwo kogendererete jkwogoakwa chipomu na gosaba nga abanto tibaba ase emesagerekano ybanto abange amo.
3001,Security,PSA,Kenya introduced legislation regulating virtual asset service providers to reduce money laundering and terrorism financing risks.,Kenya yaansire amachiko goyotanga baria bagotoma chibesa goetera eintaneti bakeanie oborosia bwechibesa pandia gosegeta obokebago ase akobaa chibesa echio.
3002,Security,PSA,United Nations and Kenyan agencies co hosted workshops to help local officials and communities address incitement and prevent extremism.,United Nations amo na Kenyan nebitengo biaye mbaraete omosangerekano barai ba inse nebinyoro biabo gotanga obosegeti korwania obokebago bwogosaria obongo.
3007,Security,PSA,Reports show continued Al Shabaab activity near the Somalia border and call for sustained vigilance.,Chiripoti nkwrokia chire buna ebikoru bia Al Shabaab ang'e nechimbebe chia Somalia igo koboria koba maiso chingaki chionsi.
3008,Security,PSA,Parliament is reviewing amendments to strengthen oversight and enforcement against terrorism financing.,Bunge negendererete korigereria amaonchorerio gokong'ia obomongeria nechinguru igoro yokoa ebibago bwokoruta chibesa.
3009,Security,PSA,The National Counter Terrorism Centre continues public alerts urging vigilance and reporting of suspicious activity.,Ekeombe keria ekenene gekorwania obokebago bwokoruta chipomu (NCTC) nkegendererete korwa ogokurerwa na korwa amang'ana igoro yebikoru biechitang'utang'u gochia ase abarai.
3011,Security,PSA,Kenya and the United Kingdom opened a new Anti Terrorism Police Unit facility in Mombasa to strengthen operations.,Kenya nobomo bwa Boraya mbaigorete egetuo kiabasikari kegokinana nobokebago bwokoruta chipomu aaria Mombasa gokongia obokoreri.
3012,Security,PSA,Critics warn that terrorism related charges applied to protestors must balance security with constitutional rights.,"Abmongeria goro yekeene basiemire eserikari ase ogotumia richiko riobokebago bwokoruta chipomu gosoera abakorobererekana koba mamincha nerichiko kobiga abakorobererekana na mamincha yobosibore bwomonto bwerichiko gotara, gosangererekana na gokwanerana."
3013,Security,PSA,"After the 2015 Garissa University attack, authorities increased security and encouraged vigilance in learning institutions.","Ekero eyunifasity ya Garissa yasaganetwe nobokebago bwogoakwa epomu, abarai mbagesete oborendi na gosegeta obomongeria ime yechisukuru."
3017,Security,PSA,The Anti Terrorism Police Unit conducts preparedness training and urges ongoing vigilance.,Abasikari bensemo yokorwania obokebago bwokoruta chipomu ngokora bare okwegeria igoro yokoba maiso na gosaba ng'a abanto batigare koba maiso.
3018,Security,PSA,The National Counter Terrorism Centre calls for prompt reporting of suspicious activities.,Ekeombe keria ekenene giokorwania obokebago bwokoruta chipomu (NCTC) kiaboririe nga abanto bagenderere gokenyia ebikoru baroche biechitangutangu.
3019,Security,PSA,The United Kingdom advises visitors to remain vigilant due to terrorism threats targeting public areas.,Obomo bwa Boraya (United Kingdom) bwasemirwe abare bakobatarera koba maiso ase engencho yobwoba bwobokebago bwokoruta chipomu borengete ase abanto abange bare.
3020,Security,PSA,A UN workshop brought together multiple sectors to improve strategies for preventing violent extremism.,Obomo bwechinse (UN) mbwaretete amo abanto ao ao korwa eserikari goikerania emeroberio yogotanga obokebago bwogosaria abanto amongo goetera amorokererio amabe.
3022,Security,PSA,Advisories highlight persistent al Shabaab threats and urge high situational awareness.,Abasemia bamanyirie igoro yokonyarekana kwa al Shabaab kogenderera koruta chipomu na gosaba ng'a abanto babe maiso komanya eki barengete.
3023,Security,PSA,A terrorism threat report outlines activity by al Shabaab and IS and stresses public vigilance.,Erpoti yobokebago igoro yokoruta chipomu yaorogetie ebokoru bia al Shabaab amo nobomo bwaisabanto batigare maiso.
3026,Security,PSA,"The United Kingdom warns of high terrorism risk in Kenya, especially targeting UK interests.","Obomo bwa Boraya (United Kingdom) bwarure ogokurera igoro yokonyarekana goakwa nebibago bwokoruta chipomu aiga nka Kenya, mono kegima birengete abanto bense yabo abwo bare iaga Kenya nebinto biabo."
3028,Security,PSA,Authorities warn that extremists may continue targeting critical infrastructure.,Aborai bwarure ogokurerwa ng'a ebibago biogosaria abanto amongo mbirengete goaka ebikoreri ao ao bioborendi biserikari.
3031,Security,PSA,An annual analysis reviews terrorism trends and advises residents and travelers on safety.,Okorigereria gwa kera omwaka bunayeboba bikoruta chipomu gwasemirie abamenyi na baria bakogenda chisafari berende.
3032,Security,PSA,"Summary of tactics used in Westgate, Garissa, and Dusit attacks with government guidance on reporting, preparedness, and emergency response.","Obwenge bwa'mangana igoro yechinchera chiatumegete goaka chipomu aaria Westgate, Garissa, na Dusit eserikari yarwete oborai buna abariki amang'ana na komanyia amangana ayio abanto yakoretwe, koba maiso, na ekere kiare gokorwa chingaki echio chiemebasekano."
3033,Security,PSA,Advisory highlighting increased terrorism threats in the United States and urging vigilance and reporting of suspicious activities.,Ogokurerwa korwa eserikari kwamanyirie abanto igoro yokogeseka kwobokebago bwokoruta chipomu aaria America na koboria ng'a babe maiso na komanyia ase obwango gento kende gionsi bare nechitang'utang'u nakerokio.
3034,Security,PSA,National campaign encouraging the public to report suspicious activity to prevent terrorism related crimes.,Omoroberio omone bwense ogosegeta abanto komanyia eserikari bokoru binde bionse biechitangutangu erio gotanga bokebago bonde bwonsi bwokoruta chipomu.
3036,Security,PSA,Message encouraging citizens to recognize and report suspicious behavior noting that vigilance strengthens community security.,Amangana amenge esimi koa abanainchi emioyo buna bakomanya na korwa eripot igoro yebikoru biechitangutangu bamanyete buya ng'a koba maiso nenchera eyemo yogokongia oborendi bwebinyoro.
3037,Security,PSA,"Advisory urging reporting of suspicious activity in public spaces such as schools, concerts, and sporting events.","Ogokurera korwa eserikari korigetie abanto korwa amang'ana gochia agambi igoro yebikoru biechitang'utang'u aase abanto bakobera buna chisukuru, chinyomba chiokwegokeria, amo nechogosori."
3038,Security,PSA,Outline of four steps to enhance digital safety and strengthen national security online.,Omoroberio bwebinto bine ebikeranu gokong'ia oborendi bwedichitari na gokong'ia oborendi bwense ase eintaneti.
3039,Security,PSA,Assessment noting high terrorism threat levels in the United States from domestic and foreign violent extremists.,Okorenga kwa beene nkwaorogetie ase ebirengo bia igoro ng'a okonyarekana kwogoakwa chipomu aaria America korwa ebibago bia ime na korwa isiko.
3040,Security,PSA,Overview of updated United Kingdom counter terrorism laws including youth diversion and enhanced risk management tools.,"Amangana amenge yamachiko akworokia buna Obomo bwa Boraya bokorwania gotanga obokebago bwokoruta chipomu, amo nomoroberio bwogokonya nabasae tibasoa obokebago obwo, boigo na nobosemia bwokobakonya gokinana na nobosareki."
3042,Security,PSA,EU guidance on gender responsive and violence prevention measures within the counter terrorism strategy.,"Ogochika kwobomo bwa Bongeresa (EU) igoro okogania kwabanto ao ao buna abasacha, abakungu nabande bchingencho ao ao buna enchera eyemo yogokonya abanto gotesoi ase obokebago bwokoruta chipomu."
3043,Security,PSA,Update on United States Treasury sanctions targeting terrorism financing networks.,Uamangana abwango korwa Ekegncha ekenene giesirikari ya America gosieka chibengi chiabanto gete na kobeka ebisusuro ase abamochi buna enchera eyemo yogatanga koa ebiombe biebibago chibesa.
3044,Security,PSA,Kenya’s strategy to curb radicalization and prevent violent extremism through community engagement and multi agency responses.,Emeroberio ya Kenya gokora ogosarigwa obongo namang'ana yebibago na gotanga ogoakwa chipomugoetera okobwaterana nebinyoro nebitengo ao ao bieserikari goikerania ayio.
3045,Security,PSA,Public awareness campaign strengthening intelligence sharing and trust between communities and security agencies.,Emeroberio yokomanyia abanto nigo egokong'ia okoererania kwobotuki na komenta okwegenana gati yabanto nabarendi boborendi.
3046,Security,PSA,Kenya Police measures to combat terrorism and violent extremism focusing on the Anti Terrorism Police Unit.,"Emeroberio ya abasikari ba Kenya arengete abasikari baria boborendi bwogotanga obokebago bwokoruta chipomu, namangana yosaria obongo goetera amorokererio amabe."
3054,Security,PSA,Parliamentary amendment strengthening legal frameworks to combat terrorism financing and regulate virtual assets.,Ogoochoreria kwa amachiko na Bunge gwakong'irie amachiko gokinana nobokebago bwokoruta chipomu na baria bakobaa chibesa goetra eintaneti gokora obosaria.
3056,Security,PSA,Summary of Anti Terrorism Police Unit mandate to prevent detect and investigate terrorism through cooperation and outreach.,"Amangana amenge bwa ayarengete egekosi gia Porisi kegokinana nobokebago bwokoruta chipomu erio gotuka, komanya bwango na gotanga bwango goetera okobwaterana na gosoka goikera."
3057,Security,PSA,Opening of the Coast Regional Anti Terrorism Police Unit headquarters to improve responses to terrorism cases.,Ogochaka na koigorwa kwegekosi gia Porisi aaria chinsemo chia Mombasa buma oboikaranso bwaye obonene erio gokinana nobokebago bwokoruta chipomu gokongia gokinanan nobokebago obwo.
3058,Security,PSA,Kenya’s cybersecurity strategy to protect critical information infrastructure and enhance public online safety.,Omoroberio o'Kenya korenda chisimi nechikombiuta tichitumeka bobe erio korenda amang'ana tasoa amaboko amabe buna enchera eyemo yogoikerania oborendi bweintaneti.
3059,Security,PSA,Toolkit empowering communities to counter violent extremism under the NIWETU multi stakeholder initiative.,Egetabu kegosomia abanainchi buna baranyare gokinana nobokebago bwogosaria obongo goetera amasomo amabe inse yomoroberi o'NIWETU omoroberio bwabakoreri ao ao.
3061,Security,PSA,"Highlights efforts to raise awareness on online safety and cybersecurity, emphasizing child protection.","Amangana amanene agosegeta gokonia okomanya igoro yokwerenda korwa obosareku bweintaneti na amangana echisimi nechikombiuta erio erio korenda amang'ana, erengete oborendi bwabana."
3062,Security,PSA,Describes Anti Terrorism Police Unit prevention and investigation work using specialized teams.,Nkorwa kere oboagare bwegekosi gia Porisi keria kegotumia okoererania ase obotuki na gotanga obokebago goetera ebitengo biabamanyi.
3063,Security,PSA,Calls for stronger consumer education and digital safety to address cyber threats.,Okoboria gwechinguru ng'a abagokorerwa emeremo basemigwe igorro yoboronge bwabo na buna babwenerete kwerenda gedichitari erio gotanga obwoba korwa eintaneti.
3067,Security,PSA,Reports on campaigns building trust and intelligence sharing with communities.,Nkomanyia bare igoro yechinkwana chigosegeta gokina okwegenana na koererania amang'ana obotuki nabanyabinyoro.
3068,Security,PSA,Outlines Anti Terrorism Police Unit operations focused on investigations and public cooperation.,Nkworokereria are igoro yemeroberio ya yegekosi kia abasikari gokonana nobokebago bwokoruta chipomu birengete obotuki na obosagani ebinyoro.
3071,Security,PSA,"ATPU conducts threat interdiction, awareness, and multi agency operations.","Egetengo kia abasikari getenerete gokinana nobokebago bwokoruta chipomu (ATPU) ngotanga kere obokebago botaraba, komanyia abanto, amo nokobwaterana nebitengo binde bieserikari."
3072,Security,PSA,EU and Kenya expand engagement to operationalize the NSCVE.,Obomo bwa Bogeresa EU na Kenya bagareirie obokoreri bwabo goikerania emeroberio ya Kenya yoborendi gokinanana nobokebago bwogosaria obongo goewtera amasomo amabe (NSCVE).
3073,Security,PSA,New legislation strengthens financial transparency and anti terrorism financing measures.,Amachiko amayia okongirie obomiso marore buna chibesa chikoenanwa erio gotanga buna ebibago bwokoruta chipomu bikoegwa chibesa gokora oboseria bwabo.
3074,Security,PSA,Security agencies receive updated protocols for data and intelligence sharing.,Ebitengo bioborendi nkomanyigwa bire emeroberio emeyia yogokora emeremo yabo ase amangana na koererania obotuki.
3075,Security,PSA,Kenya launches curriculum enabling officers to identify and counter extremism.,Kenya yaansire amasomo gokonya abarai komanya na gotanga obokebago bwogosaria ebirengererio.
3076,Security,PSA,Kenya adopts updated UN and FATF sanctions lists targeting terrorism financing.,Kenya yaitabire na gochaka gokorera emeremo ebikwaso biabegetwe na nobomo bwechinse chikwegambera (UN) na ekeombe keria ekenene gekorigereri buna chibesa chigokora emeremo (FATF) kerengete gotanga ebibago biokorut chipomu koegwa chibesa.
3077,Security,PSA,Parliament strengthens anti money laundering and counter terrorism financing frameworks.,Bunge yakongirie okorosia chipesa chia pandia na gokinana nobokebago bwokoruta chipomu na baria bakobaa chibesa gokora obokebago obwo.
3079,Security,PSA,NCTC uses online platforms to increase awareness and reporting.,Ekeombe gia Kenya getenenerete gokinanana gotanga obokebago bwokoruta chipomu (NCTC) ngotumia kere omoroberio bweintaneti komnyia abanto na korwa chiripoti.
3081,Security,PSA,Kenya launches a C-IED training complex to train security personnel.,Kenya yaansire esukuru yabeene kwegeria abakoreri baye boborendi buna bakomanya na gotegora chipomu chiokweroseria (C-IED).
3082,Security,PSA,Kenya updated the PBO Act to tighten oversight on terrorism financing. Stay compliant and report suspicious activity.,Kenya yarigereirie keboyia amachiko yebiombe bitari bieserikari (PBO) gokongia obomongeri igoro yokoa abibago bwokoruta chipomu chibesa gokora obokebago bwabo. Kabe omoikaranu na karue eripoti igoro yebikoru biechitang'utang'u.
3083,Security,PSA,Corruption threatens security and growth. Report unethical conduct to safeguard public resources.,Obokengeka nokokosia ase aborendo namagenderero. Karwe eripoti yebikoru ore nechitangutangu gose ogokora gotabwenereti gochia ase abarai korena obonda bwebinyoro na Kenya.
3085,Security,PSA,Report corruption anonymously through hotlines and portals to support fast investigations.,Manyia abaraia amangana igoro yobokengeka otari kwemanyekania goetera enamba yesimi morerero na gowetera eintaneti erio goikerania obotuki bwa bwango.
3086,Security,PSA,Learn how corruption affects services and take part in community education to prevent it.,Soma buna obokengeka bore omochando ase obokoreri nigo kabe oyomo ase okomanyia na gosomia ekenyoro bun enchera eyemo yogotanga obokorekanu.
3087,Security,PSA,Know your rights and demand integrity from public officials to reduce corruption risks.,Manya oboronge bwa na boria ng'a abakoreri beserikari babe abeene ase emeremo yabo gokeania obokengeka.
3088,Security,PSA,Civil society networks across Africa push for transparency. Support governance-strengthening efforts.,Okobwaterana kwebiombe bitari bieserikari Africa engima mbagendererete gosuguma obomaiso marore ase obokoreri. Sira emeroberio eye egokongia obogambi obuya.
3089,Security,PSA,Transparent governance improves safety and service delivery. Stay alert and speak up in your community.,Obogambi bwa maiso marore nigo bogokongia oborendi nobokoreri. Kabe maiso na kwana igoro yobokengeka ase ekenyoro kiao.
3090,Security,PSA,Reporting corruption aids asset recovery and strengthens law enforcement. Use official channels.,Karwe eripoti yobokengeka nigo egokonya ase okoirania enibo konye yaibirwe na gokong'ia obokoreri bwamachiko . Wetera chinchera chiekeofisi.
3093,Security,PSA,Kenya increased funding for anti‑corruption bodies for stronger accountability in 2025.,Kenya yagesete ekerengo giechibesa as ebitengo biria biogokinana nobokengeka goikerania abokeri oboikeranu omwaka 2025.
3095,Security,PSA,A new justice sector framework was introduced to unify anti‑corruption efforts.,Amaonchorerio ime yeserikari ase obokoreri bwamachiko arengete chikoti naansetwe koreta amo okorwania obokengeka.
3096,Security,PSA,"EACC recovered KSh 28B over six years, redirecting resources to public projects.","Ekeombe keria gekorwania obokengeka (EACC) nkiairanetie chieiringi chibirioni 28 gati yemiaka 6, na enibo eyio ekabagwa ase amagenderero ense."
3097,Security,PSA,The Kenya Integrity Plan sets a roadmap for transparency improvements through 2028.,Omoroberio bwerichiko omonene o'Kenya igoro yobwegenwa ase emeremo nobegete chingaki goikerani gokora emeremo boronge na maiso marore goika omwaka 2028.
3098,Security,PSA,Recent prosecutions of officials show commitment to tackling economic crimes.,Okonacherwa ekina kwa abaofisa bwango iga nekiorokererio giesirikari korwania obosaria bwobogoko bwense.
3099,Security,PSA,A bill proposes a 10‑year procurement ban for individuals and firms convicted of corruption.,Richiko riyia igoro yobogori bwobokengeka riabekire ogotangwa emiaka 10 korwa obogori ae abagoribakonyorekana koba abogori bakengeka.
3100,Security,PSA,KNCHR calls for stronger measures to protect human rights from corruption impacts.,Ekeombe keria ekenen gekorwanerera oborongo bwa mwanyabanto (KNCHR) kiaboririe ng'a emeroberio emiya yokorenda yokorenda oboronge bwa'banto korwa emechando ekorentwa nobokorekanu.
3102,Security,PSA,Judiciary budget upgrades will automate courts and speed up corruption case handling.,Okogeswa chibesa ase obokoreri bwa koti mboikerania chikoti gokora emeremo yaye goetera etekinorochi ase obokoreri obuya Jkwangoi kogaba ebina biobokorekanu.
3103,Security,PSA,African Anti‑Corruption Day 2025 urged united action against abuses of human dignity.,"Ekeombe gia African kere mamincha nobokorekanu rituko riokoinyora obokorekanu omwaka 2025 ngiasabete okobwaterana na bonsi korwania obokengeka bokoura abanto oboronge, amasikani na komenya buya."
3104,Security,PSA,EACC partnered with the Catholic Church to promote ethics during the 2025 Lenten season.,Ekeombe keria gekorwania obokengeka (EACC) nkiabwateranete nekanisa yabaromani Katholic gosegeta amachiko yogokora emeremo chingaki chia amatuko 40 yokwengata omwaka 2025.
3105,Security,PSA,KLIF engaged private sector partners to advance the Kenya Integrity Plan.,Ogocha amo gwekeombe kiemegondo nobokoreri (KLIF) nkiakwanerete nabanyabiasara kobwatera erio gokina meroberio yobokeri bwobwegenwa bwa Kenya.
3106,Security,PSA,"Kenya suspended officials implicated in graft, reinforcing zero‑tolerance policy.","Kenya yarusetie abakori baye emeremo ase emeremop bri banyorekanete bare kengeka, goikerania richiko riogotekumba ase obokorekanu."
3108,Security,PSA,The Kenya Integrity Plan expands oversight and training across all counties.,Omoroberio o'Kenya igoro yobwegenwaiogareeirie obomongeria nokwegerigwa ase chikaonti chionso.
3109,Security,PSA,EACC raised awareness at the 2025 Eldoret Show on reporting corruption.,Ekeombe keria gekorwania obokengeka (EACC) ngiakorete okomanya omoerio bwomwaka 2025 aaria ase amoorokereria yoboremi Eldoret buna aranyare koria eriporti igoro yobokorekanu.
3110,Security,PSA,Anti‑corruption training reached officials and residents in Nandi County.,Amasomo igoro yogotanga obokengeka naikerete abaofisa nabamenyi ba ba aaria ekaonti ya Nandi.
3112,Security,PSA,Kenya’s judiciary is automating courts to improve transparency nationwide.,chikoti chia Kenya chiansire obokoreri goetera eintaneti goikerania obomaisomarore bwemeremo Kenya engima.
3113,Security,PSA,EACC filed 47 civil suits to recover KSh 9.2B in stolen assets.,Ekeombe keria ekenene gokorwania obokorekanu (EACC) ngiasoete ebina 47 biamang'ana egenka koirania chibirioni 9.2 chiebinto bieserikari bibire chikaonti ao ao.
3115,Security,PSA,EACC partnered with Catholic Church Kisumu to promote ethics during Lent.,Ekeombe keria gekorwania obokorekanu (EACC) nkibwatanete nekanisa ya Roman Catholiki aaria Kisumu gosegeta keene ase egasi chingaki chiepasaka.
3116,Security,PSA,Youth and public engaged through integrity clubs at Eldoret Show.,Abasae nechinkwana chebinyoro goetra ebiombe bioboene aaria Eldoret chiokworokia igoro oboremi.
3117,Security,PSA,Kenya increased budgets for oversight bodies in FY2025/26.,Kenya yagesete ekerengo giechibesa chiogokora emeremo ase ebiombe biria bikomongera obokoreri ase omwaka bwechibes 2025/26.
3119,Security,PSA,EACC urged Bungoma leaders to support anti‑corruption investigations.,Ekeombe keria ekenene giokorwania obokorekanu (EACC) nkiaboretie abarai ba Bungoma gisira obokongoria bwogotanga obokengeka.
3126,Security,PSA,EACC trained leaders and citizens in Nandi on integrity.,Ekeombe keria ekenene giokorwania obokengeka (EACC) kiaegeirie abarai nabainchi aaria ekaonti ya Nandi igoro yekeene.
3127,Security,PSA,African Anti‑Corruption Day linked corruption to human rights harm.,Rituko riokoinyora egegi igoro yokorwania obokengeka aiga Africa ndirogetie buna obokorekanu bokomiga oboronge bwekemwanyabanto bwabanto.
3128,Security,PSA,NACCSC rolled out a county‑wide ethics and anti‑corruption plan.,Ekomiti enene etenenerete korwania obokengeka (NACCSC) ngiaansete omoroberio bwechikaonti chionsi gosegeta obokoreri bwekeene na gotanga obokorekanu.
3129,Security,PSA,New rules require officers to declare gifts and avoid conflicts of interest.,Amachiko amayia nogo aganetie abarai komanyekania ebieegwa bakoegwa erio gotanga gose korenda obokoreri bwabo gotatuomana nemeremo yabo.
3130,Security,PSA,Courts now hold daily briefings reinforcing zero tolerance for bribes.,Chikoti rero nkobwa chire nogosanga kera rituko buna ebwenerete korwa obokoreri gokongia ekonano yokoria amaaki.
3131,Security,PSA,ODPP introduced tech tools and plea deals to cut case backlogs.,Ofisi yomosoeri ebina (ODPP) yaansete egekoreri kigedichitarierio kwangoi gokora ebina ebinge korwa abwo magega.
3132,Security,PSA,A procurement ban bill seeks to deter corruption through strict penalties.,Richiko riyia nigo ririgetie gotanga obokorekanu bwechikambani gose abanyabiasara baria abakorekanu goetera kwanga gokora emeremo neserikari goika emiaka 10 buna egesusuro.
3133,Security,PSA,Rise in robberies and unrest during protests calls for vigilance.,Okogeseka kwoboibi nechiminano chingaki chiokorobererekana neringana rigneti korigerigwa ase obongaini.
3134,Security,PSA,New report shows increased blogger harassment; verify safety online.,Chiripoti chinyia nigo chikworokia buna baria bakorika amangana betenenete bagendererete komigwa; riganetie obokongoria koenekia.
3135,Security,PSA,Travelers should exercise high caution due to terror and unrest risks.,Abatari gose baria bare ase orogendo nebagwenerete koba maiso igoro yobokebago nemechando yeminano.
3136,Security,PSA,Experts warn of protest‑related unrest; avoid high‑risk areas.,Abamanyi barure ogokurera igoro yemonanokorwa ase okorobererekana na emonano ebwatekaine; kabe are korwa ase ayio.
3137,Security,PSA,Protests caused disruptions; stay alert and follow safety guidance.,Okorobererekana nigo kwaretete oturubano; kabe maiso na bwatia emeroberio yoborendi.
3138,Security,PSA,US global caution highlights terrorism threats; stay vigilant.,Ogokurerwa gochia ense korwa America nkworokia kore okonyarekana kwobokebago bokoruta chipomu; kabe maiso.
3139,Security,PSA,Australia urges extreme caution due to crime and terrorism.,Australia yaboriruie koba maiso kegima ase engencho yobosaria bwokoruta chipomu.
3140,Security,PSA,KNCHR urges action on human rights abuses and safety risks.,Ekeombe keria ekenene giokorwanerera oboronge bwanyabwanto (KNCHR) giasabire egetambokero igoro yogokorerwa bobe goge kogosereria oborendi bwomonto.
3141,Security,PSA,Terror threats remain high; avoid high‑profile crowded areas.,Obwoba bogakwa chipomu nigo bore igoro; erende toba ase omosangerekano bwa abanto abange.
3142,Security,PSA,Enhanced airport and public‑space security aims to protect visitors.,"Oborendi bwebitii biechindege nechisitechi chiokorinera chirori oborendi bwagesirwe borengete korenda abanto, abageni bagocha aiga nense."
3143,Security,PSA,UN urges transparent investigations after protest fatalities.,Obomo bwechinse chikwegambera (UN) bwaboririe obutuki bwa maiso marore nyuma yabarobererekani koumia.
3144,Security,PSA,US warns of road closures and heavy security in Nairobi CBD.,America yarure ogokurerwa igoro yogosiekwa chipara nobonge bwabasikari aaria etaoni gati ya Nairobi.
3145,Security,PSA,Kenya will adjust curfew hours in Turkana and Kainuk due to improved security.,Kenya nebangete korigeria keboyia chingaki abanto babwenerete korwa isiko kogenda chinka aaria Turkana na Kainuk ekiagera oborendi bwabeire buya ake.
3146,Security,PSA,July 7 protests expected; avoid major towns and demonstrations.,Abarobererekani bechitriki 7 chiomotieny 7 ebakagerete; kabe are nemechie emenene nokoroberekana.
3147,Security,PSA,"Government issued directives on firearm use, including shoot‑to‑leg order.","Eserikari yaruete richiko buna chibunduki chigotumaka, amo nokorasa abanto amagoro."
3148,Security,PSA,Interior Ministry condemned attacks on security installations.,Eminisitiri yoborendi bwaime Inogo yaroche bobe ogosariwa kwebinto bieserikari.
3149,Security,PSA,Police in Malindi cutting juvenile crime through new initiatives.,Abasikari aaria Malindi babogoirie ebitambokero biogotanga obosari gati yabana goetra emeroberio emyia.
3150,Security,PSA,Garissa schools receive armed security after fatal attack.,Chisukuru chia Garissa chiaeirwe aabasikari babwate chibunduki nyuma yogosaganwa.
3151,Security,PSA,KEPHIS boosts seed security at borders to prevent threats.,Ekeombe gia Kenya gesugurigete nechimbego chiogosimeka mogondo (KEPHIS) bagesire oborendi bwechimbego aaria chimbebe erio gotange okogoswa.
3153,Security,PSA,Parts of Marsabit declared disturbed; follow security protocols.,Abarai Marsabit batebire nga orogongo orwo nigo rore ase ogsaganwa naigo baborirwa omorembe; bwtia amachiko oborendi.
3154,Security,PSA,IG banned arms in disturbed areas; surrender weapons to police.,Omorai omonene bwa'basikari (IG) ochikire abanto gotwara chibunduki aaria ase are nechisagano; Bwatoka chibundukigochia ase abasikari.
3155,Security,PSA,UN concerned over protest deaths; calls for accountability.,Obiomo bwechinse chikwegambera (UN) nechandegete igoro yamakweri abaria bare koroberekana; baboririe eserikari kobogoria obobe obwo.
3156,Security,PSA,US warns of security force deployments; avoid protest zones.,America yarure ogokurerwa igoro yogotoma basikari; kabe are korwa chinsemo chiria abanto bakorobererekana.
3157,Security,PSA,Canada warns travelers of protests and potential disruptions.,Canada yarure ogokurerwa gochia ase baria bakogenda chisafari igoro yokoroberekna amo nkoba gwechiburaburu.
3158,Security,PSA,Nationwide Saba Saba protests expected; avoid busy areas.,Okoroberekana gwa Saba Saba gokageire; kabe are naase abwate abanto abange.
3160,Security,PSA,KEPHIS increases border surveillance to curb biosecurity risks.,Ekeombe keria gekorosia chimbusuro chiogosimeka na gochibaga (KEPHIS) kiagesire obomongeria ase chimbebe gotanga ogosoigwa gwechimbego chiapandia na gotanga amarwaire ase oboremi.
3161,Security,PSA,Malindi police report reduced youth crime.,Polisi ya Malindi yaminyirwe igoro yogokeana kwobosaria ase abasae.
3162,Security,PSA,Garissa schools receive armed protection after attack.,Chisukuru chia Garissa chianyore oborendi korwa abasikari babwate chibunduki nyuma yogosaganwa.
3163,Security,PSA,Marsabit areas under security declaration; comply with rules.,Chinsemo chia Marsabit chiabekirwe inse yoborendi bweserikari; igwera amachiko yoborendi.
3164,Security,PSA,IG bans possession of arms in designated areas.,Omonene bwa'basikari IG okanire abanto kobogoria gose koba nechibunduki emeyega gose ogosangerekana gokobera.
3165,Security,PSA,WHO warns of virus outbreak; follow safety advisories.,Obomo bwense bwobochenu (WHO) bwarure ogokurera ogoro yomwateko bwenyinyi; bwatia amachiko obosemia.
3166,Security,PSA,UK urges vigilance due to terrorism and public order risks.,Obomo bwa Bongeresa (UK) bwasabire koba maiso ase engencho yobokebago bwokoruta chipomu naboigo hatari ase abanainchi.
3167,Security,PSA,US warns of Nairobi CBD protests; plan movement carefully.,America (US) yarure ogokurera gochia ensemo ya gati gati yomochie o'Nairobi igoro yokoroberekana; banga buna ogotara nobongaini.
3168,Security,PSA,Canada warns of terrorism near borders; avoid border areas.,Canada yarure ogokurerwa igoro yogoakwa chipomu chimbebe chia Kenya; kabe are nechimbebe.
3169,Security,PSA,Rise in robberies during protests calls for stronger security planning.,Ogokina bwoboibi chingaki chiokoroberekana negatie omoroberio omuya bwoborendi.
3170,Security,PSA,Revised Turkana curfew aims to maintain peace.,Amachiko amayia yogotanga abanto tibatoka isiko gochakera chinsa gete goika chinsa gete aaris norengete kobeka omorembe.
3171,Security,PSA,KNCHR urges caution after violent protests.,Ekeombe keria ekenen kerendete oboronge bwanyabanto (KNCHR) giasabire abanto maiso nyuma yogosaganwa.
3172,Security,PSA,Gang violence rising in Nakuru; report suspicious activity.,Ogosagananigwa nebikundi biabasaria aaria Nakuru; karue eripoti ase abagambi gose abasikari igoro yebikoru biechitang'utang'u.
3173,Security,PSA,US warns of CBD closures; review personal safety.,America (US) yarure ogokurera igoro yogosiekwa gati gati yomochie o'Nairobi; regereria keboyia amachiko ao yokwerenda.
3174,Security,PSA,Coastal counties face disputes; remain vigilant.,Chikaonti chire mbarabare na nyancha nchirigereretie ogotaigwanana; kabe maiso.
3175,Security,PSA,UN calls for accountability after protester deaths.,Obomo bwechinse chikwegambera (UN) bwasabire nga eserikari ebogorie obobe bwabete ekero giokorobererekana abwo ase abarobererekani baitetwe ase okoraswa.
3177,Security,PSA,Security risks rising; remain alert near Somalia border.,Amang'ana agendererete nkworokia are ng'a oborendi mbogenderete gosareka. Kabe maiso ekore ore ange na Somali.
3178,Security,PSA,WHO urges vigilance in virus outbreak response.,Ekeombe kiobochenu bwense yasabire abanto babe maiso buna enchera eyemo yokorwania ogwateka kwebinyinyi.
3179,Security,PSA,UK urges caution in urban centers due to terrorism threats.,Obomo bwa Boraya (UK) bwasabire abanto koba maiso gatigati yechitaoni ase engencho yokogoswa nobokebago bwokoruta chipomu.
3180,Security,PSA,Interior Ministry highlights week of tightened enforcement.,Omominisita bwoborendi bwaime yamanyirie abakenya igoro yogokongia yoborendi.
3181,Security,PSA,Coastal counties advised to stay alert to gang activity.,Chikaonti chire mbarabare na nyancha chiaboriigwe koba maiso igoro yobokebago bwa abanto abange.
3182,Security,PSA,Police salary increases aim to strengthen national security.,Okogesa abasikari omosaara nigo orengete gokongia oborendi bwense yaito.
3184,Security,PSA,Report environmental violations and support community advocacy for natural resource protection.,"Karwe eripoti gochia ase abambi igoro yogosaria amasingira na sira emeroberio yokoegerera obokoreri obuya bwobonda bwekenyoro buna emete, amache, emegondo, chingiti chiorosana na amadini."
3185,Security,PSA,"Engage in antidiscrimination, refugee inclusion, and youth empowerment initiatives","Bwaterana korwani ogokorera abanto bobe ekiagera eki bare, reta ange baria batamire chisegi korwa sobo, nemeroberio yokobeka abasae chinguru gose kobakonya."
3186,Security,PSA,"Raise awareness on workplace harassment, human rights, and civic responsibilities.","Manyia abanto igoro yobobe bwogokorerwa bobe ase ogokora egasi, oboronge bwanyabanto, na aya omonto abwenerete gokora buna omwanainchi."
3187,Security,PSA,"Join campaigns promoting public health, sanitation, and safe school environments.","Soa na gosegeta chingencho chiobochenu bwebinyoro, ogwesibia amaboko, namasingira amaya ase chisukuru."
3188,Security,PSA,Support mobile legal aid and educational outreach for rural or marginalized communities.,"Sira emeroberio ekerota obokonyi ase ebinyoro bia baria batigarete magega na batari kwenyara na baria bachayire na batari konyara goakana abagambi ebina babagambere obokong'u bwabo, ase okobaika ang'e korwanerera oboronge bwabo, na kobasomia oboronge bwabo."
3189,Security,PSA,"Participate in programs advocating for mental health, gender equality, and disability rights.","kabe oyomo ase baria bakorwanererera gokora obochayi na bagosegeta omorembe bwebirengererio erio komenya buya,rwanerera oboreng'ananu bwabanto bonsi noboronge bwabaremaru."
3190,Security,PSA,"Report child labor, forced marriage, and abuse to relevant authorities or hotlines.","Manyia abagambi bebinyoro gose abasikari otari konyorwa igoro yobosomba bwabana, enywomo yabana, gotibongwa gose gokorerwa bobe goetera enamba yesimi yamorero."
3191,Security,PSA,"Support education and awareness campaigns protecting children, women, refugees, and vulnerable groups","Segeta chisemi goetera okobamanyia abanto oboronge bwabo, korenda abana, abakungu, baria batamire chisegi korwa sobo, na baria baria baranyare konyorwa nobokongu."
3192,Security,PSA,"Use community platforms to educate on disaster preparedness, emergency numbers, and safety protocols","Tumia emesangerekano yebinyoro komanyia na gosomia abanto buna baranyare kwerenda korwa emechando, chinamba chiesimi korangeria ogokonywa, namachiko oborendi."
3193,Security,PSA,Bevigilant students are tricked into smuggling narcotics,"Kabe maiso, abana besukuru nigo bakongainwa gosoa ebiasara biogonya kobogoria na koonia chinyasore."
3194,Security,PSA,"Encourage proper vehicle maintenance, child safety, and driver education programs","Segeta oborendi bwechirori obuya, oborendi bwabana, nemeroberio yogomia abagendia chirori."
3195,Security,PSA,Be on the lookout for criminals who use NGOs to launder money,Kabe maiso igoro yebibago bigotumia NGOs korosia chibesa chia pandia.
3196,Security,PSA,"Report road accidents, unsafe vehicles, and reckless driving to authorities.","Manyia igoro yemebasekano yepara, chirori chitari ase enchera engiya, nobogendia obobe gochia ase abagambi gose abasikari."
3197,Security,PSA,"Share tips and awareness on safe driving practices, traffic regulations, and accident prevention",Konya abarundi chirori komanya obogendi obuya namachiko yobogendia buna enchera eyemo yogotanga emebasekano yechipara.
3198,Security,PSA,"Participate in public safety campaigns and trainings in schools, markets, and transport hubs",Kabe oyomo gosegeta oborendi bwense na nomoroberio bwokwegeria chisukuru igoro yoborendi ase chisukuru chichiro nase chirori chikorinerwa.
3199,Security,PSA,Beware of Criminals posing as embassy staff to commit fraud,Kabe maiso igoro yebibago bigwekora abakori emeremo bobobalosi aiga Kenya erio koibera abanto
3200,Security,PSA,Report biosecurity threats such as seed or livestock smuggling to KEPHIS or local authorities,Manyia abagambi otari konyorwa igoro obokengeka bwogosoi chimbego chikorenta amairwaire ase oboremi bwaito gose amasingira buna chimbego chia pandia gose oboibi bwechiombe gochia ekeombe keria ekenene gia Kenya getenerete oborosia na obabagi bwechimbego (Kenya Plant Health Health Inspectorate Services (KEPHIS( gose abambi bebinyoro.
3201,Security,PSA,Engage in neighborhood vigilance programs and community policing initiatives.,"Soa ase omoroberio bwokomongera ebikoru biobosaria korwa ebinyoro bine, korenda na gotanga gobosaria na amaochorerio yamachiko ase okoba maiso goetera emeroberio yoborendi bwebinyoro."
3202,Security,PSA,Observe curfews and security directives to support local safety measures.,Bwatia amachiko buna arure nabarai una enchhera eyemo yoborendi erio korenda oborendi bwenyoro kiao.
3203,Security,PSA,"Report suspicious activities linked to gangs, terrorism, or violent demonstrations.","Manyia abagambi igoro yrbikoru biechitangutangu bibwatekaine nobokebago bwabanto abange, okoruta chipomu, gose okoroberekana kwobotindi."
3204,Security,PSA,Follow travel advisories and avoid high-risk areas to ensure personal safety,Bwatia amachiko nogosemigwa ase obotari na kabe are korwa ase aria aregire nechisagano goikerania oborendi bwao aye omonyene.
3205,Security,PSA,"Alert authorities to security risks during protests, robberies, or unrest in your area","manyia abagambi igoro yokogosereria kwoborendi chingaki chiokoroberekana, oboibi, gose chiminano aase ekenyoro kiao."
3206,Security,PSA,Use technology and plea bargaining policies to report corruption and support swift case resolution,"Renta amo obokoreri bwetekinorochi amo nechinkwana komanyia igoro yobokorekanu, gotenenera amang'ana na konacha chiminano ase enchera engiya."
3207,Security,PSA,Participate in court briefings or civic sessions promoting zero tolerance for facilitation fees,Sanga ase chinkwana chia koti gose amatuko koti ekoumerana nabainchi gosegeta korwania korwa amaaki erio okorerwe emeremo.
3208,Security,PSA,Educate peers on amendments requiring public officers to declare gifts and prevent conflicts of interest,Somia bigori biao igoro yamaonchorerio yamachiko aganetie abanto korwa ebirengererio biabo ase ogochika korengete abakori emeremo beserikari komanyia chinibo babwate na goteba ebire baetwe buna ebieegwa gotanga dkorora nga emeremo yabo teri nogwanchereria.
3209,Security,PSA,Leverage media platforms to expose corruption and protect public assets,Abariki na komanyia amangana nere buya batumie ribaga riabo rigare nechinguru chiokomanyia gwasioria na korwania obokorekanu na korenda enobo yabainchi.
3210,Security,PSA,Highlight corruption issues in your county and urge leaders to enforce accountability,Teba ebinto ebikorekanu nobokorekanu bore ase ekaonti yao na koboria abarai basugume obotenereri obuya.
3211,Security,PSA,Support youth engagement and integrity clubs in local events to prevent corruption.,Konya abasae ase gokwanerana na gosoa ebiombe biogotenera ekeene ase emeyega yebinyoro buna enhera eyemo yotanga obokengeka.
3212,Security,PSA,Attend anticorruption oversight training and workshops to deepen awareness and behavior change,Ika ase amoorokererio igoro yokomongera na gosanga gokong'ia okomanya namaonchorerio yebikoro.
3213,Security,PSA,Engage in community programs that systematically root out corruption and rebuild public trust,Bwaterana nemeroberio yebinyoro eyio egokinana nobokorekanu gati yobogambi koiya obokorekanu na koirania okwegena kwa abanto ase obogambi.
3214,Security,PSA,Report corrupt officials to reinforce zero tolerance in institutions.,Karue amang'ana igoro yabakoreri abakorekanu gosegeta gokora obokorekanu as chiofisi.
3215,Security,PSA,Encourage private sector collaboration under integrity frameworks for unified anticorruption action,Kae omoyo abanyabiasara kobwaterana inse yamachiko obokeene gokinana keboamo gokora obokengeka.
3216,Security,PSA,Participate in campaigns promoting societal values and ethical behavior,Kabe oyomo ase ogosegeta engencho yoboamate obuya nobwegenwa korengana nengencho yekenyoro.
3217,Security,PSA,Join public awareness events emphasizing the impact of corruption on human dignity,Ikerana ase okonyorana nabande kobamanyia obobe bwobokorekanu korngana namasikani ekemwanyabanto.
3218,Security,PSA,Support automation and reforms in the judiciary to expedite corruption-related cases.,Segeta obokoreri bwegeintaneti ase chikoti namaonchorerio ande erio kwangoi okogamba kwebina biobokorekanu.
3219,Security,PSA,Use technology and social media to participate in anti-corruption campaigns.,Tumia tekinorochia nebiombo biokomanyia amang'ana erio korwa ebirengererio biao ase ogokinana nobokorekanu.
3220,Security,PSA,Advocate for stronger anti-corruption measures to safeguard human rights.,Suguma amaonchorerio yaamachiko akorwania obokengeka korende obonge mwanyabanto.
3221,Security,PSA,Encourage the passage and enforcement of laws banning convicted individuals from public procurement,Segeta ogoetigwa kwa amachiko agotanga baria banyorekanire koba abakorekanu gotasoa ase sobogori bwechitenda gokorera eserikari.
3222,Security,PSA,Report economic crimes and procurement fraud to demonstrate community commitment to justice.,Manyia abarai igor obosaria bwobogoko nobokengeka ase okogora chitenda chieserikari buna enchera yokworokia okobwaterana nebinyoro gokora ekeene.
3223,Security,PSA,Follow strategic plans like the Kenya Integrity Plan to enhance sector-wide transparency,Bwatia omoroberio bwogokora emeremo buna oria o 'Kenya bwobokeene (Kenya Integrity Plan) kwangoi obokoreri ao ao bwa maiso marore ase eserikari.
3224,Security,PSA,Monitor recovered public assets and advocate for their use in community welfare projects,Mongera buna enibo eria baibetwe na koiranigwa na gosuguma korora yatumekire gokora emeremo yogokonya ebinyoro.
3225,Security,PSA,Support frameworks that consolidate efforts to combat corruption effectively,Sira emeroberio ekoreta amo chinguru chiokinana nobokorekanu ase enchera ebwenerete.
3226,Security,PSA,Participate in national celebrations or campaigns that emphasize ethics and integrity,Ikerana ase amatuko amanene yemeyega yeserikari gose chinkwana egokwanera igoro yekeene.
3227,Security,PSA,Stay informed about government anti-corruption measures and encourage compliance,Tigara komanyete buya emeroberio yeserikari gokinana nobokengeka ere na segeta abanto gosika amachiko.
3228,Security,PSA,Engage in local initiatives to support global anti-corruption efforts and treaties.,Bwaterana nemeroberio yanka gosira ense engima korwania obokorekanu namachiko aye.
3229,Security,PSA,Raise awareness about corruption effects to encourage ethical conduct among citizens,Manya abanto obobe bwobokengeka erio koa abanto omoyo gokorera abande buya.
3230,Security,PSA,Report illicit activities to help recover stolen assets and support law enforcement,Karwe eripoti gochia abambi gose abasikari igoro yabinto ebibe bigendrete gochia ase abagambi gose abasikari gokonya koirania ebinto biaibetwe buna enhera eyemo yogokongia amachiko gokora emeremo.
3231,Security,PSA,Act as a community watchdog to promote transparency and improve service delivery.,Kabe omomongeria bwekenyoro kiao gosegeta obomaiso marore nobokoreri obuya.
3232,Security,PSA,Join civil society initiatives to advocate for transparency and governance reforms.,Soa ase omoroberio bwa NGO erio gosegeta obomaiso marore gose obokeene namaonchorerio buna obogambi bobwenerete koba .
3233,Security,PSA,Warn drivers about dangers of weaving between traffic; stay alert.,Kurera omonterefa ekero akomigereria ase chirori chinyinge chire; kabe maiso.
3234,Security,PSA,Reduce speeds near schools during opening and closing hours.,Keania orgendo rwegari aange nechisukuru chingaki bagosoa na gosoka korwa esukuru.
3235,Security,PSA,Adjust vehicle mirrors to eliminate blind spots.,Onchora ebirire bierori biria bikogonya korora magega erio otange omobasekano.
3236,Security,PSA,Manage road rage with practical psychological tips.,Tiga korundia erori ekero ore nobororo ase ogotanga korenta obororo bwao ase epara.
3237,Security,PSA,Turn on headlights before dark for safer driving.,Okia chitochi chierori yao ekero bwaansire komuramura gokogendi erori yao gotanga omobasekano.
3238,Security,PSA,Teach children safe road crossing techniques.,Somia abana engencho engiya yogotamboka epara ase okorigereria moino na moino ataramboka.
3239,Security,PSA,Demonstrate proper overtaking on highways to prevent accidents,Orokereria okogendi erori buya ekero ogoetania eyende ase chipara chinene gotanga emebasekano.
3240,Security,PSA,Encourage passengers to identify unsafe matatus.,Segeta abakorina chirori buna bakomanya matatu etabwati ebiganeirie ase epara nobogendi obuya.
3241,Security,PSA,Adapt driving techniques for rainy season conditions.,"Kabe maiso buna okogendia erori chingaki chiembura ekero epara ere entereru, ritaturi rireo na kegendia erori ng'ora ng'ora."
3243,Security,PSA,Use proper braking techniques in emergencies.,Manya buya chingaki obwenerete kobwata chibureki chingaki chiemebasekano.
3244,Security,PSA,Follow correct procedures when your vehicle breaks down.,Bwatia emeroberio emeronge ekero erori yao yasarekeire nchera.
3245,Security,PSA,Navigate roundabouts safely; know the rules.,Kabe maiso ekero ogosoa amatabekani: bwatia amachiko obogendi chirori.
3246,Security,PSA,Share the road safely with cyclists.,Renda korora ng'a kwarure ribaga rigiya ase abagendi chinyange ekero mogoetana.
3247,Security,PSA,Avoid accidents in crowded parking lots; stay vigilant.,Renda gotakora omobasekano aase chirori nabanto bare abange; kabe omong'aini.
3248,Security,PSA,Provide school bus drivers and monitors with safety textlines.,Karwe abarundia bechirori chiesukuru na bamongere ase okobaa chianga chiria chikomesa ase egsunte.
3249,Security,PSA,Warn drivers of wildlife crossing zones on highways.,Beka chisaini epara chikworokia ase chingiti chirosana chigotambera epara ase chipara chinene.
3250,Security,PSA,Maintain safe following distances while driving.,Karwe ribaga risaine kore epara korundia erori are korwa erori ere motwe.
3251,Security,PSA,Merge safely onto busy highways.,Bwatia araini eyemo kogosoa ase epara enene ere nechirori chinyinge.
3252,Security,PSA,Use fog lights correctly to enhance visibility.,Okia ebitochi biria ebike bierori yao kore para kworokia ng'a erori ngocha ere.
3253,Security,PSA,Save emergency numbers in your phone.,Beka chinamba chiesimi orarangerie konyora ogokonywa chingaki chiomobasekano
3254,Security,PSA,Follow special safety tips when driving during holidays.,Bwatia emeroberio yabeene ekero okogendia erori chingaki chiamatuko yogotimoka korwa egasi.
3255,Security,PSA,Support education for street children; success stories inspire action.,Sira emeroberio yechisemi ase abana baria bameneyete ebisona ase emechie emenene; emegano yebitambokero biobobui ngosegta bire kobogoria etambokero.
3256,Security,PSA,Intervene against domestic violence; support community initiatives.,Bogoria egetmbora gotanga abanto gokorerwa bobe na goitwa; sira emeroberio yekenyoro.
3257,Security,PSA,Promote inclusive entrepreneurship; highlight visually impaired business owners.,Segeta ebiasara ase abanto bonsi; Beka ekiorokererio ase ebiasara bigokorwa nabanto bare noborema.
3258,Security,PSA,Educate on resolving land inheritance disputes for women.,Somia abanto komanya buna bagokora emechando yemegondo korwa okoboko oko gochia okonde ase abang'ina.
3259,Security,PSA,Provide hotlines for reporting police abuse safely.,Karwe chinamba chia moreromorero koripoti amagoso abasikari otari namochando.
3260,Security,PSA,Expose child labor in plantations; encourage reporting.,Asioria igoro yobosomba ase abana ase emegondo emenene; Segeta okoripoti.
3261,Security,PSA,Know your constitutional rights to protest and speak freely.,Manya oboronge bwao bwamachiko koroberekana na gokwana otari gochandwa nonde.
3262,Security,PSA,Support community health volunteers to ensure rural access.,Sira emeremo yabokori emeremo yobochenu bokwerwa goseta nga obokoreri boikera bonsi.
3263,Security,PSA,Document and resist illegal evictions; share lessons learned.,Rika na gokana okonganyigwa kwa abanto ase enchera etari engiya; sanga amo amang'ana obobui.
3264,Security,PSA,Highlight refugee entrepreneurship success stories.,Orokia emegano yoyobui ase ebiasara gati ya baria batamete chisegi korwa sobo.
3265,Security,PSA,Raise awareness about the gender pay gap in corporate Kenya.,Manyia abanto igoro gotareng'anana ase emesaara gati ya banto bechingencho chionsi ase Kenya yaito eye ere mberogoikera amagenderero.
3266,Security,PSA,Guide citizens on reporting workplace harassment step-by-step.,Manyia abanto omoroberio omoronge babwenerete kobwatia korwa eripoti ase ogokorerwa bobe ase emeremo.
3267,Security,PSA,Advocate for indigenous community land rights; share documentaries.,Rwanerera oboronge bwemegondo yebinyoro yechikoro; sanga igoro yamang'ana yemegondo eyio arikire.
3268,Security,PSA,Support residents fighting for access to water and basic services.,Sira emeroberio yabamenyi konyora amache nebinto biengencho bibabwenerete.
3269,Security,PSA,Educate on legal consequences of ethnic incitement.,Somia abanto komanya obobe bwogosegeta chiburaburu gati yebisaku.
3270,Security,PSA,Campaign to end stigma against mental health patients.,Omoroberio bwogosemia gotanga gochaya abarwaire bebiregerio biobongo.
3271,Security,PSA,Explain legal rights when arrested to the public.,Manyia abanto oboronge bwao bwamachiko ekero kwabwatirwe nabanto.
3272,Security,PSA,Protect children from forced marriages; raise awareness.,Renda abana korwa enywomo ya mapema; manyia abanto.
3273,Security,PSA,Safeguard personal data on social media.,Renda amangana igoro yao are ase eintaneti.
3274,Security,PSA,Promote awareness on winning discrimination cases.,Segeta okomanya igoro yokobua ebina biogobaguliwa.
3275,Security,PSA,Train citizens on accessing government documents.,Somia abanto buna baranyare goikera amang'ana eserikari.
3276,Security,PSA,Showcase corruption exposés that led to policy changes.,Ogwasioria kwobokorekanu kwaretete oboonchoreria ase amachiko.
3277,Security,PSA,Campaign for free sanitary pads in schools.,Okoboria ng'a ebitambaa biokorenda abana abanyaroka besukuru chingaki chiabichiomotieny bia bosa.
3278,Security,PSA,Train police in non-discriminatory policing.,Somia abasikari igoro yamachiko yogotabagua abanto.
3279,Security,PSA,Report accessibility issues in public buildings for disabled persons.,Orokia ase chinchera chiabaremaru chire ase chinyomba chiekorofa kobakonya korina.
3280,Security,PSA,Host panels for victims of ethnic discrimination.,Kabe nechinkwana chiogosemia na gokonyana ase baria bapaguriigwe kebosaku.
3282,Security,PSA,Educate on bail and bond rights.,manyia abanto igoro yokobeka ebondi na oboronge bwomonto kobeka ebondi.
3283,Security,PSA,Investigate abuse of domestic workers; raise public awareness.,Tuka buya amangana yabakori emeremo yechinka; Kongia okomanyia abanto obobe bwogokorera bobe abakori emeremo bnka.
3284,Security,PSA,Report any unethical conduct in your community to protect public resources and strengthen institutions,Karwe eripoti igoro yebinto ebibe bigenderete ase ekenyoro kiao erio korenda enibo yekenyoro na gokongia obokoreri.
3285,Security,PSA,Promote youth inclusion in decision-making; get involved in local governance.,Segeta okobwaterana nabasae ase okorosia amachiko; sanga ase obogambi bwekenyoro.
3286,Security,PSA,Train journalists on unbiased reporting; uphold media integrity.,Egeria abariki amangana ase enchera etari koengera gochia ensemo eyemo; Beka motwe amachiko yoboriki
3287,Security,PSA,Share former inmate experiences to advocate for prison reforms.,Tumia emegano korwa bariabasibirwe chichera gosuma amaonchorerio buna abasibwa bakorendwa.
3288,Security,PSA,Provide confidential helplines for LGBTQ+ Kenyans facing violence.,"Karwe chinamba chiabobisi korangeria ogokonya ase baria baitabete obwanchani bwa abasacha ase abasacha, abakungu ase abakungu na baria kimaumbire batari bakungu gose basacha - babwate obosacha nobokungu amo bionsi aiga Kenya abwo bagendererte gokorebwa bobe."
3289,Security,PSA,Support mobile legal aid clinics serving rural communities.,"Konya, karwe chibesa, na roberia buna orabwaterane nabagambi ebina kotini goikera baria bare risabu korwa obogambi bwa bosa kobakonya konyora ekeene kiabo."
3290,Security,PSA,Highlight stories of transgender students fighting for education rights.,Karwe emegano yabanna baria batari basacha gose bakungu - bare bionsi bnagendererete korwanerera oboronge bwabo.
3291,Security,PSA,Showcase success stories of refugees integrating into Kenyan communities.,Manyia igoro yokogenderera kwa baria batamire chisegi korwa sobo komenya buna Abakenya.
3292,Security,PSA,Transform street children’s lives through shelter programs.,Onchoreria obogima bwa abana bamenyete ebisona ase chitaoni ase okobaa oboraro nechinchera chiokobaonchoreria gochia obogime obuya.
3293,Security,PSA,Educate the public on ongoing legal reforms promoting equality.,Manyia abanto igoro yamaonchorerio agendererete arengete oboreng'ananu bwa abanto bonsi.
3294,Security,PSA,Advocate for better mental healthcare in correctional facilities.,Rwanerera oborendi obuya bwabarwaire bobongo goetera obobwenia obuya aaria ase bakorenderwa.
3295,Security,PSA,Expose forced labor in agriculture through undercover investigations.,Asioria ogokorigwa emeremo otancheti ase oboremi goetera obotuki bwansense.
3296,Security,PSA,Teach endangered native languages in schools to preserve cultural heritage.,Somia omonwa iono ase esukuru ase engencho yokorenda oboikeranu bwekienyechi kiaino.
3297,Security,PSA,Use official hotlines and online portals to anonymously report corruption for prompt law enforcement action.,Tumia chiraini chieinteneti chiabeene na chiria korwa eripoti igoro igoro yobokorekanu otari kwemanyekani erio ebitambokero bibogorigwe
3298,Security,PSA,Learn how corruption affects services and educate your community to prevent it,Learn how corruption affects services and educate your community to prevent it
3299,Security,PSA,Demand accountability from public officials and uphold ethics to reduce corruption risks.,Boria komanyigwa buna abakori emeremo beserikari na renda ekeene gotanga obokorekanu.
3300,Governance,PSA,"Addressing the country on Monday, November 3, 2025, after days of unrest that left several towns tense, President Samia said the government was closely monitoring the situation and urged citizens to uphold unity and calm as security agencies work to restore order.","Gokwanera ense rituko rietichirimo, omotienyi 11 chiatriki 3, omwaka 2025, nyuma yamatuko omoburukano ase emechie yechitaoni chinyinge kogoseka, Omoraisi Samia agateba ng'a eserikari nigo yare maiso ase ayagendererete na gosaba abanto babe nobomo na abatoereru ekiagera abarendi oborendi ngotema bare koirania obotoereru."
3301,Governance,PSA,The National Police Service has affirmed its commitment to the fight against narcotics and illicit brews while encouraging members of the public to support the fight by providing relevant information.,Ekeombe kiobokoreri kia abasikari kuianekirie ng'a okwerua kwaye korwania amariogo agotindia amo namarua ekienyeji na gosegeta abanto kobabwatisia ase emerobeio eyio ase okobamanyia ase amangana ayio agokoreka.
3302,Governance,PSA,"We encourage members of the public to support the fight by providing relevant information, NPS added.","Nigo togesegeta abanto gotobwatisia esegi eye goetera okomanyia abasikari ayarengete obobe obwo , ekeombe keria kia abasikari (NPS) kiagesete."
3303,Governance,PSA,"Members of the public are encouraged to support this initiative by sharing information on suspicious activities and joining efforts to protect communities, especially the youth, from the dangers of drug and substance abuse, NPS said.","Abanto bonsi basegetirwe kobwatisia omoroberio oyo ase okobwaterana goetera okomanyia abasikikari igoro yebikoru bare nechitang'utang'u nabirobio na ase oboama korende ebinyoro biabo, mono kegima abasae, kporwa ase omochando bwamariogo nebinto bigotindia, NPS batebete."
3304,Governance,PSA,"By 2 days ago EU urges Tanzanian authorities to exercise restraint amid post election unrest British High Commission in Tanzania advises against all but essential travel to the country, cites disruption and unrest following the October 29 election.","Ase amartuko abere aerire ekeombe kiabomo bwa Bongeresa EU nigo kegosaba ng'a abarai ba Tanzanian berite ase eburaburu egendererete nyuma yobochori bware neminano bwaretete eburaburu, Omobarosi bwense ya British aaria Tanzania narwete ogosemia igoro ya ayio onsi korenda ase baria bakoyetarera Tanzania ase ngencho yomoburukano bwemechie ase engencho yechikura chintancheranetwe."
3306,Governance,PSA,"By 1 month ago Police appeal for leads in Narok woman's assault Police urge public to share information to aid in arresting suspects filmed assaulting a woman in Narok, condemn act as barbaric, and vow justice.","Ase omotienyi oyomo oetire babeire bakorigia ogonywa ase obotuki igoro yomokungu asaganetwe nabasacha aaria Narok. Abasikari nigo bagosaba abanto kobamanyia serio gokonya ase okobwatwa kwabakagerwa abwo babwatetetwe chibicha buna bare komorwania omokungu aaria Narok, na gokororeria egekoro ekio buna ekiobosaria na koenekia nga ekkene ngekoreke."
3308,Governance,PSA,"By 2 days ago EU urges Tanzanian authorities to exercise restraint amid post election unrest British High Commission in Tanzania advises against all but essential travel to the country, cites disruption and unrest following the October 29 election.","Ase amatuko abarere aerire, ekeombe kiobomo bwa Bongereza (EU) giasabire abarai ba Tanzanian kwerita nyuma yomobukano bwechikura chitancheranetwe omobarosi bwense ya British aaria Tanzania igoro yechibabari chiengencho ime yense, ase omoburukano bwechikura omotienyi 10 chitariki 29."
3310,Governance,PSA,"As part of the ongoing government initiative to encourage residents to surrender illegally held firearms, the Sub-County Security Team in Tiaty Central, Baringo County, today, 5th November 2025, received two AK-47 rifles and five rounds of ammunition.","Buna enchera eyemo yomoroberio bweserikari bwogoseta abanto koirania chibunduki chire ase ababoko abo gochia abdisi (DCC), abateneneri boborendi bwemechie emeke yechikaonti aariaTiaty ya Gati, Ekaonti ya Baringo, rero, chitariki 5 chiomotienyi 11 omwaka 2025, chiunduki 2 chia AK-47 na amasasi 5 amasasi atano mbiairanetigwe."
3311,Governance,PSA,"NPS remains committed to working closely with local communities, National Government Administration Officers, and other stakeholders to promote peaceful coexistence and ensure the safety of all citizens, residents, and visitors through sustained disarmament and community policing initiatives, the statement read.","Ekeombe kia abasikari bobokoreri (NPS) nkierwete gokora emeremo yaye ase okobwaterana nebinyoro, abakoreri obokoreri bweserikari enene, nabasangi bande gosegeta oboamate obuya nokomenya nomorembe buna enchera eyemo oborendi ase abanto bonsi,abamenyi, na abageni goetera okorusia chibinduki ase amaboko abanto nomoroberio bwabarendi boborendi , buna enkwana eio yatebete."
3312,Governance,PSA,Authorities are now appealing to members of the public to support ongoing efforts to combat crime by sharing information that could aid investigations.,Abarai bono appealing to members of the public to support ongoing efforts to combat crime by sharing information that could aid investigations.
3313,Governance,PSA,"By 3 days ago EU urges Tanzanian authorities to exercise restraint amid post election unrest British High Commission in Tanzania advises against all but essential travel to the country, cites disruption and unrest following the October 29 election.","Ase amatuko atato aerire, Ekeombe kiobomo Kia Boraya (EU) giasabire abarai ba Tanzanian kwerita igoro yomoburukano bwechikura chitancheranetwe aobobarosi o'British aaria Tanzania orure ogosemia igor yechibari chiengencho ase emchie yonsi ase ense eyio, eburaburu ase emechie emene omotienyi 10 chitariki 29 chiobochori."
3314,Governance,PSA,"It warned the public about the widespread misinformation online regarding claims that registration was open, stating these claims are fraudulent.","Yarwete ogokurerwa ase abanto igoro yamangama ankuma gose oborimo goetera eintaneti igoeo yokongainereria nga okwerika gwechikura nkwaigoretwe, na komanyia abanto nga chinkwana echio nechioborimo."
3315,Governance,PSA,"Photo Kenya High Commission The Commission further encouraged Kenyans to continue with their lawful day-to-day activities without fear, noting that no incident targeting Kenyan nationals had been reported so far .","Ebicha yomomobaro o'Kenay Omobarosi nigo agendererete gosegeta Aba'Kenya kogenderera nechigasi chiabo chia kera rituko buna abanto barendete richiko batari nabwoba, , okobamanyia ng'a mo'Kenya onde tari bwatoirwe ase ase obosaria obwo ."
3317,Governance,PSA,"According to Sakaja, to prevent such situations, the county government is encouraging residents to register with SHA, ensuring that the programme can reimburse hospitals for patients unable to pay.","Korengana nebirengererio bia Sakaja, gotanga chingencho chinga buna echio, eserikari yekaonti yasabire abanainchi kwerika na neisurance yanyagitari ya SHA, koenekia, nga omoroberio oyio oSHA noiranie chibesa chiria chigoakanwa nyagitari ase abria batari konyara goakana."
3318,Governance,PSA,"The National Police Service commends the continued cooperation of local residents in supporting this initiative to enhance peace, security, and stability in the region.“We encourage the public to maintain their support by providing information at their nearest police station, or by calling 999, 911, or 112.","Ekeombe kia abasikari bobokoreri (NPS) bagokeire kogenderera kobwaterana nabanto ase ogosira omoroberio oyo erio goikerania omorembe, oborendi, na gotenena bokong'u ase orogongo. Nigo togosaba abanto babe noboremu nagosira emeremo eye goetera okorwa amangana gochia porisi ere ang'e, gose goetera goaka esimi 999, 911, gose 112."
3319,Governance,PSA,"We urge members of the public to provide any information that may assist in their arrest, the report stated in part.","Twasabire abanto bonsi korwa manag'ana and onsi aranyare gokonya okobwatwa kwabo, buna eripoti ayio yatebete."
3320,Governance,PSA,"On the recruitment day, candidates must report to designated centres by 8am with original and copies of their academic certificates, ID cards, birth certificates, and, where applicable, NYS discharge certificates with at least a 'GOOD' conduct rating.","rituko riokorikwa, baria bakorigia egasi, goika baike ase chisenta chiabo chinsa 2 chia mambia bare nechisatificate chiabo buna basomete, Ekeband, esatifiketi yokoiborwa, na ase ekonyarekana, esatificate yogokora amasomo korwa obokoreri bwasae (NYS) na egekworokia buna ebikoru bioyio bire."
3321,Governance,PSA,"Security Matters Turning to security matters, the PS revealed that the government is set to launch a mobile app enabling citizens to report road-related incidents directly online.","Amangana oborendi aonchokire koba ayoborendi, Omoriki opamanenti (PS) nabisorete ng'a eserikari nere mbere gochakia egekoreri kieintaneti gokonya abanainchi komanyia igoro yemebasekano yechipara gochia eserikari."
3322,Governance,PSA,"“We are soon introducing a mobile app that allows citizens to report incidents, particularly road-related cases, directly online, he said.","“Iga bwango ngochaka tore egekoreri gieintaneti kogokonya abanainchi komanyia erikari amang'ana, mono kegima ayarengete emebasekano yechipara gochia ase bare gotaetera mono onde, buna atebete."
3323,Governance,PSA,"The Authority urges firms wishing to engage in parcel and courier services to apply for the requisite licenses from our offices in Nairobi, Kisumu, Eldoret, Nyeri and Mombasa and cautions members of the public to seek parcel and courier services from CA licensed providers only.","Abatenereri bobobogoria emesigo basabirwe kwerika neserikari aaria Nairobi, Kisumu, Eldoret, Nyeri na Mombasa erio gwancherwa gokora emeremna gokurera abanto bonsi konyora ogokonywa kwogotoma emesigo yabo goetera baria bakoewa chisatifiketi echio (CA) boka."
3324,Governance,PSA,Machogu urged the residents to ensure that they nurture the trees to maturity after planting and not to leave it as a responsibility of the Government.,Machogu nasabete abaibori koenekia ng'a barende emete basimekire goika ekine buya na tari gosimeka na gotigera eserikari erende.
3325,Governance,PSA,The County Government of Kericho is advising all residents to remain on high alert due to the ongoing heavy rains being experienced across the county.,Teerikari yekaonti ya Kericho ngosemia ere abanto baye bonsi gotigara koba maiso igoro yembura enyinge eyio egendererete gotwa ime yekaonti engima.
3326,Governance,PSA,"The County Government appeals to all residents to exercise utmost caution, avoid crossing flooded roads or walking near swollen rivers, and to immediately report any emergencies or incidents to the nearest local administration office or through the County emergency hotline.","Eserikari yekaonti nigo egosaba abanainchi bonsi ng'a babe maiso, tibatema goeta ase amache gose oroche rorew nomorindo bwamache, na komantia eserikari igoro ya mobasekano onde bwensi gochia amokoreri bweserikari ore ange nere gose goetera enamba ya morero yekaonti goetera eintaneti."
3327,Governance,PSA,"The County Government reiterates that the safety of residents remains its top priority and urges everyone to stay vigilant, follow official advisories, and support one another during this period of heavy rainfall.","Eserikari yechokaonti yaenekeirie abanainchi nga nare maiso goikerania oborendi na gosaba kera oyomo koba maiso, kobwatia obosemia, na gokonyana chingaki echi chiembura enyinge."
3328,Governance,PSA,"To ensure public safety during the renovation, the County Government has issued a clear directive: Members of the public have been directed to stay at least 30 metres away from the hospital site.","Erio goikerania oborendi obuya chingaki chiokoagacha keboyia chinyomba , eserikari yekaonti yarure omoroberio omoronge: Abanto baboriigwe koba are nase ayio yamaagacho goika oboare bwachifuti 100 korwa ase amaagacho agokorerwa yoboagachi bwenyagitari."
3329,Governance,PSA,"Youth engagement took centre stage in Kisumu County this week as leaders threw down the gauntlet, urging young residents to swap spectator seats for the architect's table in governance.",Okobwaterana nabasae aaria ekaonti ya Kisumu ewiki eye nigo kwabete kwomonguso ase abant abange ekero abarai barwete ogosaba nga abasae babogorie egetambokero kioborendi. Gosegeta abasae batige koba magega na abarigereria korende korende kobwaterana korora ng'a ebirengererio biabo biasoire ase emeroberio yobogamb gose oborai.
3330,Governance,PSA,"The event, held at Gilgil Stadium, was streamed live on KDF platforms to promote transparency and educate the public on the recruitment process.","Aya iga nigo abete aaria egetii kiemesiecho kia Gilgil, ayio aorogetigwe etibi korwa ekeombe kioboami bwoborendi bwense (KDF) gosegeta obomaiso marore na gosomia abanto buna okorika abaami gokoba."
3331,Governance,PSA,He further encouraged the public to be part of the process through reporting any incidences of bribery or corruption through relevant hotlines.,Akagenderera gosegeta abanto koba abamo bomoroberio oyio goetera okorwa amangana igoro yobokorekanu ase amoroberio bwokorika abaami goetera enamba yesimi yamorero.
3332,Governance,PSA,Members of the public and property owners are reminded to prioritize structural safety in residential buildings.,Abanto bonsi nabanyete enibo bwainyoriigwe korenda buna amaagacho echinyomba gose chitaracha chigwata goikerania oborendi obuya ase chinyomba chiokomenya.
3333,Governance,PSA,"The Public is urged to report any incidences of recruitment malpractices to the nearest Police Station or call 0709099000, 999, 911,112 or #fichuakwaDCI 0800722203.","Abanto basabirwe komanyia basikari igoro yabanto korikwa gosoa ebiombe biobosaria gose goetera goaka esimi 0709099000, 999, 911,112 gose #fichuakwaDCI 0800722203."
3334,Governance,PSA,We caution all to beware of fraudsters posing as Commission staff to solicit money in exchange for our services.,Nigo togokurera abanto koba maiso igoro yabasaria bagwekora koba abakomisona baita erio koibera abanto chibesa chiabo.
3335,Governance,PSA,"Public Participation and Stakeholder Engagement: In accordance with Article 10(2) of the Constitution of Kenya, the Ministry of Roads and Transport invites members of the public and stakeholders to participate in public forums.","Okoumerana na okobwatera nabanto nabasangi ao ao: Koreng'ana nerichiko ria 10(2) riegatabu kiamachiko gia Kenya, Eminisitiri yechipara nobobogoria yachikire abanto nabasangi bande gosanga ase ebikaranso biechinkwana chia bonsi."
3336,Governance,PSA,Please be advised that the public notice circulating on social media is fake.,Bono manya buya nga amang'ana agoetananigwa na abanto ase abanto nayoborimo.
3337,Governance,PSA,By David Njaaga 1 month ago 'Ignore fraudulent notices': NPSC warns on fake police hiring advert The National Police Service Commission (NPSC) has warned against a fake recruitment notice for police constables circulating on social media.,Ase David Njaaga omotienyi oyomo oetire 'ombia amangana oborimo': NPSC kiarure ogokurerwa igoro yamangana buna porisi nkorika ere abanto buna ayobotimo. Ekeombe kiobokoreri bwa abasikari kiarure ogokurerwa ng'a amangana igoro yokorikwa kwa abasikari goetera eintneti nayoborimo.
3338,Governance,PSA,"Therefore, this move is part of a citywide cleaning exercise which has, so far, included orders requiring hawkers to vacate some of the CBD streets and business owners in the CBD to keep their premises clean and avoid loud systems disrupting the public, among others.","Ase igo, egetambokero eke nigo kere enchera eyemo yogosibia omochie o'nairobi oganetie nga baria bakooneria ebinto biabo isiko, ekaonti yanyorire ogwancherwa kobarusia chinsemo chiomochie gati bwetaoni (CBD) chinchera gati na abanyaduka bonsi kobeka obochenu ase ebiasara biabo na gotanga amariogi amanene yamatangaso yebiasra biabo atari kogokia abanto na ayande anga buna ayio."
3339,Governance,PSA,"County emergency response teams and security agencies remain on the ground, helping relocate displaced residents to safer areas and distributing food, blankets, and other essential supplies.","Bria batenerete abokonyi chingaki chiemebasekano bekaonti kobwaterana nabarendi boborendi nao bare, bagendererete korwa ogokonya ase baria bakonyanya korwa ase yemechando goetera embura enyinge na kobaa ogokonya kwendagera, ebinto biokorarera, nebinto binde biengencho."
3340,Governance,PSA,KeNHA assured the public that the projects will be implemented with transparency and accountability at every stage.,Abateneri bechipara chinene (KeNHA) baenekeirie abanto ng'a oborosia bwepara nigo borabe maiso marore nobotenereri obuya ase omoroberio bwensi.
3341,Governance,PSA,"by CHARLES MGHENYI Coast 07 November 2025 - 05:40 ADVERTISEMENT In Summary Ethekon urged Kenyans to help rebuild trust in the new IEBC, assuring that the commission has strengthened accountability systems, including robust voter identification and result transmission technology.","Goetera CHARLES MGHENYI Coast 07 omotienyi 11 2025 chinsa 11 nechitageka 40 OGOTANGAZA. Ase obweng'e Ethekon agasaba aba'Kenyans gokonya koirania obwegenwa ase abarai abayia baria bekeombe keria getenerete ogoaka chikura IEBC, na koenekia ng'a oboteneneri obwo oboyia bwabekire emeroberio yamaiso marore, amo na obokongoria bwegetabu bwa abaaki chikura bekeene bare ime yegatabu keria kebwate amarieta yabaaki chikura goetera etekinorochi."
3342,Governance,PSA,"Ethekon urged Kenyans to help rebuild trust in the new IEBC, assuring that the commission has strengthened accountability systems, including robust voter identification and result transmission technology.","Ethekon nasabete aba'Kenyansgokonya koagacha obwegenwa ase oborai oboyia bwekeombe keria getenerete goakia chikura (IEBC), koenekeria abakenya ng'a obotenereri bwabo bwkongirie obomaiso marore, amo nokomongera buna chikura korwa chisenta chigotomwa goetera tekinorochi."
3343,Governance,PSA,"To ensure consistency in care, the report urges the Ministry of Health to make clinical guidelines accessible to all providers and to enforce postpartum monitoring standards through supervision and clinical audits.","Erio goikerania obuya na oboronge ase obobwenia, eripoti eye nigo yarwete ogosaba ng'a eminisitiri yobobwenia emnyie abakoreri baye emeroberio yobobwenia erio kobeka chinguru obomongeria bwomongina ekero aiboire ase okobamanyia abanyagitari abanene koenekia afia yomongina nomwana oye."
3344,Governance,PSA,"Murkomen said the government also launched a toll-free hotline to enable the public to report abductions anonymously, ensuring confidentiality and encouraging information sharing.","Murkomen agateba nga eserikari nero yaansete omoroberio bwechisimi chiamorero gokonya abanto komanyia eserikari buna abanto bakobwatia nagotamigwa mamincha yerichikobatari kwemanyekani barabwo mbarabi,korenda obobisi na gosegeta okoerania amang'ana."
3345,Governance,PSA,"We call upon all stakeholders political leaders, candidates, and citizens to exercise restraint, demonstrate respect for law and put the interest of the nation above all else.Let us remember: Elections are not a battle of might, but a contest of ideas.","Nigo tokoboria abarai bonsi begesiasa, baria bakorigia chikura, na abaninainch babe abatoereru, borokererie gosika richiko na kobeka okogania kwa abanto igoro ya kende gionsi.Tiga toinyore: Chikura tari esegi, tari okobetererigwa, chinguru,okogosereria gose ning'o ore nechinguru kobua oyonde, korende okoamemeraria kwebirengererio."
3346,Governance,PSA,MORE OPTIONS AGREE 0 The Public Service Commission (PSC) invited applications from Kenyan professionals to fill 86 job vacancies The commission noted that successful candidates will work at the Ministry of Foreign and Diaspora Affairs Career expert Simon Ingari told TUKO .,NAIRANERIO AMANGE NAREO. Ekeombe kiobokoreri bweserikari (PSC) kiamanyirie abakenya abasomu ase amangana ao ao gotoma gotoma ogosaba kwabokonyora emeremo yamabaga 86. Abatebnereri aba nigo baroche nga bari baranyore egasi eye nigo barakore emeremo ase obifi yemiinisitiri yamang'ana aisoko buna kemanyi oria ogosemia abande Simon Ingari atebetie TUKO .
3347,Governance,PSA,The Public Service Commission (PSC) has advertised 86 job opportunities for Kenyan professionals under the State Department for Foreign and Diaspora Affairs.,Ekeombe kiobokoreri bweserikari (PSC) giatangasire amabaga emeremo 86 ase abakenya abasomu bechingencho ao ao ase ensemo yobokoreri bweserikari yamangana echinse chiasiko.
3349,Governance,PSA,"Beware of fraudsters soliciting for bribes from the public while masquerading as commission staff, it warned job seekers.","Kabe maiso nabang'ainereria bagosaba amaaki korwa ase abanto bagwekora abakori emeremo bekeombe keria getenererete obokoreri bweserikari, ogokurera gochia abakorigia emeremo."
3350,Governance,PSA,"County Government of Mombasa The county government of Mombasa provides quality, responsive and comprehensive healthcare services to all citizens through innovative, efficient and effective health systems 5.","Eserikari yekaonti ya Mombasa. Eserikari yekaonti ya Mombasa nigo ekorwa obokoreri oboikeranu, borengete okogania gwa kera omonto ase obobwenia gochia abanto bonsi gpetera obomanyi bwabono, ase egeka egekegoetera ebirengo 5 biobobwenia."
3351,Governance,PSA,"The police chief further urged the public to stay alert, adding that all rescued individuals had been documented and allowed to return home as investigations continue.","Omosikari omonene akagenderera gosaba abanto ng'a babe maiso, na kogesa nga baria bonsi bakonyetwe mbarikire bonsi na bancheirwe koirana chinka chiabo ekero obotuki bogendererete."
3352,Governance,PSA,"The arrests follow an investigation mounted by the EACC after receiving numerous complaints from motorists and members of the public regarding rampant extortion by the officers manning the roadblock, the EACC statement read in part.","Okobwatwa kwabo nigo kwanyarekate goetera obonyonki na nekeombe keria gekorwania pobokorekanu (EACC) ekero okumurungania okonge kora abagendi chirori nabaninchiigoro yokomigwa na gosabwa amaakiba abobisa baria batenerete chipara abwo bakobeka ebirichania ase epara, buna amangana a EACC atebete."
3353,Governance,PSA,The operation is part of the ongoing crackdown on bribery at public service delivery points to improve access to quality services for all citizens.,Ogasagana oko nenchera eyemo yomoroberiobwokorigia ebibago biogosaba amaakia as obokoreri bweserikarikorengete goikerania obokoreri obuya ase abanto bonsi.
3354,Governance,PSA,"Apply for a Passport Apply for a Driving License KRA Services Apply for a Birth Certificate Apply for Certificate of Good Conduct Save for Affordable Housing Register a Business Apply for a Marriage Certificate Over 22,000 Government services now available from 100+ Ministries, Counties, Departments and Agencies.","Toma gosaba kwao konyora epass poti toma ogosaba kwao konyora erensesi yokogendia erori. Obokoreri bwekeombe giokorusia ebango (KRA) nabo bobwekaine boria bwokorigia esatifiketi yokoiborwa gose esatifiketi yomonto omotebere gokonya kogora enyomba yobomenyo yomoroberio bweserikari, korika ebiasara biaogose gosaba esatitifiketi yenyomo. Goetania obokoreri ao ao bweserikari 22,000 bono nkonyorekana bore korwa goetania obokoreri ao ao bwechimisitiri 100+, chiekaonti."
3355,Governance,PSA,"Having an eCitizen account allows Kenyan citizens to have access to all government services, while Foreigners/Residents users have access to some government services conveniently through one click of signing in.","Koba nesatifiketi ya eCitizen nigo egokonya abaKenya gosoa na konyora obokoreri ao ao ase eserikari, abwo ase abanto bakorwa isiko yense boigo bagoikera obokoreri bweserikari goetra okobata rimo rioka ientaneti."
3356,Governance,PSA,Constructively participate in the forums and platforms created by the County Government for Public Participation; Seek the guidance of the county government where the person is unable to read or to access information on the Public Participation Issue.,Gitegerera na koboria amaswari ase emekutano yeserikari yechikaonti konyora ebirengererio bia abanto; Rigia ogokonywa korwa aserikari yekaonti ase baria batamanyeti gosoma na korika goikera amang'ana igoro yogosanga nagokwanerana.
3358,Governance,PSA,The Governor urged citizens to actively participate in the county's development journey.,Omogafana agasaba abanto korwa ebirengeererio biabo goikerania esafari yamagenderero ekaonti.
3359,Governance,PSA,"He encouraged the group to apply for the County Enterprise Fund, which provides financial assistance to community organisations and youth and women's groups to implement their projects.","Agasegeta abanto gotoma ogosaba kwabo ase omoroberio biebiasara bike bike biekaonto gwekonyera, oyio okorwa obokonyi bwechibesa ase ebiombe biebonyoro, ebiombe biabasae na abangina gokora ebiasara biabo."
3360,Governance,PSA,"Governor Dr. Bii urged residents to remain vigilant and to make use of the county's healthcare services, especially during the festive period and the ongoing season of rites of passage.","Omogafana Dak. Biagasaba gotigara koba maiso na gotumia buya obokoreri afia yekaonti, mono kegima chingaki echi chiomotimoko na nechinyangi chiabana kwaroka."
3361,Governance,PSA,The Commission urged all candidates and the public to maintain peace and order during the campaign period.,batenereri nigo basabete barigi chikura bonsinabanainchi koba nomorembe amo noborendi chingaki chiokorigia chikura.
3363,Governance,PSA,"Major roles of political parties include: Enhancing democratic participation through political mobilization by encouraging the public to participate in elections; and formulating public policies, recruitment and selection of political leaders.","Emeremo emenene yebiombe biegesiasa nebwatekaine: Gokinia chinkwana nabanto goetera okoreta abanto amo gesiasa ase ogosegeta abanrto korwa ebirengererio biabo buna bategate obogambi bwabo koba goetera obochori; na korwa ebirengererio buna amachiko abwenerete korosigwa, korika baria bakorigia chikura na gotangasa ababui."
3364,Governance,PSA,"He urged residents to continue registering under the scheme to access free healthcare services, and to enable the government plan better for better health provision.","Nasabete abamenyi kogenderera kwerika inse yomoroberio bwobobwenia erio goikera obobwenia bwa bosa, na gokonya eserikari koroberia buya igoro yokonyora obobwenia."
3365,Governance,PSA,"The President said the government is constantly improving SHA to make it more efficient, weeding out criminal elements taking advantage of loopholes in the system to swindle the public.","Omoraisi agateba ng'a eserikari negebndererete kobeka buya omoroberio o'SHA erio koyokora koba omoikeranu ase, goetera ogosimora abasaria ime yomoroberio oyio bagendererete korora ase ebibao bire ase obokoreri koibera abanto."
3366,Governance,PSA,Governor Mutai assured residents that measures have been put in place to ensure continuity of healthcare services.,Omogafana Mutai naenekeretia abamenyi ng'a emeroberio yabekirwe erengete okogenderera korwa obokoreri bwobobwenia.
3367,Governance,PSA,"750 million into project Thiba Dam site assets handed over to Kirinyaga County Government as Waiguru promises to convert it into hospital Waiguru backs President Ruto's Broad Based Government, urges residents to resist divisive leaders Sagana Industrial City to support farmers, create 150,000 jobs, Waiguru says as Ruto pledges to inject Ksh.","Chimirioni 750 chiabekirwe ase omoroberio mwamache o'Thiba Dam nebinto biaye bionsi biarwetwe gochia eserikari yekaonti ya Kirinyaga buna Waiguru arire aira koyeonchoreria koba enyagitari Waiguru nigo agisira eserikari yobaomo, agosaba abanainch kwanga siasa embe, na abarai bomochie omonene bwechifakitori o'Sagana gokonya abaremi, barosie amabaga emeremo 150,000, Waiguru nigo atebire ayio ekiagera Ruto otebire korwa chisiringi."
3369,Governance,PSA,The County Government of Mandera encourages all eligible youth to take advantage of this life-changing opportunity and contribute to the county's development.,Eserikari yekaonti ya Mandera yasegetire abasae bonsi bari bare nogwancherwa kobogoria ribaga eri riabeene goonchoreria obogima bwabo na gosegeta amagenderero yekaonti.
3371,Governance,PSA,"Speaking after the awards in Nairobi, today, CECM for Finance Jones Omwenga said the county will continue engaging the public in its decisions for impact.","Gokwana nyuma yokorwaebiigwa biobobui gose ogokora buya aaria Nairobi, rero, Omowasiri bwechibesa Jones Omwenga agateba ng'a ekaonti negenderere nechnkwana nabanainchi ase okorwa ebirengererio biamagenderero."
3372,Governance,PSA,"On behalf of the selection Panel, Mr Nyabuga assured members of the public and the governor that his team will exercise transparency and accountability when it commences to pick members of the County Service Board.","Ase ribaga riokomiti yobochori, Mr Nyabuga akaenekeria abanainchi nomogafana ng'a abanto baye makore emeremo yabo maiso marore na oboikeranu wekero eraanse korigia abakoreri bebodi yekaonti ."
3373,Governance,PSA,"ARTICLE 19 condemns Kenyan officials' use of violence and intimidation against students, the public, and journalists.","RICHIKO RIA 19 riairire bobe abobisa ba Kenya ase ogotumia eburaburu na kogosereria gochia ase abana besukuru, abanainchi, na abariki amang'ana."
3374,Governance,PSA,"We call on the policing authority to carry out immediate and transparent investigations into the actions, and for the government to be held accountable for its attempts to censor political commentary, artistic expression, and to block the public's access to information,' said Mugambi Kiai, Regional Director for ARTICLE 19 Eastern Africa.","Nigo togosaba abarai abarendi boborendi gochaka obotuki gotachererwa bwa maiso marore buna yabete, naigo eserikari kobogoria obobe bwonsi ase okomiga abanasiasa erio koboboi eki babwenerete gokwana, eki ababugi chingero babwenerete gotera, na gosiekera abanto gotaikera amang'ana,' buna atebete Mugambi Kiai, Omotenereri omonene bworogongo rwa Africa ya Mocha igoro YERICHIKO ARTICLE 19."
3375,Governance,PSA,"The government must facilitate people's right to protest, an important way for citizens to express themselves and participate in governance processes,' said Mugambi Kiai, ARTICLE 19 Eastern Africa Regional Director.","Eserikari goika erwe ribaga rioboronge bwabanto facilitate people's right to protest, an important way for citizens korwa ebirengererio biabo, koboria amaswari na goteba buna bategete ase obogambi bwabo,' buna atebete Mugambi Kiai, Omoteneneri Omonene bworogongo rwa Africa ya Mocha RICHIKO19."
3376,Governance,PSA,"ARTICLE 19 urges the Independent International Fact-Finding Mission on Sudan and the International Criminal Court to specifically consider how the information war in Sudan exacerbates harm to civilians, obstructs vital documentation of gross human rights and humanitarian law violations, and contributes to the commission of crimes.","RICHIKO 19 nigo rigosorora Ekeombe giense Giechinse Chikwegambera ase omoroberio obo bwokomanya ekeene igoro ya Sudan amo Nekoti Yense Egotema Obosaria erigererie buna amang'ana esegi aaria Sudan nigo gokogarei emechando gochia abanainchi, gotanga goikera amangana aganeirie gosoa ekina kiobosaria bwiboronge bwamwanyabanto na ase okobuna amachiko yobokemwanyabanto, na korwa amangana gochia abateneneri bekeombe kioboronge bwamwanyabanto igoro yamamocho."
3377,Governance,PSA,"These violations have occurred amid deep political divisions and the fragmentation of state institutions, fostering a pervasive culture of impunity that undermines media freedom, journalists' safety, and the public's right to information.","Okobunwa kwa amachiko aya nigo kwabete ase eminano endito yegesiasa nokobagekana na gotakora emeremo amo ase chinsemo chionsi chiserikari, naigo korwa ribaga ase chingencho chiegesaku kogendereria obosareku ayio undermines media freedom, journalists' safety, and the public's right to information."
3378,Governance,PSA,"Apr 15 - 4 min read PRIME Education CS now warns 'rogue' school officials He said co-curriculum activities should be based on the ministry's policies, guidelines and regulations.","Omotienyi okane 15 - chitageka 4 gosoma. CHISEMI Chiboroso Omowasiri bwechisemi bono arure ogokurerwa ase abarai bechisukuru abangainereria. Agateba ng'a emeremo ende egokonya abana gosoma goika bibe koreng'ana namachiko yewisara akoraa echisemi, nobotenereri."
3379,Governance,PSA,"Accordingly, the Authority encourages members of the public to report all cases of corruption they encounter at the Authority using the following means; i.","Korengana nayio, oboteneneri nigo bogosegeta abanto bonsi orwa amanag'ana igoro yobokorekanu bakoumerana naro ase abatenereri goetera chinhera echi; i."
3380,Governance,PSA,Members of the public are warned against engaging with fraudsters claiming to sell genuine examination papers as all official exams are securely administered and protected by strict integrity measures.,"Abanto bonsi bakureirwe gokora emeremo gose kobwaterana nabanto abarimo abwo bagwekora nga nkoonia bare amasakara ya amatemwa erio gosegeta oboibi bwamatemwa, mbuya komanya nga amasakara amatemwa ekeene nigo nigo arendire buya na korugwa neserikari chingaki chiaye chiaboronge."
3381,Governance,PSA,"THE ASSEMBLY AND DEMONSTRATION BILL,2024 Read more KNCHR ADVISORY ON THE ASSEMBLY AND DEMONSTRATION BILL, 2024 Read more THE PUBLIC PARTICIPATION BILL, 2024 KNCHR in Collaboration with the Office of the Attorney General invites members of the public to give input in the draft Public participation Bill.","RICHIKO RIOGOCHA AMO NA KOROBEREREKANA,2024 Soma amange ekeombe keria gekorwanenerera oboronge bwamwanyabanto (KNCHR) NA OBOSEMIA IGORO YOKOROBEREREKANA KORENGANA NERICHIKO, 2024 Soma amange IGORO YERICHIKO RIOGOCHA AMO NAKOROBEREREKANA, 2024 (KNCHR)ase okobwaterana na nofisi yomotenereri amachiko omonene yaariganirie abanto bonsi korwa ebirengererio biabo ase richiko riria rigendererete korosigwa igor yokoroberekana."
3382,Governance,PSA,"Accident Investigation and WIBA Processing When an accident occurs, and an employee is injured, the employer must report to DOSHS County offices within 24 hours if the accident is fatal, and within 7 days for non-fatal accidents.","Obotuki bwomwbasekano na na buna abanto bemebasekano bagoakanwa (WIBA) ekero emebasekano yabeire, na abakori emeremo baumiire, omotachiri goika amanyie chiofisi chiekaonti chitenerete oborendi bwango kegima (DOSHS) gati yechinsa 24 onye omobasekano ore omonene, na gati yamatuko 7 ase omobasekano emesinini."
3383,Governance,PSA,"Different electoral bodies in Kenya, from ECK, IIEC, to IEBC, have had a topsy-turvy trust relationship with the public.","Chinsemo ao ao chiobochori aiga Kenya, korwa ekeombe kiobochori gia Kenya (ECK), Ekomiti Yengaki Enke Yobochori (IIEC), goika eke kiabono gekorokwa Ekeombe Gietenererete Kiemepaka yobochori gia Kenya (IEBC), biabeire noboate botari obuya nabanainchi."
3384,Governance,PSA,A topic which has never been a subject for public participation in Parliament even after the establishment of the Public Debt and Privatization Committee in the National Assembly (13 th Parliament).,Egento getanyakoretwa ase chinkwana chia bonsi Bunge nonya nekero yancheranetwe ng'a oborito bwamabdeni yeserikari na okoonigwa gose ogotenenerwa gwechikambani chieserikari nabanto bebiasara (Bunge ya 13).
3387,Governance,PSA,The NSSF Anti-corruption Authority provides an avenue for the public to report acts of corruption and/or fraud within its programs and operations.,Abateneneri bekeombe keria gokorwania obokorekanu bechibesa chiobogotu (NSSF) nkorwa bare ribaga buna abanainchi babwenerete gokemanyia igoro yobokorekanu bakoumera ime yomoroberio oyo nobokoreri bwaye.
3388,Governance,PSA,The committee is required to facilitate public participation and to take into account the views of the public when it makes its report to the Senate.,Ekomiti neganeirie koarigania chinkwana chiabanto bonsi na kobogoria amaoni abo ase oborito ekero bakorwa chiropoti chiabo gochia ase Eseneti.
3389,Governance,PSA,"The Committee carries out public participation, obtains the views of the members of the public on the Bill and prepares a report within the period specified above.","Ekomiti nkoarigania ere chinkwana, konyora ebirengererio bia abanto igoro yerichiko na korosia eripoti ase chingaki chiria chibekire abwo igoro."
3390,Governance,PSA,Lady Justice Martha Karambu Koome As The C J Of The Republic Of Kenya Report On The Consideration Of The Public Participation Bill No.,"Omongina Omotenereri bwa Amchiko omonene Omochachi Martha Karambu Koome BUNA OMOTENERERI BWAMACHIKO OMONENE, Ense ya Kenya, Eripoti Igoro Yokorwa Ribaga Igoro Yerichiko Riogosangia Abanainchi ase Chinkwana."
3391,Governance,PSA,"The Cabinet Secretary also called on stakeholders, particularly the media, to play an active role in educating the public about the risks associated with engaging in SACCO business with unlicensed entities, specifically those resembling pyramid schemes.","Omowasiri boigo akarangeria abasangi bonsi, mono kegima abariki amang'ana, babogori ribaga ribo ase okomanyia na gosomia rabanto igoro yemechando yogwesoi ase ebiombe biechibesa nebiombe biterigeti neserikari, mono kobua buna keria gia pyramid schemes."
3392,Governance,PSA,"By fostering trust with stakeholders and the public, the State Department will build reliable relationships and promote a culture of integrity in its trade engagements.","Ase okoagacha obwegenwa gati yabasangi nabanainchi, eserikari goetera ofisi yobokoreri neagache oboamate obuya na gosegeta engecho yekeene nobwegenwa ase ebiasara biaye nogokwanerana."
3395,Governance,PSA,By 4 months ago State wants Angata Barikkoi residents to register land leases The government now wants communities residing in the troubled Angata Barikkoi area in Trans Mara to formally register land leases with the Land Registrar to avoid conflicts.,Ase emetienyi 4 yaetire eserikari nigo etagete abanto ba Angata Barikkoi korika amarube yokobanchera gotwara amaremo mono kokua baria abare ase eminano yamaremo aaria Angata Barikkoi ime ya Trans Mara kwerika buna etakeire ase omioriki bwamaremo erio gokeania eminanano.
3396,Governance,PSA,By 3 months ago KWS concludes public consultations on new park fees The public input process will culminate this Friday with a national validation forum at the Kenyatta International Convention Centre (KICC) in Nairobi.,Ase emetienyi 3 yaetire ekeombe keria getenenerete chingiti chiorosana (KWS) ngiakorete chinkwana chiaye igoro yekerengo ekeyia giechibesa chiogotenenia chigari aroro. Omoroberio oyo bwokonyora ebirengererio korwa ase abanto noike omoerio oye rituko ria chuma ewiki eye nakobwatigwa nokoenekigwa kwaye aaria Nairobi enyomba yemesangerekano ya Kenyatta International Convention Centre (KICC).
3397,Governance,PSA,By 3 months ago Tanzanian women married to Kenyans to now receive national IDs The government has started the process of documenting Tanzanian women married to Kenyan men in Taita Taveta County.,Ase emetienyi 3 yaetire omokungu o'Tanzanian onywomire nomo'Kenya bono konyora ekebande gia Kenya. Eserikari yaansire omoroberio bwokorika omokungu o'Tanzanian onywomire nomosacha omo'Kenya aaria ekaonti ya Taita Taveta.
3399,Governance,PSA,"However, he assured the public that the Ministry of Education had put in place emergency measures to ensure candidates in affected areas continue their exams without interruption.","Nonya nigo, naenekeretie abanto bonsi ng'a Eministiri yesichisemi pyeariganirie nemeberoberio temebasekano erio korenda nga abana baria bagochia gokora amatemwa ase chingongo chiria chire neminano bagenderere gokora amatemwa abwo bokong'u botaito."
3400,Governance,PSA,"Overall, Read more > CORRUPTION NEWS Have your say on the draft National Policing Policy by 30 November 2023 27 Oct 2023, 13:44 Submissions must be received by no later than 30 November 2023 The Civilian Secretariat for Police Service has published the Draft National Policing Policy (NPP), which is now open for comment from the public.","Igoro ase onsi, Soma amange. AMANGANA OBOKOREKANU. karwe ebirengererio biao ase okorosia richiko igoro Yerichiko Rioborendi Bwense goika chitariki 30 chiomotienyi 11 omwaka 2023 goika chitariki 27 chiomotienyi 10 omwaka 2023, chinsa 7:44 chiamogaso gotoma ebirengererio bia aike gotachererwa nyuma yechitariki 30 chiomotienyi 11 omwaka 2023. Ekeombe getenenerete oborigereria bwemeremo yabasikari kiarikire egetabu kiamachiko ase okorigererigwa ritang'ani (NPP), ekio bono kere ase okomongerwa nabanto na komenta ebirengerio biabo gose kogeitaba buna kere."
3402,Governance,PSA,The Code of Conduct for the Public Service requires all employees of the public service to report corruption to an appropriate authority.,Richiko riobkoreri ase abanto nigo ringerengete abakori emeremo bonsi komnyi ebikoru biobokorekanu gochia abatenereri bao.
3403,Governance,PSA,"Report corruption now - Report Corruption Report corruption now - Report Corruption 1 2 3 4 5 DEAR CORRUPTION FIGHTER, WELCOME TO OUR WHISTLE-BLOWING PLATFORM At the core of Corruption Watch's mandate is the reports that we receive from the public.","Manyia igoro yobokorekanu bono, Manyia igoro yobokorekanu bono, Manyia igoro yobokorekanu bono - 1 2 3 4 5 OMWANCHWA BOKOREKANU OMORWANI, KWAGENIIGWE ASE EKEOMBE KIABAAKI ESIRIMBI. Igoro yobokorekanu emeremo yabarigereria obokorekanu ngoeteraokwemurunganania tokonyora korwa abanainchi."
3404,Governance,PSA,Urgently needed: meaningful citizen involvement in fight against corruption - Corruption Watch Urgently needed: meaningful citizen involvement in fight against corruption - Corruption Watch This website uses cookies to ensure you get the best experience on our website.,Keganeirie bwango: abanto koba neribaga riogoteba buna batagete obogambi bwabo koba ase okorwania obokorekanu - Abarigereria Bobokorekanu Mbaganerie Bwango Kegima: kobwaterana nabanainchi korwania obokorekanu negento kiengencho - Abarigereria Bobokorekanu. Egekoreri eke kiembeo nigo gekorigia obokongori bwaye korwa obokoreri obuya gocha asore.
3405,Governance,PSA,"ElectionAccess.org is managed by the International Foundation for Electoral Systems (IFES), an international nonprofit dedicated to strengthening electoral democracy and supporting the right of citizens to participate in free and fair elections.","ElectionAccess.org nigo geteneneire nekeombe giense igoro yomoroberio nobokoreri bwobochori (IFES), ekio kere ekeombe getari gieserikari gose giokorosia efaita kieruete gokongia dimokirasia ase obochori ase ogosira oborenge bwabaaki chikura korora nga mbare neribaga gokora obochori botari bwokorekanu"
3406,Governance,PSA,GNDEM stands in solidarity with I Watch and all nonpartisan citizen election observers who face threats against their right to observe elections and defend the right of citizens to exercise their vote.,GNDEM neteneine gokongu na I Watch nabanainchi bonsi baria batari koengera gochia aa gose aaria korigereria buna chikura chigoakwa abwo bare ase okogoswa igor yoboronge bwabo bwookomongera buna chikura chigoakwa na koegerera abanainchi goaka chikura chiabo buya.
3407,Governance,PSA,"Everyone has the right to participate in government and public affairs, including by seeking to be elected and to vote in genuinely democratic elections.","Kera omonto nare neribaga riokomanya na koboria buna eserikari egokora emeremo, amo na gochorwa gose goaka ekura ase enchera yekeene."
3408,Governance,PSA,"Nonpartisan (politically impartial and independent) election monitoring by citizens is an extension of the rights to genuine elections, to participate in public affairs, to associate and to seek, receive and impart information in the electoral context.","Goetaengera (omonto oteneine gesiasa na ase okeene) okorigereria buna chikura chiogoakwa nigo ebwatekaine nogoikerania nga kera omonto nare neribaga goteba eki arengete goetera goacka chikura, nechikura goakwa ase oboene, giosangerekana na korigia, konyora na komanyia abnde amang'ana igoro yechikura."
3409,Governance,PSA,"At the same time, elections allow citizens to aggregate their interests to demand that those seeking office address issues related to economic, social and cultural well being, as well as peace and security.","Amo nayio, chikura nigo chifokonya abaaki chikura kobeka amo abirengereri nokogania kwabo amo na koboria ng'a baria bakorigia chikura babogoriew ase oborito aamang'ana obogoko bwenyoro biabo, amagenderero nakomenya buya, naboigo omorembe noborendi."
3410,Governance,PSA,"The rights of citizens to vote and to be elected at periodic, genuine democratic elections are internationally recognized human rights.","Oboronge bwabanainch goaka chikura na korigia chikura gochorwa ase chingaki gete, gobochori bwaboronge nigo bokobeka motwe gose bogosika oboronge bwekemwanyabanto."
3411,Governance,PSA,"Read on WRA warns land grabbers targeting protected dunes KNA2 October 7, 2025 Counties , Environment , Lamu 0 Water Resources Authority (WRA) has issued a directive to individuals illegally occupying and subdividing gazzetted wetlands and sand dunes in Lamu County, ordering cease such activities or face prosecution.","Soma igoro ya yechinsemo chiemogondo yamache (WRA) eyio yakureire abataboria bemegondo barengete eria ase emachanga yokoagachera na KNA2 omotienyi 10 chitariki 7, omwaka 2025 Chikaonti , Ebitoonchokanaine, Lamu 0 Water Resources Authority (WRA) barure ogochika gochia abanto gete bare ase emegondo eyio na bagendererete koyebaga aaria ekaonti ya Lamu, gochika nga batiga ebikoru ebio gose basaganwe nerichiko."
3412,Governance,PSA,We caution all to beware of fraudsters posing as Commission staff to solicit money in exchange for our services What is the Public Service Commission (PSC) It is a constitutional Service Commission established under Article 233 of the Constitution.,Twakureire bonsi bamanye igoro yabantop abarimo bagwekora bagwwekora abokori emeremo boboteneneri koibera abanto nga nkobaa bare obokoreri. Ninki Obotenereri Bwokoreri Bwabanto (PSC)? Nomoroberio bwerichiko obegetwe inse yerichiko 233 rierichiko rinene riense.
3414,Governance,PSA,"The law is very clear, we must embrace every aspect of humanity in the public service, including the full inclusion and participation of persons with disabilities, Dr. Kiprono stated.","Richiko nigo rire maiso marore, goika tobwate nakorenda obokemwanyabanto ase obokoreri bwabanto, amo na koreta abanto bonsi bare noborema amo korwa ebirngererio biabo, Dkt. Kiprono atebete."
3415,Governance,PSA,"MAKE PEACE 'It's not your war': Ukraine's military ombud warns Africans against joining Russia's fight As South Africa probes how 17 of its citizens ended up in Ukraine's Donbas region, Kyiv's military ombud Olha Reshetylova urges Africans to resist Moscow's recruitment and avoid a war that offers them no protection.","KORA OMOREMBE 'Eye teri esegi yao aye omonyene': Abarigeria bun esrikari egokorera abant ya abasikari ba Miritari ba Ukraine buna Ombud yasiemire Abagambi ba Afrika gwesoanania ase esegi ya Russia korwania South Africa yaansire obotuki buna abanto baye 17 batogete gokonya eserikari ya Ukraine aaria Donbas region, Kyiv's military buna ombud Olha Reshetylova asabete Afrika kwanga ebiagaso korwa Moscow ase okorika abanto babo gochia esegi, na kwebacha korwa esegi etabwati borendi ase bare."
3416,Governance,PSA,"Politics 'It's not your war': Ukraine's military ombud warns Africans against joining Russia's fight As South Africa probes how 17 of its citizens ended up in Ukraine's Donbas region, Kyiv's military ombud Olha Reshetylova urges Africans to resist Moscow's recruitment and avoid a war that offers them no protection.","Siasa teri segi yaor': Ombud omiritari o'Ukraine yarure ogokurerwa ase Afrika gotasoa esegi ya Russia korwana ekiagera South Africa ngotuka ere buna abanto baye 17 benyorete ase esegi ya Ukraine, Donbas region, Kyiv's military buna Ombud Olha Reshetylova asabire aba'Afrika kwanga ebiagaso bia Moscow korika abanto babo gosoa esegi etabwati borendi bonde ase bare."
3417,Governance,PSA,"From: Government Digital Service Updated: 17 October 2025 When you need to verify your identity for Companies House When you need to verify depends on your role, and when you started that role.","Korwa: Eserikari negenderete kobeka buya obokoreri bwaye goetera egedichitari: Chitariki 17 omotienyi 10 omwaka 2025. Ekero oganetie komanya ekeene nga naye omonyene gochia ekambani, nigo erengete eki ogokora ase ere nechinagki gwachagete gokora emeremo eyio."
3418,Governance,PSA,From: Cabinet Office Updated: 6 November 2025 Public Switched Telephone Network charter The Public Switched Telephone Network charter sets out a voluntary agreement between the government and communication providers to protect vulnerable people when they are moved onto digital services.,Korwa: Amanagana amayia omowaziri: Chitariki 6 omotienyi 11 omwaka 2025 Omoroberio bweserikari igor yogotumia chisimi orure okobwatana nekeombe keria giakenya getenenerete oboererania goetera chisimi erio korenda bari batari nabomanyi kegima ase ogokwanerana goetera chisimi chingaki baranganye gochia egedichitari.
3421,Governance,PSA,"In a speech read on his behalf by the KPC General Manager Finance, Pius Mwendwa during the facility's soft launch, Sang said the successful launch of the facility heralds a new paradigm in the reticulation of the product with immense benefits to the public.","Ase enkwana yaye yasometwe na nomotenereri omonene bwesitima (KPC), Pius Mwendwa chingaki are gochaka obokorei, Sang nigo atebete ng'a ogochaka kwegekori ekio nomochakano bwoboonchoreria goikerania obokeri obuya ase abanto."
3422,Governance,PSA,"Development cooperation agreements - Norway in Kenya Skip to main content Development cooperation agreements As a means of increasing transparency and accountability, the Ministry of Foreign Affairs wishes to make all its agreements available to the public.","Okoigwan gwokobwatera na amagenderero - Norway aaiga Kenya tuma gochia amangana amaikeranu yamagenderero. Buna enchera eyemo yogokinia obomaiso marore nokoreri obuya, Ewisara yamang'ana aisiko nerengete kobeka okobwatana kwaye maiso marore na goikereka na abanto bonsi."
3423,Governance,PSA,"Submit a Letter of Intent If a country passes the Core Eligibility Criteria and Values Check and the government identified a lead ministry or agency, it should signal its intent to participate in OGP by sending a Letter of Intent, which formally expresses the government's intention to join OGP.","Toma rirube riokworokia okogania. Onye ense egoikerania ayaganeirie nobwegenwa. Rora gose wisara ki yeserikari ere motwe gokora ayio, aya nabe egetaborero igoro yokworokia yokogania gosoaomoroberio okobwaterana neserikari (OGP) ase ogotoma riuko riokogania, erio riratebe buya ekerenga gieserikari gosoa ase omoroberio oyio (OGP)."
3424,Governance,PSA,"Access to Justice Justice for Accountability Open Justice Public Participation Giving the public opportunities to provide input into government decision-making leads to more effective governance, improved public service delivery, and more equitable outcomes.","Goikera Ekeene. Ekeene ase Obotenereri Obuya Kiagoirwe. Ekeene na ribaga ase abanto korwa ebirengererio biabo buna eserikari ebwenerete kobakorera emeremo government goikerania obagambi obuya, oboikeranu bwobokoreri, ns smstokeo areng'anaine."
3425,Governance,PSA,"Public participation and inclusion: Governments seek to mobilize citizens to engage in public debate, provide input, and make contributions that lead to more responsive, innovative and effective governance.","Abanto koegwa ribaga goteba buna batagete: Eserikari nerigetie koreta abanto amo ase chinkwana chia amo, barue abirengereri biabo, ebio biragere obokorei boitabire, borengete chingaki echi na obuya."
3426,Governance,PSA,"Collaborate: The government and non-governmental stakeholder should hold an ongoing iterative dialogue where the public contributes to identifying priorities, setting the agenda and developing the commitments.","Bwaterana: Eserikari nebiombe bitari bieserikari nere buya koba nechinkwana chikonyora ebirengereri biabanto neki baganetie, korwa chachenda chiogokwanerwa na goitaba ase oboamo."
3427,Governance,PSA,"How we're helping to improve access to sexual health services We push for political participation We help women vote and participate in politics by partnering with governments, community groups and local associations.","Buna togendererete gokonya goikerania obokoreri bwa okomanyia igoro ya afia yobwanchani bwomosacha nomokungu. Nigo togosuguma okobwaterana gesiasa. Nigo togokonya abakungu goaka chikura na koba abasangi ase sisasa ase okobwaterana neserikari, ebiombe biebinyoro and obomo bwa abanto ase ebinyoro."
3428,Governance,PSA,"The result, our Anti-Corruption Enforcement Tracker helps campaigners build an evidence base for reform of anti-corruption enforcement, provides journalists and members of the public with accessible and clear statistics, and encourages the government to collect and publish its data in more accessible and accurate ways.","Amairanerio, egekoreri giato giokobeka chinguru kobwatia obokorekanu nigo kegotokonya baria bagokora akambeini koba nobosaidi bogokonya amaonchorerio ase ogokinana nobokorekanu, koa abariki amangana na banto bonsi goikera amangana amaikeranu, na igo gosegeta eserikari kobeka amo amangana aye agaikeraka nabonsi ase oboikeranu."
3429,Governance,PSA,"1:11 pm Public Health PS Mary Muthoni urges parents and communities to safeguard teens during holidays, highlighting risks of drugs and peer pressure that lead to unwanted pregnancies.","7:11 chiabotuko. Omoriki Omonene bwewisara ya afia - PS Mary Muthoni osabire abaibori nebinyoro biabo korenda abana babo chingaki chiomotimoko, na goteba buna ogosegetana kwabana gokobaira ase amariogo ogotindia miono kegima ase abana abanyaroka goika babwata obito btancheti."
3430,Governance,PSA,"The members of the public are warned to beware of scammers who are approaching individuals on WhatsApp with their numbers showing a profile photo of the CCF Kenya, Mr Alex Lemarkoko.","Aabanainchi bonso bakureirwe igoro babaibi bgochera abanto goetera WhatsApp nechinamba chiabo chiesimi chiokworokia chibicha chiabo ng'a barabwo mbarabi ebicha ya CCF Kenya, Omosike Alex Lemarkoko."
3431,Governance,PSA,"On the recruitment day, candidates must report to designated centres by 8am with the original and copies of their academic certificates, ID cards, birth certificates, and, where applicable, NYS discharge certificates with at least a 'GOOD' conduct rating.","Rituko riria riokwerika, baria bakorigia chikura goika bemanyie ase chisenta chiria chiogoaka chikura chinsa ibere chia mambia ama nechisatifiketi chiabo buna basomete, Ekebande kiabo, Ekebande giokoiborwa, na ase ekonyarekana, esatifiketi yamasomo korwa ekeombe kiobokoreri bwa abasae (NYS) gekworokia buya buna ebikoru bioyio bire."
3432,Governance,PSA,The agency also appealed to the public to report any suspicious individuals or activities that could help in ongoing investigations.,Ekeombe ekio kiobochori boigo ngiasabete abanto ng'a babamanyie mang'ana ande onsi gose omonto bare nechitangutangu nere ase okogekonya gokora obutuki bwabo.
3433,Governance,PSA,The President used the occasion to urge citizens to embrace their democratic rights ahead of the elections.,Omoraisi natumiete ribaga erio gosaba abanto ng'a babe abatoereru na nagotumia ribaga riabo ase ogoaka chikura buya goikerania ebirengererio biabo nonya nechingaki baganyete rituko riogoakwa chikura.
3434,Governance,PSA,DCI said as it urged the public to report any suspicious activities.,Omotuki omonene agasingerera ng'a abanto bamomanyie ebikoru binde bionsi bire nechitangutangu ase omoroberio bwogoaka chikura.
3435,Governance,PSA,"By 5 months ago DIG Lagat warns officers to desist from corruption Days after prisoners escaped from lawful custody at a court in Siaya, Deputy Inspector General Eliud Lagat toured the county and urged officers to maintain professionalism and teamwork.","Emetienyi etano yaetire, omorai omonene bwasikari Lagat okureire abakoreri gotiba obokorekanu chingaki abasibwa baminchoretie korwa korwa ekoti aaria, Omorai omoke bwomorai omonene bwa abasikari omochenero Eliud Lagat natarerete ekaonti eyio na gosaba abasikari babwaterere obokoreri bwabo buna eganeirie a ase okobwaterana."
3436,Governance,PSA,"EACC reaffirms its commitment to combating fraud and safeguarding integrity within the public service sector, a statement from the commission said.","Ekeombe keria ekenene gekorwania obokurumi kianekirie okwerwa kwaye korwania obokurumi nobongainereria erio goikerania ekeene ase obokoreri bwabanto, buna enkwana korwa ekomisoni yarenge."
3437,Governance,PSA,"In a schedule provided by the Chief Justice Martha Koome-led JSC, the public interviews will run from January 12 to March 23 2026.","Ase omoroberio orwetwe nomoteneneri bwamachiko omonene Omong'ina Martha Koome gochia led JSC, the public interviews will run from January 12 to March 23 2026."
3438,Governance,PSA,The CRJ said members of the public are invited to avail in writing any information of interest in respect to any of the shortlisted candidates.,Oyomo bwekeombe kiabanainchi Gikorwanerera Okeene (CRJ( agateba ng'a abanto bonsi baariganiigwe goika na korika kende gionsi eki bamanyete igoro ya baria bachoretwe.
3439,Governance,PSA,"Take note that the Commission may interview any member of the Public who has submitted information on any of the shortlisted candidates, and such information shall be kept confidential, she said.","Nere buya komanye ng'a abatenereri nabo bararigie komanya korwa monto onde bwensi komanya okwemurungania igoro yabwo bachoretwe, nayio nigo arakorwe as obobisi buna atabete."
3442,Governance,PSA,"A petition is a formal request submitted to the County Assembly by individuals or organizations from the public, seeking the Assembly's intervention on matters falling within its legislative authority.","Riuko riogosaba nenchera yabeene yokoboria Ebunge Yekaonti goetera omonto gose obomo bwebiombe, gosaba ogotegererwa kwa amangana are inse yobambi bwabo."
3443,Governance,PSA,The public was encouraged to submit any relevant information they had on the election or electoral process.,Abanto mbaboretigwe gotoma mangana ande onsi arengete ogochorwa kwa abwo gochia as abarai bechikura buna emeroberio yobochori kwa abwo choretwe buna gwakoretwe.
3444,Governance,PSA,"The Ushahidi platform builds more trust in the system because it enables citizens to report on any incidents of corruption in real-time, helping keep an eye on the vote.","Ekeombe kia Ushahidi platform nigo gekoagacha obwenenwa ase emeroberio yobochori ase enchera yokorora ng'a abanto mbare neribaga riokorwa ogotoaisaneka kwaboekiagera obokorekanu bwabete ekero kiobochori, buna emnchera eyemo yokorenda chikura."
3445,Governance,PSA,DCI warns parents about for effective governance and urges them to attend.,Omotki omonene orure ogokurera ase abaibori gosegeta obogambi obuya naigo kobasaba goikerana ase chinkwana.
3446,Governance,PSA,The Public Service Commission urges citizens to verify through official channels.,Ekeombe keria ekenene getenerete obokoreri bweserikari giasabire abanto koenekia ayio goetera chinchera chindinge.
3447,Governance,PSA,The IEBC has issued a directive requiring residents to stay alert to.,Ekeombe keria ekenene getenerete chikura kiarure ogochika korengete komanyia abanto koba maiso.
3448,Governance,PSA,Ministry of Interior appeals to voters to follow guidelines on for community development.,Omowaziri bwoborendi bwa ime osabire abaaki chikura kobwatia amagenderero ebinyoro
3449,Governance,PSA,NPSC calls upon residents to engage in for better service delivery.,Ekeombe ekenene kiobokoreri bwe eserekari (NPSC) kiarure ogokurera inga abamenyi basange ase okoruegwa kwa obokoreri obuya
3450,Governance,PSA,The Communications Authority has issued a directive requiring the public to participate in.,Ekeombe kia oboereri yarure ogokurera ase okobwatanigwa abanto
3451,Governance,PSA,Citizens are urged to verify in line with government directives.,Abanyene orogongo basegetirwe koeneki amarago yeserekari
3452,Governance,PSA,The public is encouraged to follow guidelines on to strengthen governance.,Abamenyi basegetirwe kobwaria amarago ero gotingia obokoreri
3453,Governance,PSA,The County Government urges the public to register for to strengthen governance.,Eserekari yechi kaunti baboririe abamenyi kuerikia erio gotingia obokoreri
3454,Governance,PSA,NTSA encourages members of the public to verify through official channels.,Ekeombe ekenene giokorenda obosombi (NTSA) yaboririe abamenyi koeneki goetera chinchera chiancheire
3455,Governance,PSA,Residents are advised to participate in during this period.,Abamenyi basemigwe gosanga ebiro ebio
3456,Governance,PSA,County Government warns stakeholders about to improve service provision and urges them to submit comments on.,Eserekari yechi kaunti yakureire abamenyi  barwe ebirengererio biogosegeta obokoreri
3457,Governance,PSA,National Police Service calls upon business owners to cooperate with authorities on to protect citizens.,Ekeombe ekenene kiabasigari kiaboririe abanyabiasara kobwaterana korenda abamenyi
3458,Governance,PSA,The Office of the President urges youth to stay alert to to improve service provision.,Abisi yomonene bworogongo yasegetire abasae koba maiso ase okorwegwa kuobokoreri
3459,Governance,PSA,The Commission calls upon parents to submit comments on during the election period.,Ekeombe giakureire abaibori gotoma ebirengererio chingaki chiobochori
3460,Governance,PSA,Residents are advised to verify in line with government directives.,Abamenyi baborigwe koeneki amo neserekari
3461,Governance,PSA,The NEMA urges students to register for for national development.,Ekeombe ekenene kia ebinto bitoetanaine kiaboririe aborokigwa koerikia ase amagenderero yorogongo
3462,Governance,PSA,The public is encouraged to avoid to improve service provision.,Abamenyi basegetirwe goetanga ase okorwegwa kuobokoreri
3463,Governance,PSA,National Police Service calls upon voters to engage in for community development.,Ekeombe Ekenene giesekari yaboririe abaaki chikura gosanga ase amagenderero yebinyoro
3464,Governance,PSA,The Ministry of Agriculture has issued a directive requiring residents to submit comments on.,Ewizara yoboremi yachikire okorwegwa bwebirengererio ase
3465,Governance,PSA,The IEBC has issued a directive requiring parents to provide information on.,Ekeombe gietenerete giembebe na obochori yachikire abaibori korwa chiripoti ase
3466,Governance,PSA,The government invites stakeholders to provide feedback on to enhance transparency.,Eserekali yachikire abamenyi barwe chiropoti gotingia oboasioku
3467,Governance,PSA,Kenya Forest Service calls upon the public to provide information on for community development.,Ekeombe ekenene kiobokoreri bwa'amanani kiobororie abamenyi korwa ebirengererio biogosegeta obokoreri ase ebinyoro
3468,Governance,PSA,EACC appeals to farmers to support for community development.,Ekeombe ekenene giokoringori chiumbu chingiya na obokurumi giasegetire amagenderero ase ebinyoro
3469,Governance,PSA,IEBC encourages members of the public to submit comments on for better service delivery.,Ekeombe gietenererete kiobochori nechimbebe na obochori kiabororirie abamenyi  korwa ebirengererio biosegeta obokoreri obuya
3470,Governance,PSA,Ministry of Energy calls for public participation in for national development.,Ewizara yechingiru kiaboriri abamenyi gosanga ase amagenderero yorogongo
3471,Governance,PSA,The public is encouraged to register for during this period.,Abamenyi basegetirwe kwerikia chingaki echiga
3472,Governance,PSA,EACC appeals to parents to avoid during this period.,EACC yasororire abaibori gwetanga chinga ki buna echiga
3473,Governance,PSA,The County Government has issued a directive requiring members of the public to take advantage of.,Eserekari yechi kaunti yakureire abamenyi gokorera ribaga eriga
3474,Governance,PSA,Office of the President encourages members of the public to follow guidelines on to strengthen governance.,Abisi yomonene bworogongo yasegetire abamenyi kobwati amarago yokoroisia oboteneneri
3475,Governance,PSA,KRA encourages members of the public to comply with for national development.,Ekeombe gietenererete giechibango kiaboririe abamenyi koigwanana namagenderero yense
3476,Governance,PSA,The public is encouraged to remain vigilant about to enhance transparency.,Abamenyi baborigwe koba maiso ase obokoreri obwasioku
3477,Governance,PSA,Ministry of Interior calls upon youth to verify for community development.,Ewizara yamangana aime yokureire abasae gokongia amagenderero yebinyoro
3478,Governance,PSA,The DCI urges business owners to stay alert to to improve service provision.,Orosagia rwobotukia yaboririe abaonchoreria koba maiso ase okorwegwa kwobokoreri
3479,Governance,PSA,Ministry of Water encourages citizens to report any incidents of corruption to official government portal.,Ewizara yamache yaboririe abamenyi korwa chiropoti chibokurumi ase chinsagi chieserekari
3480,Governance,PSA,The IEBC urges the public to report any incidents of ahead of the upcoming to strengthen governance.,IEBC yasegetire abamenyi  korwa chiropoti kengima kobwatekana nobochori erio gotingia oboteneneri
3481,Governance,PSA,National Treasury appeals to students to engage in to enhance transparency.,Ekegancha ekenene kiaboririe aborokigwa gosoanana gotingia oboasioku
3482,Governance,PSA,Citizens are reminded to remain vigilant about before the election deadline.,Abamenyi baborigwe koba maiso nyuma yobochori omoerio botaraba
3483,Governance,PSA,The government advises members of the public to cooperate with authorities on to enhance transparency.,Eserekari yabasemirie abamenyi kobwaterana komenta oboasioku
3484,Governance,PSA,DCI calls upon farmers to attend for community development.,Orosagia rwa obotukia yaboririe  abaremi gosanga amagenderero yebinyoro
3485,Governance,PSA,The public is encouraged to verify to protect citizens.,Abamenyi bairwe omoyo ase okoerenda
3486,Governance,PSA,All stakeholders are urged to remain vigilant about during the electoral process.,Abamenyi bonsi baborigwe koba maiso chintunda chiobochori
3487,Governance,PSA,The government advises the public to register for to improve service provision.,Eserekari yasemirie abamenyi koerikia erio gotingia obokoreri
3488,Governance,PSA,Ministry of Interior calls upon citizens to contribute their views on to strengthen governance.,Ewizara ya mangana aime yorogongo  korwa ebirengererio biogotingia oboteneneri
3489,Governance,PSA,National Police Service warns stakeholders about to improve service provision and urges them to stay alert to.,Ekeombe ekenene kiobokoreri bweserekari kiaboririe abamenyi koba maiso ase ogotingia obokoreri
3490,Governance,PSA,Public Service Commission warns farmers about during this period and urges them to attend.,Ekeombe kiobokoreri giesekari  yakureire abaremi gosanga amo ase ebiro binga buna ebiga
3491,Governance,PSA,The government advises stakeholders to stay alert to in the interest of public welfare.,Eserekari yasemirie abamenyi  koba maiso ase amangana arengete obuya bwabo
3492,Governance,PSA,The County Government urges business owners to stay alert to to improve service provision.,Eserekari yechi kaunti yaboririe abaonchoreria koba maiso ase okorwegwa kuobokoreri
3493,Governance,PSA,The government advises stakeholders to submit comments on for effective governance.,Eserekari yaboririe abamenyi korwa ebirengererio igoro yoboteneneri obuya
3494,Governance,PSA,The IEBC urges members of the public to cooperate with authorities on ahead of the upcoming during this period.,IEBC yaboririe abamenyi  kobwaterana nyuma yobochori obonene
3495,Governance,PSA,EACC urges citizens not to elect into office persons facing corruption charges.,EACC yakurerire abamenyi gotachora abarai bakwanekire nobokurumi
3496,Governance,PSA,IEBC urges students to take this opportunity to register as voters.,IEBC yaboriria aborokigwa koerikia buna abaaki chikura
3497,Governance,PSA,"Director Voter Education, Partnerships and Communication Rasi Masudi urges participants to cover all activities of the electoral process in a workshop to review Frequently Asked Questions and Voter Education Guide","Omorai omonene bwamasomo yoobwaki chikura, abagisangio bande na oboereri chinkwana Rasi Masudi yasegetire abamenyi bonsi kobwatia emeremo yonsi yobochori ase ebigambero na korigereria amabori akoborigwa botambe na amaegerio yechisemi chibochori"
3498,Governance,PSA,EACC urges Kenyans to report all forms of corruption for investigation.,EACC yaboririe abakenya kuripoti obokurumi bonde bwonsi binyare gotukwa
3499,Governance,PSA,The Commission urges all agencies involved in the issuance of National Identity cards to fast-track the issuance and distribution of the IDs to enable Kenyans who have attained the age of 18 to be registered as voters.,Orosagia rwa eserekali yasegetire chinsemo chionsi chigosanga ase okorwegwa kwa ebipande na koenanwa bwango erio abakenya baikire emiaka 18 berikie buna abaaki chikura
3500,Governance,PSA,EACC urges every Kenyan to always uphold integrity and proactively participate in the fight against corruption.,EACC yakureire abakenya batware  chiumbu chingiya na korwani obokurumi kengima
3501,Governance,PSA,"YOUR ROLE AS A CITIZEN 1. Shun corruption, do not tolerate or support it 2. Report any suspected corrupt conduct 3. Desist from glorifying corruptly acquired wealth. 5. Demand accountability from leaders 6. Return any stolen public property in your possession 7. Obey the law","Emeremo yago buna omomenyi 1  Bwange obokurumi, toremerwria gose gwancha obokurumi 2"
3502,Governance,PSA,(EACC) urges Kenyans to be vigilant and avoid falling prey to fraudsters issuing fake integrity clearance letters at a fee,EACC yasegetire abakenya koba maiso na gwetanga korwa abakurumi bakorwa amauko yoborimo ase ebesa
3503,Governance,PSA,"IEBCKenya urges eligible diaspora voters in USA, Germany, South Africa, Tanzania, Uganda, Rwanda, Burundi & South Sudan to come out & register before Feb 4 deadline","IEBC yarure okoraria inga abakenya bonsi bare maiko buna USA, Bocheremani, Afrika ya Irianyi, Tanzania, Boganda, Rwanda, Burundi na Irianyi ya Sudan besokie na koerikia nyuma ya chitariki 4 omotienyi okabere chitaraika"
3504,Governance,PSA,IEBCKenya urges citizens who are not registered but are eligible to take advantage of this last week to enlist as voters,"IEBC yaboririe abakenya batarareikia, koira ribaga eri riabene koerikia"
3505,Governance,PSA,"IEBCKenya urges voters, candidates and agents to maintain order at polling stations and avoid wearing or carrying campaign materials","IEBC yakureire abaaki chikura,abachore na abaechenti korenda amarago na obotoereru ase ebitaseni biogwaka chikura na betange ase okobeka chiyaga chiechikampeni gose ebinyererio biechikampeni"
3506,Governance,PSA,IEBC urges citizens to unconditionally embrace peaceful elections & shun violence that is retrogressive to our economic growth and social cohesion.,IEBC yaboririe abamenyi gochika gotaiyo ase okorenda omorembe ase chikura na koanga chiburaburu echio chigotoirani magega keboncjoreri na okoigwanana ase ebinyoro
3507,Governance,PSA,Kenya Wildlife Service urges all our amazing visitors to our breathtaking National Parks to join hands in preserving the beauty of our wildlife and natural landscapes.,"Obokoreri rwe' chingiti chiorosana yaboririe abatari kwegokeria chinsemo echio chi orogongo chiokogokia, tochirende na ebitongwa binde biakare"
3508,Governance,PSA,EACC urges all professional bodies in the country to infuse integrity and accountability in their self-regulatory mechanisms to enhance corruption intolerance among Kenyan professionals,EACC yaboririe chinsagia chionsi chiobokoreri gosangia chiumbu chingiya na oboasioku ase ogwekorerana erio gokanya obokurumi  ase abasomu ba Kenya
3509,Governance,PSA,The Commission urges Machakos voters to turn out & exercise their democratic right,Ekeombe ekio giasegetire abaaki chikura Machakos gocha ase obonge kobwatia obosibore bwabo bwerichiko
3510,Governance,PSA,"The registrar @ORPPKenya, Anne Nderitu urges parliament to fast track the enactment of election-related legislation. Late enactments negatively affect the planning of elections.","Omoriki oyo Orosagia bwe,Biombe bia siasa [ORPP], Anne Nderitu obooriri ekegambiro gie' bunge kobwatia bwango obokoreri bwa'amachiko yobochori na korara ngokare emeremo   Ababunge baise konyoria amachiko ayi, nabo aratebania emeroberio emiya ya' obochori"
3511,Governance,PSA,NGECKenya representative Winnie Wambua calls for collaboration & asks participants to work together to ensure violence does not impede women from vying for political seats & urges participants to start a campaign to have men support women secure positions of leadership,"Omorai o'NGEC Kenya, Winnie Wambua obooriria okobwaterana na kobooria emeremo yobwamo, eburaburu tetanga abangina tibaboria amabaga asiasa na gosegeta abasacha bae okoboko abasubati bokoboria ebirogo bia' siasa"
3512,Governance,PSA,"Canada wishes IEBC success in #ECVR2021, urges citizens to register as their vote matters.","Canada yaganeirie IEBC chingaki chingiya ase obokoreri bwaye #ECRV2021, ni koa omoyo abaaki chikura berike ekiagera chikura chiabo nechi' engecho enene"
3513,Governance,PSA,The Commission Chairman Wafula Chebukati urges Faith Based Organizations to have a collective responsibility to ensure we have a peaceful free and fair election in August 2022.,"Omonyakerogo bw'obochori Wafula Chebukati obooririe ebiombe bia abegeni koba riboa erimo koeneki chikura nchire nomorembe, chiobosibore na chiancheranete omotienyi ogatano na gatato 2022"
3514,Governance,PSA,"Evans Misati, Chairperson of Political Parties Liaison Committee (PPLC) National Steering Committee urges PWDs to register as members of political parties to claim their rightful share in national representation","Evans Misati, Omonyakerogo bwe' komiti yebiama bia siasa orongo rwa Kenya, obooririe abanto bare noboremaru koira ribaga riabo ria bene ase okoraagwa"
3515,Governance,PSA,"Commissioner Wanderi urges women to remain united and support their own candidates in big numbers but also ensure they develop and mentor the youth to be responsible to take up leadership positions in the upcoming August 9, General Election.","0mokomishona Wanderi osegetire abangina koba riboa erimo na koegerera omosubati obo ase obonge, naende babwatisie abasae koboria ebirogo bia'siasa ase obochori obonene bore motwe Omotienyi ogatano na gatato chitariki kianda"
3516,Governance,PSA,Commissioner Cherera urges women to mobilise and bring out those not registered to enlist as voters,Omokomishona Cherera oboririe abangina gocha amo na koerikia buna abaaki chikura
3517,Governance,PSA,"In the meantime, KRA urges all the patriotic citizens of Kenya to stand with the Government, especially during this difficult and unprecedented time.","Ase ebiro ebioebio, KRA yakureire abakenya bare nogwancha okuya gotenena neserekari,  ase chingaki echi chitamanyereire"
3518,Governance,PSA,"Commissioner Francis Wanderi urges media, in the spirit of transparency, to send staff in all polling station to report results as declared by Presiding & Returning Officers.","Omokomishona Francis Wanderi obooririe abariki bamangana, ase omoyo bwoboasioku, gotoma abakoreri ase kera egetaseni gia chikura, korwa chiropoti buna chikura chikorarigwa na abobisa batenerete chikura"
3519,Governance,PSA,"Director SCM, Harley Mutisya urges suppliers and service providers to communicate with accuracy on any issues that may hinder their ability to deliver on time to IEBCKenya",Omorai omonene oyo SCM Harley Mutisya obooririe abaereri na obokreri goteba kengima gose bokongu bonde mborabeo boratange chinguru chiabo tibaikerani ase IEBC kenya
3520,Governance,PSA,"IEBC Chairman Wafula Chebukati urges political parties to familiarize with the Elections Operation Plan (EOP), which provides a roadmap and key timelines of the election calendar.",Omonyakerogo o'IEBC Wafula Chebukati osegetire ebiama bia siasa kwemanyekani na amachiko yokoroberi obochori (EOP) yokoorokia enchera na ebitambokero ase ekalenda yobochori
3521,Governance,PSA,EACC urges any person with actionable information on corruption to REPORT it for processing in accordance with the law.,"EACC yaboririe monto onde bwensi oratware obomanyi bwobukurumi, korwa chiropoti echio chikorerwe emeremo korengana neruchiko"
3522,Governance,PSA,"The Commission urges voters, candidates and agents to maintain order at all polling stations, avoid wearing or carrying campaign materials and to avoid campaigning while on the queue #October14thBy-elections.","Ekomishoni yaboririe abaaki chikura, abarai bakobori oborai na abaechenti babeke omochoko ase ebitaseni biobochori naende gokora chikampeni ase omorobiri #Omotienyi o'ikomi 14 chikura chinke"
3523,Governance,PSA,Did you know? That you can apply for special number plates? Apply online via the serviceportal.ntsa.go.ke,Nkwamanyete? Nosabe enamba yabene? Saba ase intaneti ntsa
3524,Governance,PSA,Commissioner Francis Wanderi urges the POs and DPOs to respect the law and be impartial to all candidates and pledged to support them to deliver a credible Nguu/Masumba County Assembly Ward (CAW) by-election for #October14thBy-elections,Omokomishona Francis Wanderi okureire abobisa batenerete obochori ase ebitaseni gosika richko na gotatwara ogwanchereri ase abanasiasa bonsi na akaria eira yokobasegeta gokora emeremo yabo ase chikura chinke chia Nguu/Masumba omotiènyi o'ikomi chitariki 14 obochori oboke
3525,Governance,PSA,Returning Officer for the Nguu/Masumba County Assembly Ward (CAW) by-election Moureen Kerebi Oyaro urges voters and media to observe Covid-19 protocol.,Omobisa bwe'chikura Nguu/Masumba chikura chinke Moreen Kerebi Oyaro obooriri abaaki chikura na abariki amangana kobwatia amarago a korona
3526,Governance,PSA,"In addition to the matters already under investigations, EACC urges any person with relevant information to promptly report to us","Komenta namangana akobwatigwa na ekeombe ekenene gia chiumbu chingiya na obokurumi, monto onde oborigwe gotoma amangana"
3527,Governance,PSA,"IEBCKenya Chairman Wafula Chebukati urges PWDs to walk with the Commission in its onward march to a stronger democracy & reiterates IEBC s commitment in delivering a free, fair and credible 2022 General Election that meets the democratic aspirations of Kenyan citizens","Omonyakerogo o'IEBC Wafula Chebukati obooriri abaremaru gotara amo koeneki obochori bwobosibore, obuya, bokoegeneka 2022 chikura chinene, echio chikogenda na amagani ya abanto bonsi"
3528,Governance,PSA,Jiandikishe Leo! Hakikisha kura yako imehesabika roundi hii. Tembelea ofisi yoyote ya IEBC iliyo karibu na wewe.,Erike rero! Eneki inga ekura yago yasoire ase omobaro
3529,Governance,PSA,IEBC calls upon all eligible citizens-especially young people who have recently attained voting age-to visit the nearest constituency office and register.,"IEBC yabooririe abaaki chikura na mono abasae baikire emeika yogoaka chikura, batarere abisi ere ange na koerikia"
3530,Governance,PSA,Why wait inline when you can register online. Apply for special purpose vehicle today.,Nase ki okoganyera kwerikia ribaga erio bwerikie ase omotandao
3531,Governance,PSA,The Commission calls upon candidates and members of the public to maintain peace and order during the campaign period.,Ekomishona yaboririe abarai amo abanto bonsi kobeka omorembe na omochoko chingaki chia chikampeni
3532,Governance,PSA,"KRA invites you to bid on exciting lots from ICDN, JKIA, CFS “MSA, and the Western Region. Visit https://ibid.kra.go.ke to view and bid. Bid conveniently, transparently, and from anywhere!","Ekeombe ekenene kiogossngereria ebango yakoareganiri gosaba chitenda korws ICDN, JKIA, CFS""MSS"" na orogongo rwa Bosongo"
3533,Governance,PSA,"Make it official, get your driving license today.","Kora keofisi, nyora ogwanchera kogendi chigari rero"
3534,Governance,PSA,"Stay alert, share your info with imposters. Report and block any suspicious accounts.","Kaba maiso,sanga amanga ago nemekora"
3535,Governance,PSA,"EACC urges Cooperatives that for them to remain commercially viable and sustainable enterprises for socio-economic development, they must embrace tenets of good governance; realized through selfless delivery, embracing integrity, transparency and accountability","EACC yakureire abanyabiombe erio bagenderere kobao ase amagenderero, goika banchere oboteneneri obuya, goetera okwerwa abanyene, bokurumi botaiyo, oboasioku na kobeka amangana teneni"
3536,Governance,PSA,"KRA urges all licensed manufacturers, importers, distributors, retailers and general public that all bottled water beverages manufactured in or imported into Kenya from 13th November 2019 must be affixed with an Excise Stamp in compliance with the EGMS Regulations.","KRA yasegetire abarosia bonsi, abanyora ebinto korwa esiko, abasombi, abaoni abakeabake, na chiamate chionsi na abarosi amache abekire chichuba, gose korentwa korwa isiko gochakera 13 omotiènyi o'ikomi na rimo 2019, goika babekerwe ekemanyererio kia ebango korengana na amachiko aya EGMS"
3537,Governance,PSA,"Ag. Kenya High Commissioner in Rwanda Philip Githiora urges over 6,000 Kenyans living in Rwanda to register kenyaHCrwanda offices. Diaspora Voter Registration is going on in Kigali & the ambassador has urged Kenyans in different districts in Rwanda to enlist as voters",Ebalozi ya Kenya ime ya Rwanda Philip Githiora obooririe abakenya baitaneti 6000 bamenyete Rwanda kwerikia ase ofisi
3538,Governance,PSA,We remain steadfast in ensuring the safety and well-being of Kenyans and urges anyone who spots problematic wildlife to immediately report the sighting through the KWS 24/7 hotline on 0800 597 000 or WhatsApp number +254 726 610509,Totigare tore maiso abasera ase oborendi bwaito na gosegeta onde bwensi ororire obokongu korwa ase chingiti chiorosana korwa chiropoti gwetera enamba ya botuko na mobaso gochia Ekeombe bene gia Chongiti Chiorosana (KWS) 0800 597 000 gose omotandao 0726610509
3539,Governance,PSA,Director-General Urges New Ambassadors to Uphold Integrity and Professionalism,Omorai Omonene osegetire ababalozi abanyia gotwa chiumbu chingiya na obokoreri obosera
3540,Governance,PSA,EACC urges professionals to apply their expertise in advancing public good and desist from facilitating corruption or other conduct harmful to society.,EACC yaboririe abasomu korenta chisemi chiabo ase ogokonya abanto naende batige pi gosegeta onochi gose obokurumi ase ebinyoro
3541,Governance,PSA,CS Tuya urges World Bank to align funding with government priorities,Omoriki Omonene Tuya osegetire Ebengi Enene ense engima kobeka chiropoa kogendana namagani yorogongo
3542,Governance,PSA,"Defence Principal Secretary Mr. Patrick Mariru has implored the newly employed civilian staff and interns to serve the Ministry with diligence, zeal and energy saying it is an uncommon privilege to serve in the public service.","Omoriki Omonene omosike Patrick Mariru osororire abakori emeremo na aborokigwa abageni gokora emeremo nobwegenu, omoyo omuya nechinguru buna etari engencho ya botambe ase obokoreri"
3543,Governance,PSA,Defence Cabinet Secretary Hon. Aden Duale has urged Members of Parliament to pass the regulations on National Peace Support Operations Fund proposed by the Defence Council.,Omoriki Omonene bwa Oborendi omosuke Aden Duale oboriri ababunge gortia richiko ase ekegancha kerengereire korosigwa na ekomiti yoborendi
3544,Governance,PSA,EACC URGES BUNGOMA COUNTY LEADERS TO CHAMPION INTEGRITY IN GOVERNANCE,EACC yaboriri abarai be'kaunti ya Bungoma kobeka bosio okorwani kwa obokurumi ase oboteneneri
3545,Governance,PSA,Dr. Mudavadi Urges Kenyans to Support Diplomatic Efforts Amid Regional Challenges.,Omonyagitari Mudavadi oboriri abakenya gosegeta obwamate obuya nechinse chinde nonya amakongu karea
3546,Governance,PSA,EACC urges members of the public not to at any time succumb to bribe demands from public officials but always report such matters.," EACC yasegetire abamenyi tiba korwa amaaki kero kende gionsi korwa ase abakoreri, korende barwe chiropori chia obokurumi yamanga aywe."
3547,Governance,PSA,IEBCKenya urges our donors to continue supporting the Commission to implement activities in the 2023-2027 electoral cycle,IEBC kenya yaboriri abakonyi kogenderera gosegeta emeroberio yabochori 2023-2027
3548,Governance,PSA,Foreign Affairs PS together with Devolution PS Julius Korir and Planning PS Saitoti Torome visited the Kiptogot Kolongolo water project in Transnzoia County,Omoriki obotambe bwa amangana ye chinse chia isiko amo na omoriki bwa amangana aime ya chikaunti Julius Korir noria bwemeroberio Saitoti Torome batarere amagenderero ya amache aya Kiptogot Kolongolo ime ya kaunti Tranzoia
3549,Governance,PSA,"PS Foreign Affairs @AmbMKamau, PS, Devolution Julius Korir, and PS Planning Saitoti Torome are currently inspecting the Kitale Airport project in Transnzioia County in the ongoing NDITC Project Assessment by PSs","omoriki obotambe ase amang'ana aisiko yense omoruoti kamau M, omoriki obotambe otenenerete amang'ana yechiserekari ye'chikaunti Julius korir amo na omoriki obotambi ase obokoreri ase emeroberi bene saitpti Torome."
3550,Governance,PSA,Kenya Forest Services (KFS) urges citizens to record trees planted on the Jaza Miti app,ekeombe getenenerete amanani ime yense ya kenya giasoroire abakenya kobara na komenta emete ase omoroberio bwogoichoria emete ime ye app.
3551,Governance,PSA,IEBC urges Kenyan youth to register as voters,ekeombe gietenenerete giechimbebe nobochori giasoroire abasae ime yense yakenya kogenderera kuerikia buna abaaki chikura.
3552,Governance,PSA,IEBC urges Kenyans to be patient for results,ekeombe gietenenerete giechimbebe nobochori giasoroire abakenya koba abaremereria k'obaganyete amachibu.
3553,Governance,PSA,IEBC urges Kenyans to verify list of BBI supporters,ekeombe gietenenerete giechimbebe nobochori koenekia amarieta ase omoroberio bwokoreta obomo ime yense.
3554,Governance,PSA,IEBC urges youth to register as voters as deadline  looms,ekeombe gietenenerete giechimbebe nobochori giasoroire abasae kwerikia buna aaabaki bechikura amatuko ataraera
3555,Governance,PSA,The Commission invites all new eligible voters and those seeking transfer of registration status and update of voter particulars/information to visit their preferred IEBCKenya constituency offices with their national identity card or valid Kenyan passport to register.,ekeombe kiobochori kiabareganirie abaaki chikura abayia bonsi na baria bonsi barigetie kong'anya gochia ase nchisemo chingeni.
3556,Governance,PSA,"The group urged MPs to increase funding to the State Department for Diaspora Affairs to facilitate voter registration, mobile consular services & additional polling centers.",ekeombe kiababoririe abachumbe komenta eng'eria ase ensemo eria erengete  ayechinse chia isiko erio gokonya obokoreri.
3557,Governance,PSA,"The Continuous Voter Registration (CVR) resumes on Monday, 29th September, 2025.",okogenderera  g'okwirikia gwa abaaki chikura  nochake naende bene etichirimo yechitariki 29 omotienyi oikomi narimo.
3558,Governance,PSA,"VACANCY ANNOUNCEMENT, TEMPORARY POSITIONS The Independent Electoral and Boundaries Commission (IEBC) seeks to recruit temporary staff to serve in the following capacities: 1. Voter Registration Clerks: To be deployed across the 57 Huduma Centres countrywide, and 2. By-Election Poll Officials. For more information visit","OKORARIA,  AMABAGA  Y'EMEREMO, AMABAGA YECHINGAKI NCHIKE. Ekeombe gietenenerete giechimbebe nobochori(IEBC) nkorigi ere."
3559,Governance,PSA,"the Commission reminded its staff that they are more than officers behind a desk ”they are the living face of Kenya s democracy, from the remotest polling station in Turkana to the headquarters in Nairobi.",ekeombe kiabainyoirie abakoreri baye ng'a barabwo mbaetanetie abakoreri bare ase ebirogo. barabwo noborori bene bwa Kenya ere moyo.
3560,Governance,PSA,2 days to the resumption of the Continuous Voter Registration (CVR). Register at any IEBC Constituency office (except in areas currently with by-elections),Amatuko abere oka atigaire egere okwerikia koria kwabotambe gochake naende. Erikie ase chiobisi chia ekeombe gietenenerete giechimbebe nobochori ande onsi ase chiobisi chiabo.(otatiga chinsemo chiria chibwate onochori oboke).
3561,Governance,PSA,IEBC announces resumption of voter registration from September 29,ekeombe gietenenerete giechimbebe nobochori kiararirie obweriki bwa abaaki chikura gochaka 29 omotienyi okianda.
3562,Governance,PSA,"Kisero Kennedy, Secretary-General of KeMUSA, calls on Kenyan youth to take up voter registration in masses.","kisero kennedy, omoriki omonene bw'ekeombe ekenene kimariogo ime yense, oboririe abasae ime yense yakenya kuerikia buna abaaki chikura ase emeganda."
3563,Governance,PSA,Mandera County leaders urge residents to embrace IEBC voter registration drive.,abarai ase ekaunti ya mandera baboririe abamenyi babwatesie ogotiotereria go'kwerikia buna abaaki chikura gwekeombe gietenenerete giechimbebe nobochori.
3564,Governance,PSA,"Govt warns that citizens should brace themselves for a bumpy ride ahead, as an additional 10 to 15 billion shillings will be required to subsidise fuel in the coming months",Eserekaei yarure egekuro ase abanto bonsi kwearegania ase chingaki chinkong'u mono ase enibo enyinge yechibirioni 10 goika 15 chiokomentwa ase ekerenga giokororobia abagori ya'mabuta.
3565,Governance,PSA,"Tafadhali mjiandikishe kwa SHA, President Ruto urges Mkongani residents",kamoranche erikie ase ekeombe giokorua obobwenia ime yense. omonene bwense omosike Ruto oboririe abamenye ba Mkongani.
3566,Governance,PSA,West Pokot Governor Kachapin urges residents to enrol for TAIFA care as county records low turnout for SHA registration,"omogabana bw'ekaunti ya pokot ya sugusu kachapin. oboririe abamenyi kwerikia ase omoroberio bwokorenda abatari kwenyara bwense, asengecho korengana namang'ana yokwerikia ase ekaunti abanto abake mono nabwo boka berikirie."
3567,Governance,PSA,Governor Wanga urges Kasipul residents to maintain peace during by-election campaigns,omogabana Wanga obaboririe abamenyi be'nsemo ya kasipul koenekia omorembe ekero ye'chingaki chiobotiotereria bwa obochori.
3568,Governance,PSA,Governor Fatuma Achani urges residents of Kwale to plant trees.,omogabana Fatuma Achani obachikirie abamenyi ba kwale gosimeka emete.
3569,Governance,PSA,Livestock PS urges administrators to inform residents of govt projects,omoriki obotambe ase ewizara yobotugi obaboririe abagambi komanyia abanto bonsi amagenderero yeserekari.
3570,Governance,PSA,"CS Miano urges Ndaragwa residents to continue registering with the Social Health Authority (SHA), emphasizing the importance of Universal Health Coverage.",omowasiri Miano oboririe abamenyi Bandaragwa banderere kwerikia ase omoroberio bw'obobwenia Bwabanto bonsi (SHA)
3571,Governance,PSA,"SHA favorable to marginalized communities, MP Geoffrey Ruku urges Mbeere North residents to register with Social Health Authority (SHA).",omochumbe Geoffrey Ruku obasoroire abamenyi Bambeere ya Irianyi obaboririe kwerikia ase omoroberio bw'obobwenia bwabanto bonsi(sha).
3581,Governance,PSA,Conservationist Jim Nyamu urges residents of Marsabit County to protect elephants.,omoegereri bw'ebinto bitoonchokanaine  Jim Nyamu osabire abamenyi ba ekaunti ya marsabit koegerera chinchogu.
3582,Governance,PSA,Leaders say President Ruto will deliver on projects in Mt. Kenya region. PSS from Mt. Kenya continue with town hall meetings. PS Mary Muthoni urges residents to support the government,Abarai batebire omorai bwense Ruto naikeranie emeroberio yamagenderero ase ensemo ya mount kenya.Abariki babotambe korwa ase ensemo eyuo bagenderere gotwara ebikaro biabotambe na kobwatesia eserekari omoriki obotambe Mary Muthoni oboririe
3583,Governance,PSA,Reprieve in Tiaty: Tiaty gets office for registration of births and deaths Office to save residents over 230 km of travel PS Bitok urges residents to make use of office,okooyera  ime ya Tiaty. Ensemo ya Tiaty yanyorire obisi yokorikia abagosira naba koiborwa erio gokonya abanto gotara egeka kiorogendo oratambe 230kms.omoriki obotambe Bitok osabire abamenyi baike ase obisi eyuo erio konyora obokoreri.
3584,Governance,PSA,KDF urges residents to share intelligence after IED attack in Lamu,Ekeombe kioborendi Bwense kiababoririe abamenyi sense gonsanga ase obotuki namang'ana nyuma yesagano yechimbunde ime ya Lamu.
3585,Governance,PSA,"Governor Anne Waiguru urges residents to embrace routine cancer screening, emphasizing that early detection remains key to successful treatment.",omogabana Anna Waiguru obasoroire abamenyi kobwatereria bene obotuki bwo oborwaire bwa kansa bwabotambe nagosingerera buna obotuki bwa bwango nabuo bwoka borakonye abagotoka nendwari eyuo kobwenigwa.
3586,Governance,PSA,Kenya Marine and Fisheries Research Institute (KMFRI) CEO Dr. James Mwaluma urges residents of the coastal region to plant mangroves and seagrass to boost Blue Carbon generation.,omonene bwekeombe kiobotuki nobotugi bwenchinsu nabiria bigotoka ase amache ime Omonyagitari James Mwalumaosabire abamenyi baroche mbarabare gosimeke emete yechimoti namakendo erio gokonya ase okorenta embeo engiya.
3587,Governance,PSA,The president urges residents to surrender guns during the amnesty.,Omonene bw'ense orure okoboria asebonsi bararete ebirwanero ebitindi biechimbunde ase ekero amabera atarasiekwa.
3588,Governance,PSA,ODM Leader Raila Odinga urges residents of Migori County to register as party members.,omorai bw'ekiama gia odm Raila odinga obasemirie abamenyi bekaunti ya migori kwerikia buna abanyene ekiama.
3589,Governance,PSA,"Murang a Woman Rep Betty Maina urges residents to be tolerant of local leaders who have taken different political positions, emphasizing that it is their right to do so.","omobunge omochore ase ensemo yabang'ina ase ekaunti ya Marang'a
Betty Maina orure okoboria ase abanto bonsi koba abaremereria ase abarai babo nonya mbaria bare ase ebiombe ebiao bia siasa asengecho mbare noboene bwabo gokora bo."
3590,Governance,PSA,"Kwale Governor Fatuma Achani has urged residents across Kwale County, especially those living in arid areas of Kinango, Samburu, and Lungalunga, to plant more trees as a way to combat the ongoing drought affecting those regions.","omogabana okwale Fatuma Achani orure okoboria ase abamenyi ime ya kwale kobuq mono abamenyete ase nchinsemo chieroro buna, kinango, Samburu amo na Lungalunga basimeke emete buna enchera eyemo yogokeyia eguragura eyuo echandete chinsemo echuo."
3591,Governance,PSA,Governor Mbarire urges residents to embrace the project,omogabana Mbarire oboririe abamenyi kobwatesia omoroberio
3592,Governance,PSA,"Govt commissions boreholes in Habaswein, Wajir county. PS Ronoh urges residents to embrace irrigation farming","Eserekari yachakirie bene ebisima ime ya Habaswein,ekaunti ya wajir. omoriki obotambe rono oboririe kobwata oboremi bwogosiarera ebimeri amache."
3593,Governance,PSA,Meru County Commissioner urges residents who need government services to make use of Huduma Centre.,omogambi omonene  buekaunti orure okoboria ase baria batagete obokoreri kogenda ase chinsemo chiria chikorua obokoreri bene bweserekari.
3594,Governance,PSA,Political leaders allied to the broad-based government urge citizens to shun divisive politics from the opposition.,ase ensemo eria yokwamereria eserekari.
3595,Governance,PSA,The Baringo Ecosystem: Residents take up conservation agenda Residents urged to guard against exploitation,Ebinto biria bietanaine mwanyabanto Baringo: Abamenyi koimokia egetambokero yokorenda ebitoetanaine ase barure okoboria bw'oborendi korwa ase obotumeki obobe.
3596,Governance,PSA,CALL FOR CONSERVATION Embu residents urged to adopt a tree planting culture,okoboria gwokorenda ebirw bitoonchokanaine: abamenyi ba embu baborigwe gotwara enaro yogosimeka emote.
3597,Governance,PSA,Conserving degraded lands: Nakuru residents urged to help in protecting lands next rivers.,Korenda ebiseneno amo na'maoromomo: Abamenyi ba Nakuru  baborigwe korenda chingegu chiamache .
3598,Governance,PSA,Egesa Career Clinic: Egesa FM presenters conduct sensitization programme in Kisii Presenters urged residents urged to embrace technical courses,obosemia bwobomanyi bwe'gesa: abararia begesa fm mbatwqre omoroberio bwobosemia bwobomanyi ase echera yogotiotereria abamenyi bagusii gosomera obobundi.
3599,Governance,PSA,"East African ocean festival: Residents urged to take part in cleaning the beaches Beach cleaning exercise held in Nyali, Mombasa County",Emeyega yamache ase Afrika ya mocha: Abamenyi gosemiwa koba ang'e ase omoroberio buogosibia chindoche amo chingegu chiechindoche.
3600,Governance,PSA,Embu county residents urged to turn up in large numbers to welcome the President.,Amamenyi ba Embu koborigwa gosoka ase obonge ase okomoaregania omonene bw'ense.
3601,Governance,PSA,"INCREASING FOREST COVER 14,000 trees planted in Kitui Residents urged to continue planting trees","ASE OGOKINIA AMANANI EMETE 14, 000  gosimekwa ime ya kitui, nabamenyi koborigwa gokong'a ase okogenderera gosimeka emete."
3602,Governance,PSA,"Residents urged to participate in the budget making process through public participation, to familiarize with projects initiated by the County Govt.","Abamenyi koborigwa goikeranq ase emesangererano yokoenana ebirengerio biabo ase amang'ana yokorobereria obotumeki bwechibese , erio kwemanyia boronge igoro yamagenderero yeserekari
y'ekaunti."
3603,Governance,PSA,"KRA ON THE ROAD Tax man tours Mombasa County, residents urged to file their returns",EKEOMBE KIOGOSANGERERIA EBANGO. Etaro yomonachi ebango omonene ime yekaunti yamombasa abamenyi baborigwe koirania amang'ana yabango yabo ase ekeombe gia KRA.
3604,Governance,PSA,MALINDI COHESION CALLS Residents urged to be wary of politicians sowing seeds of discord Local leaders want action taken against politicians propagating hate,okoraria kwobomo ime ya malindi. abamenyi basabirwe kobagikeria baria bakorenta amang'ana yogoatananeka aseigo abarai baborie  abanasiasa bonsi koimekerigwa egetambokero kierichiko bonsi abagosimeka ogoatanananeka.
3605,Governance,PSA,Meru residents urged to elect leaders of integrity.,Abamenyi bameru basabirwe kobachora abarai abaseera.
3606,Governance,PSA,"Nyahururu unclaimed assets Residents urged to claim cash, sureties held at Nyahururu courts Keago: Assets remain uncollected despite case conclusions",Abamenyi ba Nyahuruhru baborigwe gwesokia nakoagara chinibo chiabo ao ao korwa ase ekeombe keria getenenerete chinibo chitaratwara abagochiboria.  korwa ase ekegambero gia keago. chinibo echio nonya ebiina biabirengete bierete korwa ase ekegambero.
3607,Governance,PSA,Kilifi residents urged  to register for SHA,abamenyi Bakilifi baborigwe kuerikia ase omoroberio bw'obobwenia SHA.
3608,Governance,PSA,Hospitals urged to embrace and provide services under SHA,Chinyagetari chiaborigwe korwa obobwenia inse yomoroberio omonene bw'obobwenia SHA.
3609,Governance,PSA,Egesa FM hosts career clinic in Nyamira county. Residents urged to embrace technical courses.,Egesa Fm koaregania omoroberio bwobosemia bwobomanyi bwechisemi ime yekaunti ya nyamira. Abamenyi koborigwa kuegera amasomo yobobundi.
3610,Governance,PSA,KEEPING THE DOCTOR AWAY ¦ Free medical camp held in Machakos town Residents urged to go for frequent medical checks,OBOMENYO BOTAGANETI  ABANYAGITARI ASE OBOANG'E: Obobwenia botari goakanerwa kende ime ya machakos abamenyi baborigwe goika kera engaki chinyagetari ase okoringorigwa kwabotambe
3611,Governance,PSA,UDA PARTY ELECTIONS Homabay residents urged to exercise peace as UDA party elections gets underway.,OBOCHORI BWEKIAMA KIA UDA: abamenyi bekaunti ya Homabay baborigwe korenda omorembe ekero kiobochori obwo.
3612,Governance,PSA,Tharaka Nithi residents urged to plant more trees particularly in community lands.,Abamenyi ba Tharaka Nithi baborigwe gosimeka emete ase emegondo  yebinyoro.
3613,Governance,PSA,Tana River residents urged to reject attempts by politicians to divide them along ethnic lines for personal gain.,Abamenyi ba Tana river baborigwe gwetanga korwa ase abanasiasa abwo bakobaatanana ase oboroso bwagesiasa ase ebirenga biokwenyera boka abanyene.
3614,Governance,PSA,Residents urged to embrace the Taifa Care program,Abamenyi baborigwe kobwatesia omoroberio bwogokonya abanto abagotu nabaria batari kwenyara
3615,Governance,PSA,Residents urged to embrace alternative dispute resolution,Abamenyi baborigwe kobwatesia omoroberio bwobogayani ase ogokora ogoetana.
3616,Governance,PSA,Kiambu residents urged to collect their IDS,Abamenyi ime ya Kiambu baborigwe koagara ebibande biao.
3617,Governance,PSA,"0ver 200,000 propagules planted along the Coastal Stretch CSs led the exercise across the coastal region Residents urged to embrace the exercise in a bid to salvage their livelihood.","Goetania ebimeri biamache 200,000gosimekwa ime ya ensemo ya chingegu chia mbarabare omochie onyancha ya mombasa omowasiri nere oraete omoroberio oyuo ase chinsemo chionsi chia enyamcha ya mombasa. Abamenyi koborigwa kobwatesia omoroberio oyuo ase ekerenga koogotoria amagima abo."
3618,Governance,PSA,Kakamega County residents urged to sign up for affordable housing,Abamenyi bekaunti ya kakamega koborigwa kwerikia ase omoroberio  bwechinyomba chierigori rianse.
3619,Governance,PSA,Laikipia residents urged to join NHIF to avoid seeking hospital waivers,Abamenyi ba Laikipia baborigwe kwerikia ase omoroberio bw'obobwenia NHIF erio gwetanga korigia okoruserigwa ogoakana kwa nyagitari kwa abatari kwenyara.
3620,Governance,PSA,Lamu residents urged to protect wildlife for future generations' benefit,Abamenyi ba Lamu baborigwe korenda ching'iti chiorosana erio koenekia ebigori birache mbikonyeke korwa ase ching'iti echio.
3621,Governance,PSA,Saving Marsabit Forests: Measures launched to protect forests and water bodies in the county Stakeholders urged to sensitise residents to help combat degradation Residents urged to plant trees to protect water catchment areas,Gotoria rinani ria Marsabit: Emeroberio bene nyachakiigwe  ase okorenda amanani nechindoche ase ekaunti.  Ababwatani baborigwe gosegeta abamenyi gokeyia okoera kwa amanani naboigo koboria abamenyi gosemeka emete erio gotoria chinsoko.
3622,Governance,PSA,COVID-19 MASS TESTING NMS launches two mass testing in Nairobi Residents urged to turn up to be tested,ogopimwa kwendwari ye'nyamaa kwq abanto abange. Ekeombe ekenene  kiobobwenia NMS giachakirie bene omoroberio buokorenga abamenyi banairobinaboigo abamenyi abwo koborigwa gwesokia ase obonge erio gopimwa.
3623,Governance,PSA,Commission on administrative justice opens Garissa office; residents urged to report issues that need attention.,Ekeombe keria gekorigereria oboene ase obokoreri kiaigoire chiobisi chiay3 ime ya garissa nakobria abamenyi gwesokia nakorigia obokoreri goetera komanyia chiobisi echio onsi ayare arengete obisi eyio.
3624,Governance,PSA,NAROK FOREST CONSERVATION: Residents urged to plant more trees to increase forest cover in the county,Oborendi bw'amanani ime ya Narok: Abamenyi baborigwe gosimeka emete emenge erio korenda na komenta ensemo yamanani.
3625,Governance,PSA,Embu residents urged to register with NHIF to scale up  UHC,"Abamenyi Ba'embubaborigwe kwerikia ase omoroberio bw'obobwenia NHIF erio gokinia oboikerani obobwenia bwa bonsi, UHC."
3626,Governance,PSA,Citizens urged to register with the new medical cover (SHA),Abanto bonsi baborigwe kwerikia ase omoroberio  omoyia bw'obobwenia SHA.
3627,Governance,PSA,Leaders from Tana River County urged to collaborate to ensure citizens benefit from development projects.,Abarai korwa ekaunti ya Tana river baborigwe kobwaterana koenekia ng'a abamenyi ngokonyeka bare korwa ase amagenderero ao ao
3628,Governance,PSA,"SHA ENROLLMENT Deputy Gov't Spokesperson Mwanaisha Chidzuga has urged citizens to enroll in SHA, which aims to improve healthcare services and provide protection against high medical costs.","okwerikia ase omoroberio bw'obobwenia SHA. omokonyi bwomonogeri omonene bweserekari, Mwanaisha Chidzuga orure okoboria ase abamenyi kwerikia ase omoroberio bw'obobwenia SHA erio gwekonya korwa ase amagori amanene y'obobwenia."
3629,Governance,PSA,"NATIONAL ID PROCESSING Public urged to collect documents from respective constituencies Mwaura: 660,000 IDs awaiting collection 600,000 citizens have applied for new documents","Omoroberio bwokorosia ebibande. Abanto.bonsi baborigwe koagara amabuko yokorigia ebibande korwa ase chiobisi chiechinsemo chiabo chiechibunge ime yense, otebire omowaziri Mwaura. Ebibande 660,000/= biganyete koagarwa naboigo amaborio yebibande binde 600,000 bigendererete koareganigwa."
3630,Governance,PSA,"The Director highlighted the role of Missions in harnessing Diaspora Investments. He Urged Kenyans abroad to register at their nearest Kenya Embassy, stressing that the missions are the first point of contact between the nation and its diaspora citizens.",kwerikia bene ase chiobisi chie chinse chiasiko asengecho eyuo Nero enchera yeritang'ani yokomanyekana koba ase chinse echio.
3632,Governance,PSA,Citizens are urged to participate in this historic Madaraka Day celebration set to take place in Bungoma County for the first time. - PS Interior Dr. Raymond Omollo,Abanto bonsi baborigwe gwesokia nakobwatana ase okoba asenogochengera kwerituko kenya yenyorerete obosibore erio rirachengerwe ase akaunti ya Bungoma ase engaki etang'ani kegima. omoriki obotambe Raymond omollo otebire.
3636,Governance,PSA,EACC does not condone any form of corruption among staff. Kindly report the case you refer to through eacc@integrity.go.ke. Citizens are urged to beware of fraudsters impersonating EACC staff.,"Ekeombe gikorwania obokurumi ime yense keri kobwatesia ase nchera ende yonsi obokurumi ase abakoreri baye. koranche, karwe amang'ana ayuo obwate goetera ase eacc@integrity.go.ke. naboigo korwa okoboria abanto koba maiso ase abang'ainereria ab2o bagoteba barabwo nabwo abaobisa bokorwani obokurumi."
3637,Governance,PSA,Mwananchi views: Members of the public advised to read and understand the BBI report,ebirengererio kwabanto: Abanto bonsi baborigwe gosoma nakoigwa ayare ime ya BBI.
3638,Governance,PSA,Thank you for your feedback. Please report all cases of corruption and bribery to EACCKenya,mbuyamono ase ebirengererio biao:kamoranche enana amang'ana ande onsi yobokurumi ase ekeombe giokorwania obokurumi ime yense ya kenya. EACC.
3639,Governance,PSA,You are most welcome to Integrity Centre or any of our regional offices. You can visit to report corruption or share knowledge on how best we can fight corruption.,"mwaareganigwe mwensi goika ase enyomba enene yokorwania obokurumi ya integrity centre gose, abisi ended yonsi ere ang'e naye ase okoenana amang'ana arengete obokurumi hose ase okoenana ebirengererio biao bunavtoranyare goting'ia esegi yokorwania obokurumi."
3640,Governance,PSA,You are welcome to report corruption please call Toll Free line 1551 or email report@integrity.go.ke.,Mwaareganigwe mwensi koenana amang'ana igoro y'obokurumi ase enchera yesimu ya bosa 1551 gose goetera rirube riembeo report@integrity.go.ke
3641,Governance,PSA,Good morning. We process number plates within 7 working days. Never deal with brokers. Report cases of corruption to @EACCKenya,Bwakire. nigo tokorosia chinamba chiegari yao ase amatuko yemeremo 7. Tobaise kwebwaterania amo nabaria bagati gose chiburoka. Enana mang'ana ande onsi arengete obokurumi ase ekeombe ekenene giokorwania obokurumi eacc.
3643,Governance,PSA,Good evening. Please note the Duty field has been updated as PAID and your records were updated. You can now view your vehicle details via the service portal.,Bwairire buya.kamoranche inyora ng'a ebango yaikeranire koorokiwq ng'a yaakanirwe. Aseigo amakaratasi ao aorokirie goakanwa.
3644,Governance,PSA,You don't need to deal with a broker to access any NTSA service. Kindly report corruption and bribery related,Toganeirie goetera ase monto.onde bwensi erio goikera obokoreri ase ekeombe gia NTSA. kamoranche enana amang'ana ande onsi abwqreranetie obokurumi gose okoenanwa kwa amasoya ase ekeombe ekio.
3645,Governance,PSA,Kindly proceed to apply for a duplicate logbook from your account. Please reach out if your require any more information.,Kamoranchegenda motwe nagosaba egetabu kiegari yao ekio kebwakaine ekenyene korwa ase ekegancha kiao.Keratoke nobwate mochando onde.
3646,Governance,PSA,"No room for corruption or laziness,  CS Geoffrey Ruku has urged all public servants to uphold professionalism, report to work on time, and treat Kenyans with dignity and respect.",omowasiri Geoffrey Ruku otebire ribaga riobworo nobokurumi tiriyo ase obokoreri na kobori abakoreri beserekari kobeka motwe obokoreri obuya na goikerana emeremo genkio erio gokiarania obokoreri obuya na amasikani ase abakenya.
3647,Governance,PSA,Call Toll Free line 1551 or email report@integrity.go.ke to report cases of corruption.,korarore bokurumi bonded bwonsi ase obokoreri aka esimi 1551 gose rika riuko riembeo ase report@integrity.go.ke erio obeke amang'ana ao yobokurumi.
3648,Governance,PSA,Please feel free to report any cases of forgery or corruption via email report@integrity.go.ke or call 1551.,"Nobwate obosibore gosoa ekero kwarorire obokurumi, obong'ainereria bwokwegia ase riuko riembeo @integrity. go.ke gose oake esimi 1551."
3649,Governance,PSA,Report via email report@integrity.go.ke or call 1551 in case you have specific corruption cases which need action.,Enana amang'ana ande onsi yobokurumi ase okorika riuko riembeo @integrity.go.ke gose oake esimi 1551 erio egetambokero bene keimokigwe.
3650,Governance,PSA,"If you have any particular cases of corruption you need to report, please do so via email report@integrity.go.ke or call 1551.",onye kobwate ing'ana rinde rionsi rikobwaterania obokurumi  noganetie koenana amang'ana aserirube riembeo @integrity. go.ke gose oake esimi 1551.
3652,Governance,PSA,Meru Huduma Centre launches Customer Service Week: Members of the public have been urged to seek various Government services.,ime ya meru kaunti mbachagetie bene omokubio bwobokoreri bene. Na abanto bonsi koborigwa goikerana ase omoroberio oyuo erio kwenyorera obokoreri ao ao bweserekari.
3653,Governance,PSA,"We have very many uncollected IDs in our Huduma Centres. I want to strongly urge all Kenyans who have not yet collected their IDs to do so without delay, as it is the first step towards registering for the Social Health Authority (SHA) and accessing vital government services.” Geoffrey Ruku, Cabinet Secretary for Public Service, Human Capital Development and Special Programmes","Ebibande binge mbiraba bikoagarwa korwa ase chiobisi chiobokoreri bene, nebibande wbi nabio birakonye abanto kwerikia ase okonyora obobwenia  ase omoroberio SHA. Naboigo gokonya ase ogoikera obokoreri ao ao bweserekari. aya nigo akwanirwe nomowasiri ase obokoreri bweserekari Geoffrey Ruku."
3654,Governance,PSA,Need assistance with your taxes? Our services are also available at all Huduma Centres during the extended hours. Drop by at your convenience and let us help you stay compliant.,Noganetie bokorwri bonded bwonsi ase okoirania amamachibu ao yebango? Bono nabo okonyora obokoreri oboiga ase chiobisi chionsi chiobokoreri bene nchinsa chinsi erio kogokonya koba omoikeranu ase okoirania amachibu ao yebango.
3655,Governance,PSA,"ALERT: Application for various NTSA services by National and County Government entities. The Authority has set up a dedicated help desk at NTSA HQ, all NTSA regional offices and Huduma Centres. For email enquiries reach us through numberplates@ntsa.go.ke",OKOMANYIGWA: Obokoreri ao ao obwo bokoenanwa ase chiobisi chia NTSA gochia ase ebibekerero bionsi biekaunti amo neserekari enene. obokoreri bene bwabekirwe ase chiobisi chinene chia NTSA amo na chiria chiobokoreri bene kwana amo naintwe goetera enamba yegariyao@ntsa.go.ke.
3656,Governance,PSA,"Did you know that all KRA Services are free?  You can receive our services from our contact centre, KRA offices or Huduma Center near you  Find out more here","Inee, nomanyete ng'a obokoreri bwensi bwebango gose KRA nigo bore obwabosa otari goakana kende? Nabo okonyora obokoreri bwaito korwa ase ogotwakera esimi  gose obisi ya KRA obisi chiobokoreri bène ang'e naye."
3657,Governance,PSA,"President Ruto slams critics of SHA medical scheme, urges Kakamega residents to register","omorai bwense William Ruto obagikeirie abamochi omoroberio bw'obobwenia SHA,  nakobasaba abamenyi bakakamega kwerikia ase omoroberio oyuo."
3658,Governance,PSA,Tana River Senator Mungatana urges residents to pursue national government job opportunities for improved livelihoods,omoseneta otana river omosike mungatana obaboririe abamenyi bekaunti eyuo korigi emeremo ase eserekari enene ase ogokinia eberengo biabo bwo'bogima.
3659,Governance,PSA,Bura MP Urges Tana River Residents to Register as Voters,omochumbe o'bura obaboririe abamenyi batana river kwerikia buna abaaki chikura.
3660,Governance,PSA,CS Opiyo urges Turkana residents to support the new gulf energy “led oil project,omowasiri opiyo obaboririe abamenyi baturkana kobwatesia omoroberio bwamabuta ogulf energy.
3661,Governance,PSA,Interior PS urges Kuria residents to work closely with local administration,omoriki obotambe ase amang'ana yoborendi bwa ime yense obasegetire abamenyi ba kuria oobwaterana ase ogokora emeremo amo nebibekerero biobogambi.
3662,Governance,PSA,Kirinyaga Senator Kamau Murango faults the decision to list Mwea Rice Factory for privatization. He urges the government to consult with Kirinyaga residents before proceeding with the process.,omoseneta okirinyaga Kamau Murango omochirie emeroberio yokobeka ekambani yomochere ya mwea konlba inse yoboteneneri bwabanto nyene nakoboria abanyene koborigwa nyuma yegetambokero ekio koimokigwa.
3663,Governance,PSA,Political Watch: Kakamega senator warns residents against   UDA party imposters,okorigeria gwa siasa:omoseneta okakamega orure ogokurera ogotindi gochia ase baria bakweroka koba ababwatani bekiama gia UDA ase enchera yobong'ainereria.
3672,Governance,PSA,"The former senator has called upon the residents to vote for leaders from the sub-county, constituency, and county levels under the DCP party in the 2027 general elections.","omoseneta omokoro obaboririe abamenyi gochora abarai bonsi korwa egenka, chikaunti amo neserekari enene goetera ekiama giaDCP."
3673,Governance,PSA,Lobby group urges residents to expose graft in county government,ekeombe kiogosegeta kiaboririe abamenyi kobeka maiso marore obokurumi ase eserekari yekaunti.
3674,Governance,PSA,EACC urges counties to strengthen anti-corruption measures and safeguards https://t.co/ZCAhESe8wb,Ekeombe giokorwania obokurumi ime yense kiarure okoboria gochia ase chikaunti goting'ia chinchera nebitambokero  chiokorwania obokurumi.https.
3675,Governance,PSA,EACC Urges Counties to Strengthen Anti-Graft Mechanisms to Combat Graft https://t.co/VmBOSZxrq2,ekeombe giokorwania obokurumi yaboririe chiserekari chikaunti gokong'ia ebibekerero bionsi biokorwania obokurumi.
3676,Governance,PSA,"EACC arrested a Kibabii University student and his accomplice for impersonating EACC officials and demanding bribes from NG-CDF project officers. The suspects, claiming to investigate projects, were caught after soliciting Ksh150,000. EACC urges victims to report incidents. https://t.co/YUi9s2FbNN","baobisa, nakobasaba abaobisa batenenerete oboagachi ase ekeombe kiamganderero yechibunge Ng-cdf. konyora basabire abaoibisa abwo 150,000 bagoteba barabwo nigo bakorigereria obokoreri ase amagenderero. ekeombe ekio kiaboririe abanto kobeka amang'ana kera engaki babwate chitang'utang'u na mobiisa onde bwensi."
3677,Governance,PSA,GT News | EACC urges compliance with traffic laws to combat corruption on Kenyan roads. Motorists play a vital role. Let's prioritize road safety! Report corruption to Toll-Free No.1551.,"Amayia korwa GT, ekeombe giokorwania obokurumi ime yense kiaboririe amachiko onsi abara kobwatigwa erio gokeania obokurumi ase chibara, abarundia nigo bagokora emeremo emiya ase ogoikerania oboseera ase chibara.  karue amang'ana ao igoro yobokurumi ase ogoaka esimi etari konacha besa 1551."
3678,Governance,PSA,"EACC urges Kenyans to report all forms of corruption for investigation, saying they treat all reports with utmost confidentiality and subjects them to a meticulous analysis process.",ase obobisi obonene nakoyaunenkia onsi ase oboikeranu obonene.
3679,Governance,PSA,IEBC Urges Residents to Register as Iten Records No New Voters,ekeombe kiobochori nechimbebe IEBC kiaboriri abamenyi ba iten gwesokia na kwerikia buna abaaki chikura  asengecho nsemo eyuo tebwati banto bageni berikirie.
3683,Governance,PSA,"The recent accusations against Francis Awino of Bunge la Mwananchi have raised critical questions about the independence of the EACC. Civil society urges accountability, not weaponized state machinery.",Amang'ana yogokagerwa igoro yobokurmi komobwata Francis awino omobwatania bwebunge yegenka aretire amaborio amange igoro yobokoreri nogwetenenera bene bwekeombe giokorwania obokurumi.  Na yagerire abaegereri boboene bwa mwanyabanto koboria oboikeranu ase obokoreri korende tari obokoreri bwogwanchereria gose boria bwogotumeka buna ekerwanero neserekari.
3688,Governance,PSA,"If we realize that you have not declared some of your assets, we will sue you for that and recover the assets that you have failed to declare - EACC CEO Mohamud warns public officers",Eise gotoka ng'a tikwebegete tenene enibo yao yonsi togende bosio bwekegambero erio togosoere nagokoura enibo eyio otabegete arabu amang'ana aye omokoreri omonene ase ekeombe giokorwania obokurumi ime yense.  mohamud gochia ase abakoreri beserekari.
3690,Governance,PSA,REPORT CORRUPTION @EACCKenya urges Kenyans to report all forms of corruption for investigation. EACC treats all reports with the utmost confidentiality and subjects them to a meticulous analysis process. Below is the reporting process.,ENANA AMANG'ANA IGORO YOBOKURUMI@EACCkenya yababoririe abakenya koenana amang'ana igoro yobokurumi honde bwensi ase obotuki bene. EACC nigo ekeonekia ng'a amang'ana onsi okoenana abekirwe ase obobisi nakoringorigwa bene. Nabo okoenanana amang'ana ao goetera enchera eye.
3691,Governance,PSA,Siaya County graft probe: Oguna urges EACC to probe misuse of funds in the county Oguna: we call on EACC to conclude Ksh. 600M theft probe,"Obotuki bwobokurumi ime yekaunti ya siaya:oguna oboririe EACC gotuka obokurumi obwo bobwateranetie enibo ekaunti eyuo.otebire iga nigo tokoboria EACC gotuka 600,000,000. ime yekaunti ya siaya."
3692,Governance,PSA,"Aaroncheruiyot supports the motion on the Report of the Mediation Committee on the Conflict of Interest Bill, saying it was the missing puzzle in the fight against corruption, as noted by EACC. He urges EACC to act and make Kenya corruption-free.",Aaron cheruyot obwatesirie ogokwanera ase ebunge amang'ana aria abwateranetie ogwatananekana ase obokoreri ase abakoreri beserekari. na koboria abachumbe koyekwenera ng'ana yobogayani ebwateranetie amang'ana ayuo. Nahoteba eyuo Nero eng'ana yarenge embachero enene ase okorwania obokurumi ase ekombe EACC ime yense. Boigo orure okoboria EACC goting'ia esegi yokorwania obokurumi nagokora kenya koba ense etabwati bokurumi pi.
3693,Governance,PSA,Nyamira's Jerusha Momanyi Urges EACC to Intensify War on Corruption in Nyamira.,Jerusha momanyi korwa Nyamira oboririe ekeombe giokorwania obokurumi ime yense EACC  goting'ia esegi yokorwania obokurumi ime ya Nyamira.
3694,Governance,PSA,"EACC Vows to Deal with all Land Grabbing Cases, Urges Counties to Assist in Rooting Out Culprits",Ekeombe giokorwania obokurumi ime yense EACC giatianire gochia korwani oboibi bwamaremo yeserekari  nakoboria chikaunti gosokia  bonsi baria babweteranirie noboibi obwe.
3695,Governance,PSA,PROCEEDS OF CORRUPTION EACC hands to the President Sh5B assets recovered from proceeds of graft President Ruto urges MPs to pass Conflict of Interest Bill in its original form,Ekeombe giokorwania obokurumi ime yense EACC kiaenanire enibo ye eisaine chibesa 5billion.  eria yanyorekanete ase chinchera chiobikurumi gochia ase omorai bwense. Omalorai bwense Ruto boigo oboririe abachumbe goetia eng'ana eria yogotwara ogotantanigwa ase obokoreri buna ere etari gokorerwa oboonchoreria.
3696,Governance,PSA,EACC rubbishes KERRA employees defence that he raised 21 M for dowry urges court not to unfreeze.,Ekeombe giokorwania obokurumi ime yense EACC giatuguteire are amang'ana yomokori emeremo ase ekombe giechipara gia kerra buna nigo anyorete enibo ye 21million.korwa ase ogoakanwa chiombe chienywomo nagotebia ekegambero ngesibora  esa echuo.
3697,Governance,PSA,EACC ORDERS all State entities to stop payment of terminal dues to civil servants resigning from government to evade prosecution for forging academic papers.,Ekeombe giokorwania obokurumi ime yense EACC kiarure ogochika gochia ase eserekari gotenenia oboakani bwechibesa chiaritaya gochi ase abakoreri beserekari baria bagwetigia emeremo asengecho yogotama gosoerwa asengecho yogotwara chisatibigeti chiobong'ainereria.
3698,Governance,PSA,"NTSA urges motorists to complete pending transactions on TIMS by Friday, December 15, 2023 ahead of integration of all service access on e-Citizen by January 2, 2024.","Ekeombe getenenerete obokoreri obuya ase chibara ime yense NTSA,  kiarure okoboria ase abarundia gokora ritang'ani amateng'o aria yokoboria ase TIMs goikera rituko ria chuma chitariki 15, 2023 motwe bwokobwaterania obokoreri bwonsi bweserekari inse ya e-citizen omotienyi omotang'ani 2,2024."
3699,Governance,PSA,Government rolls out e-Citizen Mpesa payments for Inua Jamii beneficiaries starting January; Social Protection PS Motari urges beneficiaries to register Safaricom lines.,Eserekari yachakirie bene omoroberio bwogoakana chibesa chiogokonya abagotu amo nechinka chiria chitari kwenyara goetera omoroberio bwesimi mpesa amo na e-Citizen gochakera omotienyi omotang'ani. Omoriki obotambe ase obokoreri Motari oboririe bonsi korikia bene chiraini chiabo chiesimi ase okonyora obokoreri ase omoroberio oyo.
3700,Governance,PSA,Govt Urges Pensioners to Register on e-Citizen by May 10 to Avoid Payroll Suspension To all government pensioners: You are urged to register on the e-Citizen platform by the extended deadline of 10th May.” Isaac Mwaura Gov't Spokesman,Eserekari yababorie abakoreri emeremo baria abagotu gose bakorire obooreri kwerikia ase omoroberio o e-citizen ase obwango bwa omotienyi ogatano chitariki 10. erio gwetanga korwa omoroberio bwogwakanua gotuguterwa are.
3701,Governance,PSA,"Government urges pensioners to register to avoid payroll suspension To all government pensioners, you are urged to register on the e-Citizen platform by the extended deadline of 10th May, the government spokesperson said.",Eserekari yababorie ababarure emeremo asengecho yobogotu kwerikia erio gotanga omoroberio bwogwakanua gotuguterwa are  ase abakoreri abagotu bonsi. amatuko yokwerikia amentirwe goikera chitariki 10 omotienyi ogatano.
3702,Governance,PSA,"Say hello to efficiency: All government services brought together in a single place. From applications to information, find everything you need in one government Digital service hub. Register for eTiMS today via @eCitizenKenya Portal today here; kra.ecitizen.go.ke #GavaMkononi #KRAKwaGavaMkononi","Itabera obokoreri oboikeranu: obokoreri bwonsi bweserekari bwabekiru inse yomoaburi oyomo korwa ogotoma amaborio, okomanyiwa. nyora kera egento.keria otagete okwerikia ase omoroberio o TIMS rero goetera e-citizenkenya engako rero ase KRAkwagavamkononi."
3703,Governance,PSA,"eCitizen 1 Year Anniversary Celebration ! Live on KBC CHANNEL 1 at 9: 00 AM. Citizens can register and inquire about any of the over 20,000 services available on the platform by visiting specific exhibition booths at the grounds 27th - 28th Nov. #KBCniYet","ogochengera omwaka oyomo bwobokoreri bwa e-citizen! eyemo ase eyemo korwa kbc channel 1gochaka 9.00AM. Abanto bonsi nabo bakwerikia na koboria igoro yobokoreri goetania 20,000 obwo bogotoka aroro ase ogotarera amaorokererio ayuo ase egesa kiabo kiamaorokererioase egetii chitariki, 27 goika 28 omotienyi oikomi na rimo.#KBCniyetu."
3704,Governance,PSA,"eCITIZEN FIRST ANNIVERSARY I urge all Kenyans to register now because eCitizen means service bila stress. Whatever government service you need, eCitizen is your go to platform. -Julius Bitok, PS Immigration & Citizen Services #KBCniYetu^EM","Omokoreri Bwa' e-citizen ogochengera omwaka oyomo kobaboria abanto bonsi kwerikia tonight asengencho e-citizen nigo etenenerete obokoreri bene otari gwechanda. bokoreri bonde bwonsi bweserekari oganetie aiga eCitizen nao okobonyora"" Julius Bitok omoriki obotambe ase amang'ana yenchise chiaisiko amo nobokoreri bwabanto.#kbcniyetu."
3705,Governance,PSA,Seamlessly register and pay for #EPC2024 participation via The Engineers Board of Kenya user-friendly e-CITIZEN platform. Enjoy convenience and efficiency as you secure your spot at this premier engineering event. To register follow this link: https://t.co/NwCH9yDwTw #EPC2024 #EngineeringAt60,"Rimo rioka eeikie na goakana ase EPC2024 goikerana ase ekeombe kiabagaachi ba kenya borenge kegima ase ore nakwenyorera ribaga ase egeikaro ekeiga egeting'u kiabagaachi ime yense. ase okwerikia bwatia omoroberio,https//+.co/NWCH9YDW TW.#EPC2024# EngineeringAt60."
3706,Governance,PSA,"KRA's eTiMS is free and accessible on different devices, simplifying bookkeeping regardless of the size of the business. To Register, Sign up via *222# or Visit http://ecitizen.kra.go.ke #VukaeTiMS #KRAeTiMS AD",KRA's eTiMs mbonsa naende ngokireka ore ase ebibekerero ao ao. okorenda kwebitabu biechibesa biororobirie kegima nonya oboonchoreri bore obonene naki. Ase okwerikia soa ase *222#gose ase okogenda http//ecitizen kra.go.ke#vukae TiMs# KRA Tim's AD.
3707,Governance,PSA,Register a TIMS account and apply for the smart dl online.,Eriki ase omoroberio TiMS ase okoigora ekegancha ase chingaki echio osabe okoegwa ekebande giokorundia egari giekerero ase enchera yembeo.
3708,Governance,PSA,"Kindly do the application via the TIMS portal, go http://ntsa.go.ke, click on TIMS register account then apply for your Smart DL.","Ase okwerikia soa ase engako ya TiMs ase http//ntsa.go.ke, obate ase TiMs okwerikia obeke ekegancha kiao nahotoma okoboria kwao gwekebande kiao bene."
3709,Governance,PSA,"Create a #TIMS account http://ntsa.go.ke, click on TIMS register account then apply for smart DL.","rosia ekegancha gia #TiMs ase ooogenda http//ntsa.go.ke, obate rosia ekegancha gia TiMs egere otome ogosaba ekebande bene kioborundia.DL"
3710,Governance,PSA,"Create a TIMS account via http://ntsa.go.ke register account then apply for the smart dl, book appointment then visit our offices for biometric registration.",Rosia ekegancha gia a TiMs ase http://ntsa.go.ke rikia ekegancha egere osabe egetabu giekebande bene kioborundia.
3711,Governance,PSA,"Renewal can be done for 1 year via e-citizen,for smart dl create a TIMS account and apply http://online.To create the account http://ntsa.go.ke click on TIMs register the account.","Ekebande kiao bene nkebe gekorosiwa boyia kera omwaka  ase e-citizen, ase ekebande kioborundia bene rosia ekegancha  gia TiMs nagotoma okoboria ase http://ntsa.go.ke obate ase TiMs rikia ekegancha."
3712,Governance,PSA,Kindly note you can apply via your phone via http://ntsa.go.ke choose TIMS then register the account then book for your bio-metric details to be taken.,korende inyora ng'a nabo ogotoma amabori goetera esimi yao yakoboko ase http://ntsa.go.ke ochore TiMs egere orikie ekegancha. korwa abwo osabe ribaga riokorusigwa ebiara biao.
3713,Governance,PSA,A section of the Isiolo “Meru community has raised concerns over what they describe as rampant bad governance within the county administration. The leaders accused local officials of mismanagement and failing to fulfill key development pledges.,Egati yabamenyi ba'isiolo abwo bare abameru baichaneire ase keria bakoroka obokoreri obobe nobotumeki obobe bwenibo ase ogoikerania amagenderero.
3717,Governance,PSA,"Amid a rise in suicides and killings believed to be linked to mental health challenges, clerics and local leaders are calling on government to lower the cost of living and establish more counselling centres to help address the growing crisis.","koreng'ana nokomenteka ase baria bagweita amo nagoita amang'ana ayuo abwateranirie amo nogotwara omochando bwebirengerio ebinge biobongo, abarai bechikanisa amo nabarai bande barure okoboria aseneserekari gokeyia amagori yechindagera amo nebinto binde erio gokeyia amagori aigoro yobogima. Naboigo baboririe eserekari koronsia nchisemo chiria chiobosemia egere chibe chigokonya omochando oyoiga ogendererete gokina."
3719,Governance,PSA,"Self-help-groups in Thika, Kiambu county have received posho mills from well wishers in collaboration with local leaders. This was in a bid to help the cluster groups comprising youths and women start generating income. #NTVAtOne",Ebiombe ime ya Thika ekaunti ya kiambu banyorire ogokonywa gwechitinga korwa ase abasani bokogania okuya kobwaterana  amo nabarai babo erio kwegendereria ase emeroberio ya maganderero ase ensemo ya basket nabang'ina. erio kwegendereria ase obonchooreria bwabo.
3721,Governance,PSA,Insecurity in Baringo: Security committee on tour to assess security situation. Local leaders want victims of banditry compensated #CitizenWeekend,bonsi baria babwateranetwe ase obobegu goakanwa. #citizen weekend.
3722,Governance,PSA,Rescue Centre Torture Probe: Human rights activists call on local leaders to stop politicising the alleged torture claims being perpetrated at the Eldoret Rescue Centre.,okoringoria kwogochandwa ase chinyomba chiria chiokobisa ababwateranirie nobounereria: Abaegereri boboene bwa'mwanyabanto barure okoboria  abarai gotiga korenta siasa ase keria kogetebwa buna obounereria kegokorwa ase enyomba yobotoria ya Eldoret.
3723,Governance,PSA,"Kilifi Rejects Nuclear Project Kilifi leaders have unanimously opposed the proposed multibillion-shilling Uyombo nuclear power plant, citing environmental risks to local communities.","Abamenyi ba vilified bakanire omoroberio bwechinguru chianiukiria ime ya kilifi. Abarai ime ya kilifi bakanire ase eriogi erimo omoroberio bwechimguru chianiukiria oyio okageire koba bwechibesa chinyinge mono ase ekewango giechibirioni. Uyombo nuclear power plant, bagoteba obwoba bwabo nkoreng'ana nogosareka kwe'bitoonchokanaine gochia ase abamenyi bensemo eyuo."
3724,Governance,PSA,"West Pokot Governor Simon Kachapin has criticized a section of local leaders, accusing them of engaging in divisive, toxic, and deceitful politics intended to derail development and promote sabotage.","Omogabana opokot ya sugusu obamochirie egati yabarai bensemo eyuo ase ogokora siasa yokobagana abanto, yendamwamu amo neyo'bong'ainereria ere nekerenga yogoirania amagenderero ye'nsemo eyuo maega naboigo yokogochana."
3725,Governance,PSA,School For The Deaf: Safaricom Foundation funds refurbishment of school Chikombero School has learners with hearing impairment Local leaders call for investment in special needs schools,Esukuru Yemetino:ekeombe kioboroso bwa'safaricom kiarure chibesa echio chirakonye ase okobarera esukuru yemetino ya chikombero eyuo ebwate abaorokigwa babwate omochando bwoboremerwa bwokoigwa. Abarai ase ensemo eyuo barure okoboria ase enibo kobekwa ase ensemo yechisukuru chia abatari kwenyara kemobere.
3726,Governance,PSA,Improving schools infrastructure Nyahururu leaders call on government to build classrooms Local MPs pledge to invest part of NG-CDF on infrastructure,koenekia amaagacho amaya ase chisukuru abarai ime ya Nyahururu barure okoboria ase eserekari kwagacha ebirasi ase abachumbe bensemo eyuo barure chiira gochia kobeka enibo ya NG-CDF ase okorosia nakobareera ebirasi ase ensemo eyuo.
3727,Governance,PSA,"A family in Kirimangai Village, Nyandarua, has been left homeless after a fire gutted their 4-bedroom house. They are appealing to local leaders and well-wishers for assistance",Enka eyemo ime yekenyoro kiakirimangai ime ya Nyandarua mbatigetwe batabwati obomenyo nyuma yenyomba yabo ebwate chinyomba chiokorara 4 koyia omorero. Barure okoboria ase abarai bensemo eyuo amo nabanto bonsi bokogania okuya kobakonya.
3728,Governance,PSA,UNITED WE STAND Villagers in Gatundu contribute and construct a makeshift bridge They are urging local leaders to construct a permanent bridge #KBCniYetu,ASE OBOMO NTOTENEINE abwo bare abamenyi ime ya Gatundu marketers chinibo chiabo ase okorosia ekiambokero kiemete. barure okoboria ase abarai babo kobaroseria ekiambokero egeikeranu.
3730,Governance,PSA,"Local leaders in Lamu East have urged residents to unite and elect visionary leaders ahead of the upcoming general elections, citing slow development in the region. They urged the Bajuni community to support leaders committed to service and good governance. #KBCniYetu ^MM",Abarai ime ya lamu ya mocha baboririe abamenyi kobwaterana na gochora abarai babwate amaroro bosio bw'obochori obonene nagokwanera amagenderero ang'ora ase ensemo eyuo. Barure okoboria ase egesaku kiababajuni kobwateseia abarai baria bamagenderero no'bokoreri.#kbcniyetu^mm
3731,Governance,PSA,Lamu County Government Urges Liquor Board to Refrain from Licensing in High-Risk Areas.,Eserekari yekaunti ya Lamu yaboririe ekeombe keria getenenereteogwanchera oboonia bwamarwa kaborigwe gotaenana amakaratasi yogwancherwa ase chinsemo chiria chibwate emebasokano.
3732,Governance,PSA,"Push For SHA Registration Nairobi county Woman Rep Esther Passaris, urges Kenyans to register for SHA to make it easy to access government health services.","Ogosegeta gokwerikia ase omoroberio bw'obobwenia SHA omobunge omosubati ase ase ekaunti ya Nairobi Esther Passages, oboririe abakenya kwerikia ase omoroberio bw'obobwenia SHA erio kobabera aororo goikera obobwenia obuya ase chinyagetari."
3733,Governance,PSA,"Nairobi County Government urges members of the public to identify and collect the bodies within one week, failure to which they will be disposed of at city cemeteries.","Eserekari yekaunti ya Nairobi yarure okoboria gochia ase abamenyi goikerana nakoenekia ng'a kwagara bare emebere ase egeka kwiewiki eyemo ere motwe, onye taribo, emebere eyuo nigo erachie koenigwa ase chimbera chikaunti eyuo."
3740,Governance,PSA,"Clergy on schools reopening: Clergy urges government to ensure safety of school children. 10 schools remain submerged in Budalangi, Busia County Odhiambo: Ensure children are safe as schools reopen",Abarandia korwa eberengerio biabo ase okoigorwa gwechisukuru: Abarandia baboririe eserekari koenekia abaorokigwa mbabwate oborendi boisaine. chisukuru ikomi ime ya budalangi ekaunti ya Busia nigo chiichire amache. Enekia abaorokigwa baenekerigwe oborendi obuya ekero bakoirana ase chisukuru nyuma yomotimoko. aya nigo ayateba Odhiambo.
3741,Governance,PSA,Nairobi county government urges land rates defaulters to pay up as it targets 30 billion in annual revenues,Eserekari yekaunti ya Nairobi yarure okoboria ase baria babwate chisira chiamaremo yekaunti goakana ase obwango erio koenekia Eserekari ngoikerania ere ekerenga kiaye kiebango guokonyora 30billion.
3743,Governance,PSA,Assistant County Commissioner Phebians Olungah sheds light on the Government's Promises on Education. He urges Kenyans to be realistic about their expectations.,omogambi omokonyi ase ekaunti phebias olungah obekire oboarabu ase chiira chieserekari ase ensemo yechisemi naboigo korwa okoboria ase abanto bonsi koba abaene ase amagani abo.
3744,Governance,PSA,"Nairobi County Government, led by Geoffrey Mosiria warns of loud music in church “Keshas”, clubs, and bars. Urges citizens to report any incident of noise pollution","Eserekari yekaunti ya Nairobi gekorau na Geoffrey mosiria yarure ogokurera ogotindi ase chinsemo chiogosasima echio chikobugia ebinanda ase amariogi aigoro ekero bare ase amasabo yobotuko bwonsi, ebirabu amo nabaonia amarwa, koenekia nkobwatia bare amachiko yamariogi. orure okoboria ase abamenyi gwesokia nakobateba abatari kobwatia amachiko ayuo."
3747,Governance,PSA,County Functions Transfer: National government to transfer remaining functions Pres. Ruto says funds will be allocated in 2025/26 FY Devolved assets to be transferred by June 2025 Pres. Ruto urges harmonious intergovernmental relations,"Okoenana bene emeroberio yonsi yechikaunti: Eserekari enene nechie koenana bene emeroberio yonsi etigarete yechikaunti, omorai bwense otebire enibo yogoirania aya nebekwe ase omwaka bwechibesa bweserekari 2025/2026. Chinibo chionsi chibwateranetie chiserekari chiechikaunti koenanwa bene goikera omotienyi ogatano rimo, 2026. Ruto osabire omoroberio bwokoigwana nomorembe ase chieserekari chikaunti amo neria enene."
3748,Governance,PSA,"Mombasa, Your Voice Matters! Mombasa County invites all citizens to engage in the Finance Bill 2025, ADP, and CBROP discussions. Youth leaders and changemakers read, engage & influence decisions shaping our county’s future. Let’s show up,speak up & build the Mombasa we deserve.","mombasa eriogi riao neriengencho! eserekari yekaunti ya Mombasa yabareganirie abamenyi ya mombasa bonsi koenana ebirengererio biabo igoro yomoreberio bwebango ime yense 2025, ADP, CBROP ase gosanga Ebirengerio. Abarai babasae baria bakorigia korenta amaonchoreria ao ao nigo bagosoma bemanyia erio banyara korenta amaonchoreria aria akorenta oboroso obuya ase ekaunti yaito, toikerane ase obonge erio tokwane,nakoagacha mombasa etogwenerete twensi."
3750,Governance,PSA,National Assembly Speaker Moses Wetang’ula urges county governments to support the government’s push to have Kenyans register for SHA.,omonogeri ase bunged enene yense Moses wetangula orure okoboria gochia ase chiserekari chiechikaunti koenekia ng'a  abanto bonsi kwerikia ase omoroberio bw'obobwenia SHA
3752,Governance,PSA,"The county government of Nyandarua urges farmers to undertake soil testing, following the signing of a Memorandum of Understanding with the Cereal Growers Association.",Eserekari yekaunti ya Nyandarua yarure okoboria gochia ase abaremi ase ensemo eyuo koenekia ng'a koira bare amaroba ase okoringorigwa bene nyuma yokorika amaigwano gati yabo nekeombe ekenene getenenerete chinyeke ime yense.
3757,Governance,PSA,"Mental health boost in Kenya: 32 counselors graduate in Thika to tackle depression, trauma, and substance abuse. Africana College Director Dr. Susan Gitau urges government to fund county-level counseling centers to expand access to lifesaving psychosocial support.","Ogosegetwa okonene ase amarwaire yobongo: Abasemia bo'bongo 32 babete bagosoka bene korwa esukuru ya thika erio gokonya ase ebirengererio ebinge, emechando yogosiria amo na nayande abwetekaine  obongo."
3764,Governance,PSA,"Met Department warns Kenyans to brace for heavy rainfall, cold nights of below 10 degrees Kenya 7 months ago by Didacus Malowa Kenyans should prepare for a prolonged bout of heavy rainfall and biting cold nights, with temperatures expected to plunge below 10°C in some regions.","Ekeombe giokorenga rire kiarure egekuro gochia ase abakenya kwearigania ase embura enyinge mono, obokendu chingaki chia botuko inse yechidigirii 10 ase nchisemo chinde."
3766,Governance,PSA,Citizens are urged to provide information on to improve service provision.,Abanto bonsi baborigwe korwa amang'ana arakonye gokinia obokoreri obuya ase eserekari.
3767,Governance,PSA,The National Treasury urges members of the public to remain vigilant about to ensure public safety.,Ekegancha ekenene gieserekari kiaboririe abanto bonsi koba maiso erio kwenekia oborendi ase bonsi.
3768,Governance,PSA,Ministry of Agriculture encourages members of the public to submit comments on for community development.,Ewisara yoboremi yarure ogosegeta ase abanto bonsi koenana amang'ana igoro yamagenderero ase ebinyoro.
3769,Governance,PSA,Citizens are urged to support for community development.,Abanto bonsi baborigwe kobwatesia amagenderero ase ebinyoro.
3770,Governance,PSA,The Commission calls upon business owners to stay alert to during the election period.,Ekeombe kiarure okoboria gochia ase abaonchoreria koba maiso chingaki chiobochori.
3771,Governance,PSA,"Citizens should report corruption cases to hotline 999, 911, or 112.","Abanto bonsi baborigwe koenana amang'ana onsi arengete obokurumi  ase ogoaka esimi yobokonyi 999, 911 gose 112."
3772,Governance,PSA,County Government encourages members of the public to exercise caution regarding to ensure public safety.,Eserekari yekaunti yarure okoboria ase abanto bonsi koba birori ase okoenekia oborendi ase bamenyete.
3773,Governance,PSA,The government advises motorists to remain vigilant about to promote accountability.,Eserekari yarure okoboria ase abarundia koba maiso erio gokinia oboene nobwasioku ase obokoreri.
3775,Governance,PSA,"Political Parties Liaison Committee backs IEBC, urges Gen Z to register as voters",Ekeombe gekobwatania ebiama biasiasa yabwetesirie ekeombe kiobori nechimbebe IEBC. nakobasaba abasae abake kwerikia buna abaaki chikura.
3801,Governance,PSA,TAKING STOCK OF DEVOLUTION President Kenyatta urges the National Government and county governments to work together to address climate change in Kenya,Korigereria ayare anyarekanire inse yechikaunti omonene bw'ense Kenyatta orure okoboria ase eserekari enene nechiserekari chie chikaunti kobwaterana ase okorenda ebitoetanaine ako noboonchoreria bwerire.
