PSA_ID,Domain,English,English_sw
HEA_00001,Health,Ministry of Health urges residents of Nyandarua County to complete the full recommended vaccination dose following a rise in reported tuberculosis cases.,Wizara ya Afya inawahimiza wakazi wa Kaunti ya Nyandarua kukamilisha kipimo kamili cha chanjo kilichopendekezwa kufuatia ongezeko la visa vya kifua kikuu vilivyoripotiwa.
HEA_00002,Health,CDC urges residents of Taita-Taveta County to seek immediate testing at the nearest health facility following a rise in reported cyclosporiasis cases.,CDC inahimiza wakazi wa Wilaya ya Taita-Taveta kutafuta upimaji wa haraka katika kituo cha afya cha karibu baada ya ongezeko la visa vya cyclosporiasis vilivyoripotiwa.
HEA_00003,Health,SHA (Social Health Authority) urges residents of Embu County to use insecticide-treated mosquito nets every night following a rise in reported dengue fever cases.,Shirika la Afya ya Jamii (SHA) linawahimiza wakazi wa Kaunti ya Embu watumie mitungi ya mbu kila usiku baada ya ongezeko la visa vya homa ya dengue vilivyoripotiwa.
HEA_00004,Health,CDC urges residents of Tharaka-Nithi County to avoid contact with contaminated water sources following a rise in reported dengue fever cases.,CDC inawasihi wakazi wa Kaunti ya Tharaka-Nithi waepuke kuwasiliana na vyanzo vya maji vilivyochafuliwa baada ya ongezeko la visa vya homa ya dengue vilivyoripotiwa.
HEA_00005,Health,Ministry of Health - Reproductive Health Unit reminds the public that free cholera screening is available at all public health centres in Vihiga County this May.,Wizara ya Afya - Kitengo cha Afya ya Uzazi kinakumbusha umma kwamba uchunguzi wa bure wa cholera unapatikana katika vituo vyote vya afya vya umma katika Kaunti ya Vihiga mwezi Mei huu.
HEA_00006,Health,Kenya Medical Association reminds the public that free measles screening is available at all public health centres in Kiambu County this May.,Chama cha Matibabu cha Kenya kinakumbusha umma kwamba uchunguzi wa bure wa ugonjwa wa saratani unapatikana katika vituo vyote vya afya ya umma katika Kaunti ya Kiambu Mei hii.
HEA_00007,Health,Division of Disease Surveillance and Response reminds the public that free cyclosporiasis screening is available at all public health centres in Garissa County this February.,Idara ya Ufuatiliaji na Jibu la Magonjwa inakumbusha umma kwamba uchunguzi wa bure wa cyclosporiasis unapatikana katika vituo vyote vya afya ya umma katika Kaunti ya Garissa Februari hii.
HEA_00008,Health,Division of Disease Surveillance and Response urges residents of Turkana County to seek immediate testing at the nearest health facility following a rise in reported typhoid cases.,Idara ya Ufuatiliaji na Jibu la Magonjwa inahimiza wakazi wa Kaunti ya Turkana kutafuta upimaji wa haraka katika kituo cha afya cha karibu baada ya ongezeko la visa vya ugonjwa wa kifua kikuu vilivyoripotiwa.
HEA_00009,Health,CDC calls on parents in Wajir County to have children under five screened for malaria during the July outreach.,CDC inawaomba wazazi katika Kaunti ya Wajir kuwa na watoto chini ya miaka mitano wachunguzwe kwa ajili ya malaria wakati wa kampeni ya Julai.
HEA_00010,Health,Public health advisory: Kenya Red Cross warns of increased HIV/AIDS risk in Siaya County and advises the public to use insecticide-treated mosquito nets every night.,Ushauri wa afya ya umma: Msalaba Mwekundu wa Kenya unaonya juu ya kuongezeka kwa hatari ya VVU/UKIMWI katika Kaunti ya Siaya na anashauri umma watumie mitungi ya mbu kila usiku.
HEA_00011,Health,SHA (Social Health Authority) reminds the public that free tuberculosis screening is available at all public health centres in Kilifi County this November.,Shirika la Afya ya Jamii (SHA) linakumbusha umma kwamba uchunguzi wa bure wa kifua kikuu unapatikana katika vituo vyote vya afya ya umma katika Kaunti ya Kilifi mwezi Novemba.
HEA_00012,Health,Notice: SHA (Social Health Authority) confirms a cyclosporiasis outbreak alert for Kitui County. Residents are advised to report any suspected cases to community health volunteers.,Taarifa: Shirika la Afya ya Jamii (SHA) linathibitisha tahadhari ya kuzuka kwa ugonjwa wa cyclosporiasis kwa Kaunti ya Kitui. Wakazi wanashauriwa kuripoti visa vyovyote vinavyoshukiwa kwa wajitoleaji wa afya ya jamii.
HEA_00013,Health,Division of Disease Surveillance and Response calls on parents in Isiolo County to have children under five screened for HIV/AIDS during the June outreach.,Idara ya Ufuatiliaji na Jibu la Magonjwa inawaomba wazazi katika Kaunti ya Isiolo kuwa na watoto chini ya miaka mitano wachunguzwe kwa ajili ya VVU/UKIMWI wakati wa huduma ya Juni.
HEA_00014,Health,Kenya Red Cross reminds the public that free malaria screening is available at all public health centres in Kisii County this November.,Msalaba Mwekundu wa Kenya unakumbusha umma kwamba uchunguzi wa malaria wa bure unapatikana katika vituo vyote vya afya ya umma katika Kaunti ya Kisii mwezi huu wa Novemba.
HEA_00015,Health,Public health advisory: KEMSA warns of increased tuberculosis risk in Kericho County and advises the public to complete the full recommended vaccination dose.,Ushauri wa afya ya umma: KEMSA inaonya juu ya kuongezeka kwa hatari ya kifua kikuu katika Kaunti ya Kericho na inashauri umma kukamilisha kipimo kamili cha chanjo kilichopendekezwa.
HEA_00016,Health,Kenya Medical Association calls on parents in Nyandarua County to have children under five screened for dengue fever during the November outreach.,Chama cha Matibabu cha Kenya kinawaomba wazazi katika Kaunti ya Nyandarua kuwachunguza watoto walio chini ya miaka mitano kwa ajili ya homa ya dengue wakati wa kampeni ya Novemba.
HEA_00017,Health,Division of Disease Surveillance and Response reminds the public that free cholera screening is available at all public health centres in Tana River County this April.,Idara ya Ufuatiliaji na Jibu la Magonjwa inakumbusha umma kwamba uchunguzi wa bure wa cholera unapatikana katika vituo vyote vya afya ya umma katika Kaunti ya Tana River Aprili hii.
HEA_00018,Health,Notice: Kenya Medical Association confirms a tuberculosis outbreak alert for Nyandarua County. Residents are advised to use insecticide-treated mosquito nets every night.,Taarifa: Chama cha Matibabu cha Kenya kinathibitisha tahadhari ya mlipuko wa kifua kikuu katika Kaunti ya Nyandarua. Wakazi wanashauriwa kutumia nyuzi za mbu zinazoshughulikiwa na dawa za wadudu kila usiku.
HEA_00019,Health,Notice: KEMRI confirms a cyclosporiasis outbreak alert for Kisumu County. Residents are advised to avoid contact with contaminated water sources.,Kumbuka: KEMRI inathibitisha tahadhari ya mlipuko wa cyclosporiasis kwa Kaunti ya Kisumu. Wakazi wanashauriwa kuepuka kuwasiliana na vyanzo vya maji vilivyochafuliwa.
HEA_00020,Health,Kenya Red Cross reminds the public that free dengue fever screening is available at all public health centres in Mandera County this April.,Msalaba Mwekundu wa Kenya unakumbusha umma kwamba uchunguzi wa bure wa homa ya dengue unapatikana katika vituo vyote vya afya ya umma katika Kaunti ya Mandera Aprili hii.
HEA_00021,Health,Public health advisory: Kenya Red Cross warns of increased meningitis risk in Vihiga County and advises the public to avoid contact with contaminated water sources.,Ushauri wa afya ya umma: Msalaba Mwekundu wa Kenya unaonya juu ya kuongezeka kwa hatari ya meningitis katika Kaunti ya Vihiga na anashauri umma waepuke kuwasiliana na vyanzo vya maji vilivyochafuliwa.
HEA_00022,Health,Notice: KEMRI confirms a Rift Valley Fever outbreak alert for Mandera County. Residents are advised to seek immediate testing at the nearest health facility.,Taarifa: KEMRI inathibitisha tahadhari ya kuzuka kwa homa ya Rift Valley kwa Kaunti ya Mandera. Wakazi wanashauriwa kutafuta upimaji wa haraka katika kituo cha afya cha karibu.
HEA_00023,Health,SHA (Social Health Authority) urges residents of Marsabit County to avoid contact with contaminated water sources following a rise in reported measles cases.,Shirika la Afya ya Jamii (SHA) linawahimiza wakazi wa Kaunti ya Marsabit waepuke mawasiliano na vyanzo vya maji vilivyochafuliwa baada ya ongezeko la visa vya kuambukizwa vya kuambukiza.
HEA_00024,Health,Public health advisory: SHA (Social Health Authority) warns of increased meningitis risk in Samburu County and advises the public to avoid contact with contaminated water sources.,Ushauri wa afya ya umma: Shirika la Afya ya Jamii (SHA) linaonya juu ya kuongezeka kwa hatari ya meningitis katika Kaunti ya Samburu na linawashauri umma waepuke kuwasiliana na vyanzo vya maji vilivyochafuliwa.
HEA_00025,Health,Public health advisory: Kenya Red Cross warns of increased malaria risk in Bomet County and advises the public to use insecticide-treated mosquito nets every night.,Ushauri wa afya ya umma: Msalaba Mwekundu wa Kenya unaonya juu ya kuongezeka kwa hatari ya malaria katika Kaunti ya Bomet na anashauri umma watumie mitungi ya mbu iliyoshughulikiwa na dawa za wadudu kila usiku.
HEA_00026,Health,Notice: Division of Disease Surveillance and Response confirms a cyclosporiasis outbreak alert for Wajir County. Residents are advised to complete the full recommended vaccination dose.,Taarifa: Idara ya Ufuatiliaji na Jibu la Magonjwa inathibitisha tahadhari ya kuzuka kwa ugonjwa wa cyclosporiasis kwa Kaunti ya Wajir. Wakazi wanashauriwa kukamilisha kipimo kamili cha chanjo kilichopendekezwa.
HEA_00027,Health,Ministry of Health calls on parents in Nairobi County to have children under five screened for typhoid during the December outreach.,Wizara ya Afya inawaomba wazazi katika Kaunti ya Nairobi kuwachunguza watoto walio chini ya miaka mitano kwa ajili ya ugonjwa wa kifua kikuu wakati wa mkutano wa Desemba.
HEA_00028,Health,Public health advisory: KEMSA warns of increased typhoid risk in Narok County and advises the public to use insecticide-treated mosquito nets every night.,Ushauri wa afya ya umma: KEMSA inaonya juu ya kuongezeka kwa hatari ya ugonjwa wa kifua kikuu katika Kaunti ya Narok na inashauri umma watumie mitungi ya mbu iliyoshughulikiwa na dawa za wadudu kila usiku.
HEA_00029,Health,Public health advisory: KEMRI warns of increased measles risk in Marsabit County and advises the public to use insecticide-treated mosquito nets every night.,Ushauri wa afya ya umma: KEMRI inaonya juu ya kuongezeka kwa hatari ya kuugua ugonjwa wa saratani katika Kaunti ya Marsabit na inashauri umma watumie mitungi ya mbu iliyotunzwa na dawa za wadudu kila usiku.
HEA_00030,Health,Public health advisory: Ministry of Health warns of increased Rift Valley Fever risk in Bungoma County and advises the public to seek immediate testing at the nearest health facility.,Ushauri wa afya ya umma: Wizara ya Afya inaonya juu ya kuongezeka kwa hatari ya homa ya Rift Valley katika Kaunti ya Bungoma na inashauri umma kutafuta upimaji wa haraka katika kituo cha afya cha karibu.
HEA_00031,Health,Division of Disease Surveillance and Response urges residents of Kirinyaga County to complete the full recommended vaccination dose following a rise in reported cholera cases.,Idara ya Ufuatiliaji na Jibu la Magonjwa inahimiza wakazi wa Kaunti ya Kirinyaga kukamilisha kipimo kamili cha chanjo kilichopendekezwa baada ya ongezeko la visa vya kipindupindu vilivyoripotiwa.
HEA_00032,Health,Public health advisory: SHA (Social Health Authority) warns of increased Rift Valley Fever risk in Taita-Taveta County and advises the public to seek immediate testing at the nearest health facility.,Ushauri wa afya ya umma: SHA (Huduma ya Afya ya Jamii) inaonya juu ya kuongezeka kwa hatari ya Rift Valley Fever katika Wilaya ya Taita-Taveta na inashauri umma kutafuta upimaji wa haraka katika kituo cha afya cha karibu.
HEA_00033,Health,Public health advisory: KEMSA warns of increased Rift Valley Fever risk in Mandera County and advises the public to use insecticide-treated mosquito nets every night.,Ushauri wa afya ya umma: KEMSA inaonya juu ya kuongezeka kwa hatari ya homa ya Rift Valley katika Kaunti ya Mandera na inashauri umma watumie mitungi ya mbu iliyoshughulikiwa na dawa za wadudu kila usiku.
HEA_00034,Health,Kenya Red Cross reminds the public that free cyclosporiasis screening is available at all public health centres in Kajiado County this October.,Msalaba Mwekundu wa Kenya unakumbusha umma kwamba uchunguzi wa bure wa cyclosporiasis unapatikana katika vituo vyote vya afya ya umma katika Kajiado County mwezi huu wa Oktoba.
HEA_00035,Health,CDC reminds the public that free tuberculosis screening is available at all public health centres in Nairobi County this December.,CDC inakumbusha umma kwamba uchunguzi wa bure wa kifua kikuu unapatikana katika vituo vyote vya afya ya umma katika Kaunti ya Nairobi Desemba hii.
HEA_00036,Health,Notice: Kenya Medical Association confirms a HIV/AIDS outbreak alert for Homa Bay County. Residents are advised to avoid contact with contaminated water sources.,Taarifa: Chama cha Matibabu cha Kenya kinathibitisha tahadhari ya mlipuko wa VVU/UKIMWI katika Kaunti ya Homa Bay. Wakazi wanashauriwa waepuke kuwasiliana na vyanzo vya maji vilivyochafuliwa.
HEA_00037,Health,Public health advisory: Ministry of Health - Reproductive Health Unit warns of increased tuberculosis risk in Wajir County and advises the public to seek immediate testing at the nearest health facility.,Ushauri wa afya ya umma: Wizara ya Afya - Kitengo cha Afya ya Kuzaa inaonya juu ya kuongezeka kwa hatari ya kifua kikuu katika Kaunti ya Wajir na inashauri umma kutafuta upimaji wa haraka katika kituo cha afya cha karibu.
HEA_00038,Health,Notice: Ministry of Health confirms a tuberculosis outbreak alert for Vihiga County. Residents are advised to use insecticide-treated mosquito nets every night.,Taarifa: Wizara ya Afya inathibitisha tahadhari ya mlipuko wa kifua kikuu kwa Kaunti ya Vihiga. Wakazi wanashauriwa kutumia nyuzi za mbu zinazoshughulikiwa na dawa za wadudu kila usiku.
HEA_00039,Health,Ministry of Health reminds the public that free cholera screening is available at all public health centres in Lamu County this December.,Wizara ya Afya inawakumbusha umma kwamba uchunguzi wa bure wa cholera unapatikana katika vituo vyote vya afya ya umma katika Kaunti ya Lamu Desemba hii.
HEA_00040,Health,SHA (Social Health Authority) reminds the public that free malaria screening is available at all public health centres in Kilifi County this June.,Shirika la Afya ya Jamii (SHA) linakumbusha umma kwamba uchunguzi wa malaria wa bure unapatikana katika vituo vyote vya afya ya umma katika Kaunti ya Kilifi Juni hii.
HEA_00041,Health,Public health advisory: KEMRI warns of increased Rift Valley Fever risk in Nyandarua County and advises the public to complete the full recommended vaccination dose.,Ushauri wa afya ya umma: KEMRI inaonya juu ya kuongezeka kwa hatari ya homa ya Rift Valley katika Kaunti ya Nyandarua na inashauri umma kukamilisha kipimo kamili cha chanjo kilichopendekezwa.
HEA_00042,Health,Public health advisory: KEMSA warns of increased meningitis risk in Nairobi County and advises the public to avoid contact with contaminated water sources.,Ushauri wa afya ya umma: KEMSA inaonya juu ya kuongezeka kwa hatari ya meningitis katika Kaunti ya Nairobi na inashauri umma waepuke kuwasiliana na vyanzo vya maji vilivyochafuliwa.
HEA_00043,Health,Ministry of Health - Reproductive Health Unit reminds the public that free malaria screening is available at all public health centres in Uasin Gishu County this April.,Wizara ya Afya - Kitengo cha Afya ya Kuzaliana kinakumbusha umma kwamba uchunguzi wa malaria wa bure unapatikana katika vituo vyote vya afya ya umma katika Kaunti ya Uasin Gishu Aprili hii.
HEA_00044,Health,Kenya Medical Association urges residents of Turkana County to avoid contact with contaminated water sources following a rise in reported cyclosporiasis cases.,Chama cha Matibabu cha Kenya kinawahimiza wakazi wa Wilaya ya Turkana waepuke kuwasiliana na vyanzo vya maji vilivyochafuliwa baada ya ongezeko la visa vya cyclosporiasis vilivyoripotiwa.
HEA_00045,Health,SHA (Social Health Authority) urges residents of Tana River County to seek immediate testing at the nearest health facility following a rise in reported HIV/AIDS cases.,Shirika la Afya ya Jamii (SHA) linawahimiza wakazi wa Wilaya ya Tana River wapate upimaji wa haraka katika kituo cha afya cha karibu baada ya ongezeko la visa vya UKIMWI/UKIMWI vilivyoripotiwa.
HEA_00046,Health,KEMRI reminds the public that free Rift Valley Fever screening is available at all public health centres in Tharaka-Nithi County this September.,KEMRI inawakumbusha umma kwamba uchunguzi wa bure wa homa ya Rift Valley unapatikana katika vituo vyote vya afya ya umma katika Kaunti ya Tharaka-Nithi mwezi huu wa Septemba.
HEA_00047,Health,Kenya Medical Association reminds the public that free Rift Valley Fever screening is available at all public health centres in Meru County this May.,Chama cha Matibabu cha Kenya kinakumbusha umma kwamba uchunguzi wa bure wa Rift Valley Fever unapatikana katika vituo vyote vya afya ya umma katika Kaunti ya Meru Mei hii.
HEA_00048,Health,SHA (Social Health Authority) reminds the public that free malaria screening is available at all public health centres in Nandi County this September.,Shirika la Afya ya Jamii (SHA) linakumbusha umma kwamba uchunguzi wa malaria wa bure unapatikana katika vituo vyote vya afya ya umma katika Kaunti ya Nandi Septemba hii.
HEA_00049,Health,CDC urges residents of Mombasa County to complete the full recommended vaccination dose following a rise in reported tuberculosis cases.,CDC inahimiza wakazi wa Kaunti ya Mombasa kukamilisha kipimo kamili cha chanjo kilichopendekezwa kufuatia ongezeko la visa vya kifua kikuu vilivyoripotiwa.
HEA_00050,Health,Ministry of Health - Reproductive Health Unit calls on parents in Laikipia County to have children under five screened for cyclosporiasis during the April outreach.,Wizara ya Afya - Kitengo cha Afya ya Uzazi kinawaomba wazazi katika Kaunti ya Laikipia kuwachunguza watoto walio chini ya miaka mitano kwa ugonjwa wa cyclosporiasis wakati wa shughuli za Aprili.
HEA_00051,Health,KEMSA urges residents of Samburu County to report any suspected cases to community health volunteers following a rise in reported cyclosporiasis cases.,KEMSA inawasihi wakazi wa Kaunti ya Samburu kuripoti visa vyovyote vinavyoshukiwa kwa wajitoleaji wa afya ya jamii kufuatia ongezeko la visa vilivyoripotiwa vya cyclosporiasis.
HEA_00052,Health,Kenya Red Cross calls on parents in Elgeyo-Marakwet County to have children under five screened for dengue fever during the December outreach.,Msalaba Mwekundu wa Kenya unawaomba wazazi katika Kaunti ya Elgeyo-Marakwet kuwachunguza watoto walio chini ya miaka mitano kwa ajili ya homa ya dengue wakati wa kampeni ya Desemba.
HEA_00053,Health,KEMSA calls on parents in Tharaka-Nithi County to have children under five screened for tuberculosis during the May outreach.,KEMSA inawaomba wazazi katika Kaunti ya Tharaka-Nithi kuwachunguza watoto walio chini ya miaka mitano kwa ugonjwa wa kifua kikuu wakati wa mkutano wa Mei.
HEA_00054,Health,CDC urges residents of Tana River County to seek immediate testing at the nearest health facility following a rise in reported HIV/AIDS cases.,CDC inawahimiza wakazi wa Wilaya ya Tana River kutafuta upimaji wa haraka katika kituo cha afya cha karibu baada ya ongezeko la visa vya UKIMWI / UKIMWI vilivyoripotiwa.
HEA_00055,Health,Ministry of Health - Reproductive Health Unit urges residents of Narok County to seek immediate testing at the nearest health facility following a rise in reported measles cases.,Wizara ya Afya - Kitengo cha Afya ya Uzazi kinawahimiza wakazi wa Kaunti ya Narok kutafuta upimaji wa haraka katika kituo cha afya cha karibu baada ya ongezeko la visa vilivyoripotiwa vya ugonjwa wa saratani.
HEA_00056,Health,Public health advisory: SHA (Social Health Authority) warns of increased meningitis risk in Meru County and advises the public to seek immediate testing at the nearest health facility.,Ushauri wa afya ya umma: SHA (Shirika la Afya ya Jamii) linaonya juu ya kuongezeka kwa hatari ya meningitis katika Kaunti ya Meru na inashauri umma kutafuta upimaji wa haraka katika kituo cha afya cha karibu.
HEA_00057,Health,Kenya Medical Association reminds the public that free tuberculosis screening is available at all public health centres in Wajir County this October.,Chama cha Matibabu cha Kenya kinakumbusha umma kwamba uchunguzi wa bure wa kifua kikuu unapatikana katika vituo vyote vya afya ya umma katika Kaunti ya Wajir mwezi huu wa Oktoba.
HEA_00058,Health,Public health advisory: Ministry of Health warns of increased cyclosporiasis risk in Busia County and advises the public to use insecticide-treated mosquito nets every night.,Ushauri wa afya ya umma: Wizara ya Afya inaonya juu ya kuongezeka kwa hatari ya cyclosporiasis katika Kaunti ya Busia na inashauri umma kutumia nyuzi za mbu zilizotibiwa na dawa za wadudu kila usiku.
HEA_00059,Health,Public health advisory: CDC warns of increased tuberculosis risk in Murang'a County and advises the public to report any suspected cases to community health volunteers.,Ushauri wa afya ya umma: CDC inaonya juu ya kuongezeka kwa hatari ya kifua kikuu katika Kaunti ya Murang'a na inashauri umma kuripoti kesi yoyote inayoshukiwa kwa wajitolea wa afya ya jamii.
HEA_00060,Health,Kenya Red Cross reminds the public that free typhoid screening is available at all public health centres in Trans Nzoia County this March.,Msalaba Mwekundu wa Kenya unakumbusha umma kwamba uchunguzi wa bure wa kifua kikuu unapatikana katika vituo vyote vya afya ya umma katika Kaunti ya Trans Nzoia mwezi huu wa Machi.
HEA_00061,Health,Division of Disease Surveillance and Response calls on parents in Lamu County to have children under five screened for Rift Valley Fever during the January outreach.,Idara ya Ufuatiliaji na Jibu la Magonjwa inawaomba wazazi katika Kaunti ya Lamu kuwa na watoto chini ya miaka mitano kuchunguzwa kwa homa ya Rift Valley wakati wa shughuli za Januari.
HEA_00062,Health,Public health advisory: SHA (Social Health Authority) warns of increased tuberculosis risk in Lamu County and advises the public to use insecticide-treated mosquito nets every night.,Ushauri wa afya ya umma: Shirika la Afya ya Jamii (SHA) linaonya juu ya kuongezeka kwa hatari ya kifua kikuu katika Kaunti ya Lamu na linashauri umma watumie mitungi ya wadudu kila usiku.
HEA_00063,Health,Notice: KEMSA confirms a tuberculosis outbreak alert for Turkana County. Residents are advised to report any suspected cases to community health volunteers.,Taarifa: KEMSA inathibitisha tahadhari ya mlipuko wa kifua kikuu kwa Wilaya ya Turkana. Wakazi wanashauriwa kuripoti visa vyovyote vinavyotarajiwa kwa wajitolea wa afya ya jamii.
HEA_00064,Health,Notice: KEMSA confirms a typhoid outbreak alert for Nandi County. Residents are advised to use insecticide-treated mosquito nets every night.,Taarifa: KEMSA inathibitisha tahadhari ya mlipuko wa kifua kikuu kwa Kaunti ya Nandi. Wakazi wanashauriwa kutumia nyuzi za mbu zinazoshughulikiwa na dawa za wadudu kila usiku.
HEA_00065,Health,Public health advisory: Ministry of Health warns of increased typhoid risk in Homa Bay County and advises the public to seek immediate testing at the nearest health facility.,Ushauri wa afya ya umma: Wizara ya Afya inaonya juu ya kuongezeka kwa hatari ya kifua kikuu katika Kaunti ya Homa Bay na inashauri umma kutafuta upimaji wa haraka katika kituo cha afya cha karibu.
HEA_00066,Health,Kenya Red Cross reminds the public that free dengue fever screening is available at all public health centres in Wajir County this February.,Msalaba Mwekundu wa Kenya unakumbusha umma kwamba uchunguzi wa bure wa homa ya dengue unapatikana katika vituo vyote vya afya ya umma katika Kaunti ya Wajir Februari hii.
HEA_00067,Health,Kenya Red Cross reminds the public that free tuberculosis screening is available at all public health centres in Nyeri County this October.,Msalaba Mwekundu wa Kenya unakumbusha umma kwamba uchunguzi wa bure wa kifua kikuu unapatikana katika vituo vyote vya afya ya umma katika Kaunti ya Nyeri mwezi huu wa Oktoba.
HEA_00068,Health,Notice: KEMRI confirms a typhoid outbreak alert for Migori County. Residents are advised to use insecticide-treated mosquito nets every night.,Taarifa: KEMRI inathibitisha tahadhari ya mlipuko wa kifua kikuu kwa Wilaya ya Migori. Wakazi wanashauriwa kutumia nyuzi za mbu zinazoshughulikiwa na dawa za wadudu kila usiku.
HEA_00069,Health,Kenya Red Cross calls on parents in Tana River County to have children under five screened for cyclosporiasis during the February outreach.,Msalaba Mwekundu wa Kenya unawaomba wazazi katika Wilaya ya Tana River kuwachunguza watoto walio chini ya miaka mitano kwa ugonjwa wa cyclosporiasis wakati wa mkutano wa Februari.
HEA_00070,Health,Notice: Ministry of Health confirms a measles outbreak alert for Mombasa County. Residents are advised to report any suspected cases to community health volunteers.,Taarifa: Wizara ya Afya inathibitisha tahadhari ya kuzuka kwa ugonjwa wa saratani kwa Kaunti ya Mombasa. Wakazi wanashauriwa kuripoti visa vyovyote vinavyodhaniwa kwa wajitolea wa afya wa jamii.
HEA_00071,Health,Ministry of Health - Reproductive Health Unit reminds the public that free cyclosporiasis screening is available at all public health centres in Bomet County this December.,Wizara ya Afya - Kitengo cha Afya ya Kuzaliana kinakumbusha umma kwamba uchunguzi wa bure wa cyclosporiasis unapatikana katika vituo vyote vya afya ya umma katika Kaunti ya Bomet Desemba hii.
HEA_00072,Health,Public health advisory: Ministry of Health warns of increased measles risk in Wajir County and advises the public to use insecticide-treated mosquito nets every night.,Ushauri wa afya ya umma: Wizara ya Afya inaonya juu ya kuongezeka kwa hatari ya kuambukiza katika Kaunti ya Wajir na inashauri umma kutumia nyuzi za mbu zinazotunzwa na dawa za wadudu kila usiku.
HEA_00073,Health,Division of Disease Surveillance and Response urges residents of Vihiga County to avoid contact with contaminated water sources following a rise in reported measles cases.,Idara ya Ufuatiliaji na Jibu la Magonjwa inawahimiza wakazi wa Kaunti ya Vihiga waepuke kuwasiliana na vyanzo vya maji vilivyochafuliwa baada ya ongezeko la visa vya kuambukizwa vya kuambukiza.
HEA_00074,Health,Ministry of Health reminds the public that free cholera screening is available at all public health centres in Kirinyaga County this June.,Wizara ya Afya inawakumbusha umma kwamba uchunguzi wa bure wa cholera unapatikana katika vituo vyote vya afya ya umma katika Kaunti ya Kirinyaga Juni hii.
HEA_00075,Health,Notice: KEMRI confirms a malaria outbreak alert for Migori County. Residents are advised to report any suspected cases to community health volunteers.,Taarifa: KEMRI inathibitisha tahadhari ya mlipuko wa malaria kwa Kaunti ya Migori. Wakazi wanashauriwa kuripoti visa vyovyote vinavyodhaniwa kwa wajitolea wa afya ya jamii.
HEA_00076,Health,Public health advisory: Kenya Medical Association warns of increased measles risk in Busia County and advises the public to complete the full recommended vaccination dose.,Ushauri wa afya ya umma: Chama cha Matibabu cha Kenya kinaonya juu ya kuongezeka kwa hatari ya kuugua ugonjwa wa saratani katika Kaunti ya Busia na inashauri umma kukamilisha kipimo kamili cha chanjo kilichopendekezwa.
HEA_00077,Health,KEMSA reminds the public that free measles screening is available at all public health centres in Uasin Gishu County this January.,KEMSA inawakumbusha umma kwamba uchunguzi wa bure wa ugonjwa wa saratani unapatikana katika vituo vyote vya afya ya umma katika Kaunti ya Uasin Gishu Januari hii.
HEA_00078,Health,Notice: Kenya Medical Association confirms a tuberculosis outbreak alert for Homa Bay County. Residents are advised to report any suspected cases to community health volunteers.,Taarifa: Chama cha Matibabu cha Kenya kinathibitisha tahadhari ya mlipuko wa kifua kikuu kwa Wilaya ya Homa Bay. Wakazi wanashauriwa kuripoti kesi yoyote inayoshukiwa kwa wajitolea wa afya wa jamii.
HEA_00079,Health,SHA (Social Health Authority) reminds the public that free Rift Valley Fever screening is available at all public health centres in Samburu County this January.,Shirika la Afya ya Jamii (SHA) linakumbusha umma kwamba uchunguzi wa bure wa Rift Valley Fever unapatikana katika vituo vyote vya afya ya umma katika Kaunti ya Samburu Januari hii.
HEA_00080,Health,KEMRI reminds the public that free typhoid screening is available at all public health centres in Baringo County this June.,KEMRI inawakumbusha umma kwamba uchunguzi wa bure wa ugonjwa wa kifua kikuu unapatikana katika vituo vyote vya afya ya umma katika Kaunti ya Baringo mwezi huu Juni.
HEA_00081,Health,KEMRI reminds the public that free tuberculosis screening is available at all public health centres in Kwale County this November.,KEMRI inawakumbusha umma kwamba uchunguzi wa bure wa kifua kikuu unapatikana katika vituo vyote vya afya ya umma katika Kaunti ya Kwale mwezi huu wa Novemba.
HEA_00082,Health,Division of Disease Surveillance and Response calls on parents in Nyandarua County to have children under five screened for typhoid during the February outreach.,Idara ya Ufuatiliaji na Jibu la Magonjwa inawaomba wazazi katika Kaunti ya Nyandarua kuwa na watoto chini ya miaka mitano kuchunguzwa kwa ugonjwa wa kifua kikuu wakati wa huduma ya Februari.
HEA_00083,Health,Notice: CDC confirms a dengue fever outbreak alert for Trans Nzoia County. Residents are advised to report any suspected cases to community health volunteers.,Taarifa: CDC inathibitisha tahadhari ya kuzuka kwa homa ya dengue kwa Kaunti ya Trans Nzoia. Wakazi wanashauriwa kuripoti visa vyovyote vinavyotarajiwa kwa wajitolea wa afya ya jamii.
HEA_00084,Health,SHA (Social Health Authority) urges residents of Makueni County to report any suspected cases to community health volunteers following a rise in reported meningitis cases.,Shirika la Afya ya Jamii (SHA) linawahimiza wakazi wa Kaunti ya Makueni kuripoti visa vyovyote vinavyoshukiwa kwa wajitoleaji wa afya ya jamii kufuatia ongezeko la visa vilivyoripotiwa vya meningitis.
HEA_00085,Health,SHA (Social Health Authority) urges residents of Bungoma County to report any suspected cases to community health volunteers following a rise in reported HIV/AIDS cases.,Shirika la Afya ya Jamii (SHA) linawahimiza wakazi wa Kaunti ya Bungoma kuripoti visa vyovyote vinavyoshukiwa kwa wajitoleaji wa afya ya jamii kufuatia ongezeko la visa vilivyoripotiwa vya VVU/UKIMWI.
HEA_00086,Health,CDC calls on parents in Wajir County to have children under five screened for meningitis during the July outreach.,CDC inawaomba wazazi katika Kaunti ya Wajir kuwa na watoto chini ya miaka mitano wachunguzwe kwa ajili ya meningitis wakati wa mkutano wa Julai.
HEA_00087,Health,Kenya Red Cross reminds the public that free cyclosporiasis screening is available at all public health centres in Kilifi County this December.,Msalaba Mwekundu wa Kenya unakumbusha umma kwamba uchunguzi wa bure wa cyclosporiasis unapatikana katika vituo vyote vya afya ya umma katika Kaunti ya Kilifi Desemba hii.
HEA_00088,Health,CDC urges residents of Kericho County to report any suspected cases to community health volunteers following a rise in reported tuberculosis cases.,CDC inawasihi wakazi wa Kaunti ya Kericho kuripoti visa vyovyote vinavyoshukiwa kwa wajitoleaji wa afya ya jamii kufuatia ongezeko la visa vya kifua kikuu vilivyoripotiwa.
HEA_00089,Health,SHA (Social Health Authority) calls on parents in Homa Bay County to have children under five screened for meningitis during the June outreach.,Shirika la Afya ya Jamii (SHA) linaomba wazazi katika jimbo la Homa Bay wafanye uchunguzi wa watoto chini ya miaka mitano kwa ajili ya meningitis wakati wa uchunguzi wa Juni.
HEA_00090,Health,Notice: SHA (Social Health Authority) confirms a dengue fever outbreak alert for Nairobi County. Residents are advised to report any suspected cases to community health volunteers.,Taarifa: Shirika la Afya ya Jamii (SHA) linathibitisha tahadhari ya kuzuka kwa homa ya dengue kwa Kaunti ya Nairobi. Wakazi wanashauriwa kuripoti visa vyovyote vinavyoshukiwa kwa wajitoleaji wa afya wa jamii.
HEA_00091,Health,Division of Disease Surveillance and Response calls on parents in Trans Nzoia County to have children under five screened for typhoid during the December outreach.,Idara ya Ufuatiliaji na Jibu la Magonjwa inaomba wazazi katika Kaunti ya Trans Nzoia kuwa na watoto chini ya miaka mitano kuchunguzwa kwa ugonjwa wa kifua kikuu wakati wa huduma ya Desemba.
HEA_00092,Health,Public health advisory: KEMSA warns of increased cyclosporiasis risk in Tharaka-Nithi County and advises the public to complete the full recommended vaccination dose.,Ushauri wa afya ya umma: KEMSA inaonya juu ya kuongezeka kwa hatari ya cyclosporiasis katika Kaunti ya Tharaka-Nithi na inashauri umma kukamilisha kipimo kamili cha chanjo kilichopendekezwa.
HEA_00093,Health,Public health advisory: Kenya Red Cross warns of increased cholera risk in Trans Nzoia County and advises the public to report any suspected cases to community health volunteers.,Ushauri wa afya ya umma: Msalaba Mwekundu wa Kenya unaonya juu ya kuongezeka kwa hatari ya kipindupindu katika Kaunti ya Trans Nzoia na anashauri umma kuripoti visa vyovyote vinavyoshukiwa kwa wajitoleaji wa afya ya jamii.
HEA_00094,Health,Notice: KEMRI confirms a meningitis outbreak alert for Elgeyo-Marakwet County. Residents are advised to report any suspected cases to community health volunteers.,Kumbuka: KEMRI inathibitisha tahadhari ya mlipuko wa meningitis kwa Kaunti ya Elgeyo-Marakwet. Wakazi wanashauriwa kuripoti kesi yoyote inayoshukiwa kwa wajitolea wa afya ya jamii.
HEA_00095,Health,Ministry of Health - Reproductive Health Unit calls on parents in Nandi County to have children under five screened for tuberculosis during the November outreach.,Wizara ya Afya - Kitengo cha Afya ya Kuzaliana kinawaomba wazazi katika Kaunti ya Nandi kuwachunguza watoto walio chini ya miaka mitano kwa ugonjwa wa kifua kikuu wakati wa kampeni ya Novemba.
HEA_00096,Health,Public health advisory: Ministry of Health - Reproductive Health Unit warns of increased malaria risk in Isiolo County and advises the public to report any suspected cases to community health volunteers.,Ushauri wa afya ya umma: Wizara ya Afya - Kitengo cha Afya ya Kuzaa inaonya juu ya kuongezeka kwa hatari ya malaria katika Kaunti ya Isiolo na inashauri umma kuripoti visa vyovyote vinavyoshukiwa kwa wajitoleaji wa afya ya jamii.
HEA_00097,Health,Public health advisory: Division of Disease Surveillance and Response warns of increased typhoid risk in Taita-Taveta County and advises the public to complete the full recommended vaccination dose.,Ushauri wa afya ya umma: Idara ya Ufuatiliaji na Jibu la Magonjwa inaonya juu ya kuongezeka kwa hatari ya kifua kikuu katika Wilaya ya Taita-Taveta na inashauri umma kukamilisha kipimo kamili cha chanjo kilichopendekezwa.
HEA_00098,Health,KEMSA reminds the public that free tuberculosis screening is available at all public health centres in Kwale County this January.,KEMSA inawakumbusha umma kwamba uchunguzi wa bure wa kifua kikuu unapatikana katika vituo vyote vya afya ya umma katika Kaunti ya Kwale Januari hii.
HEA_00099,Health,SHA (Social Health Authority) calls on parents in Baringo County to have children under five screened for meningitis during the July outreach.,Shirika la Afya ya Jamii (SHA) linaomba wazazi katika Kaunti ya Baringo kuwa na watoto chini ya miaka mitano wachunguzwe kwa ajili ya meningitis wakati wa mkutano wa Julai.
HEA_00100,Health,Kenya Medical Association reminds the public that free tuberculosis screening is available at all public health centres in Nakuru County this July.,Chama cha Matibabu cha Kenya kinakumbusha umma kwamba uchunguzi wa bure wa kifua kikuu unapatikana katika vituo vyote vya afya ya umma katika Kaunti ya Nakuru Julai hii.
HEA_00101,Health,Ministry of Health reminds the public that free tuberculosis screening is available at all public health centres in Garissa County this July.,Wizara ya Afya inawakumbusha umma kwamba uchunguzi wa bure wa kifua kikuu unapatikana katika vituo vyote vya afya ya umma katika Kaunti ya Garissa Julai hii.
HEA_00102,Health,CDC reminds the public that free dengue fever screening is available at all public health centres in Baringo County this January.,CDC inakumbusha umma kwamba uchunguzi wa bure wa homa ya dengue unapatikana katika vituo vyote vya afya ya umma katika Kaunti ya Baringo Januari hii.
HEA_00103,Health,SHA (Social Health Authority) reminds the public that free Rift Valley Fever screening is available at all public health centres in Baringo County this March.,Shirika la Afya ya Jamii (SHA) linakumbusha umma kwamba uchunguzi wa bure wa Rift Valley Fever unapatikana katika vituo vyote vya afya ya umma katika Kaunti ya Baringo mwezi huu wa Machi.
HEA_00104,Health,Public health advisory: CDC warns of increased Rift Valley Fever risk in Bungoma County and advises the public to use insecticide-treated mosquito nets every night.,Ushauri wa afya ya umma: CDC inaonya juu ya kuongezeka kwa hatari ya homa ya Rift Valley katika Kaunti ya Bungoma na inashauri umma kutumia mitungi ya mbu iliyoshughulikiwa na dawa za wadudu kila usiku.
HEA_00105,Health,Public health advisory: Kenya Medical Association warns of increased measles risk in Bomet County and advises the public to avoid contact with contaminated water sources.,Ushauri wa afya ya umma: Shirika la Matibabu la Kenya linaonya juu ya kuongezeka kwa hatari ya kuugua ugonjwa wa saratani katika Kaunti ya Bomet na linawashauri umma waepuke kuwasiliana na vyanzo vya maji vilivyochafuliwa.
HEA_00106,Health,Kenya Red Cross calls on parents in Machakos County to have children under five screened for typhoid during the November outreach.,Msalaba Mwekundu wa Kenya unawataka wazazi katika Kaunti ya Machakos kuwachunguza watoto walio chini ya miaka mitano kwa ajili ya ugonjwa wa kifua kikuu wakati wa kampeni ya Novemba.
HEA_00107,Health,Public health advisory: Ministry of Health - Reproductive Health Unit warns of increased typhoid risk in Siaya County and advises the public to avoid contact with contaminated water sources.,Ushauri wa afya ya umma: Wizara ya Afya - Kitengo cha Afya ya uzazi inaonya juu ya kuongezeka kwa hatari ya kifua kikuu katika Kaunti ya Siaya na inashauri umma waepuke kuwasiliana na vyanzo vya maji vilivyochafuliwa.
HEA_00108,Health,Kenya Red Cross urges residents of Machakos County to report any suspected cases to community health volunteers following a rise in reported HIV/AIDS cases.,Msalaba Mwekundu wa Kenya unawahimiza wakazi wa Kaunti ya Machakos kuripoti visa vyovyote vinavyoshukiwa kwa wajitoleaji wa afya ya jamii kufuatia ongezeko la visa vilivyoripotiwa vya VVU/UKIMWI.
HEA_00109,Health,Public health advisory: SHA (Social Health Authority) warns of increased tuberculosis risk in Mandera County and advises the public to avoid contact with contaminated water sources.,Ushauri wa afya ya umma: Shirika la Afya ya Jamii (SHA) linaonya juu ya kuongezeka kwa hatari ya kifua kikuu katika Kaunti ya Mandera na linawashauri umma waepuke kuwasiliana na vyanzo vya maji vilivyochafuliwa.
HEA_00110,Health,KEMRI reminds the public that free cyclosporiasis screening is available at all public health centres in Lamu County this July.,KEMRI inawakumbusha umma kwamba uchunguzi wa bure wa cyclosporiasis unapatikana katika vituo vyote vya afya ya umma katika Kaunti ya Lamu Julai hii.
HEA_00111,Health,Notice: CDC confirms a cholera outbreak alert for Baringo County. Residents are advised to complete the full recommended vaccination dose.,Taarifa: CDC inathibitisha tahadhari ya mlipuko wa kipindupindu kwa Wilaya ya Baringo. Wakazi wanashauriwa kukamilisha kipimo kamili cha chanjo kilichopendekezwa.
HEA_00112,Health,Kenya Medical Association calls on parents in Vihiga County to have children under five screened for cholera during the December outreach.,Shirika la Matibabu la Kenya linawasihi wazazi katika Kaunti ya Vihiga kuwachunguza watoto walio chini ya miaka mitano kwa ajili ya kipindupindu wakati wa kampeni ya Desemba.
HEA_00113,Health,Public health advisory: Kenya Medical Association warns of increased HIV/AIDS risk in Laikipia County and advises the public to report any suspected cases to community health volunteers.,Ushauri wa afya ya umma: Chama cha Matibabu cha Kenya kinaonya juu ya kuongezeka kwa hatari ya VVU / UKIMWI katika Kaunti ya Laikipia na inashauri umma kuripoti visa vyovyote vinavyoshukiwa kwa wajitoleaji wa afya wa jamii.
HEA_00114,Health,Kenya Medical Association calls on parents in Kericho County to have children under five screened for dengue fever during the December outreach.,Shirika la Matibabu la Kenya linawasihi wazazi katika Kaunti ya Kericho kuwachunguza watoto walio chini ya miaka mitano kwa ajili ya homa ya dengue wakati wa mkutano wa Desemba.
HEA_00115,Health,Public health advisory: KEMRI warns of increased typhoid risk in Nakuru County and advises the public to avoid contact with contaminated water sources.,Ushauri wa afya ya umma: KEMRI inaonya juu ya kuongezeka kwa hatari ya kifua kikuu katika Kaunti ya Nakuru na inashauri umma waepuke kuwasiliana na vyanzo vya maji vilivyochafuliwa.
HEA_00116,Health,Ministry of Health calls on parents in Samburu County to have children under five screened for cyclosporiasis during the June outreach.,Wizara ya Afya inawaomba wazazi katika Kaunti ya Samburu kuwachunguza watoto walio chini ya miaka mitano kwa ugonjwa wa cyclosporiasis wakati wa uchunguzi wa Juni.
HEA_00117,Health,Ministry of Health - Reproductive Health Unit reminds the public that free dengue fever screening is available at all public health centres in Mandera County this October.,Wizara ya Afya - Kitengo cha Afya ya Uzazi kinakumbusha umma kwamba uchunguzi wa bure wa homa ya dengue unapatikana katika vituo vyote vya afya ya umma katika Kaunti ya Mandera mwezi wa Oktoba huu.
HEA_00118,Health,Kenya Medical Association urges residents of Vihiga County to seek immediate testing at the nearest health facility following a rise in reported cholera cases.,Shirika la Matibabu la Kenya linawahimiza wakazi wa Kaunti ya Vihiga kutafuta upimaji wa haraka katika kituo cha afya kilicho karibu zaidi baada ya ongezeko la visa vya kipindupindu vilivyoripotiwa.
HEA_00119,Health,KEMSA calls on parents in Baringo County to have children under five screened for cholera during the March outreach.,KEMSA inawaomba wazazi katika Kaunti ya Baringo kuwachunguza watoto walio chini ya miaka mitano kwa ajili ya kipindupindu wakati wa kampeni ya Machi.
HEA_00120,Health,Notice: Kenya Medical Association confirms a Rift Valley Fever outbreak alert for Murang'a County. Residents are advised to report any suspected cases to community health volunteers.,Taarifa: Chama cha Matibabu cha Kenya kinathibitisha tahadhari ya mlipuko wa homa ya Rift Valley kwa Kaunti ya Murang'a. Wakazi wanashauriwa kuripoti visa vyovyote vinavyotarajiwa kwa wajitolea wa afya wa jamii.
HEA_00121,Health,Notice: Kenya Medical Association confirms a typhoid outbreak alert for Nyandarua County. Residents are advised to seek immediate testing at the nearest health facility.,Taarifa: Chama cha Matibabu cha Kenya kinathibitisha tahadhari ya mlipuko wa kifua kikuu kwa Kaunti ya Nyandarua. Wakazi wanashauriwa kutafuta upimaji wa haraka katika kituo cha afya cha karibu.
HEA_00122,Health,Ministry of Health calls on parents in Kericho County to have children under five screened for HIV/AIDS during the January outreach.,Wizara ya Afya inawaomba wazazi katika Kaunti ya Kericho kuwa na watoto chini ya miaka mitano kuchunguzwa virusi vya UKIMWI wakati wa kampeni ya Januari.
HEA_00123,Health,SHA (Social Health Authority) reminds the public that free cholera screening is available at all public health centres in Kisumu County this January.,Shirika la Afya ya Jamii (SHA) linakumbusha umma kwamba uchunguzi wa bure wa cholera unapatikana katika vituo vyote vya afya ya umma katika Kaunti ya Kisumu Januari hii.
HEA_00124,Health,KEMRI reminds the public that free measles screening is available at all public health centres in Kwale County this October.,KEMRI inawakumbusha umma kwamba uchunguzi wa bure wa ugonjwa wa saratani unapatikana katika vituo vyote vya afya ya umma katika Kaunti ya Kwale mwezi huu wa Oktoba.
HEA_00125,Health,KEMSA reminds the public that free malaria screening is available at all public health centres in Laikipia County this November.,KEMSA inawakumbusha umma kwamba uchunguzi wa malaria wa bure unapatikana katika vituo vyote vya afya ya umma katika Kaunti ya Laikipia mwezi huu wa Novemba.
HEA_00126,Health,Public health advisory: KEMRI warns of increased typhoid risk in Baringo County and advises the public to report any suspected cases to community health volunteers.,Ushauri wa afya ya umma: KEMRI inaonya juu ya kuongezeka kwa hatari ya kifua kikuu katika Kaunti ya Baringo na inashauri umma kuripoti visa vyovyote vinavyodhaniwa kwa wajitolea wa afya ya jamii.
HEA_00127,Health,SHA (Social Health Authority) reminds the public that free malaria screening is available at all public health centres in Isiolo County this May.,Shirika la Afya ya Jamii (SHA) linakumbusha umma kwamba uchunguzi wa malaria wa bure unapatikana katika vituo vyote vya afya ya umma katika Kaunti ya Isiolo Mei hii.
HEA_00128,Health,Public health advisory: Ministry of Health warns of increased cyclosporiasis risk in Kirinyaga County and advises the public to avoid contact with contaminated water sources.,Ushauri wa afya ya umma: Wizara ya Afya inaonya juu ya kuongezeka kwa hatari ya cyclosporiasis katika Kaunti ya Kirinyaga na inashauri umma waepuke kuwasiliana na vyanzo vya maji vilivyochafuliwa.
HEA_00129,Health,SHA (Social Health Authority) reminds the public that free tuberculosis screening is available at all public health centres in Vihiga County this December.,Shirika la Afya ya Jamii (SHA) linakumbusha umma kwamba uchunguzi wa bure wa kifua kikuu unapatikana katika vituo vyote vya afya ya umma katika Kaunti ya Vihiga Desemba hii.
HEA_00130,Health,Kenya Red Cross urges residents of Migori County to use insecticide-treated mosquito nets every night following a rise in reported malaria cases.,Msalaba Mwekundu wa Kenya unawahimiza wakazi wa Wilaya ya Migori watumie mitungi ya mbu kila usiku baada ya ongezeko la visa vya malaria vilivyoripotiwa.
HEA_00131,Health,Division of Disease Surveillance and Response urges residents of Kericho County to seek immediate testing at the nearest health facility following a rise in reported HIV/AIDS cases.,Idara ya Ufuatiliaji na Jibu la Magonjwa inawahimiza wakazi wa Kaunti ya Kericho kutafuta upimaji wa haraka katika kituo cha afya cha karibu baada ya ongezeko la visa vya UKIMWI/UKIMWI vilivyoripotiwa.
HEA_00132,Health,Public health advisory: Division of Disease Surveillance and Response warns of increased Rift Valley Fever risk in Mombasa County and advises the public to seek immediate testing at the nearest health facility.,Ushauri wa afya ya umma: Idara ya Ufuatiliaji na Jibu la Magonjwa inaonya juu ya kuongezeka kwa hatari ya homa ya Rift Valley katika Kaunti ya Mombasa na inashauri umma kutafuta upimaji wa haraka katika kituo cha afya cha karibu.
HEA_00133,Health,Division of Disease Surveillance and Response calls on parents in Siaya County to have children under five screened for measles during the August outreach.,Idara ya Ufuatiliaji na Jibu la Magonjwa inawaomba wazazi katika Kaunti ya Siaya kuwa na watoto chini ya miaka mitano wachunguzwe kwa ajili ya kuambukizwa ugonjwa wa saratani wakati wa shughuli za Agosti.
HEA_00134,Health,KEMSA calls on parents in Nairobi County to have children under five screened for typhoid during the September outreach.,KEMSA inawaomba wazazi katika Kaunti ya Nairobi kuwachunguza watoto walio chini ya miaka mitano kwa ajili ya ugonjwa wa kifua kikuu wakati wa kampeni ya Septemba.
HEA_00135,Health,Public health advisory: CDC warns of increased cyclosporiasis risk in Laikipia County and advises the public to use insecticide-treated mosquito nets every night.,Ushauri wa afya ya umma: CDC inaonya juu ya kuongezeka kwa hatari ya cyclosporiasis katika Kaunti ya Laikipia na inashauri umma watumie mitungi ya mbu inayoshughulikiwa na dawa za wadudu kila usiku.
HEA_00136,Health,Notice: Division of Disease Surveillance and Response confirms a typhoid outbreak alert for Machakos County. Residents are advised to avoid contact with contaminated water sources.,Taarifa: Idara ya Ufuatiliaji na Jibu la Magonjwa inathibitisha tahadhari ya mlipuko wa ugonjwa wa typhoid kwa Kaunti ya Machakos. Wakazi wanashauriwa kuepuka kuwasiliana na vyanzo vya maji vilivyochafuliwa.
HEA_00137,Health,Ministry of Health - Reproductive Health Unit reminds the public that free cyclosporiasis screening is available at all public health centres in Kakamega County this October.,Wizara ya Afya - Kitengo cha Afya ya Uzazi kinakumbusha umma kwamba uchunguzi wa bure wa cyclosporiasis unapatikana katika vituo vyote vya afya ya umma katika Kaunti ya Kakamega mwezi Oktoba huu.
HEA_00138,Health,Notice: Ministry of Health confirms a measles outbreak alert for Nakuru County. Residents are advised to avoid contact with contaminated water sources.,Taarifa: Wizara ya Afya inathibitisha tahadhari ya kuzuka kwa ugonjwa wa saratani kwa Kaunti ya Nakuru. Wakazi wanashauriwa kuepuka kuwasiliana na vyanzo vya maji vilivyochafuliwa.
HEA_00139,Health,Division of Disease Surveillance and Response reminds the public that free typhoid screening is available at all public health centres in Makueni County this June.,Idara ya Ufuatiliaji na Jibu la Magonjwa inakumbusha umma kwamba uchunguzi wa bure wa ugonjwa wa kifua kikuu unapatikana katika vituo vyote vya afya ya umma katika Kaunti ya Makueni mwezi Juni.
HEA_00140,Health,Public health advisory: Kenya Red Cross warns of increased dengue fever risk in Bomet County and advises the public to complete the full recommended vaccination dose.,Ushauri wa afya ya umma: Msalaba Mwekundu wa Kenya unaonya juu ya kuongezeka kwa hatari ya homa ya dengue katika Kaunti ya Bomet na anashauri umma kukamilisha kipimo kamili cha chanjo kilichopendekezwa.
HEA_00141,Health,KEMRI urges residents of Nairobi County to use insecticide-treated mosquito nets every night following a rise in reported Rift Valley Fever cases.,KEMRI inawahimiza wakazi wa Kaunti ya Nairobi watumie mitungi ya mbu kila usiku baada ya ongezeko la visa vya Rift Valley Fever vilivyoripotiwa.
HEA_00142,Health,Ministry of Health - Reproductive Health Unit reminds the public that free Rift Valley Fever screening is available at all public health centres in Kisumu County this December.,Wizara ya Afya - Kitengo cha Afya ya Kuzaliana kinakumbusha umma kwamba uchunguzi wa bure wa homa ya Rift Valley unapatikana katika vituo vyote vya afya ya umma katika Kaunti ya Kisumu Desemba hii.
HEA_00143,Health,Ministry of Health calls on parents in Taita-Taveta County to have children under five screened for tuberculosis during the May outreach.,Wizara ya Afya inawaomba wazazi katika Wilaya ya Taita-Taveta kuwa na watoto chini ya miaka mitano wachunguzwe kwa ugonjwa wa kifua kikuu wakati wa kampeni ya Mei.
HEA_00144,Health,KEMRI calls on parents in Kirinyaga County to have children under five screened for meningitis during the November outreach.,KEMRI inawaomba wazazi katika Kaunti ya Kirinyaga kuwachunguza watoto walio chini ya miaka mitano kwa ajili ya meningitis wakati wa kampeni ya Novemba.
HEA_00145,Health,Notice: Ministry of Health - Reproductive Health Unit confirms a HIV/AIDS outbreak alert for Bomet County. Residents are advised to avoid contact with contaminated water sources.,Taarifa: Wizara ya Afya - Kitengo cha Afya ya Kuzaliana kinathibitisha tahadhari ya mlipuko wa VVU/UKIMWI kwa Kaunti ya Bomet. Wakazi wanashauriwa kuepuka kuwasiliana na vyanzo vya maji vilivyochafuliwa.
HEA_00146,Health,Public health advisory: Division of Disease Surveillance and Response warns of increased Rift Valley Fever risk in Turkana County and advises the public to report any suspected cases to community health volunteers.,Ushauri wa afya ya umma: Idara ya Ufuatiliaji na Jibu la Magonjwa inaonya juu ya kuongezeka kwa hatari ya homa ya Rift Valley katika Kaunti ya Turkana na inashauri umma kuripoti visa vyovyote vinavyoshukiwa kwa wajitoleaji wa afya ya jamii.
HEA_00147,Health,Notice: Kenya Red Cross confirms a tuberculosis outbreak alert for Kitui County. Residents are advised to report any suspected cases to community health volunteers.,Taarifa: Msalaba Mwekundu wa Kenya unathibitisha tahadhari ya mlipuko wa kifua kikuu kwa Wilaya ya Kitui. Wakazi wanashauriwa kuripoti visa vyovyote vinavyoshukiwa kwa wajitoleaji wa afya ya jamii.
HEA_00148,Health,CDC urges residents of Kisii County to complete the full recommended vaccination dose following a rise in reported tuberculosis cases.,CDC inahimiza wakazi wa Kaunti ya Kisii kukamilisha kipimo kamili cha chanjo kilichopendekezwa kufuatia ongezeko la visa vya kifua kikuu vilivyoripotiwa.
HEA_00149,Health,Kenya Red Cross calls on parents in Nairobi County to have children under five screened for dengue fever during the October outreach.,Msalaba Mwekundu wa Kenya unawataka wazazi katika Kaunti ya Nairobi kuwachunguza watoto walio chini ya miaka mitano kwa ajili ya homa ya dengue wakati wa kampeni ya Oktoba.
HEA_00150,Health,Public health advisory: Kenya Red Cross warns of increased typhoid risk in Garissa County and advises the public to complete the full recommended vaccination dose.,Ushauri wa afya ya umma: Msalaba Mwekundu wa Kenya unaonya juu ya kuongezeka kwa hatari ya kifua kikuu katika Kaunti ya Garissa na anashauri umma kukamilisha kipimo kamili cha chanjo kilichopendekezwa.
HEA_00151,Health,Notice: KEMSA confirms a dengue fever outbreak alert for Kirinyaga County. Residents are advised to complete the full recommended vaccination dose.,Taarifa: KEMSA inathibitisha tahadhari ya kuzuka kwa homa ya dengue kwa Kaunti ya Kirinyaga. Wakazi wanashauriwa kukamilisha kipimo kamili cha chanjo kilichopendekezwa.
HEA_00152,Health,Notice: Ministry of Health confirms a typhoid outbreak alert for Tana River County. Residents are advised to complete the full recommended vaccination dose.,Taarifa: Wizara ya Afya inathibitisha tahadhari ya mlipuko wa kifua kikuu kwa Wilaya ya Tana River. Wakazi wanashauriwa kukamilisha kipimo kamili cha chanjo kilichopendekezwa.
HEA_00153,Health,SHA (Social Health Authority) calls on parents in Mombasa County to have children under five screened for typhoid during the October outreach.,Shirika la Afya ya Jamii (SHA) linawasihi wazazi katika Kaunti ya Mombasa kuwachunguza watoto walio chini ya miaka mitano kwa ajili ya ugonjwa wa kifua kikuu wakati wa mkutano wa Oktoba.
HEA_00154,Health,Ministry of Health - Reproductive Health Unit calls on parents in Nandi County to have children under five screened for measles during the June outreach.,Wizara ya Afya - Kitengo cha Afya ya Kuzaliana kinawaomba wazazi katika Kaunti ya Nandi kuwachunguza watoto walio chini ya umri wa miaka mitano kwa ugonjwa wa saratani wakati wa kampeni ya Juni.
HEA_00155,Health,Kenya Red Cross urges residents of Laikipia County to avoid contact with contaminated water sources following a rise in reported malaria cases.,Msalaba Mwekundu wa Kenya unawahimiza wakazi wa Kaunti ya Laikipia waepuke kuwasiliana na vyanzo vya maji vilivyochafuliwa baada ya ongezeko la visa vya malaria vilivyoripotiwa.
HEA_00156,Health,SHA (Social Health Authority) calls on parents in Kakamega County to have children under five screened for cholera during the November outreach.,Shirika la Afya ya Jamii (SHA) linawasihi wazazi katika Kaunti ya Kakamega kuwachunguza watoto walio chini ya umri wa miaka mitano kwa ajili ya kipindupindu wakati wa kampeni ya Novemba.
HEA_00157,Health,KEMSA reminds the public that free malaria screening is available at all public health centres in Kakamega County this May.,KEMSA inawakumbusha umma kwamba uchunguzi wa malaria wa bure unapatikana katika vituo vyote vya afya ya umma katika Kaunti ya Kakamega Mei hii.
HEA_00158,Health,SHA (Social Health Authority) reminds the public that free meningitis screening is available at all public health centres in Bomet County this July.,Shirika la Afya ya Jamii (SHA) linakumbusha umma kwamba uchunguzi wa bure wa meningitis unapatikana katika vituo vyote vya afya ya umma katika Kaunti ya Bomet mwezi huu Julai.
HEA_00159,Health,Public health advisory: KEMRI warns of increased Rift Valley Fever risk in Kajiado County and advises the public to avoid contact with contaminated water sources.,Ushauri wa afya ya umma: KEMRI inaonya juu ya kuongezeka kwa hatari ya homa ya Rift Valley katika Kajiado County na inashauri umma waepuke kuwasiliana na vyanzo vya maji vilivyochafuliwa.
HEA_00160,Health,Notice: Kenya Medical Association confirms a meningitis outbreak alert for Kirinyaga County. Residents are advised to seek immediate testing at the nearest health facility.,Taarifa: Chama cha Matibabu cha Kenya kinathibitisha tahadhari ya mlipuko wa meningitis kwa Kaunti ya Kirinyaga. Wakazi wanashauriwa kutafuta upimaji wa papo hapo katika kituo cha afya cha karibu.
HEA_00161,Health,Public health advisory: SHA (Social Health Authority) warns of increased tuberculosis risk in Embu County and advises the public to report any suspected cases to community health volunteers.,Ushauri wa afya ya umma: SHA (Shirika la Afya ya Jamii) linaonya juu ya kuongezeka kwa hatari ya kifua kikuu katika Kaunti ya Embu na inashauri umma kuripoti visa vyovyote vinavyotarajiwa kwa wajitoleaji wa afya ya jamii.
HEA_00162,Health,KEMSA urges residents of Machakos County to seek immediate testing at the nearest health facility following a rise in reported dengue fever cases.,KEMSA inawasihi wakazi wa Kaunti ya Machakos kutafuta upimaji wa haraka katika kituo cha afya cha karibu baada ya ongezeko la visa vya homa ya dengue vilivyoripotiwa.
HEA_00163,Health,Ministry of Health reminds the public that free meningitis screening is available at all public health centres in Uasin Gishu County this August.,Wizara ya Afya inawakumbusha umma kwamba uchunguzi wa bure wa meningitis unapatikana katika vituo vyote vya afya ya umma katika Kaunti ya Uasin Gishu Agosti hii.
HEA_00164,Health,Kenya Red Cross calls on parents in Kilifi County to have children under five screened for typhoid during the April outreach.,Msalaba Mwekundu wa Kenya unawataka wazazi katika Kaunti ya Kilifi kuwachunguza watoto walio chini ya miaka mitano kwa ajili ya ugonjwa wa kifua kikuu wakati wa kampeni ya Aprili.
HEA_00165,Health,Notice: Ministry of Health - Reproductive Health Unit confirms a tuberculosis outbreak alert for Lamu County. Residents are advised to report any suspected cases to community health volunteers.,Taarifa: Wizara ya Afya - Kitengo cha Afya ya Uzazi kinathibitisha tahadhari ya mlipuko wa kifua kikuu kwa Kaunti ya Lamu. Wakazi wanashauriwa kuripoti kesi yoyote inayoshukiwa kwa wajitolea wa afya wa jamii.
HEA_00166,Health,Public health advisory: KEMRI warns of increased dengue fever risk in Elgeyo-Marakwet County and advises the public to complete the full recommended vaccination dose.,Ushauri wa afya ya umma: KEMRI inaonya juu ya kuongezeka kwa hatari ya homa ya dengue katika Kaunti ya Elgeyo-Marakwet na inashauri umma kukamilisha kipimo kamili cha chanjo kilichopendekezwa.
HEA_00167,Health,Kenya Red Cross reminds the public that free cholera screening is available at all public health centres in Marsabit County this February.,Msalaba Mwekundu wa Kenya unakumbusha umma kwamba uchunguzi wa bure wa cholera unapatikana katika vituo vyote vya afya ya umma katika Kaunti ya Marsabit Februari hii.
HEA_00168,Health,Kenya Red Cross reminds the public that free meningitis screening is available at all public health centres in Bungoma County this December.,Msalaba Mwekundu wa Kenya unakumbusha umma kwamba uchunguzi wa bure wa meningitis unapatikana katika vituo vyote vya afya ya umma katika Kaunti ya Bungoma Desemba hii.
HEA_00169,Health,Notice: Ministry of Health - Reproductive Health Unit confirms a typhoid outbreak alert for Wajir County. Residents are advised to avoid contact with contaminated water sources.,Taarifa: Wizara ya Afya - Kitengo cha Afya ya Kuzaliana kinathibitisha tahadhari ya mlipuko wa ugonjwa wa kifua kikuu kwa Kaunti ya Wajir. Wakazi wanashauriwa kuepuka kuwasiliana na vyanzo vya maji vilivyochafuliwa.
HEA_00170,Health,Notice: CDC confirms a Rift Valley Fever outbreak alert for Kericho County. Residents are advised to seek immediate testing at the nearest health facility.,Taarifa: CDC inathibitisha tahadhari ya kuzuka kwa homa ya Rift Valley kwa Kaunti ya Kericho. Wakazi wanashauriwa kutafuta upimaji wa papo hapo katika kituo cha afya cha karibu.
HEA_00171,Health,Public health advisory: Ministry of Health warns of increased HIV/AIDS risk in Elgeyo-Marakwet County and advises the public to use insecticide-treated mosquito nets every night.,Ushauri wa Afya ya Umma: Wizara ya Afya inaonya juu ya kuongezeka kwa hatari ya VVU/UKIMWI katika Kaunti ya Elgeyo-Marakwet na inashauri umma watumie mitungi ya kuua wadudu kila usiku.
HEA_00172,Health,Notice: Ministry of Health confirms a meningitis outbreak alert for Taita-Taveta County. Residents are advised to use insecticide-treated mosquito nets every night.,Taarifa: Wizara ya Afya inathibitisha tahadhari ya mlipuko wa meningitis kwa Wilaya ya Taita-Taveta. Wakazi wanashauriwa kutumia nyuzi za mbu zinazoshughulikiwa na dawa za wadudu kila usiku.
HEA_00173,Health,Kenya Red Cross urges residents of Kakamega County to avoid contact with contaminated water sources following a rise in reported measles cases.,Msalaba Mwekundu wa Kenya unawahimiza wakazi wa Kaunti ya Kakamega waepuke kuwasiliana na vyanzo vya maji vilivyochafuliwa baada ya ongezeko la visa vya kuambukizwa masumbufu.
HEA_00174,Health,Public health advisory: Ministry of Health - Reproductive Health Unit warns of increased meningitis risk in Nyandarua County and advises the public to avoid contact with contaminated water sources.,Ushauri wa afya ya umma: Wizara ya Afya - Kitengo cha Afya ya uzazi inaonya juu ya kuongezeka kwa hatari ya meningitis katika Kaunti ya Nyandarua na inashauri umma waepuke kuwasiliana na vyanzo vya maji vilivyochafuliwa.
HEA_00175,Health,SHA (Social Health Authority) calls on parents in Laikipia County to have children under five screened for cyclosporiasis during the June outreach.,SHA (Shirika la Afya ya Jamii) linaomba wazazi katika Kaunti ya Laikipia kuwa na watoto chini ya miaka mitano kuchunguzwa kwa cyclosporiasis wakati wa huduma ya Juni.
HEA_00176,Health,Notice: Division of Disease Surveillance and Response confirms a measles outbreak alert for Homa Bay County. Residents are advised to report any suspected cases to community health volunteers.,Taarifa: Idara ya Ufuatiliaji na Jibu la Magonjwa inathibitisha tahadhari ya kuzuka kwa ugonjwa wa saratani kwa Wilaya ya Homa Bay. Wakazi wanashauriwa kuripoti visa vyovyote vinavyotarajiwa kwa wajitolea wa afya ya jamii.
HEA_00177,Health,Ministry of Health - Reproductive Health Unit calls on parents in Nyeri County to have children under five screened for cyclosporiasis during the November outreach.,Wizara ya Afya - Kitengo cha Afya ya Uzazi kinawaomba wazazi katika Kaunti ya Nyeri kuwa na watoto chini ya miaka mitano wachunguzwe kwa ajili ya ugonjwa wa cyclosporiasis wakati wa uchunguzi wa Novemba.
HEA_00178,Health,Public health advisory: Ministry of Health warns of increased HIV/AIDS risk in Baringo County and advises the public to report any suspected cases to community health volunteers.,Ushauri wa afya ya umma: Wizara ya Afya inaonya juu ya kuongezeka kwa hatari ya VVU / UKIMWI katika Kaunti ya Baringo na inashauri umma kuripoti visa vyovyote vinavyoshukiwa kwa wajitoleaji wa afya ya jamii.
HEA_00179,Health,Notice: SHA (Social Health Authority) confirms a cholera outbreak alert for Trans Nzoia County. Residents are advised to use insecticide-treated mosquito nets every night.,Taarifa: Shirika la Afya ya Jamii (SHA) linathibitisha tahadhari ya kuzuka kwa ugonjwa wa kipindupindu katika Kaunti ya Trans Nzoia. Wakazi wanashauriwa kutumia mitungi ya mbu iliyoshughulikiwa na dawa za wadudu kila usiku.
HEA_00180,Health,Kenya Medical Association calls on parents in Tana River County to have children under five screened for dengue fever during the April outreach.,Chama cha Matibabu cha Kenya kinawaomba wazazi katika Kaunti ya Tana River kuwachunguza watoto walio chini ya miaka mitano kwa ajili ya homa ya dengue wakati wa kampeni ya Aprili.
HEA_00181,Health,Notice: Ministry of Health - Reproductive Health Unit confirms a cholera outbreak alert for Siaya County. Residents are advised to complete the full recommended vaccination dose.,Taarifa: Wizara ya Afya - Kitengo cha Afya ya Uzazi kinathibitisha tahadhari ya mlipuko wa kipindupindu kwa Kaunti ya Siaya. Wakazi wanashauriwa kukamilisha kipimo kamili cha chanjo kilichopendekezwa.
HEA_00182,Health,Notice: CDC confirms a Rift Valley Fever outbreak alert for Mandera County. Residents are advised to avoid contact with contaminated water sources.,Taarifa: CDC inathibitisha tahadhari ya maambukizi ya Rift Valley Fever kwa Kaunti ya Mandera. Wakazi wanashauriwa kuepuka kuwasiliana na vyanzo vya maji vilivyochafuliwa.
HEA_00183,Health,Ministry of Health urges residents of Siaya County to complete the full recommended vaccination dose following a rise in reported tuberculosis cases.,Wizara ya Afya inawahimiza wakazi wa Kaunti ya Siaya kukamilisha kipimo kamili cha chanjo kilichopendekezwa kufuatia ongezeko la visa vya kifua kikuu vilivyoripotiwa.
HEA_00184,Health,Notice: CDC confirms a cyclosporiasis outbreak alert for Mombasa County. Residents are advised to seek immediate testing at the nearest health facility.,Taarifa: CDC inathibitisha tahadhari ya kuzuka kwa ugonjwa wa cyclosporiasis kwa Kaunti ya Mombasa. Wakazi wanashauriwa kutafuta upimaji wa papo hapo katika kituo cha afya cha karibu.
HEA_00185,Health,SHA (Social Health Authority) reminds the public that free measles screening is available at all public health centres in Baringo County this February.,Shirika la Afya ya Jamii (SHA) linakumbusha umma kwamba uchunguzi wa bure wa ugonjwa wa saratani unapatikana katika vituo vyote vya afya ya umma katika Kaunti ya Baringo Februari hii.
HEA_00186,Health,Kenya Red Cross calls on parents in Narok County to have children under five screened for typhoid during the December outreach.,Msalaba Mwekundu wa Kenya unawataka wazazi katika Kaunti ya Narok kuwachunguza watoto walio chini ya miaka mitano kwa ajili ya ugonjwa wa kifua kikuu wakati wa mkutano wa Desemba.
HEA_00187,Health,Ministry of Health - Reproductive Health Unit calls on parents in Laikipia County to have children under five screened for Rift Valley Fever during the April outreach.,Wizara ya Afya - Kitengo cha Afya ya Uzazi kinawaomba wazazi katika Kaunti ya Laikipia kuwachunguza watoto walio chini ya miaka mitano kwa ajili ya homa ya Bonde la Rift wakati wa kampeni ya Aprili.
HEA_00188,Health,Public health advisory: KEMSA warns of increased meningitis risk in Samburu County and advises the public to use insecticide-treated mosquito nets every night.,Ushauri wa afya ya umma: KEMSA inaonya juu ya kuongezeka kwa hatari ya meningitis katika Kaunti ya Samburu na inashauri umma kutumia nyuzi za mbu zinazotibiwa na dawa za wadudu kila usiku.
HEA_00189,Health,SHA (Social Health Authority) reminds the public that free HIV/AIDS screening is available at all public health centres in Nyandarua County this July.,Shirika la Afya ya Jamii (SHA) linakumbusha umma kwamba uchunguzi wa bure wa VVU/UKIMWI unapatikana katika vituo vyote vya afya ya umma katika Kaunti ya Nyandarua mwezi huu Julai.
HEA_00190,Health,Public health advisory: Kenya Red Cross warns of increased typhoid risk in Mombasa County and advises the public to use insecticide-treated mosquito nets every night.,Ushauri wa afya ya umma: Msalaba Mwekundu wa Kenya unaonya juu ya kuongezeka kwa hatari ya ugonjwa wa kifua kikuu katika Kaunti ya Mombasa na anashauri umma watumie mitungi ya mbu iliyoshughulikiwa na dawa za wadudu kila usiku.
HEA_00191,Health,Public health advisory: Ministry of Health - Reproductive Health Unit warns of increased dengue fever risk in Marsabit County and advises the public to avoid contact with contaminated water sources.,Ushauri wa afya ya umma: Wizara ya Afya - Kitengo cha Afya ya Uzazi inaonya juu ya kuongezeka kwa hatari ya homa ya dengue katika Kaunti ya Marsabit na inawashauri umma waepuke kuwasiliana na vyanzo vya maji vilivyochafuliwa.
HEA_00192,Health,Notice: Division of Disease Surveillance and Response confirms a cyclosporiasis outbreak alert for Bomet County. Residents are advised to avoid contact with contaminated water sources.,Taarifa: Idara ya Ufuatiliaji na Jibu la Magonjwa inathibitisha tahadhari ya mlipuko wa cyclosporiasis kwa Kaunti ya Bomet. Wakazi wanashauriwa kuepuka kuwasiliana na vyanzo vya maji vilivyochafuliwa.
HEA_00193,Health,Notice: KEMRI confirms a meningitis outbreak alert for Kisii County. Residents are advised to avoid contact with contaminated water sources.,Kumbuka: KEMRI inathibitisha tahadhari ya mlipuko wa meningitis kwa Kaunti ya Kisii. Wakazi wanashauriwa kuepuka kuwasiliana na vyanzo vya maji vilivyochafuliwa.
HEA_00194,Health,Kenya Medical Association reminds the public that free Rift Valley Fever screening is available at all public health centres in Kilifi County this June.,Chama cha Matibabu cha Kenya kinakumbusha umma kwamba uchunguzi wa bure wa Rift Valley Fever unapatikana katika vituo vyote vya afya ya umma katika Kaunti ya Kilifi Juni hii.
HEA_00195,Health,Kenya Medical Association calls on parents in Homa Bay County to have children under five screened for measles during the November outreach.,Shirika la Matibabu la Kenya linawasihi wazazi katika Kaunti ya Homa Bay kuwachunguza watoto walio chini ya umri wa miaka mitano kwa ajili ya kuambukizwa ugonjwa wa saratani katika mwezi wa Novemba.
HEA_00196,Health,Ministry of Health calls on parents in Mandera County to have children under five screened for meningitis during the September outreach.,Wizara ya Afya inawaomba wazazi katika Kaunti ya Mandera kuwa na watoto chini ya miaka mitano wachunguzwe kwa ajili ya meningitis wakati wa kampeni ya Septemba.
HEA_00197,Health,Notice: SHA (Social Health Authority) confirms a dengue fever outbreak alert for Nandi County. Residents are advised to avoid contact with contaminated water sources.,Taarifa: Shirika la Afya ya Jamii (SHA) linathibitisha tahadhari ya kuzuka kwa homa ya dengue kwa Kaunti ya Nandi. Wakazi wanashauriwa kuepuka kuwasiliana na vyanzo vya maji vilivyochafuliwa.
HEA_00198,Health,KEMSA urges residents of Uasin Gishu County to seek immediate testing at the nearest health facility following a rise in reported measles cases.,KEMSA inawasihi wakazi wa Kaunti ya Uasin Gishu kutafuta upimaji wa papo hapo katika kituo cha afya cha karibu baada ya ongezeko la visa vya kuambukizwa vya kuambukiza.
HEA_00199,Health,Kenya Red Cross calls on parents in Kiambu County to have children under five screened for cyclosporiasis during the October outreach.,Msalaba Mwekundu wa Kenya unawaomba wazazi katika Kaunti ya Kiambu kuwachunguza watoto walio chini ya miaka mitano kwa ajili ya ugonjwa wa cyclosporiasis wakati wa kampeni ya Oktoba.
HEA_00200,Health,Division of Disease Surveillance and Response urges residents of Migori County to report any suspected cases to community health volunteers following a rise in reported cyclosporiasis cases.,Idara ya Ufuatiliaji na Jibu la Magonjwa inahimiza wakazi wa Kaunti ya Migori kuripoti visa vyovyote vinavyoshukiwa kwa wajitoleaji wa afya ya jamii kufuatia kuongezeka kwa visa vya cyclosporiasis vilivyoripotiwa.
HEA_00201,Health,CDC calls on parents in Kilifi County to have children under five screened for malaria during the October outreach.,CDC inawaomba wazazi katika Kaunti ya Kilifi kuwa na watoto chini ya miaka mitano wachunguzwe kwa ajili ya malaria wakati wa ziara ya Oktoba.
HEA_00202,Health,Kenya Red Cross reminds the public that free malaria screening is available at all public health centres in Kitui County this December.,Msalaba Mwekundu wa Kenya unakumbusha umma kwamba uchunguzi wa malaria wa bure unapatikana katika vituo vyote vya afya ya umma katika Kaunti ya Kitui Desemba hii.
HEA_00203,Health,SHA (Social Health Authority) calls on parents in Siaya County to have children under five screened for malaria during the December outreach.,Shirika la Afya ya Jamii (SHA) linawasihi wazazi katika Kaunti ya Siaya kuwachunguza watoto walio chini ya miaka mitano kwa ajili ya malaria wakati wa kampeni ya Desemba.
HEA_00204,Health,KEMSA calls on parents in Kisii County to have children under five screened for cholera during the May outreach.,KEMSA inawaomba wazazi katika Kaunti ya Kisii kuwachunguza watoto walio chini ya miaka mitano kwa ajili ya kipindupindu wakati wa kampeni ya Mei.
HEA_00205,Health,Division of Disease Surveillance and Response urges residents of Tana River County to report any suspected cases to community health volunteers following a rise in reported HIV/AIDS cases.,Idara ya Ufuatiliaji na Jibu la Magonjwa inawahimiza wakazi wa Wilaya ya Tana River kuripoti visa vyovyote vinavyoshukiwa kwa wajitoleaji wa afya ya jamii kufuatia ongezeko la visa vilivyoripotiwa vya VVU/UKIMWI.
HEA_00206,Health,KEMSA calls on parents in Machakos County to have children under five screened for cyclosporiasis during the September outreach.,KEMSA inaomba wazazi katika Kaunti ya Machakos kuwa na watoto chini ya miaka mitano kuchunguzwa kwa cyclosporiasis wakati wa huduma ya Septemba.
HEA_00207,Health,Public health advisory: KEMSA warns of increased malaria risk in Isiolo County and advises the public to use insecticide-treated mosquito nets every night.,Ushauri wa afya ya umma: KEMSA inaonya juu ya kuongezeka kwa hatari ya malaria katika Kaunti ya Isiolo na inashauri umma watumie mitungi ya mbu iliyoshughulikiwa na dawa za wadudu kila usiku.
HEA_00208,Health,KEMRI calls on parents in Nakuru County to have children under five screened for measles during the October outreach.,KEMRI inawaomba wazazi katika Kaunti ya Nakuru kuwachunguza watoto walio chini ya miaka mitano kwa ajili ya kuambukizwa ugonjwa wa saratani wakati wa ziara ya Oktoba.
HEA_00209,Health,Ministry of Health - Reproductive Health Unit reminds the public that free Rift Valley Fever screening is available at all public health centres in Siaya County this May.,Wizara ya Afya - Kitengo cha Afya ya Uzazi kinakumbusha umma kwamba uchunguzi wa bure wa homa ya Rift Valley unapatikana katika vituo vyote vya afya ya umma katika Kaunti ya Siaya mwezi Mei huu.
HEA_00210,Health,Notice: Ministry of Health confirms a dengue fever outbreak alert for Baringo County. Residents are advised to complete the full recommended vaccination dose.,Taarifa: Wizara ya Afya inathibitisha tahadhari ya kuzuka kwa homa ya dengue kwa Kaunti ya Baringo. Wakazi wanashauriwa kukamilisha kipimo kamili cha chanjo kilichopendekezwa.
HEA_00211,Health,Ministry of Health - Reproductive Health Unit urges residents of Turkana County to avoid contact with contaminated water sources following a rise in reported typhoid cases.,Wizara ya Afya - Kitengo cha Afya ya Kuzaliana kinawasihi wakazi wa Kaunti ya Turkana waepuke kuwasiliana na vyanzo vya maji vilivyochafuliwa kufuatia ongezeko la visa vya ugonjwa wa kifua kikuu vilivyoripotiwa.
HEA_00212,Health,Notice: Ministry of Health - Reproductive Health Unit confirms a cyclosporiasis outbreak alert for Kirinyaga County. Residents are advised to avoid contact with contaminated water sources.,Taarifa: Wizara ya Afya - Kitengo cha Afya ya Kuzaliana kinathibitisha tahadhari ya kuzuka kwa ugonjwa wa cyclosporiasis kwa Kaunti ya Kirinyaga. Wakazi wanashauriwa kuepuka kuwasiliana na vyanzo vya maji vilivyochafuliwa.
HEA_00213,Health,KEMRI urges residents of Samburu County to use insecticide-treated mosquito nets every night following a rise in reported HIV/AIDS cases.,KEMRI inawahimiza wakazi wa Kaunti ya Samburu watumie mitungi ya mbu kila usiku baada ya ongezeko la visa vya UKIMWI/UKIMWI vilivyoripotiwa.
HEA_00214,Health,Notice: Kenya Red Cross confirms a cyclosporiasis outbreak alert for Kwale County. Residents are advised to report any suspected cases to community health volunteers.,Taarifa: Msalaba Mwekundu wa Kenya unathibitisha tahadhari ya kuzuka kwa ugonjwa wa cyclosporiasis kwa Kaunti ya Kwale. Wakazi wanashauriwa kuripoti kesi yoyote inayoshukiwa kwa wajitoleaji wa afya ya jamii.
HEA_00215,Health,Ministry of Health urges residents of Bungoma County to report any suspected cases to community health volunteers following a rise in reported Rift Valley Fever cases.,Wizara ya Afya inawahimiza wakazi wa Kaunti ya Bungoma kuripoti visa vyovyote vinavyoshukiwa kwa wajitoleaji wa afya ya jamii kufuatia kuongezeka kwa visa vya Rift Valley Fever vilivyoripotiwa.
HEA_00216,Health,Division of Disease Surveillance and Response reminds the public that free tuberculosis screening is available at all public health centres in Kitui County this November.,Idara ya Ufuatiliaji na Jibu la Magonjwa inakumbusha umma kwamba uchunguzi wa bure wa kifua kikuu unapatikana katika vituo vyote vya afya ya umma katika Kaunti ya Kitui mwezi huu wa Novemba.
HEA_00217,Health,Public health advisory: Kenya Red Cross warns of increased measles risk in Migori County and advises the public to seek immediate testing at the nearest health facility.,Ushauri wa afya ya umma: Msalaba Mwekundu wa Kenya unaonya juu ya kuongezeka kwa hatari ya kifua kikuu katika Kaunti ya Migori na anashauri umma kutafuta upimaji wa haraka katika kituo cha afya cha karibu.
HEA_00218,Health,Kenya Red Cross urges residents of Nandi County to report any suspected cases to community health volunteers following a rise in reported meningitis cases.,Msalaba Mwekundu wa Kenya unawahimiza wakazi wa Kaunti ya Nandi kuripoti visa vyovyote vinavyoshukiwa kwa wajitoleaji wa afya ya jamii kufuatia ongezeko la visa vilivyoripotiwa vya meningitis.
HEA_00219,Health,SHA (Social Health Authority) reminds the public that free cyclosporiasis screening is available at all public health centres in Nyeri County this June.,Shirika la Afya ya Jamii (SHA) linakumbusha umma kwamba uchunguzi wa bure wa cyclosporiasis unapatikana katika vituo vyote vya afya ya umma katika Kaunti ya Nyeri Juni hii.
HEA_00220,Health,KEMRI reminds the public that free HIV/AIDS screening is available at all public health centres in Mandera County this September.,KEMRI inawakumbusha umma kwamba uchunguzi wa bure wa UKIMWI/UKIMWI unapatikana katika vituo vyote vya afya ya umma katika Kaunti ya Mandera mwezi huu wa Septemba.
HEA_00221,Health,Public health advisory: CDC warns of increased typhoid risk in Nyandarua County and advises the public to avoid contact with contaminated water sources.,Ushauri wa afya ya umma: CDC inaonya juu ya kuongezeka kwa hatari ya kifua kikuu katika Kaunti ya Nyandarua na inashauri umma waepuke kuwasiliana na vyanzo vya maji vilivyochafuliwa.
HEA_00222,Health,Notice: Division of Disease Surveillance and Response confirms a malaria outbreak alert for Wajir County. Residents are advised to complete the full recommended vaccination dose.,Taarifa: Idara ya Ufuatiliaji na Jibu la Magonjwa inathibitisha tahadhari ya mlipuko wa malaria kwa Kaunti ya Wajir. Wakazi wanashauriwa kukamilisha kipimo kamili cha chanjo kilichopendekezwa.
HEA_00223,Health,Kenya Medical Association reminds the public that free malaria screening is available at all public health centres in Bomet County this June.,Chama cha Matibabu cha Kenya kinakumbusha umma kwamba uchunguzi wa malaria wa bure unapatikana katika vituo vyote vya afya ya umma katika Kaunti ya Bomet Juni hii.
HEA_00224,Health,Ministry of Health calls on parents in Makueni County to have children under five screened for malaria during the September outreach.,Wizara ya Afya inawaomba wazazi katika Kaunti ya Makueni kuwachunguza watoto walio chini ya miaka mitano kwa ajili ya malaria wakati wa kampeni ya Septemba.
HEA_00225,Health,Division of Disease Surveillance and Response calls on parents in Migori County to have children under five screened for typhoid during the December outreach.,Idara ya Ufuatiliaji na Jibu la Magonjwa inawaomba wazazi katika Kaunti ya Migori kuwa na watoto chini ya miaka mitano kuchunguzwa kwa ugonjwa wa kifua kikuu wakati wa huduma ya Desemba.
HEA_00226,Health,Public health advisory: Kenya Medical Association warns of increased malaria risk in Siaya County and advises the public to complete the full recommended vaccination dose.,Ushauri wa afya ya umma: Chama cha Matibabu cha Kenya kinaonya juu ya kuongezeka kwa hatari ya malaria katika Kaunti ya Siaya na inashauri umma kukamilisha kipimo kamili cha chanjo kilichopendekezwa.
HEA_00227,Health,Ministry of Health calls on parents in Busia County to have children under five screened for HIV/AIDS during the September outreach.,Wizara ya Afya inawaomba wazazi katika Kaunti ya Busia kuwa na watoto chini ya miaka mitano kuchunguzwa virusi vya UKIMWI wakati wa kampeni ya Septemba.
HEA_00228,Health,Public health advisory: KEMRI warns of increased Rift Valley Fever risk in Kisumu County and advises the public to report any suspected cases to community health volunteers.,Ushauri wa afya ya umma: KEMRI inaonya juu ya kuongezeka kwa hatari ya homa ya Rift Valley katika Kaunti ya Kisumu na inashauri umma kuripoti visa vyovyote vinavyodhaniwa kwa wajitolea wa afya ya jamii.
HEA_00229,Health,SHA (Social Health Authority) calls on parents in Mandera County to have children under five screened for cholera during the January outreach.,Shirika la Afya ya Jamii (SHA) linawasihi wazazi katika Kaunti ya Mandera wafanye uchunguzi wa watoto walio chini ya miaka mitano kwa ajili ya kipindupindu wakati wa kampeni ya Januari.
HEA_00230,Health,Notice: Ministry of Health - Reproductive Health Unit confirms a tuberculosis outbreak alert for Wajir County. Residents are advised to use insecticide-treated mosquito nets every night.,Taarifa: Wizara ya Afya - Kitengo cha Afya ya Kuzaliana kinathibitisha tahadhari ya mlipuko wa kifua kikuu kwa Kaunti ya Wajir. Wakazi wanashauriwa kutumia nyuzi za mbu zinazotibiwa na dawa za wadudu kila usiku.
HEA_00231,Health,Kenya Medical Association reminds the public that free dengue fever screening is available at all public health centres in Baringo County this June.,Chama cha Matibabu cha Kenya kinakumbusha umma kwamba uchunguzi wa bure wa homa ya dengue unapatikana katika vituo vyote vya afya ya umma katika Kaunti ya Baringo Juni hii.
HEA_00232,Health,KEMSA calls on parents in Uasin Gishu County to have children under five screened for malaria during the November outreach.,KEMSA inawaomba wazazi katika Kaunti ya Uasin Gishu kuwachunguza watoto walio chini ya miaka mitano kwa ajili ya malaria wakati wa kampeni ya Novemba.
HEA_00233,Health,Kenya Medical Association calls on parents in Nyandarua County to have children under five screened for HIV/AIDS during the January outreach.,Chama cha Matibabu cha Kenya kinawaomba wazazi katika Kaunti ya Nyandarua kuwachunguza watoto walio chini ya miaka mitano kwa VVU/UKIMWI wakati wa kampeni ya Januari.
HEA_00234,Health,Ministry of Health - Reproductive Health Unit reminds the public that free HIV/AIDS screening is available at all public health centres in Nandi County this April.,Wizara ya Afya - Kitengo cha Afya ya Kuzaa kinakumbusha umma kwamba uchunguzi wa bure wa VVU/UKIMWI unapatikana katika vituo vyote vya afya ya umma katika Kaunti ya Nandi Aprili hii.
HEA_00235,Health,Kenya Red Cross calls on parents in Tharaka-Nithi County to have children under five screened for Rift Valley Fever during the February outreach.,Msalaba Mwekundu wa Kenya unawaomba wazazi katika Kaunti ya Tharaka-Nithi kuwachunguza watoto walio chini ya miaka mitano kwa ajili ya homa ya Bonde la Rift wakati wa kampeni ya Februari.
HEA_00236,Health,KEMRI urges residents of Kisumu County to seek immediate testing at the nearest health facility following a rise in reported meningitis cases.,KEMRI inawahimiza wakazi wa Kaunti ya Kisumu kutafuta upimaji wa haraka katika kituo cha afya cha karibu baada ya ongezeko la visa vya meningitis vilivyoripotiwa.
HEA_00237,Health,Division of Disease Surveillance and Response urges residents of Machakos County to complete the full recommended vaccination dose following a rise in reported meningitis cases.,Idara ya Ufuatiliaji na Jibu la Magonjwa inahimiza wakazi wa Kaunti ya Machakos kukamilisha kipimo kamili cha chanjo kilichopendekezwa baada ya ongezeko la visa vya meningitis vilivyoripotiwa.
HEA_00238,Health,CDC urges residents of Embu County to complete the full recommended vaccination dose following a rise in reported tuberculosis cases.,CDC inahimiza wakazi wa Kaunti ya Embu kukamilisha kipimo kamili cha chanjo kilichopendekezwa kufuatia ongezeko la visa vya kifua kikuu vilivyoripotiwa.
HEA_00239,Health,Notice: KEMSA confirms a typhoid outbreak alert for Bungoma County. Residents are advised to complete the full recommended vaccination dose.,Taarifa: KEMSA inathibitisha tahadhari ya kuzuka kwa ugonjwa wa kifua kikuu kwa Wilaya ya Bungoma. Wakazi wanashauriwa kukamilisha kipimo kamili cha chanjo kilichopendekezwa.
HEA_00240,Health,CDC reminds the public that free malaria screening is available at all public health centres in Makueni County this March.,CDC inawakumbusha umma kwamba uchunguzi wa malaria wa bure unapatikana katika vituo vyote vya afya ya umma katika Kaunti ya Makueni Machi hii.
HEA_00241,Health,KEMSA urges residents of Mombasa County to use insecticide-treated mosquito nets every night following a rise in reported tuberculosis cases.,KEMSA inawasihi wakazi wa Kaunti ya Mombasa watumie mitungi ya mbu kila usiku baada ya ongezeko la visa vya kifua kikuu vilivyoripotiwa.
HEA_00242,Health,Notice: Ministry of Health confirms a cholera outbreak alert for Meru County. Residents are advised to complete the full recommended vaccination dose.,Taarifa: Wizara ya Afya inathibitisha tahadhari ya mlipuko wa kipindupindu kwa Kaunti ya Meru. Wakazi wanashauriwa kukamilisha kipimo kamili cha chanjo kilichopendekezwa.
HEA_00243,Health,CDC calls on parents in Wajir County to have children under five screened for malaria during the December outreach.,CDC inawaomba wazazi katika Kaunti ya Wajir kuwa na watoto chini ya miaka mitano wachunguzwe kwa ajili ya malaria wakati wa kampeni ya Desemba.
HEA_00244,Health,Ministry of Health - Reproductive Health Unit calls on parents in West Pokot County to have children under five screened for meningitis during the September outreach.,Wizara ya Afya - Kitengo cha Afya ya uzazi kinawaomba wazazi katika Kaunti ya West Pokot kuwachunguza watoto walio chini ya miaka mitano kwa ajili ya meningitis wakati wa kampeni ya Septemba.
HEA_00245,Health,Ministry of Health - Reproductive Health Unit urges residents of Narok County to seek immediate testing at the nearest health facility following a rise in reported meningitis cases.,Wizara ya Afya - Kitengo cha Afya ya Uzazi kinawahimiza wakazi wa Kaunti ya Narok kutafuta upimaji wa haraka katika kituo cha afya cha karibu baada ya ongezeko la visa vya meningitis vilivyoripotiwa.
HEA_00246,Health,Public health advisory: Kenya Red Cross warns of increased cholera risk in Baringo County and advises the public to seek immediate testing at the nearest health facility.,Ushauri wa afya ya umma: Msalaba Mwekundu wa Kenya unaonya juu ya kuongezeka kwa hatari ya kipindupindu katika Kaunti ya Baringo na anashauri umma kutafuta upimaji wa haraka katika kituo cha afya cha karibu.
HEA_00247,Health,Kenya Medical Association calls on parents in Elgeyo-Marakwet County to have children under five screened for malaria during the November outreach.,Chama cha Matibabu cha Kenya kinawaomba wazazi katika Kaunti ya Elgeyo-Marakwet kuwachunguza watoto walio chini ya miaka mitano kwa ajili ya malaria wakati wa kampeni ya Novemba.
HEA_00248,Health,Ministry of Health - Reproductive Health Unit calls on parents in Lamu County to have children under five screened for HIV/AIDS during the February outreach.,Wizara ya Afya - Kitengo cha Afya ya Uzazi kinawaomba wazazi katika Kaunti ya Lamu kuwa na watoto chini ya miaka mitano wachunguzwe virusi vya UKIMWI wakati wa mkutano wa Februari.
HEA_00249,Health,Public health advisory: KEMSA warns of increased typhoid risk in Lamu County and advises the public to use insecticide-treated mosquito nets every night.,Ushauri wa afya ya umma: KEMSA inaonya juu ya kuongezeka kwa hatari ya ugonjwa wa kifua kikuu katika Kaunti ya Lamu na inashauri umma watumie mitungi ya mbu iliyoshughulikiwa na dawa za wadudu kila usiku.
HEA_00250,Health,Public health advisory: CDC warns of increased cyclosporiasis risk in Nyamira County and advises the public to use insecticide-treated mosquito nets every night.,Ushauri wa afya ya umma: CDC inaonya juu ya kuongezeka kwa hatari ya cyclosporiasis katika Kaunti ya Nyamira na inashauri umma watumie mitungi ya mbu iliyoshughulikiwa na dawa za wadudu kila usiku.
HEA_00251,Health,Public health advisory: Kenya Red Cross warns of increased meningitis risk in Baringo County and advises the public to avoid contact with contaminated water sources.,Ushauri wa afya ya umma: Msalaba Mwekundu wa Kenya unaonya juu ya kuongezeka kwa hatari ya meningitis katika Kaunti ya Baringo na anashauri umma waepuke kuwasiliana na vyanzo vya maji vilivyochafuliwa.
HEA_00252,Health,SHA (Social Health Authority) urges residents of Kisumu County to complete the full recommended vaccination dose following a rise in reported dengue fever cases.,Shirika la Afya ya Jamii (SHA) linawahimiza wakazi wa Kaunti ya Kisumu kukamilisha kipimo kamili cha chanjo kilichopendekezwa baada ya ongezeko la visa vya homa ya dengue vilivyoripotiwa.
HEA_00253,Health,Ministry of Health - Reproductive Health Unit calls on parents in Kitui County to have children under five screened for HIV/AIDS during the July outreach.,Wizara ya Afya - Idara ya Afya ya Uzazi inawaomba wazazi katika Kaunti ya Kitui kuwa na watoto chini ya miaka mitano kuchunguzwa kwa VVU/UKIMWI wakati wa shughuli za Julai.
HEA_00254,Health,Kenya Medical Association calls on parents in Uasin Gishu County to have children under five screened for malaria during the December outreach.,Shirika la Matibabu la Kenya linawasihi wazazi katika Kaunti ya Uasin Gishu kuwachunguza watoto walio chini ya miaka mitano kwa ajili ya malaria wakati wa mkutano wa Desemba.
HEA_00255,Health,Notice: Kenya Medical Association confirms a typhoid outbreak alert for Murang'a County. Residents are advised to report any suspected cases to community health volunteers.,Taarifa: Chama cha Matibabu cha Kenya kinathibitisha tahadhari ya mlipuko wa kifua kikuu kwa Kaunti ya Murang'a. Wakazi wanashauriwa kuripoti visa vyovyote vinavyodhaniwa kwa wajitolea wa afya ya jamii.
HEA_00256,Health,Ministry of Health - Reproductive Health Unit reminds the public that free malaria screening is available at all public health centres in Lamu County this February.,Wizara ya Afya - Kitengo cha Afya ya Kuzaa kinakumbusha umma kwamba uchunguzi wa malaria ni wa bure katika vituo vyote vya afya ya umma katika Kaunti ya Lamu Februari hii.
HEA_00257,Health,Kenya Medical Association urges residents of Garissa County to complete the full recommended vaccination dose following a rise in reported HIV/AIDS cases.,Chama cha Matibabu cha Kenya kinawahimiza wakazi wa Kaunti ya Garissa kukamilisha kipimo kamili cha chanjo kilichopendekezwa kufuatia ongezeko la visa vya UKIMWI/UKIMWI vilivyoripotiwa.
HEA_00258,Health,Public health advisory: Ministry of Health warns of increased dengue fever risk in Vihiga County and advises the public to report any suspected cases to community health volunteers.,Ushauri wa afya ya umma: Wizara ya Afya inaonya juu ya kuongezeka kwa hatari ya homa ya dengue katika Kaunti ya Vihiga na inashauri umma kuripoti kesi yoyote inayoshukiwa kwa wajitolea wa afya ya jamii.
HEA_00259,Health,Kenya Medical Association urges residents of Turkana County to seek immediate testing at the nearest health facility following a rise in reported cyclosporiasis cases.,Chama cha Matibabu cha Kenya kinawahimiza wakazi wa Kaunti ya Turkana kutafuta upimaji wa haraka katika kituo cha afya cha karibu baada ya ongezeko la visa vya cyclosporiasis vilivyoripotiwa.
HEA_00260,Health,Notice: Kenya Red Cross confirms a meningitis outbreak alert for Turkana County. Residents are advised to use insecticide-treated mosquito nets every night.,Taarifa: Msalaba Mwekundu wa Kenya unathibitisha tahadhari ya mlipuko wa meningitis kwa Wilaya ya Turkana. Wakazi wanashauriwa kutumia nyuzi za mbu zinazoshughulikiwa na dawa za wadudu kila usiku.
HEA_00261,Health,KEMSA reminds the public that free tuberculosis screening is available at all public health centres in Homa Bay County this August.,KEMSA inawakumbusha umma kwamba uchunguzi wa bure wa kifua kikuu unapatikana katika vituo vyote vya afya ya umma katika Kaunti ya Homa Bay Agosti hii.
HEA_00262,Health,Division of Disease Surveillance and Response urges residents of Bomet County to report any suspected cases to community health volunteers following a rise in reported malaria cases.,Idara ya Ufuatiliaji na Jibu la Magonjwa inahimiza wakazi wa Kaunti ya Bomet kuripoti visa vyovyote vinavyoshukiwa kwa wajitoleaji wa afya ya jamii kufuatia ongezeko la visa vya malaria vilivyoripotiwa.
HEA_00263,Health,Public health advisory: KEMRI warns of increased meningitis risk in Elgeyo-Marakwet County and advises the public to use insecticide-treated mosquito nets every night.,Ushauri wa afya ya umma: KEMRI inaonya juu ya kuongezeka kwa hatari ya meningitis katika Kaunti ya Elgeyo-Marakwet na inashauri umma kutumia nyuzi za mbu zinazoshughulikiwa na dawa za wadudu kila usiku.
HEA_00264,Health,Public health advisory: Ministry of Health warns of increased typhoid risk in Bungoma County and advises the public to seek immediate testing at the nearest health facility.,Ushauri wa afya ya umma: Wizara ya Afya inaonya juu ya kuongezeka kwa hatari ya kifua kikuu katika Kaunti ya Bungoma na inashauri umma kutafuta upimaji wa haraka katika kituo cha afya cha karibu.
HEA_00265,Health,Kenya Red Cross reminds the public that free HIV/AIDS screening is available at all public health centres in Kisii County this May.,Msalaba Mwekundu wa Kenya unakumbusha umma kwamba uchunguzi wa bure wa VVU / UKIMWI unapatikana katika vituo vyote vya afya ya umma katika Kaunti ya Kisii Mei hii.
HEA_00266,Health,Notice: Ministry of Health confirms a meningitis outbreak alert for Meru County. Residents are advised to avoid contact with contaminated water sources.,Taarifa: Wizara ya Afya inathibitisha tahadhari ya kuzuka kwa meningitis kwa Kaunti ya Meru. Wakazi wanashauriwa kuepuka kuwasiliana na vyanzo vya maji vilivyochafuliwa.
HEA_00267,Health,KEMSA urges residents of Siaya County to use insecticide-treated mosquito nets every night following a rise in reported malaria cases.,KEMSA inawahimiza wakazi wa Kaunti ya Siaya watumie mitungi ya mbu kila usiku baada ya ongezeko la visa vya malaria vilivyoripotiwa.
HEA_00268,Health,Kenya Medical Association reminds the public that free HIV/AIDS screening is available at all public health centres in Uasin Gishu County this August.,Chama cha Matibabu cha Kenya kinakumbusha umma kwamba uchunguzi wa bure wa VVU / UKIMWI unapatikana katika vituo vyote vya afya ya umma katika Kaunti ya Uasin Gishu Agosti hii.
HEA_00269,Health,Division of Disease Surveillance and Response reminds the public that free HIV/AIDS screening is available at all public health centres in Kirinyaga County this December.,Idara ya Ufuatiliaji na Majibu ya Magonjwa inakumbusha umma kwamba uchunguzi wa bure wa VVU / UKIMWI unapatikana katika vituo vyote vya afya ya umma katika Kaunti ya Kirinyaga Desemba hii.
HEA_00270,Health,Public health advisory: SHA (Social Health Authority) warns of increased measles risk in Tana River County and advises the public to use insecticide-treated mosquito nets every night.,Ushauri wa afya ya umma: Shirika la Afya ya Jamii (SHA) linaonya kuhusu kuongezeka kwa hatari ya kuambukizwa ugonjwa wa saratani katika Kaunti ya Tana River na linawashauri watu watumie mitungi ya kuua wadudu kila usiku.
HEA_00271,Health,SHA (Social Health Authority) urges residents of Nyandarua County to avoid contact with contaminated water sources following a rise in reported cyclosporiasis cases.,Shirika la Afya ya Jamii (SHA) linawahimiza wakazi wa Kaunti ya Nyandarua waepuke mawasiliano na vyanzo vya maji vilivyochafuliwa baada ya ongezeko la visa vya cyclosporiasis vilivyoripotiwa.
HEA_00272,Health,Public health advisory: Ministry of Health - Reproductive Health Unit warns of increased tuberculosis risk in Uasin Gishu County and advises the public to use insecticide-treated mosquito nets every night.,Ushauri wa afya ya umma: Wizara ya Afya - Kitengo cha Afya ya Kuzaliana inaonya juu ya kuongezeka kwa hatari ya kifua kikuu katika Kaunti ya Uasin Gishu na inashauri umma watumie nyuzi za mbu zinazotibiwa na dawa za wadudu kila usiku.
HEA_00273,Health,Division of Disease Surveillance and Response urges residents of Elgeyo-Marakwet County to use insecticide-treated mosquito nets every night following a rise in reported typhoid cases.,Idara ya Ufuatiliaji na Jibu la Magonjwa inahimiza wakazi wa Kaunti ya Elgeyo-Marakwet watumie mitungi ya mbu kila usiku baada ya ongezeko la visa vya ugonjwa wa kifua kikuu vilivyoripotiwa.
HEA_00274,Health,CDC calls on parents in Homa Bay County to have children under five screened for cholera during the May outreach.,CDC inaomba wazazi katika Homa Bay County kuwa na watoto chini ya miaka mitano kuchunguzwa kwa cholera wakati wa ziara ya Mei.
HEA_00275,Health,Kenya Medical Association reminds the public that free cholera screening is available at all public health centres in Bungoma County this January.,Chama cha Matibabu cha Kenya kinakumbusha umma kwamba uchunguzi wa bure wa cholera unapatikana katika vituo vyote vya afya ya umma katika Kaunti ya Bungoma Januari hii.
HEA_00276,Health,Kenya Red Cross reminds the public that free typhoid screening is available at all public health centres in Embu County this March.,Msalaba Mwekundu wa Kenya unakumbusha umma kwamba uchunguzi wa bure wa kifua kikuu unapatikana katika vituo vyote vya afya ya umma katika Kaunti ya Embu mwezi huu wa Machi.
HEA_00277,Health,Notice: Division of Disease Surveillance and Response confirms a Rift Valley Fever outbreak alert for Wajir County. Residents are advised to avoid contact with contaminated water sources.,Taarifa: Idara ya Ufuatiliaji na Jibu la Magonjwa inathibitisha tahadhari ya maambukizi ya Rift Valley Fever kwa Kaunti ya Wajir. Wakazi wanashauriwa kuepuka kuwasiliana na vyanzo vya maji vilivyochafuliwa.
HEA_00278,Health,KEMSA reminds the public that free tuberculosis screening is available at all public health centres in Samburu County this September.,KEMSA inawakumbusha umma kwamba uchunguzi wa bure wa kifua kikuu unapatikana katika vituo vyote vya afya ya umma katika Kaunti ya Samburu mwezi huu wa Septemba.
HEA_00279,Health,Public health advisory: CDC warns of increased malaria risk in Homa Bay County and advises the public to avoid contact with contaminated water sources.,Ushauri wa afya ya umma: CDC inaonya juu ya kuongezeka kwa hatari ya malaria katika Kaunti ya Homa Bay na inashauri umma waepuke kuwasiliana na vyanzo vya maji vilivyochafuliwa.
HEA_00280,Health,Kenya Medical Association urges residents of Kwale County to report any suspected cases to community health volunteers following a rise in reported malaria cases.,Shirika la Matibabu la Kenya linawahimiza wakazi wa Kaunti ya Kwale kuripoti visa vyovyote vinavyoshukiwa kwa wajitoleaji wa afya ya jamii kufuatia ongezeko la visa vya malaria vilivyoripotiwa.
HEA_00281,Health,Public health advisory: Kenya Medical Association warns of increased cyclosporiasis risk in Kakamega County and advises the public to report any suspected cases to community health volunteers.,Ushauri wa afya ya umma: Chama cha Matibabu cha Kenya kinaonya juu ya kuongezeka kwa hatari ya cyclosporiasis katika Kaunti ya Kakamega na inashauri umma kuripoti kesi yoyote inayoshukiwa kwa wajitoleaji wa afya ya jamii.
HEA_00282,Health,Kenya Medical Association urges residents of Kwale County to use insecticide-treated mosquito nets every night following a rise in reported measles cases.,Shirika la Matibabu la Kenya linawahimiza wakazi wa Kaunti ya Kwale kutumia nyuzi za mbu zilizotibiwa kwa dawa za wadudu kila usiku baada ya ongezeko la visa vilivyoripotiwa vya ugonjwa wa saratani.
HEA_00283,Health,Division of Disease Surveillance and Response calls on parents in Taita-Taveta County to have children under five screened for malaria during the July outreach.,Idara ya Ufuatiliaji na Jibu la Magonjwa inawaomba wazazi katika Wilaya ya Taita-Taveta kuwachunguza watoto walio chini ya miaka mitano kwa ajili ya malaria wakati wa kampeni ya Julai.
HEA_00284,Health,Kenya Medical Association reminds the public that free dengue fever screening is available at all public health centres in Vihiga County this July.,Chama cha Matibabu cha Kenya kinakumbusha umma kwamba uchunguzi wa bure wa homa ya dengue unapatikana katika vituo vyote vya afya ya umma katika Kaunti ya Vihiga Julai hii.
HEA_00285,Health,Kenya Medical Association urges residents of Kirinyaga County to complete the full recommended vaccination dose following a rise in reported HIV/AIDS cases.,Chama cha Matibabu cha Kenya kinawahimiza wakazi wa Kaunti ya Kirinyaga kukamilisha kipimo kamili cha chanjo kilichopendekezwa kufuatia ongezeko la visa vya UKIMWI/UKIMWI vilivyoripotiwa.
HEA_00286,Health,Notice: KEMSA confirms a malaria outbreak alert for Lamu County. Residents are advised to use insecticide-treated mosquito nets every night.,Taarifa: KEMSA inathibitisha tahadhari ya mlipuko wa malaria kwa Wilaya ya Lamu. Wakazi wanashauriwa kutumia nyuzi za mbu zinazoshughulikiwa na dawa za wadudu kila usiku.
HEA_00287,Health,Public health advisory: KEMRI warns of increased measles risk in Turkana County and advises the public to complete the full recommended vaccination dose.,Ushauri wa afya ya umma: KEMRI inaonya juu ya kuongezeka kwa hatari ya kuambukiza katika Kaunti ya Turkana na inashauri umma kukamilisha kipimo kamili cha chanjo kilichopendekezwa.
HEA_00288,Health,KEMSA urges residents of Makueni County to use insecticide-treated mosquito nets every night following a rise in reported measles cases.,KEMSA inawahimiza wakazi wa Kaunti ya Makueni watumie mitungi ya mbu kila usiku baada ya ongezeko la visa vya kuambukizwa vya kuambukiza.
HEA_00289,Health,SHA (Social Health Authority) reminds the public that free Rift Valley Fever screening is available at all public health centres in Meru County this November.,Shirika la Afya ya Jamii (SHA) linakumbusha umma kwamba uchunguzi wa bure wa Rift Valley Fever unapatikana katika vituo vyote vya afya ya umma katika Kaunti ya Meru mwezi huu wa Novemba.
HEA_00290,Health,Ministry of Health - Reproductive Health Unit calls on parents in Migori County to have children under five screened for meningitis during the October outreach.,Wizara ya Afya - Kitengo cha Afya ya Uzazi kinawaomba wazazi katika Kaunti ya Migori kuwa na watoto chini ya miaka mitano wachunguzwe kwa ajili ya meningitis wakati wa ziara ya Oktoba.
HEA_00291,Health,Notice: Division of Disease Surveillance and Response confirms a malaria outbreak alert for Marsabit County. Residents are advised to avoid contact with contaminated water sources.,Taarifa: Idara ya Ufuatiliaji na Jibu la Magonjwa inathibitisha tahadhari ya mlipuko wa malaria kwa Kaunti ya Marsabit. Wakazi wanashauriwa kuepuka kuwasiliana na vyanzo vya maji vilivyochafuliwa.
HEA_00292,Health,Kenya Red Cross calls on parents in Nyandarua County to have children under five screened for cholera during the October outreach.,Msalaba Mwekundu wa Kenya unawataka wazazi katika Kaunti ya Nyandarua kuwachunguza watoto walio chini ya miaka mitano kwa ajili ya kipindupindu wakati wa kampeni ya Oktoba.
HEA_00293,Health,Notice: CDC confirms a Rift Valley Fever outbreak alert for Lamu County. Residents are advised to avoid contact with contaminated water sources.,Taarifa: CDC inathibitisha tahadhari ya maambukizi ya Rift Valley Fever kwa Wilaya ya Lamu. Wakazi wanashauriwa kuepuka kuwasiliana na vyanzo vya maji vilivyochafuliwa.
HEA_00294,Health,Ministry of Health urges residents of West Pokot County to seek immediate testing at the nearest health facility following a rise in reported malaria cases.,Wizara ya Afya inawahimiza wakazi wa Kaunti ya West Pokot kutafuta upimaji wa haraka katika kituo cha afya cha karibu baada ya ongezeko la visa vya malaria vilivyoripotiwa.
HEA_00295,Health,Public health advisory: CDC warns of increased meningitis risk in Samburu County and advises the public to use insecticide-treated mosquito nets every night.,Ushauri wa afya ya umma: CDC inaonya juu ya kuongezeka kwa hatari ya meningitis katika Kaunti ya Samburu na inashauri umma kutumia nyuzi za mbu zinazoshughulikiwa na dawa za wadudu kila usiku.
HEA_00296,Health,Ministry of Health - Reproductive Health Unit urges residents of Kakamega County to report any suspected cases to community health volunteers following a rise in reported tuberculosis cases.,Wizara ya Afya - Kitengo cha Afya ya Uzazi kinawahimiza wakazi wa Kaunti ya Kakamega kuripoti visa vyovyote vinavyoshukiwa kwa wajitoleaji wa afya ya jamii kufuatia ongezeko la visa vya kifua kikuu vilivyoripotiwa.
HEA_00297,Health,Public health advisory: Ministry of Health - Reproductive Health Unit warns of increased cholera risk in Narok County and advises the public to avoid contact with contaminated water sources.,Ushauri wa afya ya umma: Wizara ya Afya - Kitengo cha Afya ya Uzazi inaonya juu ya kuongezeka kwa hatari ya kipindupindu katika Kaunti ya Narok na inashauri umma waepuke kuwasiliana na vyanzo vya maji vilivyochafuliwa.
HEA_00298,Health,Division of Disease Surveillance and Response urges residents of Nyamira County to complete the full recommended vaccination dose following a rise in reported dengue fever cases.,Idara ya Ufuatiliaji na Jibu la Magonjwa inahimiza wakazi wa Kaunti ya Nyamira kukamilisha kipimo kamili cha chanjo kilichopendekezwa baada ya ongezeko la visa vya homa ya dengue vilivyoripotiwa.
HEA_00299,Health,KEMRI urges residents of Nyamira County to use insecticide-treated mosquito nets every night following a rise in reported Rift Valley Fever cases.,KEMRI inawahimiza wakazi wa Kaunti ya Nyamira watumie mitungi ya mbu kila usiku baada ya ongezeko la visa vya Rift Valley Fever vilivyoripotiwa.
HEA_00300,Health,Public health advisory: KEMSA warns of increased typhoid risk in West Pokot County and advises the public to avoid contact with contaminated water sources.,Ushauri wa afya ya umma: KEMSA inaonya juu ya kuongezeka kwa hatari ya kifua kikuu katika Kaunti ya West Pokot na inashauri umma waepuke kuwasiliana na vyanzo vya maji vilivyochafuliwa.
HEA_00301,Health,Division of Disease Surveillance and Response calls on parents in Migori County to have children under five screened for cholera during the October outreach.,Idara ya Ufuatiliaji na Jibu la Magonjwa inawaomba wazazi katika Kaunti ya Migori kuwa na watoto chini ya miaka mitano wachunguzwe kwa ajili ya kipindupindu wakati wa shughuli za Oktoba.
HEA_00302,Health,Notice: SHA (Social Health Authority) confirms a dengue fever outbreak alert for Kiambu County. Residents are advised to avoid contact with contaminated water sources.,Taarifa: Shirika la Afya ya Jamii (SHA) linathibitisha tahadhari ya kuzuka kwa homa ya dengue kwa Kaunti ya Kiambu. Wakazi wanashauriwa kuepuka kuwasiliana na vyanzo vya maji vilivyochafuliwa.
HEA_00303,Health,Notice: Kenya Red Cross confirms a meningitis outbreak alert for Nairobi County. Residents are advised to complete the full recommended vaccination dose.,Taarifa: Msalaba Mwekundu wa Kenya unathibitisha tahadhari ya kuzuka kwa meningitis kwa Kaunti ya Nairobi. Wakazi wanashauriwa kukamilisha kipimo kamili cha chanjo kilichopendekezwa.
HEA_00304,Health,Notice: SHA (Social Health Authority) confirms a measles outbreak alert for Vihiga County. Residents are advised to report any suspected cases to community health volunteers.,Taarifa: Shirika la Afya ya Jamii (SHA) linathibitisha tahadhari ya kuzuka kwa ugonjwa wa saratani kwa Kaunti ya Vihiga. Wakazi wanashauriwa kuripoti visa vyovyote vinavyotarajiwa kwa wajitoleaji wa afya wa jamii.
HEA_00305,Health,Notice: Kenya Medical Association confirms a malaria outbreak alert for Mandera County. Residents are advised to report any suspected cases to community health volunteers.,Taarifa: Chama cha Matibabu cha Kenya kinathibitisha tahadhari ya mlipuko wa malaria kwa Kaunti ya Mandera. Wakazi wanashauriwa kuripoti visa vyovyote vinavyodhaniwa kwa wajitolea wa afya ya jamii.
HEA_00306,Health,Public health advisory: Kenya Medical Association warns of increased measles risk in Kisumu County and advises the public to use insecticide-treated mosquito nets every night.,Ushauri wa Afya ya Umma: Chama cha Matibabu cha Kenya kinaonya juu ya kuongezeka kwa hatari ya kuambukiza katika Kaunti ya Kisumu na inashauri umma watumie mitungi ya wadudu kila usiku.
HEA_00307,Health,Kenya Medical Association urges residents of Narok County to report any suspected cases to community health volunteers following a rise in reported cholera cases.,Shirika la Matibabu la Kenya linawahimiza wakazi wa Kaunti ya Narok kuripoti visa vyovyote vinavyoshukiwa kwa wajitoleaji wa afya ya jamii kufuatia ongezeko la visa vya kuambukizwa kwa kipindupindu.
HEA_00308,Health,Notice: KEMSA confirms a Rift Valley Fever outbreak alert for Embu County. Residents are advised to complete the full recommended vaccination dose.,Taarifa: KEMSA inathibitisha tahadhari ya kuzuka kwa homa ya Rift Valley kwa Kaunti ya Embu. Wakazi wanashauriwa kukamilisha kipimo kamili cha chanjo kilichopendekezwa.
HEA_00309,Health,KEMSA reminds the public that free typhoid screening is available at all public health centres in Marsabit County this February.,KEMSA inawakumbusha umma kwamba uchunguzi wa bure wa ugonjwa wa kifua kikuu unapatikana katika vituo vyote vya afya ya umma katika Kaunti ya Marsabit Februari hii.
HEA_00310,Health,CDC urges residents of Kericho County to seek immediate testing at the nearest health facility following a rise in reported dengue fever cases.,CDC inawasihi wakazi wa Kaunti ya Kericho kutafuta upimaji wa haraka katika kituo cha afya cha karibu baada ya ongezeko la visa vya homa ya dengue vilivyoripotiwa.
HEA_00311,Health,Notice: KEMSA confirms a measles outbreak alert for Bungoma County. Residents are advised to complete the full recommended vaccination dose.,Taarifa: KEMSA inathibitisha tahadhari ya kuzuka kwa ugonjwa wa saratani kwa Kaunti ya Bungoma. Wakazi wanashauriwa kukamilisha kipimo kamili cha chanjo kilichopendekezwa.
HEA_00312,Health,KEMSA reminds the public that free cholera screening is available at all public health centres in Nairobi County this August.,KEMSA inawakumbusha umma kwamba uchunguzi wa bure wa cholera unapatikana katika vituo vyote vya afya ya umma katika Kaunti ya Nairobi Agosti hii.
HEA_00313,Health,Division of Disease Surveillance and Response calls on parents in Migori County to have children under five screened for tuberculosis during the December outreach.,Idara ya Ufuatiliaji na Jibu la Magonjwa inawaomba wazazi katika Kaunti ya Migori kuwa na watoto chini ya miaka mitano kuchunguzwa kwa ugonjwa wa kifua kikuu wakati wa kampeni ya Desemba.
HEA_00314,Health,Kenya Red Cross calls on parents in Nandi County to have children under five screened for dengue fever during the April outreach.,Msalaba Mwekundu wa Kenya unawaomba wazazi katika Kaunti ya Nandi kuwachunguza watoto walio chini ya miaka mitano kwa ajili ya homa ya dengue wakati wa kampeni ya Aprili.
HEA_00315,Health,Kenya Red Cross reminds the public that free HIV/AIDS screening is available at all public health centres in Laikipia County this April.,Msalaba Mwekundu wa Kenya unakumbusha umma kwamba uchunguzi wa bure wa VVU/UKIMWI unapatikana katika vituo vyote vya afya ya umma katika Kaunti ya Laikipia Aprili hii.
HEA_00316,Health,Public health advisory: Ministry of Health - Reproductive Health Unit warns of increased cyclosporiasis risk in Baringo County and advises the public to use insecticide-treated mosquito nets every night.,Ushauri wa afya ya umma: Wizara ya Afya - Kitengo cha Afya ya Kuzaliana inaonya juu ya kuongezeka kwa hatari ya cyclosporiasis katika Kaunti ya Baringo na inashauri umma kutumia nyuzi za mbu zinazotibiwa na dawa za wadudu kila usiku.
HEA_00317,Health,Public health advisory: Kenya Medical Association warns of increased meningitis risk in Isiolo County and advises the public to complete the full recommended vaccination dose.,Ushauri wa afya ya umma: Chama cha Matibabu cha Kenya kinaonya juu ya kuongezeka kwa hatari ya meningitis katika Kaunti ya Isiolo na inashauri umma kukamilisha kipimo kamili cha chanjo kilichopendekezwa.
HEA_00318,Health,Notice: Ministry of Health confirms a HIV/AIDS outbreak alert for Kisumu County. Residents are advised to use insecticide-treated mosquito nets every night.,Taarifa: Wizara ya Afya inathibitisha tahadhari ya mlipuko wa VVU/UKIMWI kwa Kaunti ya Kisumu. Wakazi wanashauriwa kutumia nyuzi za mbu zinazoshughulikiwa na dawa za wadudu kila usiku.
HEA_00319,Health,CDC urges residents of Wajir County to complete the full recommended vaccination dose following a rise in reported malaria cases.,CDC inawasihi wakazi wa Kaunti ya Wajir kukamilisha kipimo kamili cha chanjo kilichopendekezwa kufuatia ongezeko la visa vya malaria vilivyoripotiwa.
HEA_00320,Health,Notice: Ministry of Health - Reproductive Health Unit confirms a cyclosporiasis outbreak alert for Narok County. Residents are advised to seek immediate testing at the nearest health facility.,Taarifa: Wizara ya Afya - Kitengo cha Afya ya Kuzaliana kinathibitisha tahadhari ya kuzuka kwa ugonjwa wa cyclosporiasis kwa Kaunti ya Narok. Wakazi wanashauriwa kutafuta upimaji wa haraka katika kituo cha afya cha karibu.
HEA_00321,Health,Ministry of Health - Reproductive Health Unit reminds the public that free cyclosporiasis screening is available at all public health centres in Turkana County this January.,Wizara ya Afya - Kitengo cha Afya ya Uzazi kinakumbusha umma kwamba uchunguzi wa bure wa cyclosporiasis unapatikana katika vituo vyote vya afya ya umma katika Kaunti ya Turkana Januari hii.
HEA_00322,Health,Kenya Medical Association urges residents of Narok County to avoid contact with contaminated water sources following a rise in reported tuberculosis cases.,Chama cha Matibabu cha Kenya kinawahimiza wakazi wa Kaunti ya Narok waepuke kuwasiliana na vyanzo vya maji vilivyochafuliwa baada ya ongezeko la visa vya kifua kikuu vilivyoripotiwa.
HEA_00323,Health,Division of Disease Surveillance and Response urges residents of Kitui County to seek immediate testing at the nearest health facility following a rise in reported HIV/AIDS cases.,Idara ya Ufuatiliaji na Jibu la Magonjwa inawahimiza wakazi wa Kaunti ya Kitui kutafuta upimaji wa haraka katika kituo cha afya cha karibu baada ya ongezeko la visa vya UKIMWI/UKIMWI vilivyoripotiwa.
HEA_00324,Health,Notice: KEMSA confirms a typhoid outbreak alert for Mandera County. Residents are advised to avoid contact with contaminated water sources.,Taarifa: KEMSA inathibitisha tahadhari ya mlipuko wa kifua kikuu kwa Wilaya ya Mandera. Wakazi wanashauriwa kuepuka kuwasiliana na vyanzo vya maji vilivyochafuliwa.
HEA_00325,Health,Ministry of Health - Reproductive Health Unit reminds the public that free cholera screening is available at all public health centres in Nandi County this October.,Wizara ya Afya - Kitengo cha Afya ya Kuzaa kinakumbusha umma kwamba uchunguzi wa bure wa cholera unapatikana katika vituo vyote vya afya vya umma katika Kaunti ya Nandi mwezi wa Oktoba huu.
HEA_00326,Health,Ministry of Health urges residents of Makueni County to use insecticide-treated mosquito nets every night following a rise in reported measles cases.,Wizara ya Afya inawahimiza wakazi wa Kaunti ya Makueni watumie mitungi ya mbu kila usiku baada ya ongezeko la visa vya kuambukizwa masumbufu.
HEA_00327,Health,Public health advisory: CDC warns of increased typhoid risk in Elgeyo-Marakwet County and advises the public to complete the full recommended vaccination dose.,Ushauri wa afya ya umma: CDC inaonya juu ya kuongezeka kwa hatari ya kifua kikuu katika Kaunti ya Elgeyo-Marakwet na inashauri umma kukamilisha kipimo kamili cha chanjo kilichopendekezwa.
HEA_00328,Health,Notice: SHA (Social Health Authority) confirms a cyclosporiasis outbreak alert for Tana River County. Residents are advised to use insecticide-treated mosquito nets every night.,Taarifa: Shirika la Afya ya Jamii (SHA) linathibitisha tahadhari ya kuzuka kwa ugonjwa wa cyclosporiasis kwa Wilaya ya Mto Tana. Wakazi wanashauriwa kutumia nyuzi za mbu zinazoshughulikiwa na dawa za wadudu kila usiku.
HEA_00329,Health,SHA (Social Health Authority) calls on parents in Wajir County to have children under five screened for meningitis during the August outreach.,Shirika la Afya ya Jamii (SHA) linawasihi wazazi katika Kaunti ya Wajir kuwachunguza watoto walio chini ya miaka mitano kwa ajili ya meningitis wakati wa mkutano wa Agosti.
HEA_00330,Health,Public health advisory: Ministry of Health warns of increased meningitis risk in Siaya County and advises the public to complete the full recommended vaccination dose.,Ushauri wa afya ya umma: Wizara ya Afya inaonya juu ya kuongezeka kwa hatari ya meningitis katika Kaunti ya Siaya na inashauri umma kukamilisha kipimo kamili cha chanjo kilichopendekezwa.
HEA_00331,Health,Kenya Red Cross reminds the public that free meningitis screening is available at all public health centres in Elgeyo-Marakwet County this January.,Msalaba Mwekundu wa Kenya unakumbusha umma kwamba uchunguzi wa bure wa meningitis unapatikana katika vituo vyote vya afya ya umma katika Kaunti ya Elgeyo-Marakwet Januari hii.
HEA_00332,Health,Notice: KEMRI confirms a measles outbreak alert for Kakamega County. Residents are advised to seek immediate testing at the nearest health facility.,Kumbuka: KEMRI inathibitisha tahadhari ya kuzuka kwa ugonjwa wa saratani kwa Kaunti ya Kakamega. Wakazi wanashauriwa kutafuta upimaji wa papo hapo katika kituo cha afya cha karibu.
HEA_00333,Health,Public health advisory: Division of Disease Surveillance and Response warns of increased dengue fever risk in Lamu County and advises the public to use insecticide-treated mosquito nets every night.,Ushauri wa afya ya umma: Idara ya Ufuatiliaji na Jibu la Magonjwa inaonya juu ya kuongezeka kwa hatari ya homa ya dengue katika Kaunti ya Lamu na inashauri umma kutumia nyuzi za mbu zinazoshughulikiwa na dawa za wadudu kila usiku.
HEA_00334,Health,Public health advisory: CDC warns of increased Rift Valley Fever risk in Kwale County and advises the public to seek immediate testing at the nearest health facility.,Ushauri wa afya ya umma: CDC inaonya juu ya kuongezeka kwa hatari ya homa ya Rift Valley katika Kaunti ya Kwale na inashauri umma kutafuta upimaji wa haraka katika kituo cha afya cha karibu.
HEA_00335,Health,Division of Disease Surveillance and Response calls on parents in Makueni County to have children under five screened for cholera during the December outreach.,Idara ya Ufuatiliaji na Jibu la Magonjwa inawaomba wazazi katika Kaunti ya Makueni kuwa na watoto chini ya miaka mitano wachunguzwe kwa ajili ya kipindupindu wakati wa kampeni ya Desemba.
HEA_00336,Health,Notice: SHA (Social Health Authority) confirms a malaria outbreak alert for Turkana County. Residents are advised to use insecticide-treated mosquito nets every night.,Taarifa: Shirika la Afya ya Jamii (SHA) linathibitisha tahadhari ya kuzuka kwa malaria katika Kaunti ya Turkana. Wakazi wanashauriwa kutumia mitungi ya mbu iliyoshughulikiwa na dawa za wadudu kila usiku.
HEA_00337,Health,Notice: KEMSA confirms a dengue fever outbreak alert for Kilifi County. Residents are advised to report any suspected cases to community health volunteers.,Taarifa: KEMSA inathibitisha tahadhari ya kuzuka kwa homa ya dengue kwa Wilaya ya Kilifi. Wakazi wanashauriwa kuripoti visa vyovyote vinavyoshukiwa kwa wajitolea wa afya ya jamii.
HEA_00338,Health,Ministry of Health - Reproductive Health Unit reminds the public that free measles screening is available at all public health centres in Kisii County this August.,Wizara ya Afya - Kitengo cha Afya ya Uzazi kinakumbusha umma kwamba uchunguzi wa bure wa ugonjwa wa saratani unapatikana katika vituo vyote vya afya ya umma katika Kaunti ya Kisii Agosti hii.
HEA_00339,Health,SHA (Social Health Authority) reminds the public that free cholera screening is available at all public health centres in Nyamira County this August.,Shirika la Afya ya Jamii (SHA) linakumbusha umma kwamba uchunguzi wa bure wa cholera unapatikana katika vituo vyote vya afya ya umma katika Kaunti ya Nyamira Agosti hii.
HEA_00340,Health,Notice: KEMRI confirms a cholera outbreak alert for Kilifi County. Residents are advised to report any suspected cases to community health volunteers.,Taarifa: KEMRI inathibitisha tahadhari ya mlipuko wa kipindupindu kwa Wilaya ya Kilifi. Wakazi wanashauriwa kuripoti visa vyovyote vinavyodhaniwa kwa wajitolea wa afya ya jamii.
HEA_00341,Health,Notice: CDC confirms a Rift Valley Fever outbreak alert for Trans Nzoia County. Residents are advised to report any suspected cases to community health volunteers.,Taarifa: CDC inathibitisha tahadhari ya kuzuka kwa homa ya Rift Valley kwa Kaunti ya Trans Nzoia. Wakazi wanashauriwa kuripoti kesi yoyote inayoshukiwa kwa wajitolea wa afya wa jamii.
HEA_00342,Health,KEMRI urges residents of Nyeri County to report any suspected cases to community health volunteers following a rise in reported cholera cases.,KEMRI inawasihi wakazi wa Kaunti ya Nyeri kuripoti visa vyovyote vinavyoshukiwa kwa wajitoleaji wa afya ya jamii kufuatia ongezeko la visa vya kolea vilivyoripotiwa.
HEA_00343,Health,Notice: SHA (Social Health Authority) confirms a cyclosporiasis outbreak alert for West Pokot County. Residents are advised to avoid contact with contaminated water sources.,Taarifa: Shirika la Afya ya Jamii (SHA) linathibitisha tahadhari ya kuzuka kwa ugonjwa wa cyclosporiasis kwa Wilaya ya West Pokot. Wakazi wanashauriwa kuepuka kuwasiliana na vyanzo vya maji vilivyochafuliwa.
HEA_00344,Health,Division of Disease Surveillance and Response calls on parents in Meru County to have children under five screened for Rift Valley Fever during the August outreach.,Idara ya Ufuatiliaji na Jibu la Magonjwa inawaomba wazazi katika Kaunti ya Meru kuwa na watoto chini ya miaka mitano kuchunguzwa kwa homa ya Bonde la Rift wakati wa huduma ya Agosti.
HEA_00345,Health,Notice: CDC confirms a cyclosporiasis outbreak alert for Nyandarua County. Residents are advised to seek immediate testing at the nearest health facility.,Taarifa: CDC inathibitisha tahadhari ya kuzuka kwa ugonjwa wa cyclosporiasis kwa Kaunti ya Nyandarua. Wakazi wanashauriwa kutafuta upimaji wa papo hapo katika kituo cha afya cha karibu.
HEA_00346,Health,KEMSA calls on parents in Kericho County to have children under five screened for HIV/AIDS during the May outreach.,KEMSA inawaomba wazazi katika Kaunti ya Kericho kuwa na watoto chini ya miaka mitano wachunguzwe kwa ajili ya VVU/UKIMWI wakati wa kampeni ya Mei.
HEA_00347,Health,SHA (Social Health Authority) urges residents of Murang'a County to report any suspected cases to community health volunteers following a rise in reported typhoid cases.,Shirika la Afya ya Jamii (SHA) linawahimiza wakazi wa Kaunti ya Murang'a kuripoti visa vyovyote vinavyoshukiwa kwa wajitoleaji wa afya ya jamii kufuatia ongezeko la visa vya ugonjwa wa kifua kikuu vilivyoripotiwa.
HEA_00348,Health,Kenya Medical Association calls on parents in Isiolo County to have children under five screened for Rift Valley Fever during the December outreach.,Chama cha Matibabu cha Kenya kinawaomba wazazi katika Kaunti ya Isiolo kuwa na watoto chini ya miaka mitano wachunguzwe kwa ajili ya homa ya Bonde la Rift wakati wa kampeni ya Desemba.
HEA_00349,Health,Notice: Ministry of Health - Reproductive Health Unit confirms a HIV/AIDS outbreak alert for Kilifi County. Residents are advised to use insecticide-treated mosquito nets every night.,Taarifa: Wizara ya Afya - Kitengo cha Afya ya Kuzaliana kinathibitisha tahadhari ya mlipuko wa VVU/UKIMWI kwa Kaunti ya Kilifi. Wakazi wanashauriwa kutumia nyuzi za mbu zinazotunzwa na dawa za wadudu kila usiku.
HEA_00350,Health,Kenya Red Cross calls on parents in Siaya County to have children under five screened for malaria during the January outreach.,Msalaba Mwekundu wa Kenya unawaomba wazazi katika Kaunti ya Siaya kuwachunguza watoto walio chini ya miaka mitano kwa ajili ya malaria wakati wa kampeni ya Januari.
HEA_00351,Health,Division of Disease Surveillance and Response calls on parents in Narok County to have children under five screened for measles during the December outreach.,Idara ya Ufuatiliaji na Jibu la Magonjwa inawaomba wazazi katika Kaunti ya Narok kuwa na watoto chini ya miaka mitano kuchunguzwa kwa ugonjwa wa saratani wakati wa kampeni ya Desemba.
HEA_00352,Health,KEMSA urges residents of Bungoma County to seek immediate testing at the nearest health facility following a rise in reported Rift Valley Fever cases.,KEMSA inawasihi wakazi wa Kaunti ya Bungoma kutafuta upimaji wa haraka katika kituo cha afya cha karibu baada ya ongezeko la visa vya Rift Valley Fever vilivyoripotiwa.
HEA_00353,Health,SHA (Social Health Authority) reminds the public that free HIV/AIDS screening is available at all public health centres in Machakos County this November.,Shirika la Afya ya Jamii (SHA) linakumbusha umma kwamba uchunguzi wa bure wa VVU / UKIMWI unapatikana katika vituo vyote vya afya ya umma katika Kaunti ya Machakos mwezi huu wa Novemba.
HEA_00354,Health,Notice: Kenya Medical Association confirms a meningitis outbreak alert for Kakamega County. Residents are advised to complete the full recommended vaccination dose.,Taarifa: Chama cha Matibabu cha Kenya kinathibitisha tahadhari ya mlipuko wa meningitis kwa Kaunti ya Kakamega. Wakazi wanashauriwa kukamilisha kipimo kamili cha chanjo kilichopendekezwa.
HEA_00355,Health,Division of Disease Surveillance and Response calls on parents in West Pokot County to have children under five screened for malaria during the August outreach.,Idara ya Ufuatiliaji na Jibu la Magonjwa inawaomba wazazi katika Kaunti ya West Pokot kuwachunguza watoto walio chini ya miaka mitano kwa ajili ya malaria wakati wa kampeni ya Agosti.
HEA_00356,Health,Public health advisory: KEMSA warns of increased cyclosporiasis risk in Kajiado County and advises the public to report any suspected cases to community health volunteers.,Ushauri wa afya ya umma: KEMSA inaonya juu ya kuongezeka kwa hatari ya cyclosporiasis katika Kajiado County na inashauri umma kuripoti kesi yoyote inayoshukiwa kwa wajitoleaji wa afya ya jamii.
HEA_00357,Health,Notice: KEMRI confirms a measles outbreak alert for Wajir County. Residents are advised to avoid contact with contaminated water sources.,Taarifa: KEMRI inathibitisha tahadhari ya kuzuka kwa ugonjwa wa saratani kwa Wilaya ya Wajir. Wakazi wanashauriwa kuepuka kuwasiliana na vyanzo vya maji vilivyochafuliwa.
HEA_00358,Health,Public health advisory: Kenya Medical Association warns of increased typhoid risk in Bomet County and advises the public to report any suspected cases to community health volunteers.,Ushauri wa afya ya umma: Chama cha Matibabu cha Kenya kinaonya juu ya kuongezeka kwa hatari ya kifua kikuu katika Kaunti ya Bomet na inashauri umma kuripoti visa vyovyote vinavyoshukiwa kwa wajitoleaji wa afya ya jamii.
HEA_00359,Health,KEMRI calls on parents in Busia County to have children under five screened for Rift Valley Fever during the May outreach.,KEMRI inawataka wazazi katika Kaunti ya Busia kuwa na watoto chini ya miaka mitano kuchunguzwa kwa ajili ya Rift Valley Fever wakati wa ziara ya Mei.
HEA_00360,Health,SHA (Social Health Authority) reminds the public that free Rift Valley Fever screening is available at all public health centres in Mandera County this February.,Shirika la Afya ya Jamii (SHA) linakumbusha umma kwamba uchunguzi wa bure wa Rift Valley Fever unapatikana katika vituo vyote vya afya ya umma katika Kaunti ya Mandera Februari hii.
HEA_00361,Health,Ministry of Health - Reproductive Health Unit reminds the public that free HIV/AIDS screening is available at all public health centres in Taita-Taveta County this November.,Wizara ya Afya - Kitengo cha Afya ya uzazi kinakumbusha umma kuwa uchunguzi wa bure wa VVU/UKIMWI unapatikana katika vituo vyote vya afya ya umma katika Kaunti ya Taita-Taveta mwezi huu wa Novemba.
HEA_00362,Health,Notice: SHA (Social Health Authority) confirms a typhoid outbreak alert for Bomet County. Residents are advised to report any suspected cases to community health volunteers.,Taarifa: Shirika la Afya ya Jamii (SHA) linathibitisha tahadhari ya mlipuko wa kifua kikuu kwa Wilaya ya Bomet. Wakazi wanashauriwa kuripoti visa vyovyote vinavyotarajiwa kwa wajitoleaji wa afya ya jamii.
HEA_00363,Health,KEMSA reminds the public that free tuberculosis screening is available at all public health centres in West Pokot County this September.,KEMSA inawakumbusha umma kwamba uchunguzi wa bure wa kifua kikuu unapatikana katika vituo vyote vya afya ya umma katika Kaunti ya West Pokot mwezi huu wa Septemba.
HEA_00364,Health,KEMRI urges residents of Mandera County to seek immediate testing at the nearest health facility following a rise in reported Rift Valley Fever cases.,KEMRI inawahimiza wakazi wa Kaunti ya Mandera kutafuta upimaji wa haraka katika kituo cha afya cha karibu baada ya ongezeko la visa vya Rift Valley Fever vilivyoripotiwa.
HEA_00365,Health,Notice: CDC confirms a Rift Valley Fever outbreak alert for Kakamega County. Residents are advised to use insecticide-treated mosquito nets every night.,Kumbuka: CDC inathibitisha tahadhari ya mlipuko wa homa ya Rift Valley kwa Kaunti ya Kakamega. Wakazi wanashauriwa kutumia mitungi ya mbu iliyoshughulikiwa na dawa za wadudu kila usiku.
HEA_00366,Health,SHA (Social Health Authority) reminds the public that free cyclosporiasis screening is available at all public health centres in Lamu County this May.,Shirika la Afya ya Jamii (SHA) linakumbusha umma kwamba uchunguzi wa bure wa cyclosporiasis unapatikana katika vituo vyote vya afya ya umma katika Kaunti ya Lamu Mei hii.
HEA_00367,Health,CDC calls on parents in Uasin Gishu County to have children under five screened for meningitis during the July outreach.,CDC inaomba wazazi katika Kaunti ya Uasin Gishu kuwa na watoto chini ya miaka mitano wachunguzwe kwa ajili ya meningitis wakati wa mkutano wa Julai.
HEA_00368,Health,KEMSA urges residents of Murang'a County to avoid contact with contaminated water sources following a rise in reported malaria cases.,KEMSA inawasihi wakazi wa Kaunti ya Murang'a waepuke kuwasiliana na vyanzo vya maji vilivyochafuliwa kufuatia ongezeko la visa vya malaria vilivyoripotiwa.
HEA_00369,Health,CDC calls on parents in Turkana County to have children under five screened for dengue fever during the March outreach.,CDC inaomba wazazi katika Kaunti ya Turkana kuwa na watoto chini ya miaka mitano kuchunguzwa kwa homa ya dengue wakati wa kampeni ya Machi.
HEA_00370,Health,Public health advisory: KEMSA warns of increased dengue fever risk in Mandera County and advises the public to seek immediate testing at the nearest health facility.,Ushauri wa afya ya umma: KEMSA inaonya juu ya kuongezeka kwa hatari ya homa ya dengue katika Kaunti ya Mandera na inashauri umma kutafuta upimaji wa haraka katika kituo cha afya cha karibu.
HEA_00371,Health,CDC urges residents of Marsabit County to complete the full recommended vaccination dose following a rise in reported measles cases.,CDC inawasihi wakazi wa Kaunti ya Marsabit kukamilisha kipimo kamili cha chanjo kilichopendekezwa baada ya ongezeko la visa vya kuambukizwa vya kuambukiza.
HEA_00372,Health,Notice: KEMRI confirms a typhoid outbreak alert for Turkana County. Residents are advised to seek immediate testing at the nearest health facility.,Taarifa: KEMRI inathibitisha tahadhari ya kuzuka kwa ugonjwa wa kifua kikuu katika Wilaya ya Turkana. Wakazi wanashauriwa kutafuta upimaji wa haraka katika kituo cha afya cha karibu.
HEA_00373,Health,Notice: KEMRI confirms a typhoid outbreak alert for Siaya County. Residents are advised to complete the full recommended vaccination dose.,Taarifa: KEMRI inathibitisha tahadhari ya kuzuka kwa ugonjwa wa kifua kikuu kwa Wilaya ya Siaya. Wakazi wanashauriwa kukamilisha kipimo kamili cha chanjo kilichopendekezwa.
HEA_00374,Health,Notice: CDC confirms a measles outbreak alert for Taita-Taveta County. Residents are advised to use insecticide-treated mosquito nets every night.,Taarifa: CDC inathibitisha tahadhari ya mlipuko wa ugonjwa wa saratani kwa Wilaya ya Taita-Taveta. Wakazi wanashauriwa kutumia mitungi ya mbu iliyotunzwa na dawa za wadudu kila usiku.
HEA_00375,Health,Public health advisory: KEMSA warns of increased meningitis risk in Isiolo County and advises the public to use insecticide-treated mosquito nets every night.,Ushauri wa afya ya umma: KEMSA inaonya juu ya kuongezeka kwa hatari ya meningitis katika Kaunti ya Isiolo na inashauri umma kutumia nyuzi za mbu zinazoshughulikiwa na dawa za wadudu kila usiku.
HEA_00376,Health,Notice: Ministry of Health confirms a cholera outbreak alert for Kwale County. Residents are advised to use insecticide-treated mosquito nets every night.,Taarifa: Wizara ya Afya inathibitisha tahadhari ya kuzuka kwa ugonjwa wa kipindupindu kwa Kaunti ya Kwale. Wakazi wanashauriwa kutumia nyuzi za mbu zinazoshughulikiwa na dawa za wadudu kila usiku.
HEA_00377,Health,Notice: KEMRI confirms a meningitis outbreak alert for Kakamega County. Residents are advised to seek immediate testing at the nearest health facility.,Kumbuka: KEMRI inathibitisha tahadhari ya kuzuka kwa meningitis kwa Kaunti ya Kakamega. Wakazi wanashauriwa kutafuta upimaji wa papo hapo katika kituo cha afya cha karibu.
HEA_00378,Health,CDC calls on parents in Nyeri County to have children under five screened for typhoid during the November outreach.,CDC inawaomba wazazi katika Kaunti ya Nyeri kuwa na watoto chini ya miaka mitano wachunguzwe kwa ajili ya ugonjwa wa kifua kikuu wakati wa ziara ya Novemba.
HEA_00379,Health,KEMRI calls on parents in Migori County to have children under five screened for typhoid during the July outreach.,KEMRI inawaomba wazazi katika Kaunti ya Migori kuwachunguza watoto walio chini ya miaka mitano kwa ajili ya ugonjwa wa kifua kikuu wakati wa mkutano wa Julai.
HEA_00380,Health,SHA (Social Health Authority) calls on parents in Kisii County to have children under five screened for measles during the January outreach.,Shirika la Afya ya Jamii (SHA) linawasihi wazazi katika Kaunti ya Kisii kuwachunguza watoto walio chini ya miaka mitano kwa ajili ya ugonjwa wa saratani wakati wa kampeni ya Januari.
HEA_00381,Health,Kenya Medical Association calls on parents in Laikipia County to have children under five screened for tuberculosis during the August outreach.,Chama cha Matibabu cha Kenya kinawaomba wazazi katika Kaunti ya Laikipia kuwachunguza watoto walio chini ya miaka mitano kwa ugonjwa wa kifua kikuu wakati wa mkutano wa Agosti.
HEA_00382,Health,Notice: KEMSA confirms a HIV/AIDS outbreak alert for Murang'a County. Residents are advised to report any suspected cases to community health volunteers.,Taarifa: KEMSA inathibitisha tahadhari ya kuzuka kwa virusi vya UKIMWI katika Kaunti ya Murang'a. Wakazi wanashauriwa kuripoti visa vyovyote vinavyoshukiwa kwa wajitoleaji wa afya wa jamii.
HEA_00383,Health,KEMSA calls on parents in West Pokot County to have children under five screened for dengue fever during the September outreach.,KEMSA inawaomba wazazi katika Kaunti ya West Pokot kuwachunguza watoto walio chini ya miaka mitano kwa ajili ya homa ya dengue wakati wa kampeni ya Septemba.
HEA_00384,Health,Division of Disease Surveillance and Response urges residents of Machakos County to report any suspected cases to community health volunteers following a rise in reported malaria cases.,Idara ya Ufuatiliaji na Jibu la Magonjwa inahimiza wakazi wa Kaunti ya Machakos kuripoti visa vyovyote vinavyoshukiwa kwa wajitoleaji wa afya ya jamii kufuatia ongezeko la visa vya malaria vilivyoripotiwa.
HEA_00385,Health,KEMRI calls on parents in Marsabit County to have children under five screened for cholera during the February outreach.,KEMRI inawaomba wazazi katika Kaunti ya Marsabit wafanye uchunguzi wa watoto walio chini ya miaka mitano kwa ajili ya kipindupindu wakati wa mkutano wa Februari.
HEA_00386,Health,Notice: Kenya Medical Association confirms a tuberculosis outbreak alert for Busia County. Residents are advised to complete the full recommended vaccination dose.,Taarifa: Chama cha Matibabu cha Kenya kinathibitisha tahadhari ya mlipuko wa kifua kikuu kwa Kaunti ya Busia. Wakazi wanashauriwa kukamilisha kipimo kamili cha chanjo kilichopendekezwa.
HEA_00387,Health,Notice: Division of Disease Surveillance and Response confirms a Rift Valley Fever outbreak alert for Tharaka-Nithi County. Residents are advised to use insecticide-treated mosquito nets every night.,Taarifa: Idara ya Ufuatiliaji na Jibu la Magonjwa inathibitisha tahadhari ya kuzuka kwa homa ya Bonde la Rift kwa Kaunti ya Tharaka-Nithi. Wakazi wanashauriwa kutumia nyuzi za mbu zinazoshughulikiwa na dawa za wadudu kila usiku.
HEA_00388,Health,Ministry of Health - Reproductive Health Unit calls on parents in Kirinyaga County to have children under five screened for cholera during the August outreach.,Wizara ya Afya - Kitengo cha Afya ya Uzazi kinawaomba wazazi katika Kaunti ya Kirinyaga kuwachunguza watoto walio chini ya umri wa miaka mitano kwa sababu ya kipindupindu katika mwezi wa Agosti.
HEA_00389,Health,Kenya Medical Association urges residents of Narok County to complete the full recommended vaccination dose following a rise in reported tuberculosis cases.,Chama cha Matibabu cha Kenya kinawahimiza wakazi wa Kaunti ya Narok kukamilisha kipimo kamili cha chanjo kilichopendekezwa kufuatia ongezeko la visa vya kifua kikuu vilivyoripotiwa.
HEA_00390,Health,Public health advisory: Division of Disease Surveillance and Response warns of increased typhoid risk in Tana River County and advises the public to avoid contact with contaminated water sources.,Ushauri wa afya ya umma: Idara ya Ufuatiliaji na Jibu la Magonjwa inaonya juu ya kuongezeka kwa hatari ya kifua kikuu katika Wilaya ya Tana River na inashauri umma waepuke kuwasiliana na vyanzo vya maji vilivyochafuliwa.
HEA_00391,Health,Public health advisory: Ministry of Health - Reproductive Health Unit warns of increased cholera risk in Nyeri County and advises the public to seek immediate testing at the nearest health facility.,Ushauri wa afya ya umma: Wizara ya Afya - Kitengo cha Afya ya uzazi inaonya juu ya kuongezeka kwa hatari ya kipindupindu katika Kaunti ya Nyeri na inashauri umma kutafuta upimaji wa haraka katika kituo cha afya cha karibu.
HEA_00392,Health,KEMSA calls on parents in Makueni County to have children under five screened for HIV/AIDS during the December outreach.,KEMSA inawataka wazazi katika Kaunti ya Makueni kuwachunguza watoto walio chini ya miaka mitano kwa VVU/UKIMWI wakati wa kampeni ya Desemba.
HEA_00393,Health,Division of Disease Surveillance and Response calls on parents in Kilifi County to have children under five screened for cholera during the July outreach.,Idara ya Ufuatiliaji na Jibu la Magonjwa inawaomba wazazi katika Kaunti ya Kilifi kuwa na watoto chini ya miaka mitano kuchunguzwa kwa cholera wakati wa kampeni ya Julai.
HEA_00394,Health,Public health advisory: CDC warns of increased dengue fever risk in Tharaka-Nithi County and advises the public to report any suspected cases to community health volunteers.,Ushauri wa afya ya umma: CDC inaonya juu ya kuongezeka kwa hatari ya homa ya dengue katika Kaunti ya Tharaka-Nithi na inashauri umma kuripoti kesi yoyote inayoshukiwa kwa wajitolea wa afya wa jamii.
HEA_00395,Health,Kenya Medical Association urges residents of Narok County to report any suspected cases to community health volunteers following a rise in reported dengue fever cases.,Shirika la Matibabu la Kenya linawahimiza wakazi wa Kaunti ya Narok kuripoti visa vyovyote vinavyoshukiwa kwa wajitoleaji wa afya ya jamii kufuatia ongezeko la visa vya homa ya dengue vilivyoripotiwa.
HEA_00396,Health,Public health advisory: SHA (Social Health Authority) warns of increased cyclosporiasis risk in Mandera County and advises the public to report any suspected cases to community health volunteers.,Ushauri wa afya ya umma: SHA (Huduma ya Afya ya Jamii) inaonya juu ya kuongezeka kwa hatari ya cyclosporiasis katika Kaunti ya Mandera na inashauri umma kuripoti kesi yoyote inayoshukiwa kwa wajitoleaji wa afya ya jamii.
HEA_00397,Health,Notice: CDC confirms a tuberculosis outbreak alert for West Pokot County. Residents are advised to use insecticide-treated mosquito nets every night.,Taarifa: CDC inathibitisha tahadhari ya mlipuko wa kifua kikuu katika Wilaya ya West Pokot. Wakazi wanashauriwa kutumia nyuzi za mbu zinazoshughulikiwa na dawa za wadudu kila usiku.
HEA_00398,Health,Public health advisory: Kenya Medical Association warns of increased cholera risk in Narok County and advises the public to seek immediate testing at the nearest health facility.,Ushauri wa afya ya umma: Chama cha Matibabu cha Kenya kinaonya juu ya kuongezeka kwa hatari ya kipindupindu katika Kaunti ya Narok na inashauri umma kutafuta upimaji wa haraka katika kituo cha afya cha karibu.
HEA_00399,Health,Division of Disease Surveillance and Response reminds the public that free Rift Valley Fever screening is available at all public health centres in Laikipia County this September.,Idara ya Ufuatiliaji na Jibu la Magonjwa inakumbusha umma kwamba uchunguzi wa bure wa Rift Valley Fever unapatikana katika vituo vyote vya afya ya umma katika Kaunti ya Laikipia mwezi huu wa Septemba.
HEA_00400,Health,CDC reminds the public that free meningitis screening is available at all public health centres in Mandera County this June.,CDC inakumbusha umma kwamba uchunguzi wa bure wa meningitis unapatikana katika vituo vyote vya afya ya umma katika Kaunti ya Mandera Juni hii.
HEA_00401,Health,Notice: KEMSA confirms a typhoid outbreak alert for Trans Nzoia County. Residents are advised to use insecticide-treated mosquito nets every night.,Taarifa: KEMSA inathibitisha tahadhari ya mlipuko wa kifua kikuu kwa Wilaya ya Trans Nzoia. Wakazi wanashauriwa kutumia mitungi ya mbu iliyoshughulikiwa na dawa za wadudu kila usiku.
HEA_00402,Health,Notice: CDC confirms a Rift Valley Fever outbreak alert for Narok County. Residents are advised to use insecticide-treated mosquito nets every night.,Taarifa: CDC inathibitisha tahadhari ya kuzuka kwa homa ya Rift Valley kwa Kaunti ya Narok. Wakazi wanashauriwa kutumia mitungi ya mbu iliyoshughulikiwa na dawa za wadudu kila usiku.
HEA_00403,Health,Notice: Ministry of Health - Reproductive Health Unit confirms a HIV/AIDS outbreak alert for Kwale County. Residents are advised to seek immediate testing at the nearest health facility.,Taarifa: Wizara ya Afya - Kitengo cha Afya ya Kuzaliana kinathibitisha tahadhari ya mlipuko wa VVU / UKIMWI kwa Kaunti ya Kwale. Wakazi wanashauriwa kutafuta upimaji wa papo hapo katika kituo cha afya cha karibu.
HEA_00404,Health,Kenya Red Cross calls on parents in Nairobi County to have children under five screened for cholera during the December outreach.,Msalaba Mwekundu wa Kenya unawataka wazazi katika Kaunti ya Nairobi kuwachunguza watoto walio chini ya miaka mitano kwa ajili ya kipindupindu wakati wa kampeni ya Desemba.
HEA_00405,Health,Public health advisory: Ministry of Health - Reproductive Health Unit warns of increased meningitis risk in Makueni County and advises the public to use insecticide-treated mosquito nets every night.,Ushauri wa Afya ya Umma: Wizara ya Afya - Kitengo cha Afya ya Uzazi inaonya juu ya kuongezeka kwa hatari ya meningitis katika Kaunti ya Makueni na inashauri umma watumie mitungi ya mbu inayoshughulikiwa na dawa za wadudu kila usiku.
HEA_00406,Health,Ministry of Health reminds the public that free measles screening is available at all public health centres in Vihiga County this August.,Wizara ya Afya inawakumbusha umma kwamba uchunguzi wa bure wa ugonjwa wa saratani unapatikana katika vituo vyote vya afya ya umma katika Kaunti ya Vihiga Agosti hii.
HEA_00407,Health,Public health advisory: Kenya Medical Association warns of increased tuberculosis risk in Marsabit County and advises the public to seek immediate testing at the nearest health facility.,Ushauri wa afya ya umma: Chama cha Matibabu cha Kenya kinaonya juu ya kuongezeka kwa hatari ya kifua kikuu katika Kaunti ya Marsabit na inashauri umma kutafuta upimaji wa haraka katika kituo cha afya cha karibu.
HEA_00408,Health,Public health advisory: SHA (Social Health Authority) warns of increased Rift Valley Fever risk in Tharaka-Nithi County and advises the public to report any suspected cases to community health volunteers.,Ushauri wa afya ya umma: Shirika la Afya ya Jamii (SHA) linaonya juu ya kuongezeka kwa hatari ya homa ya Rift Valley katika Kaunti ya Tharaka-Nithi na linawashauri umma kuripoti visa vyovyote vinavyoshukiwa kwa wajitolea wa afya wa jamii.
HEA_00409,Health,KEMSA calls on parents in Uasin Gishu County to have children under five screened for tuberculosis during the December outreach.,KEMSA inawaomba wazazi katika Kaunti ya Uasin Gishu kuwachunguza watoto walio chini ya miaka mitano kwa ugonjwa wa kifua kikuu wakati wa kampeni ya Desemba.
HEA_00410,Health,CDC calls on parents in Busia County to have children under five screened for cholera during the August outreach.,CDC inaomba wazazi katika Kaunti ya Busia kuwa na watoto chini ya miaka mitano kuchunguzwa kwa cholera wakati wa huduma ya Agosti.
HEA_00411,Health,CDC reminds the public that free HIV/AIDS screening is available at all public health centres in Embu County this September.,CDC inawakumbusha umma kwamba uchunguzi wa bure wa VVU/UKIMWI unapatikana katika vituo vyote vya afya ya umma katika Kaunti ya Embu mwezi huu wa Septemba.
HEA_00412,Health,CDC calls on parents in Samburu County to have children under five screened for measles during the June outreach.,CDC inawaomba wazazi katika Kaunti ya Samburu kuwa na watoto chini ya miaka mitano wachunguzwe kwa ajili ya kifua kikuu wakati wa huduma ya Juni.
HEA_00413,Health,CDC calls on parents in Kiambu County to have children under five screened for HIV/AIDS during the September outreach.,CDC inawaomba wazazi katika Kaunti ya Kiambu kuwa na watoto chini ya miaka mitano kuchunguzwa virusi vya UKIMWI/UKIMWI wakati wa kampeni ya Septemba.
HEA_00414,Health,Notice: Ministry of Health - Reproductive Health Unit confirms a typhoid outbreak alert for Tharaka-Nithi County. Residents are advised to use insecticide-treated mosquito nets every night.,Taarifa: Wizara ya Afya - Kitengo cha Afya ya Kuzaa kinathibitisha tahadhari ya mlipuko wa kifua kikuu kwa Kaunti ya Tharaka-Nithi.
HEA_00415,Health,Notice: KEMRI confirms a tuberculosis outbreak alert for Kirinyaga County. Residents are advised to avoid contact with contaminated water sources.,Kumbuka: KEMRI inathibitisha tahadhari ya mlipuko wa kifua kikuu kwa Kaunti ya Kirinyaga. Wakazi wanashauriwa kuepuka kuwasiliana na vyanzo vya maji vilivyochafuliwa.
HEA_00416,Health,Notice: Ministry of Health - Reproductive Health Unit confirms a typhoid outbreak alert for Turkana County. Residents are advised to report any suspected cases to community health volunteers.,Taarifa: Wizara ya Afya - Kitengo cha Afya ya Kuzaliana kinathibitisha tahadhari ya mlipuko wa kifua kikuu kwa Kaunti ya Turkana. Wakazi wanashauriwa kuripoti visa vyovyote vinavyodhaniwa kwa wajitolea wa afya ya jamii.
HEA_00417,Health,CDC urges residents of Samburu County to complete the full recommended vaccination dose following a rise in reported HIV/AIDS cases.,CDC inawasihi wakazi wa Kaunti ya Samburu kukamilisha kipimo kamili cha chanjo kilichopendekezwa kufuatia ongezeko la visa vilivyoripotiwa vya VVU/UKIMWI.
HEA_00418,Health,Notice: Ministry of Health confirms a malaria outbreak alert for Nyeri County. Residents are advised to report any suspected cases to community health volunteers.,Taarifa: Wizara ya Afya inathibitisha tahadhari ya mlipuko wa malaria kwa Kaunti ya Nyeri. Wakazi wanashauriwa kuripoti visa vyovyote vinavyodhaniwa kwa wajitolea wa afya ya jamii.
HEA_00419,Health,Kenya Red Cross calls on parents in Laikipia County to have children under five screened for tuberculosis during the April outreach.,Msalaba Mwekundu wa Kenya unawataka wazazi katika Kaunti ya Laikipia kuwachunguza watoto walio chini ya miaka mitano kwa ugonjwa wa kifua kikuu wakati wa kampeni ya Aprili.
HEA_00420,Health,Public health advisory: Kenya Red Cross warns of increased typhoid risk in Bomet County and advises the public to complete the full recommended vaccination dose.,Ushauri wa afya ya umma: Msalaba Mwekundu wa Kenya unaonya juu ya kuongezeka kwa hatari ya kifua kikuu katika Kaunti ya Bomet na anashauri umma kukamilisha kipimo kamili cha chanjo kilichopendekezwa.
HEA_00421,Health,KEMRI urges residents of Machakos County to complete the full recommended vaccination dose following a rise in reported dengue fever cases.,KEMRI inawasihi wakazi wa Kaunti ya Machakos kukamilisha kipimo kamili cha chanjo kilichopendekezwa kufuatia ongezeko la visa vya homa ya dengue vilivyoripotiwa.
HEA_00422,Health,Ministry of Health reminds the public that free HIV/AIDS screening is available at all public health centres in Garissa County this July.,Wizara ya Afya inawakumbusha umma kwamba uchunguzi wa bure wa VVU/UKIMWI unapatikana katika vituo vyote vya afya ya umma katika Kaunti ya Garissa mwezi huu Julai.
HEA_00423,Health,SHA (Social Health Authority) calls on parents in Migori County to have children under five screened for cholera during the March outreach.,Shirika la Afya ya Jamii (SHA) linawasihi wazazi katika Kaunti ya Migori kuwachunguza watoto walio chini ya miaka mitano kwa ajili ya ugonjwa wa kipindupindu wakati wa kampeni ya Machi.
HEA_00424,Health,Public health advisory: KEMSA warns of increased Rift Valley Fever risk in Uasin Gishu County and advises the public to avoid contact with contaminated water sources.,Ushauri wa afya ya umma: KEMSA inaonya juu ya kuongezeka kwa hatari ya homa ya Rift Valley katika Kaunti ya Uasin Gishu na inashauri umma waepuke kuwasiliana na vyanzo vya maji vilivyochafuliwa.
HEA_00425,Health,Kenya Red Cross reminds the public that free cholera screening is available at all public health centres in Murang'a County this May.,Msalaba Mwekundu wa Kenya unakumbusha umma kwamba uchunguzi wa bure wa cholera unapatikana katika vituo vyote vya afya ya umma katika Kaunti ya Murang'a Mei hii.
HEA_00426,Health,KEMRI urges residents of Kericho County to complete the full recommended vaccination dose following a rise in reported cholera cases.,KEMRI inawasihi wakazi wa Kaunti ya Kericho kukamilisha kipimo kamili cha chanjo kilichopendekezwa kufuatia ongezeko la visa vilivyoripotiwa vya kipindupindu.
HEA_00427,Health,KEMSA calls on parents in Kilifi County to have children under five screened for Rift Valley Fever during the July outreach.,KEMSA inawaomba wazazi katika Kaunti ya Kilifi kuwachunguza watoto walio chini ya miaka mitano kwa ajili ya homa ya Bonde la Rift wakati wa mkutano wa Julai.
HEA_00428,Health,Kenya Red Cross reminds the public that free typhoid screening is available at all public health centres in Kilifi County this January.,Msalaba Mwekundu wa Kenya unakumbusha umma kwamba uchunguzi wa bure wa kifua kikuu unapatikana katika vituo vyote vya afya ya umma katika Kaunti ya Kilifi Januari hii.
HEA_00429,Health,Public health advisory: SHA (Social Health Authority) warns of increased Rift Valley Fever risk in Kiambu County and advises the public to use insecticide-treated mosquito nets every night.,Ushauri wa afya ya umma: Shirika la Afya ya Jamii (SHA) linaonya juu ya kuongezeka kwa hatari ya Rift Valley Fever katika Kaunti ya Kiambu na linashauri umma watumie mitungi ya wadudu kila usiku.
HEA_00430,Health,Public health advisory: Ministry of Health - Reproductive Health Unit warns of increased Rift Valley Fever risk in Mandera County and advises the public to report any suspected cases to community health volunteers.,Ushauri wa afya ya umma: Wizara ya Afya - Kitengo cha Afya ya Kuzaa inaonya juu ya kuongezeka kwa hatari ya homa ya Rift Valley katika Kaunti ya Mandera na inashauri umma kuripoti kesi yoyote inayoshukiwa kwa wajitolea wa afya ya jamii.
HEA_00431,Health,SHA (Social Health Authority) reminds the public that free Rift Valley Fever screening is available at all public health centres in Kiambu County this March.,Shirika la Afya ya Jamii (SHA) linakumbusha umma kwamba uchunguzi wa bure wa Rift Valley Fever unapatikana katika vituo vyote vya afya ya umma katika Kaunti ya Kiambu mwezi huu wa Machi.
HEA_00432,Health,Notice: KEMSA confirms a HIV/AIDS outbreak alert for Mombasa County. Residents are advised to report any suspected cases to community health volunteers.,Kumbuka: KEMSA inathibitisha tahadhari ya mlipuko wa VVU/UKIMWI kwa Kaunti ya Mombasa. Wakazi wanashauriwa kuripoti visa vyovyote vinavyoshukiwa kwa wajitoleaji wa afya wa jamii.
HEA_00433,Health,Public health advisory: KEMRI warns of increased cyclosporiasis risk in Meru County and advises the public to avoid contact with contaminated water sources.,Ushauri wa afya ya umma: KEMRI inaonya juu ya kuongezeka kwa hatari ya cyclosporiasis katika Kaunti ya Meru na inashauri umma waepuke kuwasiliana na vyanzo vya maji vilivyochafuliwa.
HEA_00434,Health,Public health advisory: Division of Disease Surveillance and Response warns of increased malaria risk in Taita-Taveta County and advises the public to complete the full recommended vaccination dose.,Ushauri wa afya ya umma: Idara ya Ufuatiliaji na Jibu la Magonjwa inaonya juu ya kuongezeka kwa hatari ya malaria katika Wilaya ya Taita-Taveta na inashauri umma kukamilisha kipimo kamili cha chanjo kilichopendekezwa.
HEA_00435,Health,Ministry of Health - Reproductive Health Unit reminds the public that free cholera screening is available at all public health centres in Murang'a County this April.,Wizara ya Afya - Kitengo cha Afya ya Uzazi kinakumbusha umma kwamba uchunguzi wa bure wa cholera unapatikana katika vituo vyote vya afya ya umma katika Kaunti ya Murang'a Aprili hii.
HEA_00436,Health,Notice: Kenya Medical Association confirms a typhoid outbreak alert for Machakos County. Residents are advised to report any suspected cases to community health volunteers.,Taarifa: Chama cha Matibabu cha Kenya kinathibitisha tahadhari ya mlipuko wa kifua kikuu kwa Kaunti ya Machakos. Wakazi wanashauriwa kuripoti visa vyovyote vinavyodhaniwa kwa wajitolea wa afya ya jamii.
HEA_00437,Health,Notice: Ministry of Health confirms a HIV/AIDS outbreak alert for Makueni County. Residents are advised to complete the full recommended vaccination dose.,Taarifa: Wizara ya Afya inathibitisha tahadhari ya mlipuko wa VVU/UKIMWI kwa Kaunti ya Makueni. Wakazi wanashauriwa kukamilisha kipimo kamili cha chanjo kilichopendekezwa.
HEA_00438,Health,SHA (Social Health Authority) urges residents of Baringo County to avoid contact with contaminated water sources following a rise in reported measles cases.,Shirika la Afya ya Jamii (SHA) linawahimiza wakazi wa Kaunti ya Baringo waepuke mawasiliano na vyanzo vya maji vilivyochafuliwa baada ya ongezeko la visa vya kuambukizwa vya kuambukiza.
HEA_00439,Health,Public health advisory: Kenya Red Cross warns of increased typhoid risk in Kisii County and advises the public to report any suspected cases to community health volunteers.,Ushauri wa afya ya umma: Msalaba Mwekundu wa Kenya unaonya juu ya kuongezeka kwa hatari ya kifua kikuu katika Kaunti ya Kisii na anashauri umma kuripoti visa vyovyote vinavyoshukiwa kwa wajitoleaji wa afya ya jamii.
HEA_00440,Health,Public health advisory: KEMRI warns of increased Rift Valley Fever risk in Kitui County and advises the public to complete the full recommended vaccination dose.,Ushauri wa afya ya umma: KEMRI inaonya juu ya kuongezeka kwa hatari ya homa ya Rift Valley katika Kaunti ya Kitui na inashauri umma kukamilisha kipimo kamili cha chanjo kilichopendekezwa.
HEA_00441,Health,Division of Disease Surveillance and Response calls on parents in Uasin Gishu County to have children under five screened for dengue fever during the December outreach.,Idara ya Ufuatiliaji na Jibu la Magonjwa inawaomba wazazi katika Kaunti ya Uasin Gishu kuwa na watoto chini ya miaka mitano kuchunguzwa kwa homa ya dengue wakati wa kampeni ya Desemba.
HEA_00442,Health,CDC calls on parents in Homa Bay County to have children under five screened for tuberculosis during the April outreach.,CDC inaomba wazazi katika Homa Bay County kuwa na watoto chini ya miaka mitano screened kwa ajili ya kifua kikuu wakati wa Aprili outreach.
HEA_00443,Health,Public health advisory: SHA (Social Health Authority) warns of increased dengue fever risk in Kajiado County and advises the public to report any suspected cases to community health volunteers.,Ushauri wa afya ya umma: Shirika la Afya ya Jamii (SHA) linaonya juu ya kuongezeka kwa hatari ya homa ya dengue katika Kajiado County na linawashauri umma kuripoti visa vyovyote vinavyoshukiwa kwa wajitoleaji wa afya ya jamii.
HEA_00444,Health,SHA (Social Health Authority) urges residents of Tana River County to complete the full recommended vaccination dose following a rise in reported dengue fever cases.,Shirika la Afya ya Jamii (SHA) linawahimiza wakazi wa Kaunti ya Tana River kukamilisha kipimo kamili cha chanjo kilichopendekezwa baada ya ongezeko la visa vya homa ya dengue vilivyoripotiwa.
HEA_00445,Health,Public health advisory: CDC warns of increased HIV/AIDS risk in Marsabit County and advises the public to use insecticide-treated mosquito nets every night.,Ushauri wa afya ya umma: CDC inaonya juu ya kuongezeka kwa hatari ya VVU/UKIMWI katika Kaunti ya Marsabit na inashauri umma watumie mitungi ya mbu kila usiku.
HEA_00446,Health,SHA (Social Health Authority) calls on parents in Migori County to have children under five screened for meningitis during the April outreach.,Shirika la Afya ya Jamii (SHA) linawasihi wazazi katika Kaunti ya Migori kuwachunguza watoto walio chini ya miaka mitano kwa ajili ya meningitis wakati wa kampeni ya Aprili.
HEA_00447,Health,SHA (Social Health Authority) calls on parents in Narok County to have children under five screened for cholera during the August outreach.,Shirika la Afya ya Jamii (SHA) linawasihi wazazi katika Kaunti ya Narok wafanye uchunguzi wa watoto walio chini ya miaka mitano kwa ajili ya ugonjwa wa kipindupindu wakati wa mkutano wa Agosti.
HEA_00448,Health,KEMSA calls on parents in Narok County to have children under five screened for Rift Valley Fever during the July outreach.,KEMSA inawaomba wazazi katika Kaunti ya Narok kuwa na watoto chini ya miaka mitano wachunguzwe kwa ajili ya homa ya Rift Valley wakati wa mkutano wa Julai.
HEA_00449,Health,Public health advisory: Ministry of Health warns of increased typhoid risk in Bomet County and advises the public to seek immediate testing at the nearest health facility.,Ushauri wa afya ya umma: Wizara ya Afya inaonya juu ya kuongezeka kwa hatari ya kifua kikuu katika Kaunti ya Bomet na inashauri umma kutafuta upimaji wa haraka katika kituo cha afya cha karibu.
HEA_00450,Health,Kenya Red Cross calls on parents in Mombasa County to have children under five screened for tuberculosis during the December outreach.,Msalaba Mwekundu wa Kenya unawaomba wazazi katika Kaunti ya Mombasa kuwachunguza watoto walio chini ya miaka mitano kwa ugonjwa wa kifua kikuu wakati wa mkutano wa Desemba.
HEA_00451,Health,Public health advisory: SHA (Social Health Authority) warns of increased HIV/AIDS risk in Kilifi County and advises the public to seek immediate testing at the nearest health facility.,Ushauri wa afya ya umma: SHA (Shirika la Afya ya Jamii) linaonya juu ya kuongezeka kwa hatari ya VVU / UKIMWI katika Kaunti ya Kilifi na inashauri umma kutafuta upimaji wa haraka katika kituo cha afya cha karibu.
HEA_00452,Health,Public health advisory: Ministry of Health warns of increased cholera risk in Lamu County and advises the public to report any suspected cases to community health volunteers.,Ushauri wa afya ya umma: Wizara ya Afya inaonya juu ya kuongezeka kwa hatari ya kipindupindu katika Kaunti ya Lamu na inashauri umma kuripoti visa vyovyote vinavyoshukiwa kwa wajitoleaji wa afya ya jamii.
HEA_00453,Health,KEMSA calls on parents in Mandera County to have children under five screened for cyclosporiasis during the November outreach.,KEMSA inaomba wazazi katika Kaunti ya Mandera kuwa na watoto chini ya miaka mitano kuchunguzwa kwa cyclosporiasis wakati wa huduma ya Novemba.
HEA_00454,Health,Notice: Kenya Medical Association confirms a cyclosporiasis outbreak alert for Nandi County. Residents are advised to seek immediate testing at the nearest health facility.,Taarifa: Chama cha Matibabu cha Kenya kinathibitisha tahadhari ya kuzuka kwa ugonjwa wa cyclosporiasis kwa Kaunti ya Nandi. Wakazi wanashauriwa kutafuta upimaji wa haraka katika kituo cha afya cha karibu.
HEA_00455,Health,Public health advisory: KEMSA warns of increased malaria risk in Kisumu County and advises the public to complete the full recommended vaccination dose.,Ushauri wa afya ya umma: KEMSA inaonya juu ya kuongezeka kwa hatari ya malaria katika Kaunti ya Kisumu na inashauri umma kukamilisha kipimo kamili cha chanjo kilichopendekezwa.
HEA_00456,Health,Public health advisory: Kenya Medical Association warns of increased tuberculosis risk in Kajiado County and advises the public to seek immediate testing at the nearest health facility.,Ushauri wa afya ya umma: Chama cha Matibabu cha Kenya kinaonya juu ya kuongezeka kwa hatari ya kifua kikuu katika Kajiado County na inashauri umma kutafuta upimaji wa haraka katika kituo cha afya cha karibu.
HEA_00457,Health,Kenya Red Cross urges residents of Baringo County to avoid contact with contaminated water sources following a rise in reported dengue fever cases.,Msalaba Mwekundu wa Kenya unawahimiza wakazi wa Kaunti ya Baringo waepuke kuwasiliana na vyanzo vya maji vilivyochafuliwa kufuatia ongezeko la visa vya homa ya dengue vilivyoripotiwa.
HEA_00458,Health,Public health advisory: Kenya Medical Association warns of increased Rift Valley Fever risk in Kitui County and advises the public to report any suspected cases to community health volunteers.,Ushauri wa afya ya umma: Chama cha Matibabu cha Kenya kinaonya juu ya kuongezeka kwa hatari ya homa ya Rift Valley katika Kaunti ya Kitui na inashauri umma kuripoti visa vyovyote vinavyoshukiwa kwa wajitoleaji wa afya wa jamii.
HEA_00459,Health,Kenya Red Cross reminds the public that free malaria screening is available at all public health centres in Tharaka-Nithi County this December.,Msalaba Mwekundu wa Kenya unakumbusha umma kwamba uchunguzi wa malaria wa bure unapatikana katika vituo vyote vya afya ya umma katika Kaunti ya Tharaka-Nithi Desemba hii.
HEA_00460,Health,Kenya Medical Association urges residents of Busia County to complete the full recommended vaccination dose following a rise in reported tuberculosis cases.,Chama cha Matibabu cha Kenya kinawahimiza wakazi wa Kaunti ya Busia kukamilisha kipimo kamili cha chanjo kilichopendekezwa kufuatia ongezeko la visa vya kifua kikuu vilivyoripotiwa.
HEA_00461,Health,SHA (Social Health Authority) urges residents of Bungoma County to use insecticide-treated mosquito nets every night following a rise in reported Rift Valley Fever cases.,Shirika la Afya ya Jamii (SHA) linawahimiza wakazi wa Kaunti ya Bungoma watumie mitungi ya mbu kila usiku baada ya ongezeko la visa vilivyoripotiwa vya homa ya Rift Valley.
HEA_00462,Health,KEMRI urges residents of Kilifi County to complete the full recommended vaccination dose following a rise in reported Rift Valley Fever cases.,KEMRI inawasihi wakazi wa Kaunti ya Kilifi kukamilisha kipimo kamili cha chanjo kilichopendekezwa kufuatia ongezeko la visa vya Rift Valley Fever vilivyoripotiwa.
HEA_00463,Health,Public health advisory: KEMRI warns of increased dengue fever risk in Tana River County and advises the public to report any suspected cases to community health volunteers.,Ushauri wa afya ya umma: KEMRI inaonya juu ya kuongezeka kwa hatari ya homa ya dengue katika Kaunti ya Tana River na inashauri umma kuripoti visa vyovyote vinavyodhaniwa kwa wajitolea wa afya ya jamii.
HEA_00464,Health,Division of Disease Surveillance and Response reminds the public that free HIV/AIDS screening is available at all public health centres in Kakamega County this October.,Idara ya Ufuatiliaji na Majibu ya Magonjwa inakumbusha umma kwamba uchunguzi wa bure wa VVU / UKIMWI unapatikana katika vituo vyote vya afya ya umma katika Kaunti ya Kakamega mwezi huu Oktoba.
HEA_00465,Health,Kenya Red Cross reminds the public that free dengue fever screening is available at all public health centres in Marsabit County this November.,Msalaba Mwekundu wa Kenya unakumbusha umma kwamba uchunguzi wa bure wa homa ya dengue unapatikana katika vituo vyote vya afya ya umma katika Kaunti ya Marsabit mwezi huu wa Novemba.
HEA_00466,Health,Kenya Medical Association reminds the public that free cholera screening is available at all public health centres in Kirinyaga County this May.,Chama cha Matibabu cha Kenya kinakumbusha umma kwamba uchunguzi wa bure wa cholera unapatikana katika vituo vyote vya afya ya umma katika Kaunti ya Kirinyaga Mei hii.
HEA_00467,Health,Public health advisory: KEMSA warns of increased cyclosporiasis risk in Siaya County and advises the public to use insecticide-treated mosquito nets every night.,Ushauri wa afya ya umma: KEMSA inaonya juu ya kuongezeka kwa hatari ya cyclosporiasis katika Kaunti ya Siaya na inashauri umma kutumia nyuzi za mbu zinazoshughulikiwa na dawa za wadudu kila usiku.
HEA_00468,Health,Ministry of Health calls on parents in Turkana County to have children under five screened for cyclosporiasis during the November outreach.,Wizara ya Afya inawaomba wazazi katika Kaunti ya Turkana kuwa na watoto chini ya miaka mitano kuchunguzwa kwa ugonjwa wa cyclosporiasis wakati wa ziara ya Novemba.
HEA_00469,Health,Public health advisory: Division of Disease Surveillance and Response warns of increased cyclosporiasis risk in Kisii County and advises the public to complete the full recommended vaccination dose.,Ushauri wa afya ya umma: Idara ya Ufuatiliaji na Jibu la Magonjwa inaonya juu ya kuongezeka kwa hatari ya cyclosporiasis katika Kaunti ya Kisii na inashauri umma kukamilisha kipimo kamili cha chanjo kilichopendekezwa.
HEA_00470,Health,Notice: Kenya Medical Association confirms a Rift Valley Fever outbreak alert for Meru County. Residents are advised to complete the full recommended vaccination dose.,Taarifa: Chama cha Matibabu cha Kenya kinathibitisha tahadhari ya kuzuka kwa homa ya Rift Valley kwa Kaunti ya Meru. Wakazi wanashauriwa kukamilisha kipimo kamili cha chanjo kilichopendekezwa.
HEA_00471,Health,Kenya Red Cross reminds the public that free Rift Valley Fever screening is available at all public health centres in Nyamira County this March.,Kenya Red Cross inakumbusha umma kwamba uchunguzi wa bure wa Rift Valley Fever unapatikana katika vituo vyote vya afya ya umma katika Kaunti ya Nyamira mwezi huu wa Machi.
HEA_00472,Health,CDC urges residents of Uasin Gishu County to use insecticide-treated mosquito nets every night following a rise in reported dengue fever cases.,CDC inawasihi wakazi wa Kaunti ya Uasin Gishu watumie mitungi ya mbu kila usiku baada ya ongezeko la visa vya homa ya dengue vilivyoripotiwa.
HEA_00473,Health,Kenya Medical Association reminds the public that free tuberculosis screening is available at all public health centres in Machakos County this May.,Chama cha Matibabu cha Kenya kinakumbusha umma kwamba uchunguzi wa bure wa kifua kikuu unapatikana katika vituo vyote vya afya ya umma katika Kaunti ya Machakos Mei hii.
HEA_00474,Health,Notice: SHA (Social Health Authority) confirms a malaria outbreak alert for Nandi County. Residents are advised to use insecticide-treated mosquito nets every night.,Taarifa: Shirika la Afya ya Jamii (SHA) linathibitisha tahadhari ya mlipuko wa malaria kwa Kaunti ya Nandi. Wakazi wanashauriwa kutumia nyuzi za mbu zinazoshughulikiwa na dawa za wadudu kila usiku.
HEA_00475,Health,Ministry of Health reminds the public that free meningitis screening is available at all public health centres in Nyandarua County this July.,Wizara ya Afya inawakumbusha umma kwamba uchunguzi wa bure wa meningitis unapatikana katika vituo vyote vya afya ya umma katika Kaunti ya Nyandarua Julai hii.
HEA_00476,Health,Public health advisory: Ministry of Health warns of increased meningitis risk in Lamu County and advises the public to use insecticide-treated mosquito nets every night.,Ushauri wa afya ya umma: Wizara ya Afya inaonya juu ya kuongezeka kwa hatari ya meningitis katika Kaunti ya Lamu na inashauri umma kutumia nyuzi za mbu zilizotibiwa na dawa za wadudu kila usiku.
HEA_00477,Health,Ministry of Health - Reproductive Health Unit reminds the public that free typhoid screening is available at all public health centres in Embu County this June.,Wizara ya Afya - Kitengo cha Afya ya Uzazi kinakumbusha umma kwamba uchunguzi wa bure wa ugonjwa wa kifua kikuu unapatikana katika vituo vyote vya afya ya umma katika Kaunti ya Embu mwezi Juni huu.
HEA_00478,Health,KEMRI urges residents of Tharaka-Nithi County to avoid contact with contaminated water sources following a rise in reported malaria cases.,KEMRI inawahimiza wakazi wa Kaunti ya Tharaka-Nithi waepuke kuwasiliana na vyanzo vya maji vilivyochafuliwa baada ya ongezeko la visa vya malaria vilivyoripotiwa.
HEA_00479,Health,KEMRI reminds the public that free dengue fever screening is available at all public health centres in Trans Nzoia County this April.,KEMRI inawakumbusha umma kwamba uchunguzi wa bure wa homa ya dengue unapatikana katika vituo vyote vya afya ya umma katika Kaunti ya Trans Nzoia Aprili hii.
HEA_00480,Health,Notice: Kenya Red Cross confirms a dengue fever outbreak alert for Samburu County. Residents are advised to report any suspected cases to community health volunteers.,Taarifa: Msalaba Mwekundu wa Kenya unathibitisha tahadhari ya kuzuka kwa homa ya dengue kwa Kaunti ya Samburu. Wakazi wanashauriwa kuripoti visa vyovyote vinavyoshukiwa kwa wajitoleaji wa afya wa jamii.
HEA_00481,Health,Notice: Kenya Red Cross confirms a Rift Valley Fever outbreak alert for West Pokot County. Residents are advised to avoid contact with contaminated water sources.,Taarifa: Msalaba Mwekundu wa Kenya unathibitisha tahadhari ya mlipuko wa homa ya Rift Valley kwa Kaunti ya West Pokot. Wakazi wanashauriwa kuepuka kuwasiliana na vyanzo vya maji vilivyochafuliwa.
HEA_00482,Health,Ministry of Health - Reproductive Health Unit urges residents of Murang'a County to report any suspected cases to community health volunteers following a rise in reported HIV/AIDS cases.,Wizara ya Afya - Kitengo cha Afya ya Uzazi kinawasihi wakazi wa Kaunti ya Murang'a kuripoti visa vyovyote vinavyoshukiwa kwa wajitoleaji wa afya ya jamii kufuatia ongezeko la visa vya UKIMWI/UKIMWI vilivyoripotiwa.
HEA_00483,Health,Ministry of Health calls on parents in Kakamega County to have children under five screened for measles during the April outreach.,Wizara ya Afya inawaomba wazazi katika Kaunti ya Kakamega kuwachunguza watoto walio chini ya miaka mitano kwa ajili ya ugonjwa wa saratani wakati wa kampeni ya Aprili.
HEA_00484,Health,Kenya Red Cross urges residents of Bomet County to avoid contact with contaminated water sources following a rise in reported meningitis cases.,Msalaba Mwekundu wa Kenya unawahimiza wakazi wa Kaunti ya Bomet waepuke kuwasiliana na vyanzo vya maji vilivyochafuliwa baada ya ongezeko la visa vya meningitis vilivyoripotiwa.
HEA_00485,Health,Notice: KEMSA confirms a tuberculosis outbreak alert for Tharaka-Nithi County. Residents are advised to avoid contact with contaminated water sources.,Taarifa: KEMSA inathibitisha tahadhari ya mlipuko wa kifua kikuu kwa Kaunti ya Tharaka-Nithi. Wakazi wanashauriwa kuepuka kuwasiliana na vyanzo vya maji vilivyochafuliwa.
HEA_00486,Health,Public health advisory: KEMRI warns of increased HIV/AIDS risk in Nakuru County and advises the public to report any suspected cases to community health volunteers.,Ushauri wa afya ya umma: KEMRI inaonya juu ya kuongezeka kwa hatari ya VVU / UKIMWI katika Kaunti ya Nakuru na inashauri umma kuripoti visa vyovyote vinavyoshukiwa kwa wajitoleaji wa afya ya jamii.
HEA_00487,Health,Ministry of Health - Reproductive Health Unit calls on parents in Baringo County to have children under five screened for HIV/AIDS during the March outreach.,Wizara ya Afya - Kitengo cha Afya ya Uzazi kinawaomba wazazi katika Kaunti ya Baringo kuwa na watoto chini ya miaka mitano wachunguzwe virusi vya UKIMWI wakati wa kampeni ya Machi.
HEA_00488,Health,KEMSA reminds the public that free Rift Valley Fever screening is available at all public health centres in Nairobi County this September.,KEMSA inawakumbusha umma kwamba uchunguzi wa bure wa Rift Valley Fever unapatikana katika vituo vyote vya afya ya umma katika Kaunti ya Nairobi mwezi huu wa Septemba.
HEA_00489,Health,CDC reminds the public that free dengue fever screening is available at all public health centres in Kisumu County this January.,CDC inakumbusha umma kwamba uchunguzi wa bure wa homa ya dengue unapatikana katika vituo vyote vya afya ya umma katika Kaunti ya Kisumu Januari hii.
HEA_00490,Health,SHA (Social Health Authority) urges residents of Homa Bay County to avoid contact with contaminated water sources following a rise in reported cholera cases.,Shirika la Afya ya Jamii (SHA) linawahimiza wakazi wa Kaunti ya Homa Bay waepuke mawasiliano na vyanzo vya maji vilivyochafuliwa baada ya ongezeko la visa vya kipindupindu vilivyoripotiwa.
HEA_00491,Health,KEMRI reminds the public that free measles screening is available at all public health centres in Lamu County this December.,KEMRI inawakumbusha umma kwamba uchunguzi wa bure wa ugonjwa wa saratani unapatikana katika vituo vyote vya afya ya umma katika Kaunti ya Lamu Desemba hii.
HEA_00492,Health,KEMRI urges residents of Narok County to seek immediate testing at the nearest health facility following a rise in reported HIV/AIDS cases.,KEMRI inawahimiza wakazi wa Kaunti ya Narok kutafuta upimaji wa haraka katika kituo cha afya cha karibu baada ya ongezeko la visa vya UKIMWI/UKIMWI vilivyoripotiwa.
HEA_00493,Health,Public health advisory: Ministry of Health - Reproductive Health Unit warns of increased cholera risk in Homa Bay County and advises the public to seek immediate testing at the nearest health facility.,Ushauri wa afya ya umma: Wizara ya Afya - Kitengo cha Afya ya Kuzaliana inaonya juu ya kuongezeka kwa hatari ya kipindupindu katika Kaunti ya Homa Bay na inashauri umma kutafuta upimaji wa haraka katika kituo cha afya cha karibu.
HEA_00494,Health,Public health advisory: CDC warns of increased cholera risk in Uasin Gishu County and advises the public to use insecticide-treated mosquito nets every night.,Ushauri wa afya ya umma: CDC inaonya juu ya kuongezeka kwa hatari ya ugonjwa wa kipindupindu katika Kaunti ya Uasin Gishu na inashauri umma watumie mitungi ya mbu inayoshughulikiwa na dawa za wadudu kila usiku.
HEA_00495,Health,Notice: CDC confirms a dengue fever outbreak alert for Nyeri County. Residents are advised to avoid contact with contaminated water sources.,Kumbuka: CDC inathibitisha tahadhari ya kuzuka kwa homa ya dengue kwa Kaunti ya Nyeri. Wakazi wanashauriwa kuepuka kuwasiliana na vyanzo vya maji vilivyochafuliwa.
HEA_00496,Health,SHA (Social Health Authority) reminds the public that free measles screening is available at all public health centres in Garissa County this September.,Shirika la Afya ya Jamii (SHA) linakumbusha umma kwamba uchunguzi wa bure wa ugonjwa wa saratani unapatikana katika vituo vyote vya afya ya umma katika Kaunti ya Garissa mwezi huu wa Septemba.
HEA_00497,Health,KEMRI reminds the public that free typhoid screening is available at all public health centres in Busia County this September.,KEMRI inawakumbusha umma kwamba uchunguzi wa bure wa ugonjwa wa kifua kikuu unapatikana katika vituo vyote vya afya ya umma katika Kaunti ya Busia mwezi huu wa Septemba.
HEA_00498,Health,Notice: Kenya Red Cross confirms a HIV/AIDS outbreak alert for Trans Nzoia County. Residents are advised to avoid contact with contaminated water sources.,Taarifa: Msalaba Mwekundu wa Kenya unathibitisha tahadhari ya kuzuka kwa virusi vya UKIMWI/UKIMWI katika Kaunti ya Trans Nzoia. Wakazi wanashauriwa waepuke kuwasiliana na vyanzo vya maji vilivyochafuliwa.
HEA_00499,Health,KEMRI calls on parents in Kisii County to have children under five screened for typhoid during the April outreach.,KEMRI inawaomba wazazi katika Kaunti ya Kisii kuwachunguza watoto walio chini ya miaka mitano kwa ajili ya ugonjwa wa kifua kikuu wakati wa ziara ya Aprili.
HEA_00500,Health,Ministry of Health urges residents of Taita-Taveta County to avoid contact with contaminated water sources following a rise in reported cyclosporiasis cases.,Wizara ya Afya inawasihi wakazi wa Wilaya ya Taita-Taveta waepuke kuwasiliana na vyanzo vya maji vilivyochafuliwa kufuatia ongezeko la visa vya cyclosporiasis vilivyoripotiwa.
HEA_00501,Health,Public health advisory: Ministry of Health - Reproductive Health Unit warns of increased cholera risk in Tana River County and advises the public to complete the full recommended vaccination dose.,Ushauri wa afya ya umma: Wizara ya Afya - Kitengo cha Afya ya Kuzaliana inaonya juu ya kuongezeka kwa hatari ya kipindupindu katika Kaunti ya Tana River na inashauri umma kukamilisha kipimo kamili cha chanjo kilichopendekezwa.
HEA_00502,Health,Ministry of Health - Reproductive Health Unit urges residents of Elgeyo-Marakwet County to use insecticide-treated mosquito nets every night following a rise in reported HIV/AIDS cases.,Wizara ya Afya - Kitengo cha Afya ya Uzazi kinawasihi wakazi wa Kaunti ya Elgeyo-Marakwet watumie mitungi ya mbu kila usiku baada ya ongezeko la visa vya UKIMWI/UKIMWI vilivyoripotiwa.
HEA_00503,Health,CDC urges residents of Kilifi County to use insecticide-treated mosquito nets every night following a rise in reported tuberculosis cases.,CDC inawahimiza wakazi wa Wilaya ya Kilifi watumie mitungi ya mbu kila usiku baada ya ongezeko la visa vya kifua kikuu vilivyoripotiwa.
HEA_00504,Health,Kenya Red Cross calls on parents in Kilifi County to have children under five screened for typhoid during the February outreach.,Msalaba Mwekundu wa Kenya unawataka wazazi katika Kaunti ya Kilifi kuwachunguza watoto walio chini ya miaka mitano kwa ajili ya ugonjwa wa kifua kikuu wakati wa kampeni ya Februari.
HEA_00505,Health,Public health advisory: Ministry of Health warns of increased cholera risk in Meru County and advises the public to complete the full recommended vaccination dose.,Ushauri wa afya ya umma: Wizara ya Afya inaonya juu ya kuongezeka kwa hatari ya kipindupindu katika Kaunti ya Meru na inashauri umma kukamilisha kipimo kamili cha chanjo kilichopendekezwa.
HEA_00506,Health,Public health advisory: KEMSA warns of increased malaria risk in Nyamira County and advises the public to report any suspected cases to community health volunteers.,Ushauri wa afya ya umma: KEMSA inaonya juu ya kuongezeka kwa hatari ya malaria katika Kaunti ya Nyamira na inashauri umma kuripoti visa vyovyote vinavyoshukiwa kwa wajitoleaji wa afya ya jamii.
HEA_00507,Health,KEMRI reminds the public that free dengue fever screening is available at all public health centres in Kakamega County this July.,KEMRI inawakumbusha umma kwamba uchunguzi wa bure wa homa ya dengue unapatikana katika vituo vyote vya afya ya umma katika Kaunti ya Kakamega Julai hii.
HEA_00508,Health,Notice: Kenya Medical Association confirms a malaria outbreak alert for Mandera County. Residents are advised to use insecticide-treated mosquito nets every night.,Taarifa: Chama cha Matibabu cha Kenya kinathibitisha tahadhari ya mlipuko wa malaria katika Kaunti ya Mandera. Wakazi wanashauriwa kutumia nyuzi za mbu zinazoshughulikiwa na dawa za wadudu kila usiku.
HEA_00509,Health,Notice: Ministry of Health confirms a tuberculosis outbreak alert for Garissa County. Residents are advised to seek immediate testing at the nearest health facility.,Taarifa: Wizara ya Afya inathibitisha tahadhari ya mlipuko wa kifua kikuu kwa Kaunti ya Garissa. Wakazi wanashauriwa kutafuta upimaji wa papo hapo katika kituo cha afya cha karibu.
HEA_00510,Health,Notice: Kenya Medical Association confirms a typhoid outbreak alert for Murang'a County. Residents are advised to avoid contact with contaminated water sources.,Taarifa: Chama cha Matibabu cha Kenya kinathibitisha tahadhari ya mlipuko wa kifua kikuu katika Kaunti ya Murang'a. Wakazi wanashauriwa waepuke kuwasiliana na vyanzo vya maji vilivyochafuliwa.
HEA_00511,Health,KEMRI calls on parents in Turkana County to have children under five screened for cyclosporiasis during the September outreach.,KEMRI inawaomba wazazi katika Kaunti ya Turkana kuwachunguza watoto walio chini ya miaka mitano kwa ajili ya ugonjwa wa cyclosporiasis wakati wa kampeni ya Septemba.
HEA_00512,Health,KEMSA calls on parents in Migori County to have children under five screened for cyclosporiasis during the October outreach.,KEMSA inawaomba wazazi katika Kaunti ya Migori kuwa na watoto chini ya miaka mitano wachunguzwe kwa ajili ya cyclosporiasis wakati wa ziara ya Oktoba.
HEA_00513,Health,Kenya Red Cross urges residents of Machakos County to seek immediate testing at the nearest health facility following a rise in reported malaria cases.,Msalaba Mwekundu wa Kenya unawahimiza wakazi wa Kaunti ya Machakos kutafuta upimaji wa haraka katika kituo cha afya cha karibu baada ya ongezeko la visa vya malaria vilivyoripotiwa.
HEA_00514,Health,Notice: KEMSA confirms a measles outbreak alert for Samburu County. Residents are advised to avoid contact with contaminated water sources.,Taarifa: KEMSA inathibitisha tahadhari ya mlipuko wa saratani kwa Kaunti ya Samburu. Wakazi wanashauriwa kuepuka kuwasiliana na vyanzo vya maji vilivyochafuliwa.
HEA_00515,Health,Notice: Division of Disease Surveillance and Response confirms a cholera outbreak alert for Garissa County. Residents are advised to report any suspected cases to community health volunteers.,Taarifa: Idara ya Ufuatiliaji na Jibu la Magonjwa inathibitisha tahadhari ya mlipuko wa kipindupindu kwa Kaunti ya Garissa. Wakazi wanashauriwa kuripoti visa vyovyote vinavyotarajiwa kwa wajitolea wa afya ya jamii.
HEA_00516,Health,Division of Disease Surveillance and Response calls on parents in Nyandarua County to have children under five screened for measles during the February outreach.,Idara ya Ufuatiliaji na Jibu la Magonjwa inawaomba wazazi katika Kaunti ya Nyandarua kuwa na watoto chini ya miaka mitano kuchunguzwa kwa ugonjwa wa saratani wakati wa kampeni ya Februari.
HEA_00517,Health,KEMSA urges residents of Elgeyo-Marakwet County to use insecticide-treated mosquito nets every night following a rise in reported dengue fever cases.,KEMSA inawasihi wakazi wa Kaunti ya Elgeyo-Marakwet watumie mitungi ya mbu kila usiku baada ya ongezeko la visa vya homa ya dengue vilivyoripotiwa.
HEA_00518,Health,Public health advisory: Kenya Medical Association warns of increased malaria risk in Garissa County and advises the public to report any suspected cases to community health volunteers.,Ushauri wa afya ya umma: Chama cha Matibabu cha Kenya kinaonya juu ya kuongezeka kwa hatari ya malaria katika Kaunti ya Garissa na inashauri umma kuripoti visa vyovyote vinavyoshukiwa kwa wajitoleaji wa afya ya jamii.
HEA_00519,Health,Public health advisory: SHA (Social Health Authority) warns of increased HIV/AIDS risk in Bungoma County and advises the public to avoid contact with contaminated water sources.,Ushauri wa afya ya umma: SHA (Huduma ya Afya ya Jamii) inaonya juu ya kuongezeka kwa hatari ya VVU / UKIMWI katika Kaunti ya Bungoma na inashauri umma waepuke kuwasiliana na vyanzo vya maji vilivyochafuliwa.
HEA_00520,Health,Kenya Red Cross urges residents of Uasin Gishu County to use insecticide-treated mosquito nets every night following a rise in reported malaria cases.,Msalaba Mwekundu wa Kenya unawahimiza wakazi wa Wilaya ya Uasin Gishu watumie mitungi ya mbu kila usiku baada ya ongezeko la visa vya malaria vilivyoripotiwa.
HEA_00521,Health,CDC reminds the public that free cyclosporiasis screening is available at all public health centres in Isiolo County this November.,CDC inakumbusha umma kwamba uchunguzi wa bure wa cyclosporiasis unapatikana katika vituo vyote vya afya ya umma katika Kaunti ya Isiolo Novemba hii.
HEA_00522,Health,KEMSA reminds the public that free typhoid screening is available at all public health centres in Nyandarua County this May.,KEMSA inawakumbusha umma kwamba uchunguzi wa bure wa ugonjwa wa kifua kikuu unapatikana katika vituo vyote vya afya ya umma katika Kaunti ya Nyandarua Mei hii.
HEA_00523,Health,KEMSA calls on parents in Lamu County to have children under five screened for cyclosporiasis during the March outreach.,KEMSA inaomba wazazi katika Kaunti ya Lamu kuwa na watoto chini ya miaka mitano kuchunguzwa kwa cyclosporiasis wakati wa kampeni ya Machi.
HEA_00524,Health,Notice: Kenya Medical Association confirms a malaria outbreak alert for Kirinyaga County. Residents are advised to report any suspected cases to community health volunteers.,Taarifa: Chama cha Matibabu cha Kenya kinathibitisha tahadhari ya mlipuko wa malaria kwa Kaunti ya Kirinyaga. Wakazi wanashauriwa kuripoti visa vyovyote vinavyoshukiwa kwa wajitoleaji wa afya wa jamii.
HEA_00525,Health,Notice: KEMRI confirms a Rift Valley Fever outbreak alert for Nairobi County. Residents are advised to use insecticide-treated mosquito nets every night.,Kumbuka: KEMRI inathibitisha tahadhari ya kuzuka kwa homa ya Rift Valley kwa Kaunti ya Nairobi. Wakazi wanashauriwa kutumia nyuzi za mbu zinazoshughulikiwa na dawa za wadudu kila usiku.
HEA_00526,Health,Public health advisory: KEMRI warns of increased measles risk in Baringo County and advises the public to report any suspected cases to community health volunteers.,Ushauri wa afya ya umma: KEMRI inaonya juu ya kuongezeka kwa hatari ya kuambukiza katika Kaunti ya Baringo na inashauri umma kuripoti visa vyovyote vinavyodhaniwa kwa wajitolea wa afya ya jamii.
HEA_00527,Health,Kenya Medical Association urges residents of Kiambu County to report any suspected cases to community health volunteers following a rise in reported cyclosporiasis cases.,Chama cha Matibabu cha Kenya kinawahimiza wakazi wa Kaunti ya Kiambu kuripoti visa vyovyote vinavyoshukiwa kwa wajitoleaji wa afya ya jamii kufuatia kuongezeka kwa visa vya cyclosporiasis vilivyoripotiwa.
HEA_00528,Health,Division of Disease Surveillance and Response calls on parents in Elgeyo-Marakwet County to have children under five screened for meningitis during the November outreach.,Idara ya Ufuatiliaji na Jibu la Magonjwa inaomba wazazi katika Kaunti ya Elgeyo-Marakwet kuwa na watoto chini ya miaka mitano kuchunguzwa kwa meningitis wakati wa huduma ya Novemba.
HEA_00529,Health,Kenya Red Cross reminds the public that free tuberculosis screening is available at all public health centres in Murang'a County this October.,Msalaba Mwekundu wa Kenya unakumbusha umma kwamba uchunguzi wa bure wa kifua kikuu unapatikana katika vituo vyote vya afya ya umma katika Kaunti ya Murang'a mwezi huu wa Oktoba.
HEA_00530,Health,Division of Disease Surveillance and Response calls on parents in Meru County to have children under five screened for HIV/AIDS during the July outreach.,Idara ya Ufuatiliaji na Jibu la Magonjwa inawaomba wazazi katika Kaunti ya Meru kuwa na watoto chini ya miaka mitano wachunguzwe kwa ajili ya VVU/UKIMWI wakati wa kampeni ya Julai.
HEA_00531,Health,Notice: Ministry of Health - Reproductive Health Unit confirms a HIV/AIDS outbreak alert for Kakamega County. Residents are advised to avoid contact with contaminated water sources.,Taarifa: Wizara ya Afya - Kitengo cha Afya ya Kuzaliana kinathibitisha tahadhari ya mlipuko wa VVU/UKIMWI kwa Kaunti ya Kakamega. Wakazi wanashauriwa kuepuka kuwasiliana na vyanzo vya maji vilivyochafuliwa.
HEA_00532,Health,Notice: Kenya Medical Association confirms a meningitis outbreak alert for West Pokot County. Residents are advised to complete the full recommended vaccination dose.,Taarifa: Chama cha Matibabu cha Kenya kinathibitisha tahadhari ya mlipuko wa meningitis kwa Kaunti ya West Pokot. Wakazi wanashauriwa kukamilisha kipimo kamili cha chanjo kilichopendekezwa.
HEA_00533,Health,Public health advisory: CDC warns of increased dengue fever risk in Meru County and advises the public to seek immediate testing at the nearest health facility.,Ushauri wa afya ya umma: CDC inaonya juu ya kuongezeka kwa hatari ya homa ya dengue katika Kaunti ya Meru na inashauri umma kutafuta upimaji wa haraka katika kituo cha afya cha karibu.
HEA_00534,Health,KEMRI calls on parents in Nandi County to have children under five screened for malaria during the May outreach.,KEMRI inawaalika wazazi katika Kaunti ya Nandi kuwachunguza watoto walio chini ya miaka mitano kwa ajili ya malaria wakati wa mkutano wa Mei.
HEA_00535,Health,Ministry of Health - Reproductive Health Unit calls on parents in Mandera County to have children under five screened for typhoid during the November outreach.,Wizara ya Afya - Kitengo cha Afya ya Kuzaliana kinawaomba wazazi katika Kaunti ya Mandera kuwachunguza watoto walio chini ya miaka mitano kwa ajili ya ugonjwa wa kifua kikuu wakati wa ziara ya Novemba.
HEA_00536,Health,Kenya Red Cross reminds the public that free cyclosporiasis screening is available at all public health centres in Homa Bay County this March.,Kenya Red Cross inakumbusha umma kwamba uchunguzi wa bure wa cyclosporiasis unapatikana katika vituo vyote vya afya ya umma katika Kaunti ya Homa Bay mwezi huu wa Machi.
HEA_00537,Health,SHA (Social Health Authority) calls on parents in Nandi County to have children under five screened for Rift Valley Fever during the October outreach.,Shirika la Afya ya Jamii (SHA) linawasihi wazazi katika Kaunti ya Nandi kuwachunguza watoto walio chini ya miaka mitano kwa ajili ya homa ya Bonde la Rift wakati wa ziara ya Oktoba.
HEA_00538,Health,Public health advisory: Kenya Medical Association warns of increased cyclosporiasis risk in Kericho County and advises the public to use insecticide-treated mosquito nets every night.,Ushauri wa afya ya umma: Shirika la Matibabu la Kenya linaonya juu ya kuongezeka kwa hatari ya cyclosporiasis katika Kaunti ya Kericho na linawashauri umma watumie mitungi ya mbu inayoshughulikiwa na dawa za wadudu kila usiku.
HEA_00539,Health,Division of Disease Surveillance and Response urges residents of Kisii County to seek immediate testing at the nearest health facility following a rise in reported meningitis cases.,Idara ya Ufuatiliaji na Jibu la Magonjwa inahimiza wakazi wa Kaunti ya Kisii kutafuta upimaji wa haraka katika kituo cha afya cha karibu baada ya ongezeko la visa vya meningitis vilivyoripotiwa.
HEA_00540,Health,KEMRI urges residents of Homa Bay County to complete the full recommended vaccination dose following a rise in reported HIV/AIDS cases.,KEMRI inawasihi wakazi wa Kaunti ya Homa Bay kukamilisha kipimo kamili cha chanjo kilichopendekezwa kufuatia ongezeko la visa vya UKIMWI/UKIMWI vilivyoripotiwa.
HEA_00541,Health,Public health advisory: Ministry of Health warns of increased cyclosporiasis risk in Kakamega County and advises the public to report any suspected cases to community health volunteers.,Ushauri wa afya ya umma: Wizara ya Afya inaonya juu ya kuongezeka kwa hatari ya cyclosporiasis katika Kaunti ya Kakamega na inashauri umma kuripoti kesi yoyote inayoshukiwa kwa wajitoleaji wa afya ya jamii.
HEA_00542,Health,SHA (Social Health Authority) calls on parents in Mombasa County to have children under five screened for typhoid during the February outreach.,Shirika la Afya ya Jamii (SHA) linawasihi wazazi katika Kaunti ya Mombasa kuwachunguza watoto walio chini ya miaka mitano kwa ajili ya ugonjwa wa kifua kikuu wakati wa mkutano wa Februari.
HEA_00543,Health,CDC reminds the public that free meningitis screening is available at all public health centres in Kajiado County this September.,CDC inakumbusha umma kwamba uchunguzi wa bure wa meningitis unapatikana katika vituo vyote vya afya ya umma katika Kajiado County mwezi huu wa Septemba.
HEA_00544,Health,Public health advisory: KEMRI warns of increased cyclosporiasis risk in Nandi County and advises the public to avoid contact with contaminated water sources.,Ushauri wa afya ya umma: KEMRI inaonya juu ya kuongezeka kwa hatari ya cyclosporiasis katika Kaunti ya Nandi na inashauri umma waepuke kuwasiliana na vyanzo vya maji vilivyochafuliwa.
HEA_00545,Health,Public health advisory: CDC warns of increased cholera risk in Marsabit County and advises the public to avoid contact with contaminated water sources.,Ushauri wa afya ya umma: CDC inaonya juu ya kuongezeka kwa hatari ya kipindupindu katika Kaunti ya Marsabit na inashauri umma waepuke kuwasiliana na vyanzo vya maji vilivyochafuliwa.
HEA_00546,Health,Kenya Red Cross urges residents of Uasin Gishu County to complete the full recommended vaccination dose following a rise in reported malaria cases.,Msalaba Mwekundu wa Kenya unawahimiza wakazi wa Kaunti ya Uasin Gishu kukamilisha kipimo kamili cha chanjo kilichopendekezwa kufuatia ongezeko la visa vya malaria vilivyoripotiwa.
HEA_00547,Health,Notice: Kenya Red Cross confirms a tuberculosis outbreak alert for Kiambu County. Residents are advised to use insecticide-treated mosquito nets every night.,Taarifa: Msalaba Mwekundu wa Kenya unathibitisha tahadhari ya kuenea kwa ugonjwa wa kifua kikuu katika Kaunti ya Kiambu. Wakazi wanashauriwa kutumia nyuzi za mbu zinazoshughulikiwa na dawa za wadudu kila usiku.
HEA_00548,Health,Division of Disease Surveillance and Response calls on parents in Laikipia County to have children under five screened for Rift Valley Fever during the February outreach.,Idara ya Ufuatiliaji na Jibu la Magonjwa inawaomba wazazi katika Kaunti ya Laikipia kuwa na watoto chini ya miaka mitano kuchunguzwa kwa homa ya Rift Valley wakati wa huduma ya Februari.
HEA_00549,Health,Division of Disease Surveillance and Response calls on parents in Lamu County to have children under five screened for cholera during the May outreach.,Idara ya Ufuatiliaji na Jibu la Magonjwa inawaomba wazazi katika Kaunti ya Lamu kuwa na watoto chini ya miaka mitano kuchunguzwa kwa cholera wakati wa ziara ya Mei.
HEA_00550,Health,Ministry of Health urges residents of Kiambu County to complete the full recommended vaccination dose following a rise in reported malaria cases.,Wizara ya Afya inawahimiza wakazi wa Kaunti ya Kiambu kukamilisha kipimo kamili cha chanjo kilichopendekezwa kufuatia ongezeko la visa vya malaria vilivyoripotiwa.
HEA_00551,Health,CDC reminds the public that free measles screening is available at all public health centres in Meru County this September.,CDC inawakumbusha umma kwamba uchunguzi wa bure wa kulevya ni inapatikana katika vituo vyote vya afya ya umma katika Kaunti ya Meru mwezi huu wa Septemba.
HEA_00552,Health,Notice: CDC confirms a tuberculosis outbreak alert for Elgeyo-Marakwet County. Residents are advised to avoid contact with contaminated water sources.,Taarifa: CDC inathibitisha tahadhari ya mlipuko wa kifua kikuu kwa Kaunti ya Elgeyo-Marakwet. Wakazi wanashauriwa kuepuka kuwasiliana na vyanzo vya maji vilivyochafuliwa.
HEA_00553,Health,KEMSA reminds the public that free cyclosporiasis screening is available at all public health centres in Siaya County this November.,KEMSA inawakumbusha umma kwamba uchunguzi wa bure wa cyclosporiasis unapatikana katika vituo vyote vya afya ya umma katika Kaunti ya Siaya mwezi huu wa Novemba.
HEA_00554,Health,Ministry of Health calls on parents in Busia County to have children under five screened for Rift Valley Fever during the April outreach.,Wizara ya Afya inawaalika wazazi katika Kaunti ya Busia kuwa na watoto chini ya miaka mitano kuchunguzwa kwa ajili ya Rift Valley Fever wakati wa huduma ya Aprili.
HEA_00555,Health,Public health advisory: Kenya Medical Association warns of increased tuberculosis risk in Samburu County and advises the public to complete the full recommended vaccination dose.,Ushauri wa afya ya umma: Chama cha Matibabu cha Kenya kinaonya juu ya kuongezeka kwa hatari ya kifua kikuu katika Kaunti ya Samburu na inashauri umma kukamilisha kipimo kamili cha chanjo kilichopendekezwa.
HEA_00556,Health,Notice: SHA (Social Health Authority) confirms a dengue fever outbreak alert for Kakamega County. Residents are advised to complete the full recommended vaccination dose.,Taarifa: Shirika la Afya ya Jamii (SHA) linathibitisha tahadhari ya kuzuka kwa homa ya dengue kwa Kaunti ya Kakamega. Wakazi wanashauriwa kukamilisha kipimo kamili cha chanjo kilichopendekezwa.
HEA_00557,Health,Notice: Division of Disease Surveillance and Response confirms a malaria outbreak alert for Tharaka-Nithi County. Residents are advised to report any suspected cases to community health volunteers.,Taarifa: Idara ya Ufuatiliaji na Jibu la Magonjwa inathibitisha tahadhari ya mlipuko wa malaria kwa Kaunti ya Tharaka-Nithi. Wakazi wanashauriwa kuripoti visa vyovyote vinavyoshukiwa kwa wajitolea wa afya wa jamii.
HEA_00558,Health,CDC calls on parents in Siaya County to have children under five screened for meningitis during the June outreach.,CDC inawaomba wazazi katika Kaunti ya Siaya kuwa na watoto chini ya miaka mitano wachunguzwe kwa ajili ya meningitis wakati wa huduma ya Juni.
HEA_00559,Health,Kenya Medical Association calls on parents in Vihiga County to have children under five screened for HIV/AIDS during the February outreach.,Shirika la Matibabu la Kenya linawasihi wazazi katika Kaunti ya Vihiga kuwachunguza watoto walio chini ya miaka mitano kwa VVU/UKIMWI wakati wa mkutano wa Februari.
HEA_00560,Health,Notice: Ministry of Health - Reproductive Health Unit confirms a typhoid outbreak alert for Busia County. Residents are advised to use insecticide-treated mosquito nets every night.,Taarifa: Wizara ya Afya - Kitengo cha Afya ya Kuzaliana kinathibitisha tahadhari ya mlipuko wa ugonjwa wa kifua kikuu katika Kaunti ya Busia. Wakazi wanashauriwa kutumia mitungi ya wadudu kila usiku.
HEA_00561,Health,Public health advisory: SHA (Social Health Authority) warns of increased HIV/AIDS risk in Migori County and advises the public to seek immediate testing at the nearest health facility.,Ushauri wa afya ya umma: Shirika la Afya ya Jamii (SHA) linaonya juu ya kuongezeka kwa hatari ya VVU / UKIMWI katika Kaunti ya Migori na linawashauri umma kutafuta upimaji wa haraka katika kituo cha afya cha karibu.
HEA_00562,Health,Kenya Red Cross reminds the public that free HIV/AIDS screening is available at all public health centres in Wajir County this March.,Msalaba Mwekundu wa Kenya unakumbusha umma kwamba uchunguzi wa bure wa VVU/UKIMWI unapatikana katika vituo vyote vya afya ya umma katika Kaunti ya Wajir Machi hii.
HEA_00563,Health,CDC reminds the public that free meningitis screening is available at all public health centres in Samburu County this July.,CDC inawakumbusha umma kwamba uchunguzi wa bure wa meningitis unapatikana katika vituo vyote vya afya ya umma katika Kaunti ya Samburu Julai hii.
HEA_00564,Health,Kenya Medical Association reminds the public that free Rift Valley Fever screening is available at all public health centres in Elgeyo-Marakwet County this March.,Chama cha Matibabu cha Kenya kinakumbusha umma kwamba uchunguzi wa bure wa Rift Valley Fever unapatikana katika vituo vyote vya afya ya umma katika Kaunti ya Elgeyo-Marakwet mwezi huu wa Machi.
HEA_00565,Health,Public health advisory: KEMSA warns of increased Rift Valley Fever risk in Bomet County and advises the public to report any suspected cases to community health volunteers.,Ushauri wa afya ya umma: KEMSA inaonya juu ya kuongezeka kwa hatari ya homa ya Rift Valley katika Kaunti ya Bomet na inashauri umma kuripoti visa vyovyote vinavyodhaniwa kwa wajitolea wa afya ya jamii.
HEA_00566,Health,KEMSA reminds the public that free meningitis screening is available at all public health centres in Murang'a County this August.,KEMSA inawakumbusha umma kwamba uchunguzi wa bure wa meningitis unapatikana katika vituo vyote vya afya ya umma katika Kaunti ya Murang'a Agosti hii.
HEA_00567,Health,Division of Disease Surveillance and Response urges residents of Mombasa County to complete the full recommended vaccination dose following a rise in reported measles cases.,Idara ya Ufuatiliaji na Jibu la Magonjwa inahimiza wakazi wa Kaunti ya Mombasa kukamilisha kipimo kamili cha chanjo kilichopendekezwa baada ya ongezeko la visa vya kuambukizwa vya kuambukiza.
HEA_00568,Health,CDC calls on parents in Narok County to have children under five screened for Rift Valley Fever during the November outreach.,CDC inaomba wazazi katika Kaunti ya Narok kuwa na watoto chini ya miaka mitano kuchunguzwa kwa Rift Valley Fever wakati wa jumuiya ya Novemba.
HEA_00569,Health,Ministry of Health - Reproductive Health Unit calls on parents in Uasin Gishu County to have children under five screened for Rift Valley Fever during the December outreach.,Wizara ya Afya - Kitengo cha Afya ya Uzazi kinawaomba wazazi katika Kaunti ya Uasin Gishu kuwachunguza watoto walio chini ya miaka mitano kwa ajili ya homa ya Bonde la Rift wakati wa kampeni ya Desemba.
HEA_00570,Health,KEMSA calls on parents in Taita-Taveta County to have children under five screened for cholera during the October outreach.,KEMSA inawaomba wazazi katika Wilaya ya Taita-Taveta kuwachunguza watoto walio chini ya miaka mitano kwa ajili ya ugonjwa wa kipindupindu wakati wa kampeni ya Oktoba.
HEA_00571,Health,Kenya Red Cross reminds the public that free tuberculosis screening is available at all public health centres in Kilifi County this May.,Msalaba Mwekundu wa Kenya unakumbusha umma kwamba uchunguzi wa bure wa kifua kikuu unapatikana katika vituo vyote vya afya ya umma katika Kaunti ya Kilifi Mei hii.
HEA_00572,Health,Public health advisory: Kenya Red Cross warns of increased meningitis risk in Isiolo County and advises the public to avoid contact with contaminated water sources.,Ushauri wa afya ya umma: Msalaba Mwekundu wa Kenya unaonya juu ya kuongezeka kwa hatari ya meningitis katika Kaunti ya Isiolo na anashauri umma waepuke kuwasiliana na vyanzo vya maji vilivyochafuliwa.
HEA_00573,Health,Public health advisory: CDC warns of increased malaria risk in Wajir County and advises the public to report any suspected cases to community health volunteers.,Ushauri wa afya ya umma: CDC inaonya juu ya kuongezeka kwa hatari ya malaria katika Kaunti ya Wajir na inashauri umma kuripoti kesi yoyote inayoshukiwa kwa wajitolea wa afya ya jamii.
HEA_00574,Health,Public health advisory: Division of Disease Surveillance and Response warns of increased Rift Valley Fever risk in Kericho County and advises the public to use insecticide-treated mosquito nets every night.,Ushauri wa afya ya umma: Idara ya Ufuatiliaji na Jibu la Magonjwa inaonya juu ya kuongezeka kwa hatari ya homa ya Rift Valley katika Kaunti ya Kericho na inashauri umma kutumia mitungi ya mbu inayoshughulikiwa na dawa za wadudu kila usiku.
HEA_00575,Health,Kenya Medical Association reminds the public that free tuberculosis screening is available at all public health centres in Garissa County this December.,Chama cha Matibabu cha Kenya kinakumbusha umma kwamba uchunguzi wa bure wa kifua kikuu unapatikana katika vituo vyote vya afya ya umma katika Kaunti ya Garissa Desemba hii.
HEA_00576,Health,Notice: Ministry of Health confirms a HIV/AIDS outbreak alert for Nandi County. Residents are advised to seek immediate testing at the nearest health facility.,Taarifa: Wizara ya Afya inathibitisha tahadhari ya mlipuko wa VVU/UKIMWI kwa Kaunti ya Nandi. Wakazi wanashauriwa kutafuta upimaji wa haraka katika kituo cha afya cha karibu.
HEA_00577,Health,SHA (Social Health Authority) calls on parents in Machakos County to have children under five screened for meningitis during the April outreach.,Shirika la Afya ya Jamii (SHA) linawasihi wazazi katika Kaunti ya Machakos kuwachunguza watoto walio chini ya miaka mitano kwa ajili ya meningitis wakati wa kampeni ya Aprili.
HEA_00578,Health,Notice: Kenya Medical Association confirms a measles outbreak alert for Isiolo County. Residents are advised to complete the full recommended vaccination dose.,Taarifa: Chama cha Matibabu cha Kenya kinathibitisha tahadhari ya kuzuka kwa ugonjwa wa saratani kwa Wilaya ya Isiolo. Wakazi wanashauriwa kukamilisha kipimo kamili cha chanjo kilichopendekezwa.
HEA_00579,Health,Ministry of Health reminds the public that free dengue fever screening is available at all public health centres in Kakamega County this June.,Wizara ya Afya inawakumbusha umma kuwa uchunguzi wa bure wa homa ya dengue unapatikana katika vituo vyote vya afya ya umma katika Kaunti ya Kakamega mwezi Juni huu.
HEA_00580,Health,Notice: CDC confirms a typhoid outbreak alert for Isiolo County. Residents are advised to report any suspected cases to community health volunteers.,Kumbuka: CDC inathibitisha tahadhari ya maambukizi ya ugonjwa wa kifua kikuu kwa Wilaya ya Isiolo. Wakazi wanashauriwa kuripoti visa vyovyote vinavyodhaniwa kwa wajitolea wa afya ya jamii.
HEA_00581,Health,Public health advisory: Kenya Red Cross warns of increased malaria risk in Narok County and advises the public to complete the full recommended vaccination dose.,Ushauri wa afya ya umma: Msalaba Mwekundu wa Kenya unaonya juu ya kuongezeka kwa hatari ya malaria katika Kaunti ya Narok na anashauri umma kukamilisha kipimo kamili cha chanjo kilichopendekezwa.
HEA_00582,Health,Ministry of Health calls on parents in Nyandarua County to have children under five screened for measles during the November outreach.,Wizara ya Afya inawaomba wazazi katika Kaunti ya Nyandarua kuwachunguza watoto walio chini ya miaka mitano kwa ajili ya kuambukizwa ugonjwa wa saratani wakati wa kampeni ya Novemba.
HEA_00583,Health,KEMRI reminds the public that free HIV/AIDS screening is available at all public health centres in Marsabit County this December.,KEMRI inawakumbusha umma kwamba uchunguzi wa bure wa VVU/UKIMWI unapatikana katika vituo vyote vya afya ya umma katika Kaunti ya Marsabit Desemba hii.
HEA_00584,Health,Kenya Medical Association reminds the public that free meningitis screening is available at all public health centres in Nakuru County this March.,Chama cha Matibabu cha Kenya kinakumbusha umma kwamba uchunguzi wa bure wa meningitis unapatikana katika vituo vyote vya afya ya umma katika Kaunti ya Nakuru Machi hii.
HEA_00585,Health,Notice: Kenya Medical Association confirms a malaria outbreak alert for Samburu County. Residents are advised to seek immediate testing at the nearest health facility.,Taarifa: Chama cha Matibabu cha Kenya kinathibitisha tahadhari ya mlipuko wa malaria kwa Kaunti ya Samburu. Wakazi wanashauriwa kutafuta upimaji wa haraka katika kituo cha afya cha karibu.
HEA_00586,Health,CDC calls on parents in Nyandarua County to have children under five screened for HIV/AIDS during the December outreach.,CDC inawaomba wazazi katika Kaunti ya Nyandarua kuwa na watoto chini ya miaka mitano kuchunguzwa virusi vya UKIMWI/UKIMWI wakati wa kampeni ya Desemba.
HEA_00587,Health,Ministry of Health - Reproductive Health Unit calls on parents in Murang'a County to have children under five screened for cholera during the October outreach.,Wizara ya Afya - Kitengo cha Afya ya Uzazi kinawaomba wazazi katika Kaunti ya Murang'a kuwachunguza watoto walio chini ya umri wa miaka mitano kwa ajili ya ugonjwa wa kipindupindu wakati wa kampeni ya Oktoba.
HEA_00588,Health,Ministry of Health - Reproductive Health Unit urges residents of Siaya County to seek immediate testing at the nearest health facility following a rise in reported HIV/AIDS cases.,Wizara ya Afya - Idara ya Afya ya uzazi inawasihi wakazi wa Kaunti ya Siaya kutafuta upimaji wa haraka katika kituo cha afya cha karibu baada ya ongezeko la visa vya UKIMWI/UKIMWI vilivyoripotiwa.
HEA_00589,Health,Public health advisory: Kenya Medical Association warns of increased tuberculosis risk in Embu County and advises the public to avoid contact with contaminated water sources.,Ushauri wa afya ya umma: Shirika la Matibabu la Kenya linaonya juu ya kuongezeka kwa hatari ya kifua kikuu katika Kaunti ya Embu na linawashauri umma waepuke kuwasiliana na vyanzo vya maji vilivyochafuliwa.
HEA_00590,Health,Notice: Division of Disease Surveillance and Response confirms a dengue fever outbreak alert for Nyeri County. Residents are advised to use insecticide-treated mosquito nets every night.,Taarifa: Idara ya Ufuatiliaji na Jibu la Magonjwa inathibitisha tahadhari ya kuzuka kwa homa ya dengue kwa Kaunti ya Nyeri. Wakazi wanashauriwa kutumia mitungi ya mbu iliyoshughulikiwa na dawa za wadudu kila usiku.
HEA_00591,Health,Ministry of Health - Reproductive Health Unit reminds the public that free cholera screening is available at all public health centres in Kiambu County this November.,Wizara ya Afya - Kitengo cha Afya ya Uzazi kinakumbusha umma kwamba uchunguzi wa bure wa cholera unapatikana katika vituo vyote vya afya ya umma katika Kaunti ya Kiambu mwezi Novemba huu.
HEA_00592,Health,SHA (Social Health Authority) urges residents of Siaya County to seek immediate testing at the nearest health facility following a rise in reported cholera cases.,Shirika la Afya la Jamii (SHA) linawahimiza wakazi wa Kaunti ya Siaya kutafuta upimaji wa haraka katika kituo cha afya cha karibu baada ya ongezeko la visa vya kuambukizwa kwa kipindupindu.
HEA_00593,Health,Ministry of Health - Reproductive Health Unit reminds the public that free cyclosporiasis screening is available at all public health centres in Baringo County this January.,Wizara ya Afya - Kitengo cha Afya ya Uzazi kinakumbusha umma kwamba uchunguzi wa bure wa cyclosporiasis unapatikana katika vituo vyote vya afya ya umma katika Kaunti ya Baringo Januari hii.
HEA_00594,Health,KEMSA reminds the public that free measles screening is available at all public health centres in Kisumu County this May.,KEMSA inawakumbusha umma kwamba uchunguzi wa bure wa ugonjwa wa saratani unapatikana katika vituo vyote vya afya ya umma katika Kaunti ya Kisumu Mei hii.
HEA_00595,Health,Notice: SHA (Social Health Authority) confirms a typhoid outbreak alert for Kisumu County. Residents are advised to seek immediate testing at the nearest health facility.,Taarifa: Shirika la Afya ya Jamii (SHA) linathibitisha tahadhari ya mlipuko wa kifua kikuu katika Kaunti ya Kisumu. Wakazi wanashauriwa kutafuta upimaji wa haraka katika kituo cha afya cha karibu.
HEA_00596,Health,Notice: KEMSA confirms a typhoid outbreak alert for Tana River County. Residents are advised to complete the full recommended vaccination dose.,Taarifa: KEMSA inathibitisha tahadhari ya kuzuka kwa ugonjwa wa kifua kikuu kwa Wilaya ya Tana River. Wakazi wanashauriwa kukamilisha kipimo kamili cha chanjo kilichopendekezwa.
HEA_00597,Health,SHA (Social Health Authority) calls on parents in Nyamira County to have children under five screened for cholera during the February outreach.,Shirika la Afya ya Jamii (SHA) linawasihi wazazi katika Kaunti ya Nyamira kuwachunguza watoto walio chini ya umri wa miaka mitano kwa ajili ya ugonjwa wa kipindupindu wakati wa kampeni ya Februari.
HEA_00598,Health,Ministry of Health - Reproductive Health Unit reminds the public that free meningitis screening is available at all public health centres in Lamu County this March.,Wizara ya Afya - Kitengo cha Afya ya Uzazi kinakumbusha umma kwamba uchunguzi wa bure wa meningitis unapatikana katika vituo vyote vya afya ya umma katika Kaunti ya Lamu mwezi wa Machi.
HEA_00599,Health,CDC reminds the public that free cholera screening is available at all public health centres in Migori County this August.,CDC inakumbusha umma kwamba uchunguzi wa bure wa cholera unapatikana katika vituo vyote vya afya ya umma katika Kaunti ya Migori Agosti hii.
HEA_00600,Health,Division of Disease Surveillance and Response urges residents of Wajir County to avoid contact with contaminated water sources following a rise in reported measles cases.,Idara ya Ufuatiliaji na Jibu la Magonjwa inahimiza wakazi wa Kaunti ya Wajir waepuke kuwasiliana na vyanzo vya maji vilivyochafuliwa baada ya ongezeko la visa vya kuambukizwa vya kuambukiza.
HEA_00601,Health,KEMRI reminds expectant mothers in Samburu County that access to family planning counselling is free of charge at all public facilities.,KEMRI inawakumbusha akina mama wajawazito katika Kaunti ya Samburu kwamba upatikanaji wa ushauri wa mpango wa familia ni bure katika vituo vyote vya umma.
HEA_00602,Health,SHA (Social Health Authority) reminds expectant mothers in Murang'a County that access to skilled birth attendance is free of charge at all public facilities.,Shirika la Afya ya Jamii (SHA) linawakumbusha akina mama wajawazito katika Kaunti ya Murang'a kwamba ufikiaji wa huduma ya kuzaa yenye ujuzi ni bure katika vituo vyote vya umma.
HEA_00603,Health,Kenya Medical Association encourages mothers in Mandera County to register for the mother-and-child health card to safeguard their child's health.,Chama cha Matibabu cha Kenya kinawatia moyo akina mama katika Kaunti ya Mandera kujiandikisha kwa kadi ya afya ya mama na mtoto ili kulinda afya ya mtoto wao.
HEA_00604,Health,CDC reminds expectant mothers in Kakamega County that access to nutrition supplementation for infants is free of charge at all public facilities.,CDC inawakumbusha akina mama wajawazito katika Kaunti ya Kakamega kwamba upatikanaji wa virutubisho vya lishe kwa watoto wachanga ni bure katika vituo vyote vya umma.
HEA_00605,Health,Ministry of Health - Reproductive Health Unit encourages mothers in Turkana County to register for the mother-and-child health card to safeguard their child's health.,Wizara ya Afya - Kitengo cha Afya ya Uzazi kinawahimiza akina mama katika Kaunti ya Turkana kujiandikisha kwa kadi ya afya ya mama na mtoto ili kulinda afya ya mtoto wao.
HEA_00606,Health,Kenya Medical Association encourages mothers in Busia County to bring their child for growth monitoring to safeguard their child's health.,Chama cha Matibabu cha Kenya kinawatia moyo akina mama katika Kaunti ya Busia kumleta mtoto wao kwa ufuatiliaji wa ukuaji ili kulinda afya ya mtoto wao.
HEA_00607,Health,SHA (Social Health Authority) encourages mothers in Garissa County to visit their nearest maternity wing to safeguard their child's health.,Shirika la Afya ya Jamii (SHA) linawatia moyo akina mama katika Kaunti ya Garissa kutembelea uwanja wao wa uzazi wa karibu ili kulinda afya ya mtoto wao.
HEA_00608,Health,Division of Disease Surveillance and Response appeals to caregivers in Elgeyo-Marakwet County to register for the mother-and-child health card as part of the June maternal health drive.,Idara ya Ufuatiliaji na Jibu la Magonjwa inawaomba watunzaji katika Kaunti ya Elgeyo-Marakwet kujiandikisha kwa kadi ya afya ya mama na mtoto kama sehemu ya kampeni ya afya ya mama ya Juni.
HEA_00609,Health,Kenya Red Cross encourages mothers in Kisumu County to register for the mother-and-child health card to safeguard their child's health.,Kenya Red Cross inawatia moyo akina mama katika Kaunti ya Kisumu kujiandikisha kwa kadi ya afya ya mama na mtoto ili kulinda afya ya mtoto wao.
HEA_00610,Health,Notice from Ministry of Health: childhood immunization clinics will run every May at designated health centres in Homa Bay County.,Taarifa kutoka Wizara ya Afya: Kliniki za chanjo za watoto zitaendeshwa kila Mei katika vituo vya afya vilivyoainishwa katika Kaunti ya Homa Bay.
HEA_00611,Health,Kenya Medical Association encourages mothers in Nyeri County to visit their nearest maternity wing to safeguard their child's health.,Shirika la Matibabu la Kenya linawatia moyo akina mama katika Kaunti ya Nyeri kutembelea uwanja wao wa uzazi wa karibu ili kulinda afya ya mtoto wao.
HEA_00612,Health,Ministry of Health - Reproductive Health Unit encourages mothers in Samburu County to register for the mother-and-child health card to safeguard their child's health.,Wizara ya Afya - Kitengo cha Afya ya Uzazi kinawahimiza akina mama katika Kaunti ya Samburu kujiandikisha kwa kadi ya afya ya mama na mtoto ili kulinda afya ya mtoto wao.
HEA_00613,Health,SHA (Social Health Authority) appeals to caregivers in Kajiado County to attend the scheduled clinic day as part of the January maternal health drive.,SHA (Shirika la Afya ya Jamii) linawasihi watunzaji katika Kajiado County kuhudhuria siku ya kliniki iliyopangwa kama sehemu ya kampeni ya afya ya mama ya Januari.
HEA_00614,Health,Notice from KEMSA: postnatal check-ups clinics will run every October at designated health centres in Samburu County.,Taarifa kutoka KEMSA: Kliniki za uchunguzi wa baada ya kuzaliwa zitaendeshwa kila Oktoba katika vituo vya afya vilivyochaguliwa katika Kaunti ya Samburu.
HEA_00615,Health,Notice from CDC: postnatal check-ups clinics will run every March at designated health centres in Migori County.,Taarifa kutoka CDC: kliniki za uchunguzi wa baada ya kuzaliwa zitafanyika kila Machi katika vituo vya afya vilivyoainishwa katika Kaunti ya Migori.
HEA_00616,Health,Ministry of Health reminds expectant mothers in Vihiga County that access to free antenatal care is free of charge at all public facilities.,Wizara ya Afya inawakumbusha akina mama wajawazito katika Kaunti ya Vihiga kwamba ufikiaji wa huduma za bure za kabla ya kuzaa ni bure katika vituo vyote vya umma.
HEA_00617,Health,Notice from KEMRI: postnatal check-ups clinics will run every January at designated health centres in Kilifi County.,Taarifa kutoka KEMRI: Kliniki za uchunguzi wa baada ya kuzaliwa zitafanyika kila Januari katika vituo vya afya vilivyoainishwa katika Kaunti ya Kilifi.
HEA_00618,Health,Notice from CDC: family planning counselling clinics will run every July at designated health centres in Uasin Gishu County.,Taarifa kutoka CDC: kliniki za ushauri wa mipango ya familia zitaendeshwa kila Julai katika vituo vya afya vilivyochaguliwa katika Kaunti ya Uasin Gishu.
HEA_00619,Health,SHA (Social Health Authority) appeals to caregivers in Siaya County to register for the mother-and-child health card as part of the September maternal health drive.,SHA (Shirika la Afya ya Jamii) linawasihi watunzaji katika Kaunti ya Siaya kujiandikisha kwa kadi ya afya ya mama na mtoto kama sehemu ya kampeni ya afya ya mama ya Septemba.
HEA_00620,Health,Notice from SHA (Social Health Authority): nutrition supplementation for infants clinics will run every February at designated health centres in Kirinyaga County.,Taarifa kutoka kwa SHA (Shirika la Afya ya Jamii): virutubisho vya lishe kwa kliniki za watoto wachanga zitafanyika kila Februari katika vituo vya afya vilivyoainishwa katika Kaunti ya Kirinyaga.
HEA_00621,Health,KEMSA encourages mothers in Kericho County to bring their child for growth monitoring to safeguard their child's health.,KEMSA inawatia moyo akina mama katika Kaunti ya Kericho kumleta mtoto wao kwa ufuatiliaji wa ukuaji ili kulinda afya ya mtoto wao.
HEA_00622,Health,Kenya Red Cross reminds expectant mothers in Kisii County that access to family planning counselling is free of charge at all public facilities.,Msalaba Mwekundu wa Kenya unakumbusha mama wajawazito katika Kaunti ya Kisii kwamba upatikanaji wa ushauri wa mipango ya familia ni bure katika vituo vyote vya umma.
HEA_00623,Health,Ministry of Health encourages mothers in Machakos County to bring their child for growth monitoring to safeguard their child's health.,Wizara ya Afya inawatia moyo akina mama katika Kaunti ya Machakos kumleta mtoto wao kwa ufuatiliaji wa ukuaji ili kulinda afya ya mtoto wao.
HEA_00624,Health,Ministry of Health - Reproductive Health Unit reminds expectant mothers in Busia County that access to free antenatal care is free of charge at all public facilities.,Wizara ya Afya - Kitengo cha Afya ya Uzazi kinawakumbusha akina mama wajawazito katika Kaunti ya Busia kwamba upatikanaji wa huduma za bure za kabla ya kuzaa ni bure katika vituo vyote vya umma.
HEA_00625,Health,Notice from KEMSA: family planning counselling clinics will run every January at designated health centres in Wajir County.,Taarifa kutoka KEMSA: Kliniki za ushauri wa mipango ya familia zitaendeshwa kila Januari katika vituo vya afya vilivyoainishwa katika Kaunti ya Wajir.
HEA_00626,Health,Ministry of Health encourages mothers in Isiolo County to attend the scheduled clinic day to safeguard their child's health.,Wizara ya Afya inawatia moyo akina mama katika Kaunti ya Isiolo kuhudhuria siku iliyopangwa ya kliniki ili kulinda afya ya mtoto wao.
HEA_00627,Health,Notice from KEMSA: family planning counselling clinics will run every March at designated health centres in West Pokot County.,Taarifa kutoka KEMSA: Kliniki za ushauri wa mipango ya familia zitaendeshwa kila Machi katika vituo vya afya vilivyoainishwa katika Kaunti ya West Pokot.
HEA_00628,Health,Notice from SHA (Social Health Authority): postnatal check-ups clinics will run every June at designated health centres in Kwale County.,Taarifa kutoka kwa Shirika la Afya ya Jamii (SHA): kliniki za uchunguzi wa baada ya kuzaliwa zitaendeshwa kila Juni katika vituo vya afya vilivyochaguliwa katika Kaunti ya Kwale.
HEA_00629,Health,Notice from CDC: family planning counselling clinics will run every May at designated health centres in Lamu County.,Taarifa kutoka CDC: kliniki za ushauri wa mipango ya familia zitaendeshwa kila Mei katika vituo vya afya vilivyoainishwa katika Kaunti ya Lamu.
HEA_00630,Health,Ministry of Health - Reproductive Health Unit reminds expectant mothers in Baringo County that access to skilled birth attendance is free of charge at all public facilities.,Wizara ya Afya - Kitengo cha Afya ya Uzazi kinakumbusha akina mama wajawazito katika Kaunti ya Baringo kwamba ufikiaji wa huduma ya uzazi yenye ujuzi ni bure katika vituo vyote vya umma.
HEA_00631,Health,Ministry of Health - Reproductive Health Unit reminds expectant mothers in Kakamega County that access to skilled birth attendance is free of charge at all public facilities.,Wizara ya Afya - Kitengo cha Afya ya Uzazi kinakumbusha mama wajawazito katika Kaunti ya Kakamega kwamba ufikiaji wa huduma ya uzazi yenye ujuzi ni bure katika vituo vyote vya umma.
HEA_00632,Health,Kenya Red Cross encourages mothers in Garissa County to visit their nearest maternity wing to safeguard their child's health.,Msalaba Mwekundu wa Kenya unawatia moyo akina mama katika Kaunti ya Garissa kutembelea uwanja wao wa karibu wa uzazi ili kulinda afya ya mtoto wao.
HEA_00633,Health,CDC encourages mothers in Mombasa County to visit their nearest maternity wing to safeguard their child's health.,CDC inawatia moyo akina mama katika Kaunti ya Mombasa kutembelea uwanja wao wa karibu wa uzazi ili kulinda afya ya mtoto wao.
HEA_00634,Health,Ministry of Health encourages mothers in Laikipia County to bring their child for growth monitoring to safeguard their child's health.,Wizara ya Afya inawatia moyo akina mama katika Kaunti ya Laikipia kumleta mtoto wao kwa ufuatiliaji wa ukuaji ili kulinda afya ya mtoto wao.
HEA_00635,Health,KEMSA encourages mothers in Kilifi County to bring their child for growth monitoring to safeguard their child's health.,KEMSA inawatia moyo akina mama katika Kaunti ya Kilifi kuwaleta watoto wao kwa ufuatiliaji wa ukuaji ili kulinda afya ya watoto wao.
HEA_00636,Health,Division of Disease Surveillance and Response encourages mothers in Machakos County to attend the scheduled clinic day to safeguard their child's health.,Idara ya Ufuatiliaji na Jibu la Magonjwa inawatia moyo akina mama katika Kaunti ya Machakos kuhudhuria siku iliyowekwa ya kliniki ili kulinda afya ya mtoto wao.
HEA_00637,Health,Notice from SHA (Social Health Authority): free antenatal care clinics will run every June at designated health centres in Kakamega County.,Taarifa kutoka kwa SHA (Shirika la Afya ya Jamii): kliniki za bure za utunzaji wa kabla ya kuzaa zitaendeshwa kila Juni katika vituo vya afya vilivyoainishwa katika Kaunti ya Kakamega.
HEA_00638,Health,KEMSA reminds expectant mothers in Kitui County that access to free antenatal care is free of charge at all public facilities.,KEMSA inawakumbusha akina mama wajawazito katika Kaunti ya Kitui kwamba ufikiaji wa huduma za bure za kabla ya kuzaa ni bure katika vituo vyote vya umma.
HEA_00639,Health,SHA (Social Health Authority) appeals to caregivers in Baringo County to attend the scheduled clinic day as part of the May maternal health drive.,SHA (Shirika la Afya ya Jamii) linawasihi watunzaji katika Kaunti ya Baringo kuhudhuria siku ya kliniki iliyopangwa kama sehemu ya kampeni ya afya ya mama ya Mei.
HEA_00640,Health,Notice from SHA (Social Health Authority): free antenatal care clinics will run every August at designated health centres in Bomet County.,Taarifa kutoka kwa SHA (Shirika la Afya ya Jamii): kliniki za bure za utunzaji wa kabla ya kuzaa zitaendeshwa kila Agosti katika vituo vya afya vilivyochaguliwa katika Kaunti ya Bomet.
HEA_00641,Health,Notice from KEMRI: skilled birth attendance clinics will run every October at designated health centres in Nyeri County.,Taarifa kutoka KEMRI: Kliniki za utoaji wa watoto wenye ujuzi zitaendeshwa kila Oktoba katika vituo vya afya vilivyochaguliwa katika Kaunti ya Nyeri.
HEA_00642,Health,Ministry of Health - Reproductive Health Unit encourages mothers in West Pokot County to bring their child for growth monitoring to safeguard their child's health.,Wizara ya Afya - Kitengo cha Afya ya Uzazi kinawatia moyo akina mama katika Kaunti ya West Pokot kumleta mtoto wao kwa ufuatiliaji wa ukuaji ili kulinda afya ya mtoto wao.
HEA_00643,Health,CDC encourages mothers in Machakos County to visit their nearest maternity wing to safeguard their child's health.,CDC inawatia moyo akina mama katika Kaunti ya Machakos kutembelea uwanja wao wa karibu wa uzazi ili kulinda afya ya mtoto wao.
HEA_00644,Health,Ministry of Health appeals to caregivers in Kitui County to attend the scheduled clinic day as part of the September maternal health drive.,Wizara ya Afya inawaalika watunzaji katika Kaunti ya Kitui kuhudhuria siku iliyopangwa ya kliniki kama sehemu ya kampeni ya afya ya mama ya Septemba.
HEA_00645,Health,Division of Disease Surveillance and Response reminds expectant mothers in Mombasa County that access to postnatal check-ups is free of charge at all public facilities.,Idara ya Ufuatiliaji na Jibu la Magonjwa inawakumbusha akina mama wajawazito katika Kaunti ya Mombasa kwamba upatikanaji wa uchunguzi wa baada ya kuzaliwa ni bure katika vituo vyote vya umma.
HEA_00646,Health,Notice from SHA (Social Health Authority): childhood immunization clinics will run every September at designated health centres in Embu County.,Taarifa kutoka kwa Shirika la Afya ya Jamii (SHA): kliniki za chanjo za watoto zitaendeshwa kila Septemba katika vituo vya afya vilivyoainishwa katika Kaunti ya Embu.
HEA_00647,Health,Ministry of Health - Reproductive Health Unit appeals to caregivers in Tana River County to attend the scheduled clinic day as part of the March maternal health drive.,Wizara ya Afya - Kitengo cha Afya ya Kuzaa kinawaomba watunzaji katika Kaunti ya Tana River kuhudhuria siku ya kliniki iliyopangwa kama sehemu ya kampeni ya afya ya mama ya Machi.
HEA_00648,Health,Ministry of Health reminds expectant mothers in Kitui County that access to postnatal check-ups is free of charge at all public facilities.,Wizara ya Afya inawakumbusha akina mama wajawazito katika Kaunti ya Kitui kwamba upatikanaji wa uchunguzi wa baada ya kuzaliwa ni bure katika vituo vyote vya umma.
HEA_00649,Health,Notice from Ministry of Health - Reproductive Health Unit: free antenatal care clinics will run every October at designated health centres in Taita-Taveta County.,Taarifa kutoka Wizara ya Afya - Kitengo cha Afya ya Uzazi: kliniki za bure za utunzaji wa kabla ya kuzaa zitaendeshwa kila Oktoba katika vituo vya afya vilivyoainishwa katika Kaunti ya Taita-Taveta.
HEA_00650,Health,Kenya Medical Association encourages mothers in Lamu County to visit their nearest maternity wing to safeguard their child's health.,Shirika la Matibabu la Kenya linawatia moyo akina mama katika Kaunti ya Lamu kutembelea uwanja wao wa uzazi wa karibu ili kulinda afya ya mtoto wao.
HEA_00651,Health,KEMSA appeals to caregivers in Machakos County to attend the scheduled clinic day as part of the May maternal health drive.,KEMSA inawaalika watunzaji katika Kaunti ya Machakos kuhudhuria siku iliyopangwa ya kliniki kama sehemu ya kampeni ya afya ya mama ya Mei.
HEA_00652,Health,Notice from Kenya Medical Association: skilled birth attendance clinics will run every December at designated health centres in Kisii County.,Taarifa kutoka kwa Chama cha Matibabu cha Kenya: kliniki za utoaji wa watoto wenye ujuzi zitaendeshwa kila Desemba katika vituo vya afya vilivyoainishwa katika Kaunti ya Kisii.
HEA_00653,Health,Notice from Ministry of Health - Reproductive Health Unit: free antenatal care clinics will run every April at designated health centres in Nyandarua County.,Taarifa kutoka Wizara ya Afya - Kitengo cha Afya ya Uzazi: Kliniki za bure za utunzaji wa kabla ya kuzaa zitaendeshwa kila Aprili katika vituo vya afya vilivyochaguliwa katika Kaunti ya Nyandarua.
HEA_00654,Health,KEMSA encourages mothers in Vihiga County to register for the mother-and-child health card to safeguard their child's health.,KEMSA inawatia moyo akina mama katika Kaunti ya Vihiga kujiandikisha kwa kadi ya afya ya mama na mtoto ili kulinda afya ya mtoto wao.
HEA_00655,Health,KEMSA reminds expectant mothers in Nandi County that access to skilled birth attendance is free of charge at all public facilities.,KEMSA inawakumbusha akina mama wajawazito katika Kaunti ya Nandi kwamba ufikiaji wa utunzaji wa kuzaa wenye ujuzi ni bure katika vituo vyote vya umma.
HEA_00656,Health,SHA (Social Health Authority) appeals to caregivers in Kericho County to register for the mother-and-child health card as part of the June maternal health drive.,SHA (Shirika la Afya ya Jamii) linawasihi watunzaji katika Kaunti ya Kericho kujiandikisha kwa kadi ya afya ya mama na mtoto kama sehemu ya kampeni ya afya ya mama ya Juni.
HEA_00657,Health,Kenya Red Cross appeals to caregivers in Baringo County to visit their nearest maternity wing as part of the May maternal health drive.,Msalaba Mwekundu wa Kenya unawasihi watunzaji katika Kaunti ya Baringo kutembelea uwanja wao wa karibu wa uzazi kama sehemu ya kampeni ya afya ya mama ya Mei.
HEA_00658,Health,KEMSA reminds expectant mothers in Migori County that access to family planning counselling is free of charge at all public facilities.,KEMSA inawakumbusha akina mama wajawazito katika Kaunti ya Migori kwamba upatikanaji wa ushauri wa mipango ya familia ni bure katika vituo vyote vya umma.
HEA_00659,Health,KEMRI reminds expectant mothers in Murang'a County that access to free antenatal care is free of charge at all public facilities.,KEMRI inawakumbusha akina mama wajawazito katika Kaunti ya Murang'a kwamba kupata huduma za bure za kabla ya kuzaa ni bure katika vituo vyote vya umma.
HEA_00660,Health,Division of Disease Surveillance and Response encourages mothers in Trans Nzoia County to visit their nearest maternity wing to safeguard their child's health.,Idara ya Ufuatiliaji na Jibu la Magonjwa inawatia moyo akina mama katika Kaunti ya Trans Nzoia kutembelea uwanja wao wa karibu wa uzazi ili kulinda afya ya mtoto wao.
HEA_00661,Health,Notice from Kenya Red Cross: postnatal check-ups clinics will run every January at designated health centres in Meru County.,Taarifa kutoka kwa Msalaba Mwekundu wa Kenya: kliniki za uchunguzi wa baada ya kuzaliwa zitafanyika kila Januari katika vituo vya afya vilivyoainishwa katika Kaunti ya Meru.
HEA_00662,Health,CDC appeals to caregivers in Bomet County to visit their nearest maternity wing as part of the April maternal health drive.,CDC inatoa wito kwa watunzaji katika Kaunti ya Bomet kutembelea uwanja wao wa karibu wa uzazi kama sehemu ya kampeni ya afya ya uzazi ya Aprili.
HEA_00663,Health,SHA (Social Health Authority) appeals to caregivers in Mandera County to visit their nearest maternity wing as part of the February maternal health drive.,SHA (Shirika la Afya ya Jamii) linawasihi watunzaji katika Kaunti ya Mandera kutembelea uwanja wao wa karibu wa uzazi kama sehemu ya kampeni ya afya ya mama ya Februari.
HEA_00664,Health,KEMRI reminds expectant mothers in Mandera County that access to postnatal check-ups is free of charge at all public facilities.,KEMRI inawakumbusha akina mama wajawazito katika Kaunti ya Mandera kwamba upatikanaji wa uchunguzi wa baada ya kuzaliwa ni bure katika vituo vyote vya umma.
HEA_00665,Health,Notice from SHA (Social Health Authority): skilled birth attendance clinics will run every October at designated health centres in Vihiga County.,Taarifa kutoka kwa Shirika la Afya ya Jamii (SHA): kliniki za kulea watoto wenye ujuzi zitaendeshwa kila Oktoba katika vituo vya afya vilivyochaguliwa katika Kaunti ya Vihiga.
HEA_00666,Health,Ministry of Health reminds expectant mothers in Lamu County that access to family planning counselling is free of charge at all public facilities.,Wizara ya Afya inawakumbusha akina mama wajawazito katika Kaunti ya Lamu kwamba upatikanaji wa ushauri wa mipango ya familia ni bure katika vituo vyote vya umma.
HEA_00667,Health,KEMSA appeals to caregivers in Taita-Taveta County to visit their nearest maternity wing as part of the June maternal health drive.,KEMSA inawaalika watunzaji katika Wilaya ya Taita-Taveta kutembelea uwanja wao wa karibu wa uzazi kama sehemu ya kampeni ya afya ya mama ya Juni.
HEA_00668,Health,Ministry of Health - Reproductive Health Unit reminds expectant mothers in Tana River County that access to nutrition supplementation for infants is free of charge at all public facilities.,Wizara ya Afya - Kitengo cha Afya ya Uzazi kinawakumbusha akina mama wajawazito katika Kaunti ya Tana River kwamba kupata virutubisho vya lishe kwa watoto wachanga ni bure katika vituo vyote vya umma.
HEA_00669,Health,Kenya Medical Association appeals to caregivers in Nakuru County to bring their child for growth monitoring as part of the January maternal health drive.,Shirika la Matibabu la Kenya linawasihi watunzaji katika Kaunti ya Nakuru kumleta mtoto wao kwa ufuatiliaji wa ukuaji kama sehemu ya kampeni ya afya ya mama ya Januari.
HEA_00670,Health,KEMSA appeals to caregivers in Turkana County to register for the mother-and-child health card as part of the April maternal health drive.,KEMSA inawaomba watunzaji katika Kaunti ya Turkana kujiandikisha kwa kadi ya afya ya mama na mtoto kama sehemu ya kampeni ya afya ya mama ya Aprili.
HEA_00671,Health,Notice from Kenya Red Cross: free antenatal care clinics will run every March at designated health centres in Nandi County.,Taarifa kutoka kwa Msalaba Mwekundu wa Kenya: kliniki za bure za utunzaji wa kabla ya kuzaa zitaendeshwa kila Machi katika vituo vya afya vilivyoainishwa katika Kaunti ya Nandi.
HEA_00672,Health,Kenya Red Cross encourages mothers in Nakuru County to bring their child for growth monitoring to safeguard their child's health.,Msalaba Mwekundu wa Kenya unawatia moyo akina mama katika Kaunti ya Nakuru kumleta mtoto wao kwa ajili ya ufuatiliaji wa ukuaji ili kulinda afya ya mtoto wao.
HEA_00673,Health,SHA (Social Health Authority) reminds expectant mothers in Nyandarua County that access to childhood immunization is free of charge at all public facilities.,Shirika la Afya ya Jamii (SHA) linawakumbusha akina mama wajawazito katika Kaunti ya Nyandarua kwamba upatikanaji wa chanjo ya watoto ni bure katika vituo vyote vya umma.
HEA_00674,Health,KEMRI appeals to caregivers in Kisumu County to register for the mother-and-child health card as part of the September maternal health drive.,KEMRI inawaomba watunzaji katika Kaunti ya Kisumu kujiandikisha kwa kadi ya afya ya mama na mtoto kama sehemu ya kampeni ya afya ya mama ya Septemba.
HEA_00675,Health,Kenya Medical Association reminds expectant mothers in Nyamira County that access to postnatal check-ups is free of charge at all public facilities.,Chama cha Matibabu cha Kenya kinakumbusha mama wajawazito katika Kaunti ya Nyamira kwamba upatikanaji wa uchunguzi wa baada ya kuzaliwa ni bure katika vituo vyote vya umma.
HEA_00676,Health,Division of Disease Surveillance and Response appeals to caregivers in Kakamega County to attend the scheduled clinic day as part of the September maternal health drive.,Idara ya Ufuatiliaji na Jibu la Magonjwa inawaalika watunzaji katika Kaunti ya Kakamega kuhudhuria siku iliyopangwa ya kliniki kama sehemu ya kampeni ya afya ya mama ya Septemba.
HEA_00677,Health,Kenya Red Cross appeals to caregivers in Meru County to attend the scheduled clinic day as part of the January maternal health drive.,Msalaba Mwekundu wa Kenya unawasihi watunzaji katika Kaunti ya Meru kuhudhuria siku iliyopangwa ya kliniki kama sehemu ya kampeni ya afya ya mama ya Januari.
HEA_00678,Health,Ministry of Health encourages mothers in Nyandarua County to bring their child for growth monitoring to safeguard their child's health.,Wizara ya Afya inawatia moyo akina mama katika Kaunti ya Nyandarua kumleta mtoto wao kwa ufuatiliaji wa ukuaji ili kulinda afya ya mtoto wao.
HEA_00679,Health,Notice from KEMRI: childhood immunization clinics will run every February at designated health centres in Isiolo County.,Taarifa kutoka KEMRI: Kliniki za chanjo za watoto zitaendeshwa kila Februari katika vituo vya afya vilivyoainishwa katika Kaunti ya Isiolo.
HEA_00680,Health,Kenya Red Cross encourages mothers in Kericho County to visit their nearest maternity wing to safeguard their child's health.,Msalaba Mwekundu wa Kenya unawatia moyo akina mama katika Kaunti ya Kericho kutembelea uwanja wao wa uzazi wa karibu ili kulinda afya ya mtoto wao.
HEA_00681,Health,Kenya Medical Association encourages mothers in Turkana County to register for the mother-and-child health card to safeguard their child's health.,Chama cha Matibabu cha Kenya kinawatia moyo akina mama katika Kaunti ya Turkana kujiandikisha kwa kadi ya afya ya mama na mtoto ili kulinda afya ya mtoto wao.
HEA_00682,Health,Division of Disease Surveillance and Response encourages mothers in Kisii County to visit their nearest maternity wing to safeguard their child's health.,Idara ya Ufuatiliaji na Jibu la Magonjwa inawatia moyo akina mama katika Kaunti ya Kisii kutembelea uwanja wao wa karibu wa uzazi ili kulinda afya ya mtoto wao.
HEA_00683,Health,Notice from KEMSA: postnatal check-ups clinics will run every April at designated health centres in Kakamega County.,Taarifa kutoka KEMSA: Kliniki za uchunguzi wa baada ya kuzaliwa zitafanyika kila Aprili katika vituo vya afya vilivyoainishwa katika Kaunti ya Kakamega.
HEA_00684,Health,Notice from KEMSA: free antenatal care clinics will run every January at designated health centres in Nakuru County.,Taarifa kutoka KEMSA: kliniki za bure za utunzaji wa kabla ya kuzaa zitaendeshwa kila Januari katika vituo vya afya vilivyoainishwa katika Kaunti ya Nakuru.
HEA_00685,Health,KEMRI reminds expectant mothers in Bungoma County that access to free antenatal care is free of charge at all public facilities.,KEMRI inawakumbusha akina mama wajawazito katika Kaunti ya Bungoma kwamba kupata huduma za bure za kabla ya kuzaa ni bure katika vituo vyote vya umma.
HEA_00686,Health,Ministry of Health appeals to caregivers in Kiambu County to register for the mother-and-child health card as part of the October maternal health drive.,Wizara ya Afya inawaomba watunzaji katika Kaunti ya Kiambu kujiandikisha kwa kadi ya afya ya mama na mtoto kama sehemu ya kampeni ya afya ya mama ya Oktoba.
HEA_00687,Health,Division of Disease Surveillance and Response encourages mothers in Nyamira County to attend the scheduled clinic day to safeguard their child's health.,Idara ya Ufuatiliaji na Jibu la Magonjwa inawatia moyo akina mama katika Kaunti ya Nyamira kuhudhuria siku iliyowekwa ya kliniki ili kulinda afya ya mtoto wao.
HEA_00688,Health,Ministry of Health reminds expectant mothers in Marsabit County that access to family planning counselling is free of charge at all public facilities.,Wizara ya Afya inawakumbusha akina mama wajawazito katika Kaunti ya Marsabit kwamba upatikanaji wa ushauri wa mipango ya familia ni bure katika vituo vyote vya umma.
HEA_00689,Health,SHA (Social Health Authority) encourages mothers in Kajiado County to visit their nearest maternity wing to safeguard their child's health.,Shirika la Afya ya Jamii (SHA) linawatia moyo akina mama katika Kajiado County kutembelea uwanja wao wa karibu wa uzazi ili kulinda afya ya mtoto wao.
HEA_00690,Health,Notice from Kenya Medical Association: skilled birth attendance clinics will run every February at designated health centres in Vihiga County.,Taarifa kutoka kwa Chama cha Matibabu cha Kenya: kliniki za kulea watoto wenye ujuzi zitaendeshwa kila Februari katika vituo vya afya vilivyoainishwa katika Kaunti ya Vihiga.
HEA_00691,Health,Notice from Division of Disease Surveillance and Response: family planning counselling clinics will run every March at designated health centres in Mandera County.,Taarifa kutoka kwa Idara ya Ufuatiliaji na Jibu la Magonjwa: Kliniki za ushauri wa mipango ya familia zitaendeshwa kila Machi katika vituo vya afya vilivyoainishwa katika Kaunti ya Mandera.
HEA_00692,Health,Ministry of Health - Reproductive Health Unit appeals to caregivers in Kisumu County to register for the mother-and-child health card as part of the June maternal health drive.,Wizara ya Afya - Kitengo cha Afya ya Uzazi kinawaomba watunzaji katika Kaunti ya Kisumu kujiandikisha kwa kadi ya afya ya mama na mtoto kama sehemu ya kampeni ya afya ya mama ya Juni.
HEA_00693,Health,Notice from KEMRI: childhood immunization clinics will run every October at designated health centres in Homa Bay County.,Taarifa kutoka KEMRI: Kliniki za chanjo za watoto zitaendeshwa kila Oktoba katika vituo vya afya vilivyoainishwa katika Kaunti ya Homa Bay.
HEA_00694,Health,Kenya Red Cross appeals to caregivers in Nairobi County to attend the scheduled clinic day as part of the December maternal health drive.,Msalaba Mwekundu wa Kenya unawasihi watunzaji katika Kaunti ya Nairobi kuhudhuria siku iliyopangwa ya kliniki kama sehemu ya kampeni ya afya ya mama ya Desemba.
HEA_00695,Health,KEMSA encourages mothers in Nairobi County to bring their child for growth monitoring to safeguard their child's health.,KEMSA inawatia moyo akina mama katika Kaunti ya Nairobi kumleta mtoto wao kwa ufuatiliaji wa ukuaji ili kulinda afya ya mtoto wao.
HEA_00696,Health,KEMSA reminds expectant mothers in Bungoma County that access to nutrition supplementation for infants is free of charge at all public facilities.,KEMSA inawakumbusha akina mama wajawazito katika Kaunti ya Bungoma kwamba kupata virutubisho vya lishe kwa watoto wachanga ni bure katika vituo vyote vya umma.
HEA_00697,Health,SHA (Social Health Authority) encourages mothers in Nakuru County to attend the scheduled clinic day to safeguard their child's health.,Shirika la Afya ya Jamii (SHA) linawatia moyo akina mama katika Kaunti ya Nakuru kuhudhuria siku iliyopangwa ya kliniki ili kulinda afya ya mtoto wao.
HEA_00698,Health,KEMRI reminds expectant mothers in Turkana County that access to childhood immunization is free of charge at all public facilities.,KEMRI inawakumbusha akina mama wajawazito katika Kaunti ya Turkana kwamba upatikanaji wa chanjo ya watoto ni bure katika vituo vyote vya umma.
HEA_00699,Health,Division of Disease Surveillance and Response reminds expectant mothers in Nandi County that access to skilled birth attendance is free of charge at all public facilities.,Idara ya Ufuatiliaji na Jibu la Magonjwa inawakumbusha akina mama wajawazito katika Kaunti ya Nandi kwamba ufikiaji wa huduma ya uzazi yenye ujuzi ni bure katika vituo vyote vya umma.
HEA_00700,Health,KEMRI encourages mothers in Kisii County to attend the scheduled clinic day to safeguard their child's health.,KEMRI inawatia moyo akina mama katika Kaunti ya Kisii kuhudhuria siku iliyopangwa ya kliniki ili kulinda afya ya mtoto wao.
HEA_00701,Health,Notice from SHA (Social Health Authority): free antenatal care clinics will run every January at designated health centres in Nairobi County.,Taarifa kutoka kwa Shirika la Afya ya Jamii (SHA): kliniki za bure za utunzaji wa kabla ya kuzaa zitaendeshwa kila Januari katika vituo vya afya vilivyoainishwa katika Kaunti ya Nairobi.
HEA_00702,Health,Ministry of Health - Reproductive Health Unit appeals to caregivers in Nairobi County to register for the mother-and-child health card as part of the July maternal health drive.,Wizara ya Afya - Kitengo cha Afya ya Uzazi kinawaomba watunzaji katika Kaunti ya Nairobi kujiandikisha kwa kadi ya afya ya mama na mtoto kama sehemu ya kampeni ya afya ya mama ya Julai.
HEA_00703,Health,Ministry of Health - Reproductive Health Unit appeals to caregivers in Samburu County to bring their child for growth monitoring as part of the June maternal health drive.,Wizara ya Afya - Kitengo cha Afya ya Uzazi kinawaomba waangalizi katika Kaunti ya Samburu kumleta mtoto wao kwa ufuatiliaji wa ukuaji kama sehemu ya kampeni ya afya ya mama ya Juni.
HEA_00704,Health,Ministry of Health - Reproductive Health Unit reminds expectant mothers in Kakamega County that access to family planning counselling is free of charge at all public facilities.,Wizara ya Afya - Kitengo cha Afya ya Uzazi kinakumbusha mama wajawazito katika Kaunti ya Kakamega kwamba upatikanaji wa ushauri wa mipango ya familia ni bure katika vituo vyote vya umma.
HEA_00705,Health,KEMSA encourages mothers in Nandi County to visit their nearest maternity wing to safeguard their child's health.,KEMSA inawatia moyo akina mama katika Kaunti ya Nandi kutembelea uwanja wao wa karibu wa uzazi ili kulinda afya ya mtoto wao.
HEA_00706,Health,Notice from Ministry of Health: free antenatal care clinics will run every May at designated health centres in Murang'a County.,Taarifa kutoka Wizara ya Afya: kliniki za bure za utunzaji wa kabla ya kuzaa zitaendeshwa kila Mei katika vituo vya afya vilivyoainishwa katika Kaunti ya Murang'a.
HEA_00707,Health,Division of Disease Surveillance and Response reminds expectant mothers in Isiolo County that access to childhood immunization is free of charge at all public facilities.,Idara ya Ufuatiliaji na Jibu la Magonjwa inawakumbusha akina mama wajawazito katika Kaunti ya Isiolo kwamba upatikanaji wa chanjo ya watoto ni bure katika vituo vyote vya umma.
HEA_00708,Health,CDC reminds expectant mothers in Taita-Taveta County that access to nutrition supplementation for infants is free of charge at all public facilities.,CDC inawakumbusha akina mama wajawazito katika Wilaya ya Taita-Taveta kwamba upatikanaji wa virutubisho vya lishe kwa watoto wachanga ni bure katika vituo vyote vya umma.
HEA_00709,Health,Ministry of Health appeals to caregivers in Elgeyo-Marakwet County to register for the mother-and-child health card as part of the November maternal health drive.,Wizara ya Afya inawaomba watunzaji katika Kaunti ya Elgeyo-Marakwet kujiandikisha kwa kadi ya afya ya mama na mtoto kama sehemu ya kampeni ya afya ya mama ya Novemba.
HEA_00710,Health,KEMSA appeals to caregivers in Tana River County to attend the scheduled clinic day as part of the February maternal health drive.,KEMSA inawaalika watunzaji katika Kaunti ya Tana River kuhudhuria siku ya kliniki iliyopangwa kama sehemu ya kampeni ya afya ya mama ya Februari.
HEA_00711,Health,KEMRI encourages mothers in Uasin Gishu County to attend the scheduled clinic day to safeguard their child's health.,KEMRI inawatia moyo akina mama katika Kaunti ya Uasin Gishu kuhudhuria siku iliyowekwa ya kliniki ili kulinda afya ya mtoto wao.
HEA_00712,Health,Notice from Kenya Red Cross: free antenatal care clinics will run every February at designated health centres in Machakos County.,Taarifa kutoka kwa Msalaba Mwekundu wa Kenya: kliniki za bure za utunzaji wa kabla ya kuzaa zitaendeshwa kila Februari katika vituo vya afya vilivyoainishwa katika Kaunti ya Machakos.
HEA_00713,Health,CDC appeals to caregivers in Nakuru County to visit their nearest maternity wing as part of the March maternal health drive.,CDC inatoa wito kwa watunzaji katika Kaunti ya Nakuru kutembelea uwanja wao wa karibu wa uzazi kama sehemu ya kampeni ya afya ya mama ya Machi.
HEA_00714,Health,Notice from Ministry of Health: skilled birth attendance clinics will run every February at designated health centres in Elgeyo-Marakwet County.,Taarifa kutoka Wizara ya Afya: Kliniki za kulea watoto wenye ujuzi zitaendeshwa kila Februari katika vituo vya afya vilivyoainishwa katika Kaunti ya Elgeyo-Marakwet.
HEA_00715,Health,KEMRI appeals to caregivers in Garissa County to register for the mother-and-child health card as part of the January maternal health drive.,KEMRI inawaomba watunzaji katika Kaunti ya Garissa kujiandikisha kwa kadi ya afya ya mama na mtoto kama sehemu ya kampeni ya afya ya mama ya Januari.
HEA_00716,Health,Kenya Red Cross encourages mothers in Taita-Taveta County to visit their nearest maternity wing to safeguard their child's health.,Msalaba Mwekundu wa Kenya unawatia moyo akina mama katika Wilaya ya Taita-Taveta kutembelea uwanja wao wa karibu wa uzazi ili kulinda afya ya mtoto wao.
HEA_00717,Health,Notice from Kenya Medical Association: family planning counselling clinics will run every August at designated health centres in Laikipia County.,Taarifa kutoka kwa Chama cha Matibabu cha Kenya: kliniki za ushauri wa mpango wa familia zitaendeshwa kila Agosti katika vituo vya afya vilivyoainishwa katika Kaunti ya Laikipia.
HEA_00718,Health,Notice from SHA (Social Health Authority): postnatal check-ups clinics will run every September at designated health centres in Kisumu County.,Taarifa kutoka kwa Shirika la Afya ya Jamii (SHA): kliniki za uchunguzi wa baada ya kuzaliwa zitaendeshwa kila Septemba katika vituo vya afya vilivyochaguliwa katika Kaunti ya Kisumu.
HEA_00719,Health,Division of Disease Surveillance and Response encourages mothers in Samburu County to register for the mother-and-child health card to safeguard their child's health.,Idara ya Ufuatiliaji na Jibu la Magonjwa inawatia moyo akina mama katika Kaunti ya Samburu kujiandikisha kwa kadi ya afya ya mama na mtoto ili kulinda afya ya mtoto wao.
HEA_00720,Health,Ministry of Health appeals to caregivers in Makueni County to bring their child for growth monitoring as part of the August maternal health drive.,Wizara ya Afya inawaalika watunzaji katika Kaunti ya Makueni kumleta mtoto wao kwa ufuatiliaji wa ukuaji kama sehemu ya kampeni ya afya ya mama ya Agosti.
HEA_00721,Health,Notice from KEMRI: free antenatal care clinics will run every October at designated health centres in Nyandarua County.,Taarifa kutoka KEMRI: kliniki za bure za utunzaji wa kabla ya kuzaa zitaendeshwa kila Oktoba katika vituo vya afya vilivyoainishwa katika Kaunti ya Nyandarua.
HEA_00722,Health,SHA (Social Health Authority) encourages mothers in Taita-Taveta County to attend the scheduled clinic day to safeguard their child's health.,Shirika la Afya ya Jamii (SHA) linawatia moyo akina mama katika Wilaya ya Taita-Taveta kuhudhuria siku ya kliniki iliyowekwa ili kulinda afya ya mtoto wao.
HEA_00723,Health,KEMRI appeals to caregivers in Bomet County to bring their child for growth monitoring as part of the January maternal health drive.,KEMRI inatoa wito kwa watunzaji katika Kaunti ya Bomet kumleta mtoto wao kwa ufuatiliaji wa ukuaji kama sehemu ya kampeni ya afya ya mama ya Januari.
HEA_00724,Health,CDC appeals to caregivers in Migori County to register for the mother-and-child health card as part of the August maternal health drive.,CDC inatoa wito kwa watunzaji katika Kaunti ya Migori kujiandikisha kwa kadi ya afya ya mama na mtoto kama sehemu ya kampeni ya afya ya mama ya Agosti.
HEA_00725,Health,Kenya Red Cross appeals to caregivers in Taita-Taveta County to visit their nearest maternity wing as part of the July maternal health drive.,Msalaba Mwekundu wa Kenya unawasihi watunzaji katika Wilaya ya Taita-Taveta kutembelea uwanja wao wa karibu wa uzazi kama sehemu ya kampeni ya afya ya mama ya Julai.
HEA_00726,Health,SHA (Social Health Authority) encourages mothers in Nandi County to register for the mother-and-child health card to safeguard their child's health.,SHA (Shirika la Afya ya Jamii) linawahimiza akina mama katika Kaunti ya Nandi kujiandikisha kwa kadi ya afya ya mama na mtoto ili kulinda afya ya mtoto wao.
HEA_00727,Health,KEMRI encourages mothers in Mandera County to bring their child for growth monitoring to safeguard their child's health.,KEMRI inawatia moyo akina mama katika Kaunti ya Mandera kumleta mtoto wao kwa ufuatiliaji wa ukuaji ili kulinda afya ya mtoto wao.
HEA_00728,Health,Kenya Medical Association reminds expectant mothers in Tharaka-Nithi County that access to childhood immunization is free of charge at all public facilities.,Chama cha Matibabu cha Kenya kinakumbusha akina mama wajawazito katika Kaunti ya Tharaka-Nithi kwamba upatikanaji wa chanjo ya watoto ni bure katika vituo vyote vya umma.
HEA_00729,Health,Notice from Division of Disease Surveillance and Response: free antenatal care clinics will run every February at designated health centres in Nairobi County.,Taarifa kutoka kwa Idara ya Ufuatiliaji na Jibu la Magonjwa: kliniki za bure za utunzaji wa kabla ya kuzaa zitaendeshwa kila Februari katika vituo vya afya vilivyoainishwa katika Kaunti ya Nairobi.
HEA_00730,Health,CDC appeals to caregivers in Trans Nzoia County to attend the scheduled clinic day as part of the September maternal health drive.,CDC inatoa wito kwa watunzaji katika Kaunti ya Trans Nzoia kuhudhuria siku iliyopangwa ya kliniki kama sehemu ya kampeni ya afya ya mama ya Septemba.
HEA_00731,Health,Notice from CDC: family planning counselling clinics will run every January at designated health centres in Baringo County.,Taarifa kutoka CDC: kliniki za ushauri wa mpango wa familia zitaendesha kila Januari katika vituo vya afya vilivyoainishwa katika Kaunti ya Baringo.
HEA_00732,Health,SHA (Social Health Authority) appeals to caregivers in Uasin Gishu County to register for the mother-and-child health card as part of the March maternal health drive.,Shirika la Afya ya Jamii (SHA) linawasihi watunzaji katika Kaunti ya Uasin Gishu kujiandikisha kwa kadi ya afya ya mama na mtoto kama sehemu ya kampeni ya afya ya mama ya Machi.
HEA_00733,Health,SHA (Social Health Authority) reminds expectant mothers in Kakamega County that access to skilled birth attendance is free of charge at all public facilities.,Shirika la Afya ya Jamii (SHA) linawakumbusha akina mama wajawazito katika Kaunti ya Kakamega kwamba ufikiaji wa huduma za uzazi wenye ujuzi ni bure katika vituo vyote vya umma.
HEA_00734,Health,Notice from Kenya Medical Association: family planning counselling clinics will run every July at designated health centres in Makueni County.,Taarifa kutoka kwa Chama cha Matibabu cha Kenya: kliniki za ushauri wa mipango ya familia zitaendeshwa kila Julai katika vituo vya afya vilivyoainishwa katika Kaunti ya Makueni.
HEA_00735,Health,Ministry of Health - Reproductive Health Unit appeals to caregivers in Kilifi County to attend the scheduled clinic day as part of the March maternal health drive.,Wizara ya Afya - Kitengo cha Afya ya Kuzaliana kinawaomba watunzaji katika Kaunti ya Kilifi kuhudhuria siku iliyopangwa ya kliniki kama sehemu ya kampeni ya afya ya mama ya Machi.
HEA_00736,Health,KEMSA appeals to caregivers in Busia County to bring their child for growth monitoring as part of the October maternal health drive.,KEMSA inawaomba watunzaji katika Kaunti ya Busia kumleta mtoto wao kwa ufuatiliaji wa ukuaji kama sehemu ya kampeni ya afya ya mama ya Oktoba.
HEA_00737,Health,Kenya Medical Association reminds expectant mothers in Kiambu County that access to childhood immunization is free of charge at all public facilities.,Chama cha Matibabu cha Kenya kinakumbusha mama wajawazito katika Kaunti ya Kiambu kwamba kupata chanjo ya watoto ni bure katika vituo vyote vya umma.
HEA_00738,Health,Ministry of Health - Reproductive Health Unit reminds expectant mothers in Nyandarua County that access to free antenatal care is free of charge at all public facilities.,Wizara ya Afya - Kitengo cha Afya ya Uzazi kinawakumbusha akina mama wajawazito katika Kaunti ya Nyandarua kwamba upatikanaji wa huduma za bure za kabla ya kuzaa ni bure katika vituo vyote vya umma.
HEA_00739,Health,Notice from Kenya Red Cross: postnatal check-ups clinics will run every May at designated health centres in Kirinyaga County.,Taarifa kutoka kwa Msalaba Mwekundu wa Kenya: kliniki za uchunguzi wa baada ya kuzaliwa zitafanyika kila Mei katika vituo vya afya vilivyoainishwa katika Kaunti ya Kirinyaga.
HEA_00740,Health,KEMRI reminds expectant mothers in Mandera County that access to family planning counselling is free of charge at all public facilities.,KEMRI inawakumbusha akina mama wajawazito katika Kaunti ya Mandera kwamba upatikanaji wa ushauri wa mipango ya familia ni bure katika vituo vyote vya umma.
HEA_00741,Health,Division of Disease Surveillance and Response appeals to caregivers in Nyandarua County to bring their child for growth monitoring as part of the December maternal health drive.,Idara ya Ufuatiliaji na Jibu la Magonjwa inawaomba watunzaji katika Kaunti ya Nyandarua kumleta mtoto wao kwa ufuatiliaji wa ukuaji kama sehemu ya kampeni ya afya ya mama ya Desemba.
HEA_00742,Health,KEMRI reminds expectant mothers in Nandi County that access to postnatal check-ups is free of charge at all public facilities.,KEMRI inawakumbusha akina mama wajawazito katika Kaunti ya Nandi kwamba upatikanaji wa uchunguzi wa baada ya kuzaliwa ni bure katika vituo vyote vya umma.
HEA_00743,Health,CDC appeals to caregivers in West Pokot County to register for the mother-and-child health card as part of the January maternal health drive.,CDC inatoa wito kwa watunzaji katika Kaunti ya West Pokot kujiandikisha kwa kadi ya afya ya mama na mtoto kama sehemu ya kampeni ya afya ya mama ya Januari.
HEA_00744,Health,Kenya Red Cross reminds expectant mothers in Nyamira County that access to postnatal check-ups is free of charge at all public facilities.,Msalaba Mwekundu wa Kenya unakumbusha mama wajawazito katika Kaunti ya Nyamira kwamba upatikanaji wa uchunguzi wa baada ya kuzaliwa ni bure katika vituo vyote vya umma.
HEA_00745,Health,CDC encourages mothers in Kakamega County to register for the mother-and-child health card to safeguard their child's health.,CDC inawatia moyo akina mama katika Kaunti ya Kakamega kujiandikisha kwa kadi ya afya ya mama na mtoto ili kulinda afya ya mtoto wao.
HEA_00746,Health,KEMRI encourages mothers in Tana River County to visit their nearest maternity wing to safeguard their child's health.,KEMRI huwatia moyo akina mama katika Kaunti ya Tana River kutembelea uwanja wao wa uzazi wa karibu ili kulinda afya ya mtoto wao.
HEA_00747,Health,Ministry of Health appeals to caregivers in West Pokot County to register for the mother-and-child health card as part of the December maternal health drive.,Wizara ya Afya inawaomba watunzaji katika Kaunti ya West Pokot kujiandikisha kwa kadi ya afya ya mama na mtoto kama sehemu ya kampeni ya afya ya mama ya Desemba.
HEA_00748,Health,Notice from Division of Disease Surveillance and Response: postnatal check-ups clinics will run every September at designated health centres in Baringo County.,Taarifa kutoka kwa Idara ya Ufuatiliaji na Jibu la Magonjwa: Kliniki za uchunguzi wa baada ya kuzaliwa zitafanyika kila Septemba katika vituo vya afya vilivyoainishwa katika Kaunti ya Baringo.
HEA_00749,Health,Ministry of Health reminds expectant mothers in Machakos County that access to postnatal check-ups is free of charge at all public facilities.,Wizara ya Afya inawakumbusha akina mama wajawazito katika Kaunti ya Machakos kwamba upatikanaji wa uchunguzi wa baada ya kuzaliwa ni bure katika vituo vyote vya umma.
HEA_00750,Health,KEMSA appeals to caregivers in Laikipia County to attend the scheduled clinic day as part of the October maternal health drive.,KEMSA inawaalika watunzaji katika Kaunti ya Laikipia kuhudhuria siku iliyopangwa ya kliniki kama sehemu ya kampeni ya afya ya mama ya Oktoba.
HEA_00751,Health,Notice from KEMSA: family planning counselling clinics will run every December at designated health centres in Makueni County.,Taarifa kutoka KEMSA: kliniki za ushauri wa mpango wa familia zitaendeshwa kila Desemba katika vituo vya afya vilivyoainishwa katika Kaunti ya Makueni.
HEA_00752,Health,Kenya Red Cross reminds expectant mothers in Kwale County that access to free antenatal care is free of charge at all public facilities.,Msalaba Mwekundu wa Kenya unakumbusha mama wajawazito katika Kaunti ya Kwale kwamba kupata huduma za bure za kabla ya kuzaa ni bure katika vituo vyote vya umma.
HEA_00753,Health,KEMRI encourages mothers in Kitui County to register for the mother-and-child health card to safeguard their child's health.,KEMRI inawatia moyo akina mama katika Kaunti ya Kitui kujiandikisha kwa kadi ya afya ya mama na mtoto ili kulinda afya ya mtoto wao.
HEA_00754,Health,Kenya Red Cross encourages mothers in Kisumu County to visit their nearest maternity wing to safeguard their child's health.,Msalaba Mwekundu wa Kenya unawatia moyo akina mama katika Kaunti ya Kisumu kutembelea uwanja wao wa uzazi wa karibu ili kulinda afya ya mtoto wao.
HEA_00755,Health,Ministry of Health - Reproductive Health Unit reminds expectant mothers in Mandera County that access to childhood immunization is free of charge at all public facilities.,Wizara ya Afya - Kitengo cha Afya ya Uzazi kinawakumbusha akina mama wajawazito katika Kaunti ya Mandera kwamba upatikanaji wa chanjo ya watoto ni bure katika vituo vyote vya umma.
HEA_00756,Health,KEMRI reminds expectant mothers in Makueni County that access to skilled birth attendance is free of charge at all public facilities.,KEMRI inawakumbusha akina mama wajawazito katika Kaunti ya Makueni kwamba ufikiaji wa huduma ya kuzaa yenye ujuzi ni bure katika vituo vyote vya umma.
HEA_00757,Health,Notice from Kenya Medical Association: postnatal check-ups clinics will run every June at designated health centres in Samburu County.,Taarifa kutoka kwa Chama cha Matibabu cha Kenya: kliniki za uchunguzi wa baada ya kuzaliwa zitafanyika kila Juni katika vituo vya afya vilivyoainishwa katika Kaunti ya Samburu.
HEA_00758,Health,Notice from KEMRI: family planning counselling clinics will run every May at designated health centres in Baringo County.,Taarifa kutoka KEMRI: kliniki za ushauri wa mpango wa familia zitaendeshwa kila Mei katika vituo vya afya vilivyoainishwa katika Kaunti ya Baringo.
HEA_00759,Health,SHA (Social Health Authority) appeals to caregivers in Mombasa County to attend the scheduled clinic day as part of the September maternal health drive.,SHA (Shirika la Afya ya Jamii) linawasihi watunzaji katika Kaunti ya Mombasa kuhudhuria siku iliyopangwa ya kliniki kama sehemu ya kampeni ya afya ya mama ya Septemba.
HEA_00760,Health,Notice from Kenya Red Cross: postnatal check-ups clinics will run every February at designated health centres in Migori County.,Taarifa kutoka kwa Msalaba Mwekundu wa Kenya: kliniki za uchunguzi wa baada ya kuzaliwa zitafanyika kila Februari katika vituo vya afya vilivyoainishwa katika Kaunti ya Migori.
HEA_00761,Health,Division of Disease Surveillance and Response reminds expectant mothers in Nyandarua County that access to skilled birth attendance is free of charge at all public facilities.,Idara ya Ufuatiliaji na Jibu la Magonjwa inawakumbusha akina mama wajawazito katika Kaunti ya Nyandarua kwamba ufikiaji wa huduma za uzazi wenye ujuzi ni bure katika vituo vyote vya umma.
HEA_00762,Health,Notice from Kenya Red Cross: family planning counselling clinics will run every December at designated health centres in Kisumu County.,Taarifa kutoka kwa Msalaba Mwekundu wa Kenya: kliniki za ushauri wa mpango wa familia zitaendeshwa kila Desemba katika vituo vya afya vilivyoainishwa katika Kaunti ya Kisumu.
HEA_00763,Health,Notice from KEMRI: childhood immunization clinics will run every September at designated health centres in Marsabit County.,Taarifa kutoka KEMRI: Kliniki za chanjo za watoto zitaendeshwa kila Septemba katika vituo vya afya vilivyoainishwa katika Kaunti ya Marsabit.
HEA_00764,Health,Kenya Medical Association reminds expectant mothers in Homa Bay County that access to family planning counselling is free of charge at all public facilities.,Chama cha Matibabu cha Kenya kinakumbusha akina mama wajawazito katika Kaunti ya Homa Bay kwamba upatikanaji wa ushauri wa kupanga familia ni bure katika vituo vyote vya umma.
HEA_00765,Health,Ministry of Health encourages mothers in Kisumu County to attend the scheduled clinic day to safeguard their child's health.,Wizara ya Afya inawatia moyo akina mama katika Kaunti ya Kisumu kuhudhuria siku iliyopangwa ya kliniki ili kulinda afya ya mtoto wao.
HEA_00766,Health,Notice from Kenya Medical Association: family planning counselling clinics will run every July at designated health centres in Trans Nzoia County.,Taarifa kutoka kwa Chama cha Matibabu cha Kenya: kliniki za ushauri wa mipango ya familia zitaendeshwa kila Julai katika vituo vya afya vilivyoainishwa katika Kaunti ya Trans Nzoia.
HEA_00767,Health,KEMRI reminds expectant mothers in Kiambu County that access to family planning counselling is free of charge at all public facilities.,KEMRI inawakumbusha akina mama wajawazito katika Kaunti ya Kiambu kwamba upatikanaji wa ushauri wa kupanga familia ni bure katika vituo vyote vya umma.
HEA_00768,Health,CDC encourages mothers in Siaya County to attend the scheduled clinic day to safeguard their child's health.,CDC inawatia moyo akina mama katika Kaunti ya Siaya kuhudhuria siku iliyopangwa ya kliniki ili kulinda afya ya mtoto wao.
HEA_00769,Health,Notice from KEMSA: childhood immunization clinics will run every September at designated health centres in Homa Bay County.,Taarifa kutoka KEMSA: Kliniki za chanjo za watoto zitaendeshwa kila Septemba katika vituo vya afya vilivyoainishwa katika Kaunti ya Homa Bay.
HEA_00770,Health,Notice from SHA (Social Health Authority): family planning counselling clinics will run every March at designated health centres in Laikipia County.,Taarifa kutoka kwa SHA (Shirika la Afya ya Jamii): kliniki za ushauri wa mipango ya familia zitaendeshwa kila Machi katika vituo vya afya vilivyochaguliwa katika Kaunti ya Laikipia.
HEA_00771,Health,Notice from CDC: skilled birth attendance clinics will run every November at designated health centres in Meru County.,Taarifa kutoka kwa CDC: kliniki za kulea watoto wenye ujuzi zitaendeshwa kila Novemba katika vituo vya afya vilivyoainishwa katika Kaunti ya Meru.
HEA_00772,Health,KEMRI reminds expectant mothers in Turkana County that access to family planning counselling is free of charge at all public facilities.,KEMRI inawakumbusha akina mama wajawazito katika Kaunti ya Turkana kwamba upatikanaji wa ushauri wa kupanga familia ni bure katika vituo vyote vya umma.
HEA_00773,Health,Notice from Kenya Medical Association: skilled birth attendance clinics will run every June at designated health centres in Kiambu County.,Taarifa kutoka kwa Chama cha Matibabu cha Kenya: kliniki za kulea watoto wenye ujuzi zitaendeshwa kila Juni katika vituo vya afya vilivyoainishwa katika Kaunti ya Kiambu.
HEA_00774,Health,Notice from Ministry of Health - Reproductive Health Unit: free antenatal care clinics will run every August at designated health centres in Wajir County.,Taarifa kutoka Wizara ya Afya - Kitengo cha Afya ya Uzazi: Kliniki za bure za utunzaji wa kabla ya kuzaa zitaendeshwa kila Agosti katika vituo vya afya vilivyochaguliwa katika Kaunti ya Wajir.
HEA_00775,Health,Ministry of Health - Reproductive Health Unit reminds expectant mothers in Tharaka-Nithi County that access to free antenatal care is free of charge at all public facilities.,Wizara ya Afya - Kitengo cha Afya ya Uzazi kinawakumbusha akina mama wajawazito katika Kaunti ya Tharaka-Nithi kwamba kupata huduma za bure kabla ya kujifungua ni bure katika vituo vyote vya umma.
HEA_00776,Health,CDC appeals to caregivers in Kirinyaga County to visit their nearest maternity wing as part of the July maternal health drive.,CDC inatoa wito kwa watunzaji katika Kaunti ya Kirinyaga kutembelea uwanja wao wa karibu wa uzazi kama sehemu ya kampeni ya afya ya mama ya Julai.
HEA_00777,Health,KEMSA encourages mothers in Tharaka-Nithi County to bring their child for growth monitoring to safeguard their child's health.,KEMSA inawatia moyo akina mama katika Kaunti ya Tharaka-Nithi kumleta mtoto wao kwa ufuatiliaji wa ukuaji ili kulinda afya ya mtoto wao.
HEA_00778,Health,KEMSA appeals to caregivers in Murang'a County to register for the mother-and-child health card as part of the December maternal health drive.,KEMSA inawaomba watunzaji katika Kaunti ya Murang'a kujiandikisha kwa kadi ya afya ya mama na mtoto kama sehemu ya kampeni ya afya ya mama ya Desemba.
HEA_00779,Health,Ministry of Health - Reproductive Health Unit reminds expectant mothers in Kiambu County that access to childhood immunization is free of charge at all public facilities.,Wizara ya Afya - Kitengo cha Afya ya Uzazi kinawakumbusha akina mama wajawazito katika Kaunti ya Kiambu kwamba upatikanaji wa chanjo ya watoto ni bure katika vituo vyote vya umma.
HEA_00780,Health,Notice from Ministry of Health: skilled birth attendance clinics will run every August at designated health centres in Mombasa County.,Taarifa kutoka Wizara ya Afya: Kliniki za kulea watoto wenye ujuzi zitaendeshwa kila Agosti katika vituo vya afya vilivyoainishwa katika Kaunti ya Mombasa.
HEA_00781,Health,KEMSA encourages mothers in Kakamega County to bring their child for growth monitoring to safeguard their child's health.,KEMSA inawatia moyo akina mama katika Kaunti ya Kakamega kumleta mtoto wao kwa ufuatiliaji wa ukuaji ili kulinda afya ya mtoto wao.
HEA_00782,Health,KEMSA reminds expectant mothers in Busia County that access to family planning counselling is free of charge at all public facilities.,KEMSA inawakumbusha akina mama wajawazito katika Kaunti ya Busia kwamba upatikanaji wa ushauri wa mipango ya familia ni bure katika vituo vyote vya umma.
HEA_00783,Health,Kenya Medical Association appeals to caregivers in Elgeyo-Marakwet County to bring their child for growth monitoring as part of the August maternal health drive.,Shirika la Matibabu la Kenya linawasihi watunzaji katika Kaunti ya Elgeyo-Marakwet kumleta mtoto wao kwa ufuatiliaji wa ukuaji kama sehemu ya kampeni ya afya ya mama ya Agosti.
HEA_00784,Health,Ministry of Health reminds expectant mothers in Kericho County that access to family planning counselling is free of charge at all public facilities.,Wizara ya Afya inawakumbusha akina mama wajawazito katika Kaunti ya Kericho kwamba upatikanaji wa ushauri wa mipango ya familia ni bure katika vituo vyote vya umma.
HEA_00785,Health,Notice from Ministry of Health: childhood immunization clinics will run every September at designated health centres in Murang'a County.,Taarifa kutoka Wizara ya Afya: Kliniki za chanjo za watoto zitaendeshwa kila Septemba katika vituo vya afya vilivyoainishwa katika Kaunti ya Murang'a.
HEA_00786,Health,Ministry of Health reminds expectant mothers in Siaya County that access to childhood immunization is free of charge at all public facilities.,Wizara ya Afya inawakumbusha akina mama wajawazito katika Kaunti ya Siaya kwamba upatikanaji wa chanjo ya watoto ni bure katika vituo vyote vya umma.
HEA_00787,Health,Division of Disease Surveillance and Response encourages mothers in Kirinyaga County to visit their nearest maternity wing to safeguard their child's health.,Idara ya Ufuatiliaji na Jibu la Magonjwa inawatia moyo akina mama katika Kaunti ya Kirinyaga kutembelea uwanja wao wa karibu wa uzazi ili kulinda afya ya mtoto wao.
HEA_00788,Health,CDC appeals to caregivers in Vihiga County to register for the mother-and-child health card as part of the May maternal health drive.,CDC inatoa wito kwa watunzaji katika Kaunti ya Vihiga kujiandikisha kwa kadi ya afya ya mama na mtoto kama sehemu ya kampeni ya afya ya mama ya Mei.
HEA_00789,Health,Ministry of Health reminds expectant mothers in Kirinyaga County that access to postnatal check-ups is free of charge at all public facilities.,Wizara ya Afya inawakumbusha akina mama wajawazito katika Kaunti ya Kirinyaga kwamba upatikanaji wa uchunguzi wa baada ya kuzaliwa ni bure katika vituo vyote vya umma.
HEA_00790,Health,Notice from Kenya Medical Association: skilled birth attendance clinics will run every March at designated health centres in Migori County.,Taarifa kutoka kwa Chama cha Matibabu cha Kenya: kliniki za kulea watoto wenye ujuzi zitaendeshwa kila Machi katika vituo vya afya vilivyoainishwa katika Kaunti ya Migori.
HEA_00791,Health,Division of Disease Surveillance and Response appeals to caregivers in Tharaka-Nithi County to bring their child for growth monitoring as part of the March maternal health drive.,Idara ya Ufuatiliaji na Jibu la Magonjwa inawaomba watunzaji katika Kaunti ya Tharaka-Nithi kumleta mtoto wao kwa ufuatiliaji wa ukuaji kama sehemu ya kampeni ya afya ya mama ya Machi.
HEA_00792,Health,KEMRI reminds expectant mothers in Kitui County that access to childhood immunization is free of charge at all public facilities.,KEMRI inawakumbusha akina mama wajawazito katika Kaunti ya Kitui kwamba upatikanaji wa chanjo ya watoto ni bure katika vituo vyote vya umma.
HEA_00793,Health,Ministry of Health encourages mothers in Vihiga County to register for the mother-and-child health card to safeguard their child's health.,Wizara ya Afya inawatia moyo akina mama katika Kaunti ya Vihiga kujiandikisha kwa kadi ya afya ya mama na mtoto ili kulinda afya ya mtoto wao.
HEA_00794,Health,Division of Disease Surveillance and Response reminds expectant mothers in Nyamira County that access to free antenatal care is free of charge at all public facilities.,Idara ya Ufuatiliaji na Jibu la Magonjwa inawakumbusha akina mama wajawazito katika Kaunti ya Nyamira kwamba upatikanaji wa huduma za bure za kabla ya kuzaa ni bure katika vituo vyote vya umma.
HEA_00795,Health,Kenya Red Cross appeals to caregivers in Kericho County to visit their nearest maternity wing as part of the October maternal health drive.,Msalaba Mwekundu wa Kenya unawasihi watunzaji katika Kaunti ya Kericho kutembelea uwanja wao wa karibu wa uzazi kama sehemu ya kampeni ya afya ya mama ya Oktoba.
HEA_00796,Health,SHA (Social Health Authority) reminds expectant mothers in Kisumu County that access to free antenatal care is free of charge at all public facilities.,Shirika la Afya ya Jamii (SHA) linawakumbusha akina mama wajawazito katika Kaunti ya Kisumu kwamba huduma za bure za kabla ya kujifungua ni za bure katika vituo vyote vya umma.
HEA_00797,Health,Kenya Medical Association reminds expectant mothers in Nandi County that access to free antenatal care is free of charge at all public facilities.,Chama cha Matibabu cha Kenya kinawakumbusha akina mama wajawazito katika Kaunti ya Nandi kwamba huduma za bure za kabla ya kuzaa ni za bure katika vituo vyote vya umma.
HEA_00798,Health,Notice from Ministry of Health - Reproductive Health Unit: childhood immunization clinics will run every March at designated health centres in Kisii County.,Taarifa kutoka Wizara ya Afya - Kitengo cha Afya ya Uzazi: Kliniki za chanjo ya watoto zitaendeshwa kila Machi katika vituo vya afya vilivyoainishwa katika Kaunti ya Kisii.
HEA_00799,Health,Kenya Red Cross reminds expectant mothers in Uasin Gishu County that access to free antenatal care is free of charge at all public facilities.,Msalaba Mwekundu wa Kenya unawakumbusha akina mama wajawazito katika Kaunti ya Uasin Gishu kwamba huduma za bure za uzazi ni za bure katika vituo vyote vya umma.
HEA_00800,Health,Notice from KEMSA: nutrition supplementation for infants clinics will run every February at designated health centres in Uasin Gishu County.,Taarifa kutoka KEMSA: virutubisho vya lishe kwa watoto wachanga kliniki zitaendesha kila Februari katika vituo vya afya vilivyoainishwa katika Kaunti ya Uasin Gishu.
HEA_00801,Health,Kenya Red Cross reminds expectant mothers in Wajir County that access to postnatal check-ups is free of charge at all public facilities.,Kenya Red Cross inawakumbusha akina mama wajawazito katika Kaunti ya Wajir kwamba upatikanaji wa uchunguzi wa baada ya kuzaliwa ni bure katika vituo vyote vya umma.
HEA_00802,Health,KEMRI encourages mothers in Makueni County to register for the mother-and-child health card to safeguard their child's health.,KEMRI inawatia moyo akina mama katika Kaunti ya Makueni kujiandikisha kwa kadi ya afya ya mama na mtoto ili kulinda afya ya mtoto wao.
HEA_00803,Health,Notice from Kenya Medical Association: free antenatal care clinics will run every March at designated health centres in Nyeri County.,Taarifa kutoka kwa Chama cha Matibabu cha Kenya: kliniki za bure za utunzaji wa kabla ya kuzaa zitaendeshwa kila Machi katika vituo vya afya vilivyoainishwa katika Kaunti ya Nyeri.
HEA_00804,Health,KEMRI appeals to caregivers in Kisii County to attend the scheduled clinic day as part of the August maternal health drive.,KEMRI inawaalika watunzaji katika Kaunti ya Kisii kuhudhuria siku iliyopangwa ya kliniki kama sehemu ya kampeni ya afya ya mama ya Agosti.
HEA_00805,Health,Ministry of Health encourages mothers in Mombasa County to visit their nearest maternity wing to safeguard their child's health.,Wizara ya Afya inawatia moyo akina mama katika Kaunti ya Mombasa kutembelea uwanja wao wa karibu wa uzazi ili kulinda afya ya mtoto wao.
HEA_00806,Health,Ministry of Health - Reproductive Health Unit reminds expectant mothers in Marsabit County that access to nutrition supplementation for infants is free of charge at all public facilities.,Wizara ya Afya - Kitengo cha Afya ya Uzazi kinakumbusha mama wajawazito katika Kaunti ya Marsabit kwamba upatikanaji wa virutubisho vya lishe kwa watoto wachanga ni bure katika vituo vyote vya umma.
HEA_00807,Health,SHA (Social Health Authority) reminds expectant mothers in Makueni County that access to childhood immunization is free of charge at all public facilities.,Shirika la Afya ya Jamii (SHA) linawakumbusha akina mama wajawazito katika Kaunti ya Makueni kwamba upatikanaji wa chanjo ya watoto ni bure katika vituo vyote vya umma.
HEA_00808,Health,Kenya Red Cross appeals to caregivers in Makueni County to visit their nearest maternity wing as part of the August maternal health drive.,Msalaba Mwekundu wa Kenya unawasihi watunzaji katika Kaunti ya Makueni kutembelea uwanja wao wa karibu wa uzazi kama sehemu ya kampeni ya afya ya akina mama ya Agosti.
HEA_00809,Health,KEMSA reminds expectant mothers in Kilifi County that access to skilled birth attendance is free of charge at all public facilities.,KEMSA inawakumbusha akina mama wajawazito katika Kaunti ya Kilifi kwamba ufikiaji wa huduma za uzazi wenye ujuzi ni bure katika vituo vyote vya umma.
HEA_00810,Health,Notice from Kenya Medical Association: free antenatal care clinics will run every February at designated health centres in Wajir County.,Taarifa kutoka kwa Chama cha Matibabu cha Kenya: kliniki za bure za utunzaji wa kabla ya kuzaa zitaendeshwa kila Februari katika vituo vya afya vilivyoainishwa katika Kaunti ya Wajir.
HEA_00811,Health,KEMSA reminds expectant mothers in Homa Bay County that access to childhood immunization is free of charge at all public facilities.,KEMSA inawakumbusha akina mama wajawazito katika Kaunti ya Homa Bay kwamba upatikanaji wa chanjo ya watoto ni bure katika vituo vyote vya umma.
HEA_00812,Health,Notice from Division of Disease Surveillance and Response: skilled birth attendance clinics will run every October at designated health centres in Nandi County.,Taarifa kutoka kwa Idara ya Ufuatiliaji na Jibu la Magonjwa: Kliniki za usimamizi wa uzazi wenye ujuzi zitaendeshwa kila Oktoba katika vituo vya afya vilivyochaguliwa katika Kaunti ya Nandi.
HEA_00813,Health,Division of Disease Surveillance and Response reminds expectant mothers in Kiambu County that access to free antenatal care is free of charge at all public facilities.,Idara ya Ufuatiliaji na Jibu la Magonjwa inawakumbusha akina mama wajawazito katika Kaunti ya Kiambu kwamba upatikanaji wa huduma za bure za kabla ya kuzaa ni bure katika vituo vyote vya umma.
HEA_00814,Health,Kenya Medical Association appeals to caregivers in Baringo County to bring their child for growth monitoring as part of the May maternal health drive.,Shirika la Matibabu la Kenya linawasihi watunzaji katika Kaunti ya Baringo kumleta mtoto wao kwa ufuatiliaji wa ukuaji kama sehemu ya kampeni ya afya ya mama ya Mei.
HEA_00815,Health,Kenya Medical Association appeals to caregivers in Kisumu County to visit their nearest maternity wing as part of the March maternal health drive.,Shirika la Matibabu la Kenya linawasihi watunzaji katika Kaunti ya Kisumu kutembelea uwanja wao wa karibu wa uzazi kama sehemu ya kampeni ya afya ya mama ya Machi.
HEA_00816,Health,Ministry of Health encourages mothers in Isiolo County to bring their child for growth monitoring to safeguard their child's health.,Wizara ya Afya inawatia moyo akina mama katika Kaunti ya Isiolo kumleta mtoto wao kwa ufuatiliaji wa ukuaji ili kulinda afya ya mtoto wao.
HEA_00817,Health,Ministry of Health - Reproductive Health Unit appeals to caregivers in Meru County to bring their child for growth monitoring as part of the October maternal health drive.,Wizara ya Afya - Kitengo cha Afya ya Uzazi kinawaomba waangalizi katika Kaunti ya Meru kumleta mtoto wao kwa ufuatiliaji wa ukuaji kama sehemu ya kampeni ya afya ya mama ya Oktoba.
HEA_00818,Health,Notice from Ministry of Health: childhood immunization clinics will run every December at designated health centres in Migori County.,Taarifa kutoka Wizara ya Afya: Kliniki za chanjo za watoto zitaendeshwa kila Desemba katika vituo vya afya vilivyoainishwa katika Kaunti ya Migori.
HEA_00819,Health,Ministry of Health - Reproductive Health Unit appeals to caregivers in Wajir County to bring their child for growth monitoring as part of the July maternal health drive.,Wizara ya Afya - Kitengo cha Afya ya uzazi kinawasihi watunzaji katika Kaunti ya Wajir kumleta mtoto wao kwa ufuatiliaji wa ukuaji kama sehemu ya kampeni ya afya ya mama ya Julai.
HEA_00820,Health,SHA (Social Health Authority) reminds expectant mothers in Makueni County that access to skilled birth attendance is free of charge at all public facilities.,Shirika la Afya ya Jamii (SHA) linawakumbusha akina mama wajawazito katika Kaunti ya Makueni kwamba ufikiaji wa huduma ya kuzaa yenye ujuzi ni bure katika vituo vyote vya umma.
HEA_00821,Health,Division of Disease Surveillance and Response encourages mothers in Kajiado County to visit their nearest maternity wing to safeguard their child's health.,Idara ya Ufuatiliaji na Jibu la Magonjwa inawatia moyo akina mama katika Kajiado County kutembelea uwanja wao wa karibu wa uzazi ili kulinda afya ya mtoto wao.
HEA_00822,Health,KEMRI appeals to caregivers in Laikipia County to bring their child for growth monitoring as part of the June maternal health drive.,KEMRI inatoa wito kwa watunzaji katika Kaunti ya Laikipia kumleta mtoto wao kwa ufuatiliaji wa ukuaji kama sehemu ya kampeni ya afya ya mama ya Juni.
HEA_00823,Health,CDC encourages mothers in Busia County to visit their nearest maternity wing to safeguard their child's health.,CDC inawatia moyo akina mama katika Kaunti ya Busia kutembelea uwanja wao wa karibu wa uzazi ili kulinda afya ya mtoto wao.
HEA_00824,Health,CDC encourages mothers in Laikipia County to register for the mother-and-child health card to safeguard their child's health.,CDC inawatia moyo akina mama katika Kaunti ya Laikipia kujiandikisha kwa kadi ya afya ya mama na mtoto ili kulinda afya ya mtoto wao.
HEA_00825,Health,Ministry of Health - Reproductive Health Unit reminds expectant mothers in Murang'a County that access to skilled birth attendance is free of charge at all public facilities.,Wizara ya Afya - Kitengo cha Afya ya Uzazi kinawakumbusha akina mama wajawazito katika Kaunti ya Murang'a kwamba ufikiaji wa huduma ya uzazi yenye ujuzi ni bure katika vituo vyote vya umma.
HEA_00826,Health,Notice from Ministry of Health: nutrition supplementation for infants clinics will run every April at designated health centres in Narok County.,Taarifa kutoka Wizara ya Afya: virutubisho vya lishe kwa watoto wachanga kliniki zitaendesha kila Aprili katika vituo vya afya vilivyoainishwa katika Kaunti ya Narok.
HEA_00827,Health,Kenya Medical Association appeals to caregivers in Machakos County to bring their child for growth monitoring as part of the February maternal health drive.,Shirika la Matibabu la Kenya linawasihi watunzaji katika Kaunti ya Machakos kumleta mtoto wao kwa ufuatiliaji wa ukuaji kama sehemu ya kampeni ya afya ya mama ya Februari.
HEA_00828,Health,Ministry of Health - Reproductive Health Unit appeals to caregivers in Taita-Taveta County to bring their child for growth monitoring as part of the August maternal health drive.,Wizara ya Afya - Kitengo cha Afya ya Kuzaliana kinawaomba watunzaji katika Kaunti ya Taita-Taveta kumleta mtoto wao kwa ufuatiliaji wa ukuaji kama sehemu ya kampeni ya afya ya mama ya Agosti.
HEA_00829,Health,Notice from SHA (Social Health Authority): family planning counselling clinics will run every December at designated health centres in Nakuru County.,Taarifa kutoka kwa Shirika la Afya ya Jamii (SHA): kliniki za ushauri wa mipango ya familia zitaendeshwa kila Desemba katika vituo vya afya vilivyochaguliwa katika Kaunti ya Nakuru.
HEA_00830,Health,SHA (Social Health Authority) reminds expectant mothers in Trans Nzoia County that access to free antenatal care is free of charge at all public facilities.,Shirika la Afya ya Jamii (SHA) linawakumbusha akina mama wajawazito katika Kaunti ya Trans Nzoia kwamba upatikanaji wa huduma za bure za kabla ya kuzaa ni bure katika vituo vyote vya umma.
HEA_00831,Health,SHA (Social Health Authority) reminds expectant mothers in Bungoma County that access to family planning counselling is free of charge at all public facilities.,Shirika la Afya ya Jamii (SHA) linawakumbusha akina mama wajawazito katika Kaunti ya Bungoma kwamba upatikanaji wa ushauri wa kupanga familia ni bure katika vituo vyote vya umma.
HEA_00832,Health,Notice from CDC: family planning counselling clinics will run every April at designated health centres in Bomet County.,Taarifa kutoka CDC: kliniki za ushauri wa mipango ya familia zitaendeshwa kila Aprili katika vituo vya afya vilivyoainishwa katika Kaunti ya Bomet.
HEA_00833,Health,Division of Disease Surveillance and Response appeals to caregivers in West Pokot County to register for the mother-and-child health card as part of the January maternal health drive.,Idara ya Ufuatiliaji na Jibu la Magonjwa inawaomba watunzaji katika Kaunti ya West Pokot kujiandikisha kwa kadi ya afya ya mama na mtoto kama sehemu ya kampeni ya afya ya mama ya Januari.
HEA_00834,Health,Division of Disease Surveillance and Response appeals to caregivers in Bomet County to bring their child for growth monitoring as part of the October maternal health drive.,Idara ya Ufuatiliaji na Jibu la Magonjwa inawaomba watunzaji katika Kaunti ya Bomet kumleta mtoto wao kwa ufuatiliaji wa ukuaji kama sehemu ya kampeni ya afya ya mama ya Oktoba.
HEA_00835,Health,Notice from Ministry of Health - Reproductive Health Unit: family planning counselling clinics will run every February at designated health centres in Wajir County.,Taarifa kutoka Wizara ya Afya - Kitengo cha Afya ya Uzazi: Kliniki za ushauri wa mipango ya familia zitaendeshwa kila Februari katika vituo vya afya vilivyoainishwa katika Kaunti ya Wajir.
HEA_00836,Health,Ministry of Health encourages mothers in Kiambu County to attend the scheduled clinic day to safeguard their child's health.,Wizara ya Afya inawatia moyo akina mama katika Kaunti ya Kiambu kuhudhuria siku iliyopangwa ya kliniki ili kulinda afya ya mtoto wao.
HEA_00837,Health,Notice from SHA (Social Health Authority): postnatal check-ups clinics will run every March at designated health centres in Kilifi County.,Taarifa kutoka kwa Shirika la Afya ya Jamii (SHA): kliniki za uchunguzi wa baada ya kuzaliwa zitaendeshwa kila Machi katika vituo vya afya vilivyoainishwa katika Kaunti ya Kilifi.
HEA_00838,Health,Kenya Medical Association encourages mothers in Garissa County to register for the mother-and-child health card to safeguard their child's health.,Chama cha Matibabu cha Kenya kinawatia moyo akina mama katika Kaunti ya Garissa kujiandikisha kwa kadi ya afya ya mama na mtoto ili kulinda afya ya mtoto wao.
HEA_00839,Health,SHA (Social Health Authority) encourages mothers in Trans Nzoia County to bring their child for growth monitoring to safeguard their child's health.,Shirika la Afya ya Jamii (SHA) linawatia moyo akina mama katika Kaunti ya Trans Nzoia kumleta mtoto wao kwa ufuatiliaji wa ukuaji ili kulinda afya ya mtoto wao.
HEA_00840,Health,Division of Disease Surveillance and Response encourages mothers in Garissa County to visit their nearest maternity wing to safeguard their child's health.,Idara ya Ufuatiliaji na Jibu la Magonjwa inawatia moyo akina mama katika Kaunti ya Garissa kutembelea uwanja wao wa karibu wa uzazi ili kulinda afya ya mtoto wao.
HEA_00841,Health,Ministry of Health - Reproductive Health Unit reminds expectant mothers in Baringo County that access to nutrition supplementation for infants is free of charge at all public facilities.,Wizara ya Afya - Kitengo cha Afya ya Uzazi kinakumbusha mama wajawazito katika Kaunti ya Baringo kwamba upatikanaji wa virutubisho vya lishe kwa watoto wachanga ni bure katika vituo vyote vya umma.
HEA_00842,Health,Ministry of Health - Reproductive Health Unit encourages mothers in Mombasa County to visit their nearest maternity wing to safeguard their child's health.,Wizara ya Afya - Kitengo cha Afya ya Uzazi kinawatia moyo akina mama katika Kaunti ya Mombasa kutembelea uwanja wao wa karibu wa uzazi ili kulinda afya ya mtoto wao.
HEA_00843,Health,Ministry of Health - Reproductive Health Unit appeals to caregivers in Narok County to register for the mother-and-child health card as part of the March maternal health drive.,Wizara ya Afya - Kitengo cha Afya ya Uzazi kinawaomba watunzaji katika Kaunti ya Narok kujiandikisha kwa kadi ya afya ya mama na mtoto kama sehemu ya kampeni ya afya ya mama ya Machi.
HEA_00844,Health,SHA (Social Health Authority) encourages mothers in Samburu County to attend the scheduled clinic day to safeguard their child's health.,Shirika la Afya ya Jamii (SHA) linawatia moyo akina mama katika Kaunti ya Samburu kuhudhuria siku iliyopangwa ya kliniki ili kulinda afya ya mtoto wao.
HEA_00845,Health,Kenya Medical Association appeals to caregivers in Bungoma County to register for the mother-and-child health card as part of the December maternal health drive.,Shirika la Matibabu la Kenya linawasihi watunzaji katika Kaunti ya Bungoma kujiandikisha kwa kadi ya afya ya mama na mtoto kama sehemu ya kampeni ya afya ya mama ya Desemba.
HEA_00846,Health,Notice from Kenya Medical Association: postnatal check-ups clinics will run every May at designated health centres in Kiambu County.,Taarifa kutoka kwa Chama cha Matibabu cha Kenya: kliniki za uchunguzi wa baada ya kuzaliwa zitafanyika kila Mei katika vituo vya afya vilivyoainishwa katika Kaunti ya Kiambu.
HEA_00847,Health,KEMSA encourages mothers in Uasin Gishu County to attend the scheduled clinic day to safeguard their child's health.,KEMSA inawatia moyo akina mama katika Kaunti ya Uasin Gishu kuhudhuria siku iliyowekwa ya kliniki ili kulinda afya ya mtoto wao.
HEA_00848,Health,Notice from CDC: childhood immunization clinics will run every April at designated health centres in Siaya County.,Taarifa kutoka CDC: kliniki za chanjo za watoto zitaendeshwa kila Aprili katika vituo vya afya vilivyoainishwa katika Kaunti ya Siaya.
HEA_00849,Health,Kenya Red Cross encourages mothers in Migori County to register for the mother-and-child health card to safeguard their child's health.,Msalaba Mwekundu wa Kenya unawatia moyo akina mama katika Kaunti ya Migori kujiandikisha kwa kadi ya afya ya mama na mtoto ili kulinda afya ya mtoto wao.
HEA_00850,Health,CDC encourages mothers in Kericho County to attend the scheduled clinic day to safeguard their child's health.,CDC inawatia moyo akina mama katika Kaunti ya Kericho kuhudhuria siku iliyowekwa ya kliniki ili kulinda afya ya mtoto wao.
HEA_00851,Health,Division of Disease Surveillance and Response reminds expectant mothers in Bomet County that access to nutrition supplementation for infants is free of charge at all public facilities.,Idara ya Ufuatiliaji na Jibu la Magonjwa inawakumbusha akina mama wajawazito katika Kaunti ya Bomet kwamba upatikanaji wa virutubisho vya lishe kwa watoto wachanga ni bure katika vituo vyote vya umma.
HEA_00852,Health,CDC appeals to caregivers in Nyeri County to visit their nearest maternity wing as part of the July maternal health drive.,CDC inatoa wito kwa watunzaji katika Kaunti ya Nyeri kutembelea uwanja wao wa karibu wa uzazi kama sehemu ya kampeni ya afya ya mama ya Julai.
HEA_00853,Health,Ministry of Health reminds expectant mothers in Samburu County that access to free antenatal care is free of charge at all public facilities.,Wizara ya Afya inawakumbusha akina mama wajawazito katika Kaunti ya Samburu kwamba kupata huduma za bure kabla ya kuzaa ni bure katika vituo vyote vya umma.
HEA_00854,Health,KEMRI reminds expectant mothers in Nyandarua County that access to skilled birth attendance is free of charge at all public facilities.,KEMRI inawakumbusha akina mama wajawazito katika Kaunti ya Nyandarua kwamba ufikiaji wa huduma za uzazi wenye ujuzi ni bure katika vituo vyote vya umma.
HEA_00855,Health,Notice from KEMSA: skilled birth attendance clinics will run every December at designated health centres in Tana River County.,Taarifa kutoka KEMSA: Kliniki za utoaji wa watoto wenye ujuzi zitaendeshwa kila Desemba katika vituo vya afya vilivyochaguliwa katika Kaunti ya Tana River.
HEA_00856,Health,CDC encourages mothers in Kilifi County to bring their child for growth monitoring to safeguard their child's health.,CDC inawatia moyo akina mama katika Wilaya ya Kilifi kuwaleta watoto wao kwa ufuatiliaji wa ukuaji ili kulinda afya ya watoto wao.
HEA_00857,Health,CDC reminds expectant mothers in Kitui County that access to family planning counselling is free of charge at all public facilities.,CDC inawakumbusha akina mama wajawazito katika Kaunti ya Kitui kwamba upatikanaji wa ushauri wa kupanga familia ni bure katika vituo vyote vya umma.
HEA_00858,Health,KEMRI appeals to caregivers in Narok County to attend the scheduled clinic day as part of the December maternal health drive.,KEMRI inawaalika watunzaji katika Kaunti ya Narok kuhudhuria siku iliyopangwa ya kliniki kama sehemu ya kampeni ya afya ya mama ya Desemba.
HEA_00859,Health,Kenya Medical Association reminds expectant mothers in Samburu County that access to family planning counselling is free of charge at all public facilities.,Chama cha Matibabu cha Kenya kinakumbusha akina mama wajawazito katika Kaunti ya Samburu kwamba upatikanaji wa ushauri wa kupanga familia ni bure katika vituo vyote vya umma.
HEA_00860,Health,Notice from CDC: family planning counselling clinics will run every January at designated health centres in Tana River County.,Taarifa kutoka CDC: kliniki za ushauri wa mipango ya familia zitaendeshwa kila Januari katika vituo vya afya vilivyoainishwa katika Wilaya ya Tana River.
HEA_00861,Health,Notice from KEMRI: childhood immunization clinics will run every August at designated health centres in Busia County.,Taarifa kutoka KEMRI: Kliniki za chanjo za watoto zitaendeshwa kila Agosti katika vituo vya afya vilivyoainishwa katika Kaunti ya Busia.
HEA_00862,Health,Notice from CDC: family planning counselling clinics will run every April at designated health centres in Bungoma County.,Taarifa kutoka CDC: kliniki za ushauri wa mipango ya familia zitaendeshwa kila Aprili katika vituo vya afya vilivyoainishwa katika Kaunti ya Bungoma.
HEA_00863,Health,Kenya Red Cross encourages mothers in Nandi County to visit their nearest maternity wing to safeguard their child's health.,Msalaba Mwekundu wa Kenya unawatia moyo akina mama katika Kaunti ya Nandi kutembelea uwanja wao wa karibu wa uzazi ili kulinda afya ya mtoto wao.
HEA_00864,Health,KEMSA encourages mothers in Narok County to bring their child for growth monitoring to safeguard their child's health.,KEMSA inawatia moyo akina mama katika Kaunti ya Narok kumleta mtoto wao kwa ufuatiliaji wa ukuaji ili kulinda afya ya mtoto wao.
HEA_00865,Health,Kenya Medical Association reminds expectant mothers in Nyandarua County that access to skilled birth attendance is free of charge at all public facilities.,Shirika la Matibabu la Kenya linawakumbusha akina mama wajawazito katika Kaunti ya Nyandarua kwamba huduma za uzazi za kitaaluma ni za bure katika vituo vyote vya umma.
HEA_00866,Health,KEMSA encourages mothers in Vihiga County to visit their nearest maternity wing to safeguard their child's health.,KEMSA inawatia moyo akina mama katika Kaunti ya Vihiga kutembelea uwanja wao wa uzazi wa karibu ili kulinda afya ya mtoto wao.
HEA_00867,Health,Notice from Ministry of Health - Reproductive Health Unit: free antenatal care clinics will run every March at designated health centres in Nyamira County.,Taarifa kutoka Wizara ya Afya - Kitengo cha Afya ya Uzazi: kliniki za bure za utunzaji wa kabla ya kuzaa zitaendeshwa kila Machi katika vituo vya afya vilivyoainishwa katika Kaunti ya Nyamira.
HEA_00868,Health,Division of Disease Surveillance and Response encourages mothers in Bungoma County to attend the scheduled clinic day to safeguard their child's health.,Idara ya Ufuatiliaji na Jibu la Magonjwa inawatia moyo akina mama katika Kaunti ya Bungoma kuhudhuria siku iliyowekwa ya kliniki ili kulinda afya ya mtoto wao.
HEA_00869,Health,CDC appeals to caregivers in Turkana County to attend the scheduled clinic day as part of the February maternal health drive.,CDC inatoa wito kwa watunzaji katika Kaunti ya Turkana kuhudhuria siku iliyopangwa ya kliniki kama sehemu ya kampeni ya afya ya mama ya Februari.
HEA_00870,Health,KEMSA encourages mothers in Kajiado County to register for the mother-and-child health card to safeguard their child's health.,KEMSA inawatia moyo akina mama katika Kajiado County kujiandikisha kwa kadi ya afya ya mama na mtoto ili kulinda afya ya mtoto wao.
HEA_00871,Health,CDC appeals to caregivers in Kericho County to visit their nearest maternity wing as part of the July maternal health drive.,CDC inatoa wito kwa watunzaji katika Kaunti ya Kericho kutembelea uwanja wao wa karibu wa uzazi kama sehemu ya kampeni ya afya ya mama ya Julai.
HEA_00872,Health,Notice from KEMRI: skilled birth attendance clinics will run every November at designated health centres in Embu County.,Taarifa kutoka KEMRI: Kliniki za utoaji wa watoto wenye ujuzi zitaendeshwa kila Novemba katika vituo vya afya vilivyoainishwa katika Kaunti ya Embu.
HEA_00873,Health,Notice from Division of Disease Surveillance and Response: nutrition supplementation for infants clinics will run every April at designated health centres in Nyeri County.,Taarifa kutoka kwa Idara ya Ufuatiliaji na Jibu la Magonjwa: virutubisho vya lishe kwa kliniki za watoto wachanga vitatekelezwa kila Aprili katika vituo vya afya vilivyoainishwa katika Kaunti ya Nyeri.
HEA_00874,Health,CDC appeals to caregivers in Kisumu County to visit their nearest maternity wing as part of the January maternal health drive.,CDC inatoa wito kwa watunzaji katika Kaunti ya Kisumu kutembelea uwanja wao wa karibu wa uzazi kama sehemu ya kampeni ya afya ya mama ya Januari.
HEA_00875,Health,Notice from Ministry of Health - Reproductive Health Unit: nutrition supplementation for infants clinics will run every November at designated health centres in Machakos County.,Taarifa kutoka Wizara ya Afya - Kitengo cha Afya ya Kuzaliana: virutubisho vya lishe kwa watoto wachanga kliniki zitaendesha kila Novemba katika vituo vya afya vilivyoainishwa katika Kaunti ya Machakos.
HEA_00876,Health,Ministry of Health encourages mothers in Migori County to bring their child for growth monitoring to safeguard their child's health.,Wizara ya Afya inawatia moyo akina mama katika Kaunti ya Migori kumleta mtoto wao kwa ufuatiliaji wa ukuaji ili kulinda afya ya mtoto wao.
HEA_00877,Health,Kenya Medical Association reminds expectant mothers in Makueni County that access to family planning counselling is free of charge at all public facilities.,Chama cha Matibabu cha Kenya kinakumbusha akina mama wajawazito katika Kaunti ya Makueni kwamba upatikanaji wa ushauri wa kupanga familia ni bure katika vituo vyote vya umma.
HEA_00878,Health,Notice from Ministry of Health: nutrition supplementation for infants clinics will run every June at designated health centres in Kajiado County.,Taarifa kutoka Wizara ya Afya: Vidonge vya lishe kwa watoto wachanga kliniki zitaendesha kila Juni katika vituo vya afya vilivyoainishwa katika Kajiado County.
HEA_00879,Health,Ministry of Health - Reproductive Health Unit appeals to caregivers in Kilifi County to register for the mother-and-child health card as part of the May maternal health drive.,Wizara ya Afya - Kitengo cha Afya ya Uzazi kinawaomba watunzaji katika Kaunti ya Kilifi kujiandikisha kwa kadi ya afya ya mama na mtoto kama sehemu ya kampeni ya afya ya mama ya Mei.
HEA_00880,Health,Notice from CDC: childhood immunization clinics will run every February at designated health centres in Taita-Taveta County.,Taarifa kutoka CDC: kliniki za chanjo za watoto zitaendeshwa kila Februari katika vituo vya afya vilivyoainishwa katika Wilaya ya Taita-Taveta.
HEA_00881,Health,SHA (Social Health Authority) reminds expectant mothers in Embu County that access to family planning counselling is free of charge at all public facilities.,Shirika la Afya ya Jamii (SHA) linawakumbusha akina mama wajawazito katika Kaunti ya Embu kwamba upatikanaji wa ushauri wa mipango ya familia ni bure katika vituo vyote vya umma.
HEA_00882,Health,Kenya Medical Association encourages mothers in Garissa County to bring their child for growth monitoring to safeguard their child's health.,Chama cha Matibabu cha Kenya kinawatia moyo akina mama katika Kaunti ya Garissa kumleta mtoto wao kwa ajili ya ufuatiliaji wa ukuaji ili kulinda afya ya mtoto wao.
HEA_00883,Health,KEMSA reminds expectant mothers in Kwale County that access to family planning counselling is free of charge at all public facilities.,KEMSA inawakumbusha akina mama wajawazito katika Kaunti ya Kwale kwamba upatikanaji wa ushauri wa mipango ya familia ni bure katika vituo vyote vya umma.
HEA_00884,Health,Notice from Ministry of Health: free antenatal care clinics will run every February at designated health centres in Taita-Taveta County.,Taarifa kutoka Wizara ya Afya: kliniki za bure za utunzaji wa kabla ya kuzaa zitaendeshwa kila Februari katika vituo vya afya vilivyoainishwa katika Kaunti ya Taita-Taveta.
HEA_00885,Health,Kenya Red Cross encourages mothers in Bomet County to register for the mother-and-child health card to safeguard their child's health.,Kenya Red Cross inawatia moyo akina mama katika Kaunti ya Bomet kujiandikisha kwa kadi ya afya ya mama na mtoto ili kulinda afya ya mtoto wao.
HEA_00886,Health,Notice from Kenya Medical Association: family planning counselling clinics will run every August at designated health centres in Samburu County.,Taarifa kutoka kwa Chama cha Matibabu cha Kenya: kliniki za ushauri wa mpango wa familia zitaendeshwa kila Agosti katika vituo vya afya vilivyoainishwa katika Kaunti ya Samburu.
HEA_00887,Health,Kenya Medical Association appeals to caregivers in Murang'a County to bring their child for growth monitoring as part of the January maternal health drive.,Shirika la Matibabu la Kenya linawasihi watunzaji katika Kaunti ya Murang'a kumleta mtoto wao kwa ufuatiliaji wa ukuaji kama sehemu ya kampeni ya afya ya mama ya Januari.
HEA_00888,Health,CDC reminds expectant mothers in Mombasa County that access to family planning counselling is free of charge at all public facilities.,CDC inawakumbusha akina mama wajawazito katika Kaunti ya Mombasa kwamba upatikanaji wa ushauri wa kupanga familia ni bure katika vituo vyote vya umma.
HEA_00889,Health,Ministry of Health reminds expectant mothers in Kisii County that access to skilled birth attendance is free of charge at all public facilities.,Wizara ya Afya inawakumbusha akina mama wajawazito katika Kaunti ya Kisii kwamba ufikiaji wa utunzaji wa kuzaa wenye ujuzi ni bure katika vituo vyote vya umma.
HEA_00890,Health,Kenya Red Cross reminds expectant mothers in Migori County that access to nutrition supplementation for infants is free of charge at all public facilities.,Msalaba Mwekundu wa Kenya unawakumbusha akina mama wajawazito katika Kaunti ya Migori kwamba watoto wachanga wanaweza kupata virutubisho vya lishe bila malipo katika vituo vyote vya umma.
HEA_00891,Health,Kenya Red Cross reminds expectant mothers in Nandi County that access to postnatal check-ups is free of charge at all public facilities.,Kenya Red Cross inawakumbusha akina mama wajawazito katika Kaunti ya Nandi kwamba upatikanaji wa uchunguzi wa baada ya kuzaliwa ni bure katika vituo vyote vya umma.
HEA_00892,Health,Ministry of Health - Reproductive Health Unit reminds expectant mothers in Isiolo County that access to childhood immunization is free of charge at all public facilities.,Wizara ya Afya - Kitengo cha Afya ya uzazi kinawakumbusha akina mama wajawazito katika Kaunti ya Isiolo kwamba upatikanaji wa chanjo ya watoto ni bure katika vituo vyote vya umma.
HEA_00893,Health,Kenya Medical Association encourages mothers in Kericho County to register for the mother-and-child health card to safeguard their child's health.,Chama cha Matibabu cha Kenya kinawatia moyo akina mama katika Kaunti ya Kericho kujiandikisha kwa kadi ya afya ya mama na mtoto ili kulinda afya ya mtoto wao.
HEA_00894,Health,Notice from Division of Disease Surveillance and Response: nutrition supplementation for infants clinics will run every September at designated health centres in Mombasa County.,Taarifa kutoka kwa Idara ya Ufuatiliaji na Jibu la Magonjwa: virutubisho vya lishe kwa kliniki za watoto wachanga vitatekelezwa kila Septemba katika vituo vya afya vilivyoainishwa katika Kaunti ya Mombasa.
HEA_00895,Health,SHA (Social Health Authority) encourages mothers in Kilifi County to bring their child for growth monitoring to safeguard their child's health.,Shirika la Afya ya Jamii (SHA) linawatia moyo akina mama katika Kaunti ya Kilifi kumleta mtoto wao kwa ajili ya ufuatiliaji wa ukuaji ili kulinda afya ya mtoto wao.
HEA_00896,Health,Kenya Red Cross reminds expectant mothers in Embu County that access to family planning counselling is free of charge at all public facilities.,Msalaba Mwekundu wa Kenya unakumbusha mama wajawazito katika Kaunti ya Embu kwamba upatikanaji wa ushauri wa mipango ya familia ni bure katika vituo vyote vya umma.
HEA_00897,Health,Notice from KEMRI: nutrition supplementation for infants clinics will run every November at designated health centres in Uasin Gishu County.,Taarifa kutoka KEMRI: virutubisho vya lishe kwa watoto wachanga kliniki zitaendesha kila Novemba katika vituo vya afya vilivyoainishwa katika Kaunti ya Uasin Gishu.
HEA_00898,Health,KEMSA encourages mothers in Meru County to attend the scheduled clinic day to safeguard their child's health.,KEMSA inawatia moyo akina mama katika Kaunti ya Meru kuhudhuria siku iliyopangwa ya kliniki ili kulinda afya ya mtoto wao.
HEA_00899,Health,SHA (Social Health Authority) encourages mothers in Meru County to visit their nearest maternity wing to safeguard their child's health.,Shirika la Afya ya Jamii (SHA) linawatia moyo akina mama katika Kaunti ya Meru kutembelea uwanja wao wa uzazi wa karibu ili kulinda afya ya mtoto wao.
HEA_00900,Health,CDC appeals to caregivers in Lamu County to visit their nearest maternity wing as part of the May maternal health drive.,CDC inatoa wito kwa watunzaji katika Kaunti ya Lamu kutembelea uwanja wao wa karibu wa uzazi kama sehemu ya kampeni ya afya ya mama ya Mei.
HEA_00901,Health,Notice from SHA (Social Health Authority): nutrition supplementation for infants clinics will run every December at designated health centres in Tharaka-Nithi County.,Taarifa kutoka kwa Shirika la Afya ya Jamii (SHA): virutubisho vya lishe kwa watoto wachanga kliniki zitaendeshwa kila Desemba katika vituo vya afya vilivyochaguliwa katika Kaunti ya Tharaka-Nithi.
HEA_00902,Health,Division of Disease Surveillance and Response appeals to caregivers in Turkana County to register for the mother-and-child health card as part of the March maternal health drive.,Idara ya Ufuatiliaji na Jibu la Magonjwa inawaomba watunzaji katika Kaunti ya Turkana kujiandikisha kwa kadi ya afya ya mama na mtoto kama sehemu ya kampeni ya afya ya mama ya Machi.
HEA_00903,Health,Kenya Red Cross reminds expectant mothers in Busia County that access to childhood immunization is free of charge at all public facilities.,Msalaba Mwekundu wa Kenya unakumbusha mama wajawazito katika Kaunti ya Busia kwamba upatikanaji wa chanjo ya watoto ni bure katika vituo vyote vya umma.
HEA_00904,Health,Notice from Ministry of Health - Reproductive Health Unit: nutrition supplementation for infants clinics will run every June at designated health centres in Nandi County.,Taarifa kutoka Wizara ya Afya - Kitengo cha Afya ya Kuzaliana: Vidonge vya lishe kwa watoto wachanga vitatekelezwa kila Juni katika vituo vya afya vilivyochaguliwa katika Kaunti ya Nandi.
HEA_00905,Health,Notice from KEMSA: skilled birth attendance clinics will run every October at designated health centres in Kakamega County.,Taarifa kutoka KEMSA: Kliniki za utoaji wa watoto wenye ujuzi zitaendeshwa kila Oktoba katika vituo vya afya vilivyoainishwa katika Kaunti ya Kakamega.
HEA_00906,Health,Notice from Kenya Medical Association: skilled birth attendance clinics will run every January at designated health centres in Isiolo County.,Taarifa kutoka kwa Chama cha Matibabu cha Kenya: kliniki za kulea watoto wenye ujuzi zitaendeshwa kila Januari katika vituo vya afya vilivyoainishwa katika Kaunti ya Isiolo.
HEA_00907,Health,KEMRI encourages mothers in Nyamira County to bring their child for growth monitoring to safeguard their child's health.,KEMRI inawatia moyo akina mama katika Kaunti ya Nyamira kumleta mtoto wao kwa ufuatiliaji wa ukuaji ili kulinda afya ya mtoto wao.
HEA_00908,Health,Notice from Division of Disease Surveillance and Response: family planning counselling clinics will run every November at designated health centres in Mandera County.,Taarifa kutoka kwa Idara ya Ufuatiliaji na Jibu la Magonjwa: Kliniki za ushauri wa mipango ya familia zitaendeshwa kila Novemba katika vituo vya afya vilivyoainishwa katika Kaunti ya Mandera.
HEA_00909,Health,Notice from Ministry of Health - Reproductive Health Unit: skilled birth attendance clinics will run every August at designated health centres in Baringo County.,Taarifa kutoka Wizara ya Afya - Kitengo cha Afya ya Uzazi: Kliniki za utoaji wa watoto wenye ujuzi zitaendeshwa kila Agosti katika vituo vya afya vilivyochaguliwa katika Kaunti ya Baringo.
HEA_00910,Health,Notice from Ministry of Health - Reproductive Health Unit: childhood immunization clinics will run every February at designated health centres in Bomet County.,Taarifa kutoka Wizara ya Afya - Kitengo cha Afya ya Uzazi: Kliniki za chanjo ya watoto zitaendeshwa kila Februari katika vituo vya afya vilivyoainishwa katika Kaunti ya Bomet.
HEA_00911,Health,Kenya Red Cross reminds expectant mothers in Mandera County that access to childhood immunization is free of charge at all public facilities.,Msalaba Mwekundu wa Kenya unakumbusha mama wajawazito katika Kaunti ya Mandera kwamba upatikanaji wa chanjo ya watoto ni bure katika vituo vyote vya umma.
HEA_00912,Health,Notice from SHA (Social Health Authority): free antenatal care clinics will run every February at designated health centres in Nairobi County.,Taarifa kutoka kwa SHA (Shirika la Afya ya Jamii): kliniki za bure za utunzaji wa kabla ya kuzaa zitaendeshwa kila Februari katika vituo vya afya vilivyoainishwa katika Kaunti ya Nairobi.
HEA_00913,Health,Kenya Medical Association reminds expectant mothers in Vihiga County that access to free antenatal care is free of charge at all public facilities.,Chama cha Matibabu cha Kenya kinawakumbusha akina mama wajawazito katika Kaunti ya Vihiga kwamba huduma za bure za kabla ya kuzaa ni za bure katika vituo vyote vya umma.
HEA_00914,Health,Notice from CDC: family planning counselling clinics will run every August at designated health centres in Kericho County.,Taarifa kutoka CDC: kliniki za ushauri wa mpango wa familia zitaendesha kila Agosti katika vituo vya afya vilivyoainishwa katika Kaunti ya Kericho.
HEA_00915,Health,Division of Disease Surveillance and Response encourages mothers in Trans Nzoia County to attend the scheduled clinic day to safeguard their child's health.,Idara ya Ufuatiliaji na Jibu la Magonjwa inawatia moyo akina mama katika Kaunti ya Trans Nzoia kuhudhuria siku ya kliniki iliyowekwa ili kulinda afya ya mtoto wao.
HEA_00916,Health,Ministry of Health - Reproductive Health Unit encourages mothers in Narok County to visit their nearest maternity wing to safeguard their child's health.,Wizara ya Afya - Kitengo cha Afya ya Uzazi kinawatia moyo akina mama katika Kaunti ya Narok kutembelea uwanja wao wa karibu wa uzazi ili kulinda afya ya mtoto wao.
HEA_00917,Health,Division of Disease Surveillance and Response appeals to caregivers in Narok County to register for the mother-and-child health card as part of the January maternal health drive.,Idara ya Ufuatiliaji na Jibu la Magonjwa inawaomba watunzaji katika Kaunti ya Narok kujiandikisha kwa kadi ya afya ya mama na mtoto kama sehemu ya kampeni ya afya ya mama ya Januari.
HEA_00918,Health,CDC encourages mothers in Mandera County to register for the mother-and-child health card to safeguard their child's health.,CDC inawatia moyo akina mama katika Kaunti ya Mandera kujiandikisha kwa kadi ya afya ya mama na mtoto ili kulinda afya ya mtoto wao.
HEA_00919,Health,KEMSA encourages mothers in Nairobi County to attend the scheduled clinic day to safeguard their child's health.,KEMSA inawatia moyo akina mama katika Kaunti ya Nairobi kuhudhuria siku iliyopangwa ya kliniki ili kulinda afya ya mtoto wao.
HEA_00920,Health,KEMRI reminds expectant mothers in Nakuru County that access to free antenatal care is free of charge at all public facilities.,KEMRI inawakumbusha akina mama wajawazito katika Kaunti ya Nakuru kwamba upatikanaji wa huduma za bure za kabla ya kuzaa ni bure katika vituo vyote vya umma.
HEA_00921,Health,Notice from Division of Disease Surveillance and Response: family planning counselling clinics will run every January at designated health centres in Kitui County.,Taarifa kutoka kwa Idara ya Ufuatiliaji na Jibu la Magonjwa: Kliniki za ushauri wa mipango ya familia zitaendeshwa kila Januari katika vituo vya afya vilivyoainishwa katika Kaunti ya Kitui.
HEA_00922,Health,CDC encourages mothers in West Pokot County to bring their child for growth monitoring to safeguard their child's health.,CDC inawatia moyo akina mama katika Wilaya ya West Pokot walete mtoto wao kwa ufuatiliaji wa ukuaji ili kulinda afya ya mtoto wao.
HEA_00923,Health,Ministry of Health appeals to caregivers in Kilifi County to attend the scheduled clinic day as part of the November maternal health drive.,Wizara ya Afya inawaalika watunzaji katika Kaunti ya Kilifi kuhudhuria siku iliyopangwa ya kliniki kama sehemu ya kampeni ya afya ya mama ya Novemba.
HEA_00924,Health,CDC reminds expectant mothers in Siaya County that access to family planning counselling is free of charge at all public facilities.,CDC inawakumbusha akina mama wajawazito katika Kaunti ya Siaya kwamba upatikanaji wa ushauri wa mipango ya familia ni bure katika vituo vyote vya umma.
HEA_00925,Health,Notice from CDC: postnatal check-ups clinics will run every March at designated health centres in Kakamega County.,Taarifa kutoka CDC: kliniki za uchunguzi wa baada ya kuzaliwa zitafanyika kila Machi katika vituo vya afya vilivyoainishwa katika Kaunti ya Kakamega.
HEA_00926,Health,Division of Disease Surveillance and Response appeals to caregivers in Vihiga County to visit their nearest maternity wing as part of the November maternal health drive.,Idara ya Ufuatiliaji na Jibu la Magonjwa inawaalika watunzaji katika Kaunti ya Vihiga kutembelea uwanja wao wa karibu wa uzazi kama sehemu ya kampeni ya afya ya mama ya Novemba.
HEA_00927,Health,Notice from Kenya Medical Association: postnatal check-ups clinics will run every September at designated health centres in Kitui County.,Taarifa kutoka kwa Chama cha Matibabu cha Kenya: kliniki za uchunguzi wa baada ya kuzaliwa zitafanyika kila Septemba katika vituo vya afya vilivyoainishwa katika Kaunti ya Kitui.
HEA_00928,Health,Notice from Division of Disease Surveillance and Response: nutrition supplementation for infants clinics will run every August at designated health centres in Nakuru County.,Taarifa kutoka kwa Idara ya Ufuatiliaji na Jibu la Magonjwa: virutubisho vya lishe kwa kliniki za watoto wachanga vitatekelezwa kila Agosti katika vituo vya afya vilivyoainishwa katika Kaunti ya Nakuru.
HEA_00929,Health,CDC reminds expectant mothers in Mandera County that access to childhood immunization is free of charge at all public facilities.,CDC inawakumbusha akina mama wajawazito katika Kaunti ya Mandera kwamba upatikanaji wa chanjo ya watoto ni bure katika vituo vyote vya umma.
HEA_00930,Health,SHA (Social Health Authority) encourages mothers in Narok County to attend the scheduled clinic day to safeguard their child's health.,Shirika la Afya ya Jamii (SHA) linawatia moyo akina mama katika Kaunti ya Narok kuhudhuria siku iliyopangwa ya kliniki ili kulinda afya ya mtoto wao.
HEA_00931,Health,KEMRI reminds expectant mothers in Uasin Gishu County that access to family planning counselling is free of charge at all public facilities.,KEMRI inawakumbusha akina mama wajawazito katika Kaunti ya Uasin Gishu kwamba upatikanaji wa ushauri wa mipango ya familia ni bure katika vituo vyote vya umma.
HEA_00932,Health,Ministry of Health - Reproductive Health Unit reminds expectant mothers in Migori County that access to postnatal check-ups is free of charge at all public facilities.,Wizara ya Afya - Kitengo cha Afya ya Uzazi kinakumbusha mama wajawazito katika Kaunti ya Migori kwamba upatikanaji wa uchunguzi wa baada ya kuzaliwa ni bure katika vituo vyote vya umma.
HEA_00933,Health,KEMSA encourages mothers in Kisumu County to visit their nearest maternity wing to safeguard their child's health.,KEMSA inawatia moyo akina mama katika Kaunti ya Kisumu kutembelea uwanja wao wa uzazi wa karibu ili kulinda afya ya mtoto wao.
HEA_00934,Health,Ministry of Health encourages mothers in Mandera County to register for the mother-and-child health card to safeguard their child's health.,Wizara ya Afya inawatia moyo akina mama katika Kaunti ya Mandera kujiandikisha kwa kadi ya afya ya mama na mtoto ili kulinda afya ya mtoto wao.
HEA_00935,Health,CDC encourages mothers in Kilifi County to register for the mother-and-child health card to safeguard their child's health.,CDC inawatia moyo akina mama katika Kaunti ya Kilifi kujiandikisha kwa kadi ya afya ya mama na mtoto ili kulinda afya ya mtoto wao.
HEA_00936,Health,KEMSA reminds expectant mothers in Makueni County that access to nutrition supplementation for infants is free of charge at all public facilities.,KEMSA inawakumbusha akina mama wajawazito katika Kaunti ya Makueni kwamba kupata virutubisho vya lishe kwa watoto wachanga ni bure katika vituo vyote vya umma.
HEA_00937,Health,Ministry of Health appeals to caregivers in Nairobi County to attend the scheduled clinic day as part of the December maternal health drive.,Wizara ya Afya inawaalika watunzaji katika Kaunti ya Nairobi kuhudhuria siku iliyopangwa ya kliniki kama sehemu ya kampeni ya afya ya mama ya Desemba.
HEA_00938,Health,KEMSA appeals to caregivers in Kitui County to register for the mother-and-child health card as part of the July maternal health drive.,KEMSA inawaomba watunzaji katika Kaunti ya Kitui kujiandikisha kwa kadi ya afya ya mama na mtoto kama sehemu ya kampeni ya afya ya mama ya Julai.
HEA_00939,Health,CDC encourages mothers in Makueni County to attend the scheduled clinic day to safeguard their child's health.,CDC inawatia moyo akina mama katika Kaunti ya Makueni kuhudhuria siku ya kliniki ili kulinda afya ya mtoto wao.
HEA_00940,Health,SHA (Social Health Authority) appeals to caregivers in Kitui County to bring their child for growth monitoring as part of the July maternal health drive.,Shirika la Afya ya Jamii (SHA) linawasihi watunzaji katika Kaunti ya Kitui kumleta mtoto wao kwa ufuatiliaji wa ukuaji kama sehemu ya kampeni ya afya ya mama ya Julai.
HEA_00941,Health,SHA (Social Health Authority) encourages mothers in Kwale County to bring their child for growth monitoring to safeguard their child's health.,Shirika la Afya ya Jamii (SHA) linawatia moyo akina mama katika Kaunti ya Kwale kumleta mtoto wao kwa ufuatiliaji wa ukuaji ili kulinda afya ya mtoto wao.
HEA_00942,Health,SHA (Social Health Authority) reminds expectant mothers in Laikipia County that access to childhood immunization is free of charge at all public facilities.,Shirika la Afya ya Jamii (SHA) linawakumbusha akina mama wajawazito katika Kaunti ya Laikipia kwamba upatikanaji wa chanjo ya watoto ni bure katika vituo vyote vya umma.
HEA_00943,Health,Kenya Medical Association reminds expectant mothers in Kajiado County that access to skilled birth attendance is free of charge at all public facilities.,Chama cha Matibabu cha Kenya kinakumbusha akina mama wajawazito katika Kajiado County kwamba ufikiaji wa huduma ya kuzaa yenye ujuzi ni bure katika vituo vyote vya umma.
HEA_00944,Health,CDC reminds expectant mothers in Elgeyo-Marakwet County that access to postnatal check-ups is free of charge at all public facilities.,CDC inawakumbusha akina mama wajawazito katika Kaunti ya Elgeyo-Marakwet kwamba upatikanaji wa uchunguzi wa baada ya kuzaliwa ni bure katika vituo vyote vya umma.
HEA_00945,Health,Division of Disease Surveillance and Response appeals to caregivers in Vihiga County to visit their nearest maternity wing as part of the December maternal health drive.,Idara ya Ufuatiliaji na Jibu la Magonjwa inawaalika watunzaji katika Kaunti ya Vihiga kutembelea uwanja wao wa karibu wa uzazi kama sehemu ya kampeni ya afya ya mama ya Desemba.
HEA_00946,Health,KEMSA appeals to caregivers in Makueni County to register for the mother-and-child health card as part of the August maternal health drive.,KEMSA inawaomba watunzaji katika Kaunti ya Makueni kujiandikisha kwa kadi ya afya ya mama na mtoto kama sehemu ya kampeni ya afya ya mama ya Agosti.
HEA_00947,Health,Kenya Red Cross reminds expectant mothers in Bungoma County that access to postnatal check-ups is free of charge at all public facilities.,Msalaba Mwekundu wa Kenya unakumbusha mama wajawazito katika Kaunti ya Bungoma kwamba upatikanaji wa uchunguzi wa baada ya kuzaliwa ni bure katika vituo vyote vya umma.
HEA_00948,Health,Notice from KEMRI: family planning counselling clinics will run every December at designated health centres in Mombasa County.,Taarifa kutoka KEMRI: kliniki za ushauri wa mpango wa familia zitaendeshwa kila Desemba katika vituo vya afya vilivyoainishwa katika Kaunti ya Mombasa.
HEA_00949,Health,CDC reminds expectant mothers in Wajir County that access to free antenatal care is free of charge at all public facilities.,CDC inawakumbusha akina mama wajawazito katika Kaunti ya Wajir kwamba huduma za bure za kabla ya kuzaa ni za bure katika vituo vyote vya umma.
HEA_00950,Health,KEMRI appeals to caregivers in Kisii County to bring their child for growth monitoring as part of the June maternal health drive.,KEMRI inawaomba watunzaji katika Kaunti ya Kisii kumleta mtoto wao kwa ufuatiliaji wa ukuaji kama sehemu ya kampeni ya Juni ya afya ya mama.
HEA_00951,Health,Notice from SHA (Social Health Authority): family planning counselling clinics will run every July at designated health centres in Marsabit County.,Taarifa kutoka kwa SHA (Shirika la Afya ya Jamii): kliniki za ushauri wa mipango ya familia zitaendeshwa kila Julai katika vituo vya afya vilivyochaguliwa katika Kaunti ya Marsabit.
HEA_00952,Health,Notice from Kenya Red Cross: nutrition supplementation for infants clinics will run every July at designated health centres in Kericho County.,Taarifa kutoka Kenya Msalaba Mwekundu: virutubisho vya lishe kwa watoto wachanga kliniki itaendesha kila Julai katika vituo maalum vya afya katika Kaunti ya Kericho.
HEA_00953,Health,Notice from Kenya Red Cross: childhood immunization clinics will run every July at designated health centres in Migori County.,Taarifa kutoka kwa Msalaba Mwekundu wa Kenya: kliniki za chanjo za watoto zitaendeshwa kila Julai katika vituo vya afya vilivyoainishwa katika Kaunti ya Migori.
HEA_00954,Health,CDC appeals to caregivers in Bomet County to register for the mother-and-child health card as part of the August maternal health drive.,CDC inatoa wito kwa watunzaji katika Kaunti ya Bomet kujiandikisha kwa kadi ya afya ya mama na mtoto kama sehemu ya kampeni ya afya ya mama ya Agosti.
HEA_00955,Health,Notice from CDC: skilled birth attendance clinics will run every August at designated health centres in Bomet County.,Taarifa kutoka CDC: kliniki za kulea watoto wenye ujuzi zitaendeshwa kila Agosti katika vituo vya afya vilivyoainishwa katika Kaunti ya Bomet.
HEA_00956,Health,Notice from Division of Disease Surveillance and Response: family planning counselling clinics will run every July at designated health centres in Nyamira County.,Taarifa kutoka kwa Idara ya Ufuatiliaji na Jibu la Magonjwa: Kliniki za ushauri wa mipango ya familia zitaendeshwa kila Julai katika vituo vya afya vilivyoainishwa katika Kaunti ya Nyamira.
HEA_00957,Health,SHA (Social Health Authority) encourages mothers in Kitui County to register for the mother-and-child health card to safeguard their child's health.,Shirika la Afya ya Jamii (SHA) linawahimiza akina mama katika Kaunti ya Kitui kujiandikisha kwa kadi ya afya ya mama na mtoto ili kulinda afya ya mtoto wao.
HEA_00958,Health,KEMRI reminds expectant mothers in Narok County that access to skilled birth attendance is free of charge at all public facilities.,KEMRI inawakumbusha akina mama wajawazito katika Kaunti ya Narok kwamba ufikiaji wa huduma za uzazi wenye ujuzi ni bure katika vituo vyote vya umma.
HEA_00959,Health,KEMSA reminds expectant mothers in Samburu County that access to free antenatal care is free of charge at all public facilities.,KEMSA inawakumbusha akina mama wajawazito katika Kaunti ya Samburu kwamba ufikiaji wa huduma za bure za kabla ya kuzaa ni bure katika vituo vyote vya umma.
HEA_00960,Health,KEMSA reminds expectant mothers in Laikipia County that access to postnatal check-ups is free of charge at all public facilities.,KEMSA inawakumbusha akina mama wajawazito katika Kaunti ya Laikipia kwamba upatikanaji wa uchunguzi wa baada ya kuzaliwa ni bure katika vituo vyote vya umma.
HEA_00961,Health,Ministry of Health reminds expectant mothers in Nairobi County that access to postnatal check-ups is free of charge at all public facilities.,Wizara ya Afya inawakumbusha akina mama wajawazito katika Kaunti ya Nairobi kwamba upatikanaji wa uchunguzi wa baada ya kuzaliwa ni bure katika vituo vyote vya umma.
HEA_00962,Health,Notice from Ministry of Health: postnatal check-ups clinics will run every November at designated health centres in Meru County.,Taarifa kutoka Wizara ya Afya: Kliniki za uchunguzi wa baada ya kuzaliwa zitaendeshwa kila Novemba katika vituo vya afya vilivyochaguliwa katika Kaunti ya Meru.
HEA_00963,Health,Ministry of Health appeals to caregivers in Tharaka-Nithi County to attend the scheduled clinic day as part of the November maternal health drive.,Wizara ya Afya inawaomba watunzaji katika Kaunti ya Tharaka-Nithi kuhudhuria siku iliyopangwa ya kliniki kama sehemu ya kampeni ya afya ya mama ya Novemba.
HEA_00964,Health,Ministry of Health encourages mothers in Bungoma County to register for the mother-and-child health card to safeguard their child's health.,Wizara ya Afya inawatia moyo akina mama katika Kaunti ya Bungoma kujiandikisha kwa kadi ya afya ya mama na mtoto ili kulinda afya ya mtoto wao.
HEA_00965,Health,Ministry of Health encourages mothers in West Pokot County to visit their nearest maternity wing to safeguard their child's health.,Wizara ya Afya inawatia moyo akina mama katika Kaunti ya West Pokot kutembelea uwanja wao wa karibu wa uzazi ili kulinda afya ya mtoto wao.
HEA_00966,Health,SHA (Social Health Authority) encourages mothers in Nyandarua County to attend the scheduled clinic day to safeguard their child's health.,Shirika la Afya ya Jamii (SHA) linawahimiza akina mama katika Kaunti ya Nyandarua kuhudhuria siku iliyopangwa ya kliniki ili kulinda afya ya mtoto wao.
HEA_00967,Health,Kenya Medical Association appeals to caregivers in Vihiga County to visit their nearest maternity wing as part of the April maternal health drive.,Shirika la Matibabu la Kenya linawasihi watunzaji katika Kaunti ya Vihiga kutembelea uwanja wao wa karibu wa uzazi kama sehemu ya kampeni ya afya ya mama ya Aprili.
HEA_00968,Health,SHA (Social Health Authority) reminds expectant mothers in Bomet County that access to family planning counselling is free of charge at all public facilities.,Shirika la Afya ya Jamii (SHA) linawakumbusha akina mama wajawazito katika Kaunti ya Bomet kwamba upatikanaji wa ushauri wa kupanga familia ni bure katika vituo vyote vya umma.
HEA_00969,Health,Notice from Division of Disease Surveillance and Response: nutrition supplementation for infants clinics will run every April at designated health centres in Nyandarua County.,Taarifa kutoka kwa Idara ya Ufuatiliaji na Jibu la Magonjwa: virutubisho vya lishe kwa kliniki za watoto wachanga vitatekelezwa kila Aprili katika vituo vya afya vilivyoainishwa katika Kaunti ya Nyandarua.
HEA_00970,Health,Ministry of Health - Reproductive Health Unit encourages mothers in Trans Nzoia County to visit their nearest maternity wing to safeguard their child's health.,Wizara ya Afya - Kitengo cha Afya ya Uzazi huwatia moyo akina mama katika Kaunti ya Trans Nzoia kutembelea uwanja wao wa karibu wa uzazi ili kulinda afya ya mtoto wao.
HEA_00971,Health,Notice from KEMSA: free antenatal care clinics will run every September at designated health centres in Uasin Gishu County.,Taarifa kutoka KEMSA: kliniki za bure za utunzaji wa kabla ya kuzaa zitaendeshwa kila Septemba katika vituo vya afya vilivyoainishwa katika Kaunti ya Uasin Gishu.
HEA_00972,Health,CDC reminds expectant mothers in Nyeri County that access to free antenatal care is free of charge at all public facilities.,CDC inawakumbusha akina mama wajawazito katika Kaunti ya Nyeri kwamba huduma za bure za kabla ya kuzaa ni za bure katika vituo vyote vya umma.
HEA_00973,Health,Notice from CDC: family planning counselling clinics will run every May at designated health centres in Kakamega County.,Taarifa kutoka CDC: kliniki za ushauri wa mpango wa familia zitaendeshwa kila Mei katika vituo vya afya vilivyoainishwa katika Kaunti ya Kakamega.
HEA_00974,Health,Kenya Medical Association appeals to caregivers in Kakamega County to register for the mother-and-child health card as part of the August maternal health drive.,Shirika la Matibabu la Kenya linawasihi watunzaji katika Kaunti ya Kakamega kujiandikisha kwa kadi ya afya ya mama na mtoto kama sehemu ya kampeni ya afya ya mama ya Agosti.
HEA_00975,Health,Notice from Ministry of Health - Reproductive Health Unit: nutrition supplementation for infants clinics will run every August at designated health centres in Migori County.,Taarifa kutoka Wizara ya Afya - Kitengo cha Afya ya Kuzaliana: Vidonge vya lishe kwa watoto wachanga kliniki zitaendeshwa kila Agosti katika vituo vya afya vilivyoainishwa katika Kaunti ya Migori.
HEA_00976,Health,Ministry of Health - Reproductive Health Unit reminds expectant mothers in Wajir County that access to free antenatal care is free of charge at all public facilities.,Wizara ya Afya - Kitengo cha Afya ya Uzazi kinawakumbusha akina mama wajawazito katika Kaunti ya Wajir kwamba upatikanaji wa huduma za bure za kabla ya kujifungua ni bure katika vituo vyote vya umma.
HEA_00977,Health,KEMRI appeals to caregivers in Migori County to register for the mother-and-child health card as part of the December maternal health drive.,KEMRI inawaomba watunzaji katika Kaunti ya Migori kujiandikisha kwa kadi ya afya ya mama na mtoto kama sehemu ya kampeni ya afya ya mama ya Desemba.
HEA_00978,Health,Notice from Kenya Medical Association: nutrition supplementation for infants clinics will run every September at designated health centres in Turkana County.,Taarifa kutoka kwa Chama cha Matibabu cha Kenya: virutubisho vya lishe kwa watoto wachanga kliniki zitaendesha kila Septemba katika vituo vya afya vilivyoainishwa katika Kaunti ya Turkana.
HEA_00979,Health,Kenya Red Cross reminds expectant mothers in Machakos County that access to free antenatal care is free of charge at all public facilities.,Msalaba Mwekundu wa Kenya unawakumbusha akina mama wajawazito katika Kaunti ya Machakos kwamba huduma za bure za uzazi ni za bure katika vituo vyote vya umma.
HEA_00980,Health,Division of Disease Surveillance and Response appeals to caregivers in Lamu County to register for the mother-and-child health card as part of the September maternal health drive.,Idara ya Ufuatiliaji na Jibu la Magonjwa inawaomba watunzaji katika Kaunti ya Lamu kujiandikisha kwa kadi ya afya ya mama na mtoto kama sehemu ya kampeni ya afya ya mama ya Septemba.
HEA_00981,Health,Division of Disease Surveillance and Response appeals to caregivers in Turkana County to attend the scheduled clinic day as part of the April maternal health drive.,Idara ya Ufuatiliaji na Jibu la Magonjwa inawaalika watunzaji katika Kaunti ya Turkana kuhudhuria siku iliyopangwa ya kliniki kama sehemu ya kampeni ya afya ya akina mama ya Aprili.
HEA_00982,Health,KEMRI encourages mothers in Nakuru County to register for the mother-and-child health card to safeguard their child's health.,KEMRI inawatia moyo akina mama katika Kaunti ya Nakuru kujiandikisha kwa kadi ya afya ya mama na mtoto ili kulinda afya ya mtoto wao.
HEA_00983,Health,KEMRI encourages mothers in Busia County to register for the mother-and-child health card to safeguard their child's health.,KEMRI inawatia moyo akina mama katika Kaunti ya Busia kujiandikisha kwa kadi ya afya ya mama na mtoto ili kulinda afya ya mtoto wao.
HEA_00984,Health,SHA (Social Health Authority) reminds expectant mothers in Taita-Taveta County that access to family planning counselling is free of charge at all public facilities.,Shirika la Afya ya Jamii (SHA) linawakumbusha akina mama wajawazito katika Wilaya ya Taita-Taveta kwamba upatikanaji wa ushauri wa mipango ya familia ni bure katika vituo vyote vya umma.
HEA_00985,Health,Ministry of Health appeals to caregivers in Kericho County to bring their child for growth monitoring as part of the January maternal health drive.,Wizara ya Afya inawaalika watunzaji katika Kaunti ya Kericho kumleta mtoto wao kwa ufuatiliaji wa ukuaji kama sehemu ya kampeni ya afya ya mama ya Januari.
HEA_00986,Health,Notice from Division of Disease Surveillance and Response: skilled birth attendance clinics will run every October at designated health centres in Nakuru County.,Taarifa kutoka kwa Idara ya Ufuatiliaji na Jibu la Magonjwa: Kliniki za usimamizi wa uzazi wenye ujuzi zitaendeshwa kila Oktoba katika vituo vya afya vilivyoainishwa katika Kaunti ya Nakuru.
HEA_00987,Health,KEMSA appeals to caregivers in Narok County to bring their child for growth monitoring as part of the May maternal health drive.,KEMSA inawaalika watunzaji katika Kaunti ya Narok kumleta mtoto wao kwa ufuatiliaji wa ukuaji kama sehemu ya kampeni ya afya ya mama ya Mei.
HEA_00988,Health,KEMSA encourages mothers in Tana River County to bring their child for growth monitoring to safeguard their child's health.,KEMSA inawatia moyo akina mama katika Wilaya ya Mto Tana kumleta mtoto wao kwa ufuatiliaji wa ukuaji ili kulinda afya ya mtoto wao.
HEA_00989,Health,CDC appeals to caregivers in Kilifi County to attend the scheduled clinic day as part of the September maternal health drive.,CDC inatoa wito kwa watunzaji katika Kaunti ya Kilifi kuhudhuria siku ya kliniki iliyopangwa kama sehemu ya kampeni ya afya ya mama ya Septemba.
HEA_00990,Health,KEMSA appeals to caregivers in Baringo County to bring their child for growth monitoring as part of the February maternal health drive.,KEMSA inawasihi watunzaji katika Kaunti ya Baringo kumleta mtoto wao kwa ufuatiliaji wa ukuaji kama sehemu ya kampeni ya afya ya mama ya Februari.
HEA_00991,Health,Notice from Ministry of Health: childhood immunization clinics will run every November at designated health centres in Mombasa County.,Taarifa kutoka Wizara ya Afya: Kliniki za chanjo za watoto zitaendeshwa kila Novemba katika vituo vya afya vilivyoainishwa katika Kaunti ya Mombasa.
HEA_00992,Health,SHA (Social Health Authority) appeals to caregivers in Murang'a County to attend the scheduled clinic day as part of the June maternal health drive.,Shirika la Afya ya Jamii (SHA) linawasihi watunzaji katika Kaunti ya Murang'a kuhudhuria siku ya kliniki iliyopangwa kama sehemu ya kampeni ya afya ya mama ya Juni.
HEA_00993,Health,Division of Disease Surveillance and Response appeals to caregivers in West Pokot County to bring their child for growth monitoring as part of the March maternal health drive.,Idara ya Ufuatiliaji na Jibu la Magonjwa inawaomba watunzaji katika Kaunti ya West Pokot kumleta mtoto wao kwa ufuatiliaji wa ukuaji kama sehemu ya kampeni ya afya ya mama ya Machi.
HEA_00994,Health,KEMRI appeals to caregivers in Uasin Gishu County to attend the scheduled clinic day as part of the December maternal health drive.,KEMRI inawaalika watunzaji katika Kaunti ya Uasin Gishu kuhudhuria siku iliyopangwa ya kliniki kama sehemu ya kampeni ya afya ya mama ya Desemba.
HEA_00995,Health,Notice from Kenya Medical Association: childhood immunization clinics will run every August at designated health centres in Nyandarua County.,Taarifa kutoka kwa Chama cha Matibabu cha Kenya: kliniki za chanjo za watoto zitaendeshwa kila Agosti katika vituo vya afya vilivyoainishwa katika Kaunti ya Nyandarua.
HEA_00996,Health,KEMRI encourages mothers in Garissa County to attend the scheduled clinic day to safeguard their child's health.,KEMRI inawatia moyo akina mama katika Kaunti ya Garissa kuhudhuria siku ya kliniki iliyowekwa ili kulinda afya ya mtoto wao.
HEA_00997,Health,CDC encourages mothers in Elgeyo-Marakwet County to register for the mother-and-child health card to safeguard their child's health.,CDC inawatia moyo akina mama katika Kaunti ya Elgeyo-Marakwet kujiandikisha kwa kadi ya afya ya mama na mtoto ili kulinda afya ya mtoto wao.
HEA_00998,Health,KEMSA encourages mothers in Laikipia County to register for the mother-and-child health card to safeguard their child's health.,KEMSA inawatia moyo akina mama katika Kaunti ya Laikipia kujiandikisha kwa kadi ya afya ya mama na mtoto ili kulinda afya ya mtoto wao.
HEA_00999,Health,Ministry of Health - Reproductive Health Unit appeals to caregivers in Mandera County to attend the scheduled clinic day as part of the November maternal health drive.,Wizara ya Afya - Kitengo cha Afya ya uzazi kinawasihi watunzaji katika Kaunti ya Mandera kuhudhuria siku ya kliniki iliyopangwa kama sehemu ya kampeni ya afya ya mama ya Novemba.
HEA_01000,Health,Kenya Red Cross appeals to caregivers in Makueni County to visit their nearest maternity wing as part of the September maternal health drive.,Msalaba Mwekundu wa Kenya unawasihi watunzaji katika Kaunti ya Makueni kutembelea uwanja wao wa karibu wa uzazi kama sehemu ya kampeni ya afya ya mama ya Septemba.
HEA_01001,Health,SHA (Social Health Authority) appeals to caregivers in Kisii County to visit their nearest maternity wing as part of the March maternal health drive.,Shirika la Afya ya Jamii (SHA) linawasihi watunzaji katika Kaunti ya Kisii kutembelea uwanja wao wa karibu wa uzazi kama sehemu ya kampeni ya afya ya mama ya Machi.
HEA_01002,Health,Kenya Red Cross encourages mothers in Laikipia County to visit their nearest maternity wing to safeguard their child's health.,Msalaba Mwekundu wa Kenya unawatia moyo akina mama katika Kaunti ya Laikipia kutembelea uwanja wao wa karibu wa uzazi ili kulinda afya ya mtoto wao.
HEA_01003,Health,Division of Disease Surveillance and Response appeals to caregivers in Makueni County to attend the scheduled clinic day as part of the June maternal health drive.,Idara ya Ufuatiliaji na Jibu la Magonjwa inawaalika watunzaji katika Kaunti ya Makueni kuhudhuria siku iliyopangwa ya kliniki kama sehemu ya kampeni ya afya ya mama ya Juni.
HEA_01004,Health,Notice from Division of Disease Surveillance and Response: free antenatal care clinics will run every July at designated health centres in Kwale County.,Taarifa kutoka kwa Idara ya Ufuatiliaji na Jibu la Magonjwa: kliniki za bure za utunzaji wa kabla ya kuzaa zitaendeshwa kila Julai katika vituo vya afya vilivyoainishwa katika Kaunti ya Kwale.
HEA_01005,Health,Notice from KEMRI: family planning counselling clinics will run every October at designated health centres in Kakamega County.,Taarifa kutoka KEMRI: kliniki za ushauri wa mpango wa familia zitaendeshwa kila Oktoba katika vituo vya afya vilivyochaguliwa katika Kaunti ya Kakamega.
HEA_01006,Health,Kenya Red Cross encourages mothers in Turkana County to bring their child for growth monitoring to safeguard their child's health.,Msalaba Mwekundu wa Kenya unawatia moyo akina mama katika Kaunti ya Turkana kuwaleta watoto wao kwa ufuatiliaji wa ukuaji ili kulinda afya ya watoto wao.
HEA_01007,Health,SHA (Social Health Authority) appeals to caregivers in Samburu County to attend the scheduled clinic day as part of the October maternal health drive.,SHA (Shirika la Afya ya Jamii) linawasihi watunzaji katika Kaunti ya Samburu kuhudhuria siku ya kliniki iliyopangwa kama sehemu ya kampeni ya afya ya mama ya Oktoba.
HEA_01008,Health,KEMSA appeals to caregivers in Isiolo County to attend the scheduled clinic day as part of the November maternal health drive.,KEMSA inawaalika watunzaji katika Kaunti ya Isiolo kuhudhuria siku iliyopangwa ya kliniki kama sehemu ya kampeni ya afya ya mama ya Novemba.
HEA_01009,Health,Kenya Medical Association appeals to caregivers in Lamu County to register for the mother-and-child health card as part of the February maternal health drive.,Shirika la Matibabu la Kenya linawasihi watunzaji katika Kaunti ya Lamu kujiandikisha kwa kadi ya afya ya mama na mtoto kama sehemu ya kampeni ya afya ya mama ya Februari.
HEA_01010,Health,Notice from KEMRI: family planning counselling clinics will run every June at designated health centres in Murang'a County.,Taarifa kutoka KEMRI: Kliniki za ushauri wa mpango wa familia zitaendeshwa kila Juni katika vituo vya afya vilivyochaguliwa katika Kaunti ya Murang'a.
HEA_01011,Health,Notice from Kenya Red Cross: postnatal check-ups clinics will run every November at designated health centres in Bungoma County.,Taarifa kutoka kwa Msalaba Mwekundu wa Kenya: kliniki za uchunguzi wa baada ya kuzaliwa zitafanyika kila Novemba katika vituo vya afya vilivyoainishwa katika Kaunti ya Bungoma.
HEA_01012,Health,Notice from Ministry of Health - Reproductive Health Unit: nutrition supplementation for infants clinics will run every December at designated health centres in West Pokot County.,Taarifa kutoka Wizara ya Afya - Kitengo cha Afya ya Kuzaliana: Vidonge vya lishe kwa watoto wachanga kliniki zitaendeshwa kila Desemba katika vituo vya afya vilivyoainishwa katika Kaunti ya Pokot Magharibi.
HEA_01013,Health,Kenya Medical Association appeals to caregivers in Isiolo County to visit their nearest maternity wing as part of the March maternal health drive.,Shirika la Matibabu la Kenya linawasihi watunzaji katika Kaunti ya Isiolo kutembelea uwanja wao wa karibu wa uzazi kama sehemu ya kampeni ya afya ya mama ya Machi.
HEA_01014,Health,KEMRI encourages mothers in Homa Bay County to visit their nearest maternity wing to safeguard their child's health.,KEMRI inawatia moyo akina mama katika Kaunti ya Homa Bay kutembelea uwanja wao wa uzazi wa karibu ili kulinda afya ya mtoto wao.
HEA_01015,Health,KEMSA encourages mothers in Trans Nzoia County to visit their nearest maternity wing to safeguard their child's health.,KEMSA inawatia moyo akina mama katika Kaunti ya Trans Nzoia kutembelea uwanja wao wa karibu wa uzazi ili kulinda afya ya mtoto wao.
HEA_01016,Health,Ministry of Health - Reproductive Health Unit reminds expectant mothers in Bomet County that access to free antenatal care is free of charge at all public facilities.,Wizara ya Afya - Kitengo cha Afya ya Uzazi kinawakumbusha akina mama wajawazito katika Kaunti ya Bomet kwamba upatikanaji wa huduma za bure za kabla ya kuzaa ni bure katika vituo vyote vya umma.
HEA_01017,Health,CDC appeals to caregivers in Taita-Taveta County to attend the scheduled clinic day as part of the February maternal health drive.,CDC inatoa wito kwa watunzaji katika Wilaya ya Taita-Taveta kuhudhuria siku iliyopangwa ya kliniki kama sehemu ya kampeni ya afya ya mama ya Februari.
HEA_01018,Health,SHA (Social Health Authority) encourages mothers in Kisumu County to attend the scheduled clinic day to safeguard their child's health.,Shirika la Afya ya Jamii (SHA) linawatia moyo akina mama katika Kaunti ya Kisumu kuhudhuria siku iliyopangwa ya kliniki ili kulinda afya ya mtoto wao.
HEA_01019,Health,KEMRI encourages mothers in Nyeri County to register for the mother-and-child health card to safeguard their child's health.,KEMRI inawatia moyo akina mama katika Kaunti ya Nyeri kujiandikisha kwa kadi ya afya ya mama na mtoto ili kulinda afya ya mtoto wao.
HEA_01020,Health,CDC encourages mothers in Isiolo County to visit their nearest maternity wing to safeguard their child's health.,CDC inawatia moyo akina mama katika Kaunti ya Isiolo kutembelea uwanja wao wa karibu wa uzazi ili kulinda afya ya mtoto wao.
HEA_01021,Health,Notice from Division of Disease Surveillance and Response: nutrition supplementation for infants clinics will run every August at designated health centres in Laikipia County.,Taarifa kutoka kwa Idara ya Ufuatiliaji na Jibu la Magonjwa: virutubisho vya lishe kwa kliniki za watoto wachanga vitatekelezwa kila Agosti katika vituo vya afya vilivyoainishwa katika Kaunti ya Laikipia.
HEA_01022,Health,Notice from CDC: family planning counselling clinics will run every March at designated health centres in Nandi County.,Taarifa kutoka CDC: kliniki za ushauri wa mipango ya familia zitaendeshwa kila Machi katika vituo vya afya vilivyoainishwa katika Kaunti ya Nandi.
HEA_01023,Health,Ministry of Health - Reproductive Health Unit encourages mothers in Siaya County to bring their child for growth monitoring to safeguard their child's health.,Wizara ya Afya - Kitengo cha Afya ya Uzazi kinawatia moyo akina mama katika Kaunti ya Siaya kumleta mtoto wao kwa ufuatiliaji wa ukuaji ili kulinda afya ya mtoto wao.
HEA_01024,Health,Notice from Division of Disease Surveillance and Response: childhood immunization clinics will run every September at designated health centres in Laikipia County.,Taarifa kutoka kwa Idara ya Ufuatiliaji na Jibu la Magonjwa: Kliniki za chanjo ya watoto zitaendeshwa kila Septemba katika vituo vya afya vilivyoainishwa katika Kaunti ya Laikipia.
HEA_01025,Health,Ministry of Health - Reproductive Health Unit reminds expectant mothers in Kirinyaga County that access to postnatal check-ups is free of charge at all public facilities.,Wizara ya Afya - Kitengo cha Afya ya Uzazi kinakumbusha mama wajawazito katika Kaunti ya Kirinyaga kwamba upatikanaji wa uchunguzi wa baada ya kujifungua ni bure katika vituo vyote vya umma.
HEA_01026,Health,Notice from KEMSA: free antenatal care clinics will run every January at designated health centres in Kirinyaga County.,Taarifa kutoka KEMSA: kliniki za bure za utunzaji wa kabla ya kuzaa zitaendeshwa kila Januari katika vituo vya afya vilivyoainishwa katika Kaunti ya Kirinyaga.
HEA_01027,Health,Division of Disease Surveillance and Response encourages mothers in Nyeri County to visit their nearest maternity wing to safeguard their child's health.,Idara ya Ufuatiliaji na Jibu la Magonjwa inawatia moyo akina mama katika Kaunti ya Nyeri kutembelea uwanja wao wa karibu wa uzazi ili kulinda afya ya mtoto wao.
HEA_01028,Health,Ministry of Health - Reproductive Health Unit appeals to caregivers in Kirinyaga County to bring their child for growth monitoring as part of the January maternal health drive.,Wizara ya Afya - Kitengo cha Afya ya uzazi kinawasihi watunzaji katika Kaunti ya Kirinyaga kumleta mtoto wao kwa ufuatiliaji wa ukuaji kama sehemu ya kampeni ya afya ya mama ya Januari.
HEA_01029,Health,Notice from KEMRI: skilled birth attendance clinics will run every September at designated health centres in Mombasa County.,Taarifa kutoka KEMRI: Kliniki za utoaji wa watoto wenye ujuzi zitaendeshwa kila Septemba katika vituo vya afya vilivyoainishwa katika Kaunti ya Mombasa.
HEA_01030,Health,Kenya Medical Association encourages mothers in Bomet County to bring their child for growth monitoring to safeguard their child's health.,Chama cha Matibabu cha Kenya kinawatia moyo akina mama katika Kaunti ya Bomet kuwaleta watoto wao kwa ajili ya ufuatiliaji wa ukuaji ili kulinda afya ya watoto wao.
HEA_01031,Health,KEMSA encourages mothers in Nyamira County to bring their child for growth monitoring to safeguard their child's health.,KEMSA inawatia moyo akina mama katika Kaunti ya Nyamira kumleta mtoto wao kwa ufuatiliaji wa ukuaji ili kulinda afya ya mtoto wao.
HEA_01032,Health,KEMRI appeals to caregivers in Makueni County to bring their child for growth monitoring as part of the February maternal health drive.,KEMRI inawaalika watunzaji katika Kaunti ya Makueni kumleta mtoto wao kwa ufuatiliaji wa ukuaji kama sehemu ya kampeni ya afya ya mama ya Februari.
HEA_01033,Health,CDC encourages mothers in Busia County to attend the scheduled clinic day to safeguard their child's health.,CDC inawatia moyo akina mama katika Kaunti ya Busia kuhudhuria siku ya kliniki ili kulinda afya ya mtoto wao.
HEA_01034,Health,Notice from CDC: childhood immunization clinics will run every July at designated health centres in Nyandarua County.,Taarifa kutoka CDC: kliniki za chanjo za watoto zitaendeshwa kila Julai katika vituo vya afya vilivyoainishwa katika Kaunti ya Nyandarua.
HEA_01035,Health,KEMSA reminds expectant mothers in Mandera County that access to free antenatal care is free of charge at all public facilities.,KEMSA inawakumbusha akina mama wajawazito katika Kaunti ya Mandera kwamba upatikanaji wa huduma za bure za kabla ya kuzaa ni bure katika vituo vyote vya umma.
HEA_01036,Health,Ministry of Health - Reproductive Health Unit appeals to caregivers in Nyandarua County to bring their child for growth monitoring as part of the December maternal health drive.,Wizara ya Afya - Kitengo cha Afya ya uzazi kinawasihi watunzaji katika Kaunti ya Nyandarua kumleta mtoto wao kwa ufuatiliaji wa ukuaji kama sehemu ya kampeni ya afya ya mama ya Desemba.
HEA_01037,Health,Division of Disease Surveillance and Response encourages mothers in Kwale County to visit their nearest maternity wing to safeguard their child's health.,Idara ya Ufuatiliaji na Jibu la Magonjwa inawatia moyo akina mama katika Kaunti ya Kwale kutembelea uwanja wao wa karibu wa uzazi ili kulinda afya ya mtoto wao.
HEA_01038,Health,KEMSA reminds expectant mothers in Garissa County that access to skilled birth attendance is free of charge at all public facilities.,KEMSA inawakumbusha akina mama wajawazito katika Kaunti ya Garissa kwamba ufikiaji wa utunzaji wa kuzaa wenye ujuzi ni bure katika vituo vyote vya umma.
HEA_01039,Health,Ministry of Health - Reproductive Health Unit encourages mothers in Nairobi County to register for the mother-and-child health card to safeguard their child's health.,Wizara ya Afya - Kitengo cha Afya ya Uzazi kinawatia moyo akina mama katika Kaunti ya Nairobi kujiandikisha kwa kadi ya afya ya mama na mtoto ili kulinda afya ya mtoto wao.
HEA_01040,Health,KEMSA reminds expectant mothers in Mombasa County that access to childhood immunization is free of charge at all public facilities.,KEMSA inawakumbusha akina mama wajawazito katika Kaunti ya Mombasa kwamba upatikanaji wa chanjo ya watoto ni bure katika vituo vyote vya umma.
HEA_01041,Health,Notice from Kenya Medical Association: skilled birth attendance clinics will run every August at designated health centres in Kirinyaga County.,Taarifa kutoka kwa Chama cha Matibabu cha Kenya: kliniki za kulea watoto wenye ujuzi zitaendeshwa kila Agosti katika vituo vya afya vilivyoainishwa katika Kaunti ya Kirinyaga.
HEA_01042,Health,Ministry of Health appeals to caregivers in Kiambu County to register for the mother-and-child health card as part of the February maternal health drive.,Wizara ya Afya inawaomba watunzaji katika Kaunti ya Kiambu kujiandikisha kwa kadi ya afya ya mama na mtoto kama sehemu ya kampeni ya afya ya mama ya Februari.
HEA_01043,Health,Kenya Red Cross reminds expectant mothers in Trans Nzoia County that access to nutrition supplementation for infants is free of charge at all public facilities.,Msalaba Mwekundu wa Kenya unawakumbusha akina mama wajawazito katika Kaunti ya Trans Nzoia kwamba watoto wachanga wanaweza kupata virutubisho vya lishe bila malipo katika vituo vyote vya umma.
HEA_01044,Health,KEMSA appeals to caregivers in Tharaka-Nithi County to bring their child for growth monitoring as part of the May maternal health drive.,KEMSA inawaomba watunzaji katika Kaunti ya Tharaka-Nithi kumleta mtoto wao kwa ufuatiliaji wa ukuaji kama sehemu ya kampeni ya afya ya mama ya Mei.
HEA_01045,Health,SHA (Social Health Authority) reminds expectant mothers in Nyamira County that access to postnatal check-ups is free of charge at all public facilities.,Shirika la Afya ya Jamii (SHA) linawakumbusha akina mama wajawazito katika Kaunti ya Nyamira kwamba upatikanaji wa uchunguzi wa baada ya kuzaliwa ni bure katika vituo vyote vya umma.
HEA_01046,Health,KEMRI appeals to caregivers in Kilifi County to bring their child for growth monitoring as part of the April maternal health drive.,KEMRI inawaalika watunzaji katika Kaunti ya Kilifi kumleta mtoto wao kwa ufuatiliaji wa ukuaji kama sehemu ya kampeni ya afya ya mama ya Aprili.
HEA_01047,Health,CDC reminds expectant mothers in Homa Bay County that access to postnatal check-ups is free of charge at all public facilities.,CDC inawakumbusha akina mama wajawazito katika jimbo la Homa Bay kwamba upatikanaji wa uchunguzi wa baada ya kuzaliwa ni bure katika vituo vyote vya umma.
HEA_01048,Health,Kenya Red Cross appeals to caregivers in Murang'a County to visit their nearest maternity wing as part of the March maternal health drive.,Msalaba Mwekundu wa Kenya unawasihi watunzaji katika Kaunti ya Murang'a kutembelea uwanja wao wa karibu wa uzazi kama sehemu ya kampeni ya afya ya mama ya Machi.
HEA_01049,Health,Kenya Red Cross reminds expectant mothers in Laikipia County that access to skilled birth attendance is free of charge at all public facilities.,Msalaba Mwekundu wa Kenya unawakumbusha akina mama wajawazito katika Kaunti ya Laikipia kwamba huduma za uzazi za kitaalamu ni za bure katika vituo vyote vya umma.
HEA_01050,Health,Division of Disease Surveillance and Response encourages mothers in Tana River County to register for the mother-and-child health card to safeguard their child's health.,Idara ya Ufuatiliaji na Jibu la Magonjwa inawatia moyo akina mama katika Wilaya ya Tana River kujiandikisha kwa kadi ya afya ya mama na mtoto ili kulinda afya ya mtoto wao.
HEA_01051,Health,KEMRI reminds expectant mothers in Siaya County that access to skilled birth attendance is free of charge at all public facilities.,KEMRI inawakumbusha akina mama wajawazito katika Kaunti ya Siaya kwamba ufikiaji wa huduma za uzazi wenye ujuzi ni bure katika vituo vyote vya umma.
HEA_01052,Health,KEMSA reminds expectant mothers in Nyandarua County that access to free antenatal care is free of charge at all public facilities.,KEMSA inawakumbusha akina mama wajawazito katika Kaunti ya Nyandarua kwamba kupata huduma za bure za kabla ya kuzaa ni bure katika vituo vyote vya umma.
HEA_01053,Health,KEMRI appeals to caregivers in Mombasa County to bring their child for growth monitoring as part of the January maternal health drive.,KEMRI inawaomba watunzaji katika Kaunti ya Mombasa kumleta mtoto wao kwa ufuatiliaji wa ukuaji kama sehemu ya kampeni ya afya ya mama ya Januari.
HEA_01054,Health,Division of Disease Surveillance and Response encourages mothers in Taita-Taveta County to register for the mother-and-child health card to safeguard their child's health.,Idara ya Ufuatiliaji na Jibu la Magonjwa inawatia moyo akina mama katika Wilaya ya Taita-Taveta kujiandikisha kwa kadi ya afya ya mama na mtoto ili kulinda afya ya mtoto wao.
HEA_01055,Health,SHA (Social Health Authority) appeals to caregivers in Migori County to attend the scheduled clinic day as part of the October maternal health drive.,SHA (Shirika la Afya ya Jamii) linawasihi watunzaji katika Kaunti ya Migori kuhudhuria siku ya kliniki iliyopangwa kama sehemu ya kampeni ya afya ya mama ya Oktoba.
HEA_01056,Health,Ministry of Health reminds expectant mothers in Turkana County that access to childhood immunization is free of charge at all public facilities.,Wizara ya Afya inawakumbusha akina mama wajawazito katika Kaunti ya Turkana kwamba upatikanaji wa chanjo ya watoto ni bure katika vituo vyote vya umma.
HEA_01057,Health,KEMSA reminds expectant mothers in Nakuru County that access to skilled birth attendance is free of charge at all public facilities.,KEMSA inawakumbusha akina mama wajawazito katika Kaunti ya Nakuru kwamba ufikiaji wa huduma ya uzazi wenye ujuzi ni bure katika vituo vyote vya umma.
HEA_01058,Health,Notice from Ministry of Health - Reproductive Health Unit: free antenatal care clinics will run every April at designated health centres in Nairobi County.,Taarifa kutoka Wizara ya Afya - Kitengo cha Afya ya Uzazi: kliniki za bure za utunzaji wa kabla ya kuzaa zitaendeshwa kila Aprili katika vituo vya afya vilivyoainishwa katika Kaunti ya Nairobi.
HEA_01059,Health,Division of Disease Surveillance and Response appeals to caregivers in Nairobi County to attend the scheduled clinic day as part of the March maternal health drive.,Idara ya Ufuatiliaji na Jibu la Magonjwa inawaalika watunzaji katika Kaunti ya Nairobi kuhudhuria siku iliyopangwa ya kliniki kama sehemu ya kampeni ya afya ya mama ya Machi.
HEA_01060,Health,Ministry of Health - Reproductive Health Unit reminds expectant mothers in Nyamira County that access to nutrition supplementation for infants is free of charge at all public facilities.,Wizara ya Afya - Kitengo cha Afya ya Uzazi kinakumbusha mama wajawazito katika Kaunti ya Nyamira kwamba upatikanaji wa virutubisho vya lishe kwa watoto wachanga ni bure katika vituo vyote vya umma.
HEA_01061,Health,Notice from CDC: childhood immunization clinics will run every August at designated health centres in Kisii County.,Taarifa kutoka CDC: kliniki za chanjo za watoto zitaendeshwa kila Agosti katika vituo vya afya vilivyoainishwa katika Kaunti ya Kisii.
HEA_01062,Health,CDC encourages mothers in Turkana County to bring their child for growth monitoring to safeguard their child's health.,CDC inawatia moyo akina mama katika Kaunti ya Turkana kuwaleta watoto wao kwa ufuatiliaji wa ukuaji ili kulinda afya ya watoto wao.
HEA_01063,Health,Notice from CDC: nutrition supplementation for infants clinics will run every February at designated health centres in Isiolo County.,Taarifa kutoka CDC: virutubisho vya lishe kwa watoto wachanga kliniki itaendesha kila Februari katika vituo vya afya vilivyoainishwa katika Wilaya ya Isiolo.
HEA_01064,Health,Ministry of Health - Reproductive Health Unit encourages mothers in Nyeri County to attend the scheduled clinic day to safeguard their child's health.,Wizara ya Afya - Kitengo cha Afya ya uzazi kinawatia moyo akina mama katika Kaunti ya Nyeri kuhudhuria siku ya kliniki iliyowekwa ili kulinda afya ya mtoto wao.
HEA_01065,Health,Ministry of Health appeals to caregivers in Siaya County to bring their child for growth monitoring as part of the September maternal health drive.,Wizara ya Afya inawaalika watunzaji katika Kaunti ya Siaya kumleta mtoto wao kwa ufuatiliaji wa ukuaji kama sehemu ya kampeni ya afya ya mama ya Septemba.
HEA_01066,Health,Ministry of Health encourages mothers in Busia County to register for the mother-and-child health card to safeguard their child's health.,Wizara ya Afya inawatia moyo akina mama katika Kaunti ya Busia kujiandikisha kwa kadi ya afya ya mama na mtoto ili kulinda afya ya mtoto wao.
HEA_01067,Health,Notice from SHA (Social Health Authority): postnatal check-ups clinics will run every September at designated health centres in Homa Bay County.,Taarifa kutoka kwa Shirika la Afya ya Jamii (SHA): kliniki za uchunguzi wa baada ya kuzaliwa zitafanyika kila Septemba katika vituo vya afya vilivyochaguliwa katika Kaunti ya Homa Bay.
HEA_01068,Health,CDC encourages mothers in Migori County to register for the mother-and-child health card to safeguard their child's health.,CDC inawatia moyo akina mama katika Kaunti ya Migori kujiandikisha kwa kadi ya afya ya mama na mtoto ili kulinda afya ya mtoto wao.
HEA_01069,Health,Notice from Division of Disease Surveillance and Response: skilled birth attendance clinics will run every November at designated health centres in Uasin Gishu County.,Taarifa kutoka kwa Idara ya Ufuatiliaji na Jibu la Magonjwa: Kliniki za usimamizi wa uzazi wenye ujuzi zitaendeshwa kila Novemba katika vituo vya afya vilivyoainishwa katika Kaunti ya Uasin Gishu.
HEA_01070,Health,SHA (Social Health Authority) reminds expectant mothers in Kajiado County that access to free antenatal care is free of charge at all public facilities.,Shirika la Afya ya Jamii (SHA) linawakumbusha akina mama wajawazito katika Kajiado County kwamba upatikanaji wa huduma za bure za kabla ya kuzaa ni bure katika vituo vyote vya umma.
HEA_01071,Health,KEMSA reminds expectant mothers in Meru County that access to childhood immunization is free of charge at all public facilities.,KEMSA inawakumbusha akina mama wajawazito katika Kaunti ya Meru kwamba upatikanaji wa chanjo ya watoto ni bure katika vituo vyote vya umma.
HEA_01072,Health,Ministry of Health - Reproductive Health Unit appeals to caregivers in Kajiado County to attend the scheduled clinic day as part of the October maternal health drive.,Wizara ya Afya - Kitengo cha Afya ya uzazi kinawaomba watunzaji katika Kajiado County kuhudhuria siku ya kliniki iliyopangwa kama sehemu ya kampeni ya afya ya mama ya Oktoba.
HEA_01073,Health,Division of Disease Surveillance and Response reminds expectant mothers in Kitui County that access to family planning counselling is free of charge at all public facilities.,Idara ya Ufuatiliaji na Jibu la Magonjwa inawakumbusha akina mama wajawazito katika Kaunti ya Kitui kwamba upatikanaji wa ushauri wa mipango ya familia ni bure katika vituo vyote vya umma.
HEA_01074,Health,Ministry of Health reminds expectant mothers in Embu County that access to postnatal check-ups is free of charge at all public facilities.,Wizara ya Afya inawakumbusha akina mama wajawazito katika Kaunti ya Embu kwamba upatikanaji wa uchunguzi wa baada ya kuzaliwa ni bure katika vituo vyote vya umma.
HEA_01075,Health,Ministry of Health - Reproductive Health Unit reminds expectant mothers in Siaya County that access to skilled birth attendance is free of charge at all public facilities.,Wizara ya Afya - Kitengo cha Afya ya Uzazi kinawakumbusha akina mama wajawazito katika Kaunti ya Siaya kwamba upatikanaji wa huduma za uzazi wenye ujuzi ni bure katika vituo vyote vya umma.
HEA_01076,Health,Division of Disease Surveillance and Response appeals to caregivers in Nyamira County to attend the scheduled clinic day as part of the January maternal health drive.,Idara ya Ufuatiliaji na Jibu la Magonjwa inawaalika watunzaji katika Kaunti ya Nyamira kuhudhuria siku iliyopangwa ya kliniki kama sehemu ya kampeni ya afya ya mama ya Januari.
HEA_01077,Health,SHA (Social Health Authority) reminds expectant mothers in Kirinyaga County that access to childhood immunization is free of charge at all public facilities.,Shirika la Afya ya Jamii (SHA) linawakumbusha akina mama wajawazito katika Kaunti ya Kirinyaga kwamba upatikanaji wa chanjo ya watoto ni bure katika vituo vyote vya umma.
HEA_01078,Health,SHA (Social Health Authority) reminds expectant mothers in Nairobi County that access to nutrition supplementation for infants is free of charge at all public facilities.,Shirika la Afya ya Jamii (SHA) linawakumbusha akina mama wajawazito katika Kaunti ya Nairobi kwamba kupata virutubisho vya lishe kwa watoto wachanga ni bure katika vituo vyote vya umma.
HEA_01079,Health,KEMRI appeals to caregivers in Tharaka-Nithi County to register for the mother-and-child health card as part of the September maternal health drive.,KEMRI inawaomba watunzaji katika Kaunti ya Tharaka-Nithi kujiandikisha kwa kadi ya afya ya mama na mtoto kama sehemu ya kampeni ya afya ya mama ya Septemba.
HEA_01080,Health,CDC encourages mothers in Bomet County to visit their nearest maternity wing to safeguard their child's health.,CDC inawatia moyo akina mama katika Kaunti ya Bomet kutembelea uwanja wao wa karibu wa uzazi ili kulinda afya ya mtoto wao.
HEA_01081,Health,Notice from Ministry of Health - Reproductive Health Unit: postnatal check-ups clinics will run every November at designated health centres in Kisii County.,Taarifa kutoka Wizara ya Afya - Kitengo cha Afya ya Uzazi: Kliniki za uchunguzi wa baada ya kuzaliwa zitaendeshwa kila Novemba katika vituo vya afya vilivyoainishwa katika Kaunti ya Kisii.
HEA_01082,Health,KEMSA reminds expectant mothers in Meru County that access to postnatal check-ups is free of charge at all public facilities.,KEMSA inawakumbusha akina mama wajawazito katika Kaunti ya Meru kwamba upatikanaji wa uchunguzi wa baada ya kuzaliwa ni bure katika vituo vyote vya umma.
HEA_01083,Health,Notice from KEMSA: postnatal check-ups clinics will run every October at designated health centres in Kericho County.,Taarifa kutoka KEMSA: Kliniki za uchunguzi wa baada ya kuzaliwa zitafanyika kila Oktoba katika vituo vya afya vilivyoainishwa katika Kaunti ya Kericho.
HEA_01084,Health,Notice from Division of Disease Surveillance and Response: skilled birth attendance clinics will run every June at designated health centres in Bomet County.,Taarifa kutoka kwa Idara ya Ufuatiliaji na Jibu la Magonjwa: Kliniki za usimamizi wa uzazi wenye ujuzi zitaendeshwa kila Juni katika vituo vya afya vilivyoainishwa katika Kaunti ya Bomet.
HEA_01085,Health,Kenya Medical Association appeals to caregivers in Nairobi County to register for the mother-and-child health card as part of the June maternal health drive.,Shirika la Matibabu la Kenya linawasihi watunzaji katika Kaunti ya Nairobi kujiandikisha kwa kadi ya afya ya mama na mtoto kama sehemu ya kampeni ya afya ya mama ya Juni.
HEA_01086,Health,Kenya Medical Association encourages mothers in Bomet County to attend the scheduled clinic day to safeguard their child's health.,Chama cha Matibabu cha Kenya kinawatia moyo akina mama katika Kaunti ya Bomet kuhudhuria siku ya kliniki iliyowekwa ili kulinda afya ya mtoto wao.
HEA_01087,Health,Notice from Ministry of Health - Reproductive Health Unit: free antenatal care clinics will run every July at designated health centres in Nandi County.,Taarifa kutoka Wizara ya Afya - Kitengo cha Afya ya Uzazi: Kliniki za bure za utunzaji wa kabla ya kuzaa zitaendeshwa kila Julai katika vituo vya afya vilivyochaguliwa katika Kaunti ya Nandi.
HEA_01088,Health,Kenya Red Cross reminds expectant mothers in Bungoma County that access to nutrition supplementation for infants is free of charge at all public facilities.,Msalaba Mwekundu wa Kenya unawakumbusha akina mama wajawazito katika Kaunti ya Bungoma kwamba kupata virutubisho vya lishe kwa watoto wachanga ni bure katika vituo vyote vya umma.
HEA_01089,Health,Kenya Red Cross encourages mothers in Mombasa County to register for the mother-and-child health card to safeguard their child's health.,Kenya Red Cross inawatia moyo akina mama katika Kaunti ya Mombasa kujiandikisha kwa kadi ya afya ya mama na mtoto ili kulinda afya ya mtoto wao.
HEA_01090,Health,Division of Disease Surveillance and Response encourages mothers in Kwale County to attend the scheduled clinic day to safeguard their child's health.,Idara ya Ufuatiliaji na Jibu la Magonjwa inawatia moyo akina mama katika Kaunti ya Kwale kuhudhuria siku iliyowekwa ya kliniki ili kulinda afya ya mtoto wao.
HEA_01091,Health,SHA (Social Health Authority) encourages mothers in Kilifi County to attend the scheduled clinic day to safeguard their child's health.,Shirika la Afya ya Jamii (SHA) linawatia moyo akina mama katika Kaunti ya Kilifi kuhudhuria siku ya kliniki ili kulinda afya ya mtoto wao.
HEA_01092,Health,KEMSA encourages mothers in Makueni County to register for the mother-and-child health card to safeguard their child's health.,KEMSA inawatia moyo akina mama katika Kaunti ya Makueni kujiandikisha kwa kadi ya afya ya mama na mtoto ili kulinda afya ya mtoto wao.
HEA_01093,Health,Kenya Red Cross encourages mothers in Kirinyaga County to bring their child for growth monitoring to safeguard their child's health.,Msalaba Mwekundu wa Kenya unawatia moyo akina mama katika Kaunti ya Kirinyaga kumleta mtoto wao kwa ufuatiliaji wa ukuaji ili kulinda afya ya mtoto wao.
HEA_01094,Health,SHA (Social Health Authority) encourages mothers in Nairobi County to bring their child for growth monitoring to safeguard their child's health.,Shirika la Afya ya Jamii (SHA) linawatia moyo akina mama katika Kaunti ya Nairobi kumleta mtoto wao kwa ajili ya ufuatiliaji wa ukuaji ili kulinda afya ya mtoto wao.
HEA_01095,Health,Ministry of Health - Reproductive Health Unit encourages mothers in Kisii County to visit their nearest maternity wing to safeguard their child's health.,Wizara ya Afya - Kitengo cha Afya ya Uzazi kinawatia moyo akina mama katika Kaunti ya Kisii kutembelea uwanja wao wa karibu wa uzazi ili kulinda afya ya mtoto wao.
HEA_01096,Health,Notice from Ministry of Health: postnatal check-ups clinics will run every October at designated health centres in Nairobi County.,Taarifa kutoka Wizara ya Afya: kliniki za uchunguzi wa baada ya kuzaliwa zitafanyika kila Oktoba katika vituo vya afya vilivyoainishwa katika Kaunti ya Nairobi.
HEA_01097,Health,Ministry of Health reminds expectant mothers in Kiambu County that access to postnatal check-ups is free of charge at all public facilities.,Wizara ya Afya inawakumbusha akina mama wajawazito katika Kaunti ya Kiambu kwamba upatikanaji wa uchunguzi wa baada ya kuzaliwa ni bure katika vituo vyote vya umma.
HEA_01098,Health,SHA (Social Health Authority) appeals to caregivers in Kitui County to visit their nearest maternity wing as part of the December maternal health drive.,SHA (Shirika la Afya ya Jamii) linawasihi watunzaji katika Kaunti ya Kitui kutembelea uwanja wao wa karibu wa uzazi kama sehemu ya kampeni ya afya ya mama ya Desemba.
HEA_01099,Health,Ministry of Health appeals to caregivers in Kirinyaga County to visit their nearest maternity wing as part of the September maternal health drive.,Wizara ya Afya inawaalika watunzaji katika Kaunti ya Kirinyaga kutembelea uwanja wao wa karibu wa uzazi kama sehemu ya kampeni ya afya ya mama ya Septemba.
HEA_01100,Health,Notice from CDC: skilled birth attendance clinics will run every March at designated health centres in Kakamega County.,Taarifa kutoka kwa CDC: kliniki za kulea watoto wenye ujuzi zitaendesha kila Machi katika vituo vya afya vilivyoainishwa katika Kaunti ya Kakamega.
HEA_01101,Health,CDC appeals to caregivers in Taita-Taveta County to bring their child for growth monitoring as part of the April maternal health drive.,CDC inatoa wito kwa watunzaji katika Wilaya ya Taita-Taveta kuleta mtoto wao kwa ufuatiliaji wa ukuaji kama sehemu ya kampeni ya afya ya mama ya Aprili.
HEA_01102,Health,Notice from Kenya Medical Association: skilled birth attendance clinics will run every March at designated health centres in Marsabit County.,Taarifa kutoka kwa Chama cha Matibabu cha Kenya: kliniki za kulea watoto wenye ujuzi zitaendeshwa kila Machi katika vituo vya afya vilivyochaguliwa katika Kaunti ya Marsabit.
HEA_01103,Health,Ministry of Health - Reproductive Health Unit reminds expectant mothers in Kakamega County that access to free antenatal care is free of charge at all public facilities.,Wizara ya Afya - Kitengo cha Afya ya Uzazi kinakumbusha mama wajawazito katika Kaunti ya Kakamega kwamba upatikanaji wa huduma za bure za kabla ya kuzaa ni bure katika vituo vyote vya umma.
HEA_01104,Health,Kenya Red Cross appeals to caregivers in Taita-Taveta County to bring their child for growth monitoring as part of the July maternal health drive.,Msalaba Mwekundu wa Kenya unawasihi watunzaji katika Wilaya ya Taita-Taveta kumleta mtoto wao kwa ufuatiliaji wa ukuaji kama sehemu ya kampeni ya afya ya mama ya Julai.
HEA_01105,Health,Kenya Medical Association appeals to caregivers in Kisumu County to register for the mother-and-child health card as part of the October maternal health drive.,Shirika la Matibabu la Kenya linawasihi watunzaji katika Kaunti ya Kisumu kujiandikisha kwa kadi ya afya ya mama na mtoto kama sehemu ya kampeni ya afya ya mama ya Oktoba.
HEA_01106,Health,KEMRI encourages mothers in Lamu County to bring their child for growth monitoring to safeguard their child's health.,KEMRI inawatia moyo akina mama katika Kaunti ya Lamu kumleta mtoto wao kwa ufuatiliaji wa ukuaji ili kulinda afya ya mtoto wao.
HEA_01107,Health,Notice from SHA (Social Health Authority): postnatal check-ups clinics will run every November at designated health centres in Wajir County.,Taarifa kutoka kwa Shirika la Afya ya Jamii (SHA): kliniki za uchunguzi wa baada ya kuzaliwa zitaendeshwa kila Novemba katika vituo vya afya vilivyoainishwa katika Kaunti ya Wajir.
HEA_01108,Health,Notice from Ministry of Health: skilled birth attendance clinics will run every March at designated health centres in Kirinyaga County.,Taarifa kutoka Wizara ya Afya: Kliniki za kulea watoto wenye ujuzi zitaendeshwa kila Machi katika vituo vya afya vilivyoainishwa katika Kaunti ya Kirinyaga.
HEA_01109,Health,KEMSA appeals to caregivers in Nandi County to register for the mother-and-child health card as part of the January maternal health drive.,KEMSA inawaomba watunzaji katika Kaunti ya Nandi kujiandikisha kwa kadi ya afya ya mama na mtoto kama sehemu ya kampeni ya afya ya mama ya Januari.
HEA_01110,Health,Division of Disease Surveillance and Response encourages mothers in Marsabit County to visit their nearest maternity wing to safeguard their child's health.,Idara ya Ufuatiliaji na Jibu la Magonjwa inawatia moyo akina mama katika Kaunti ya Marsabit kutembelea uwanja wao wa karibu wa uzazi ili kulinda afya ya mtoto wao.
HEA_01111,Health,Ministry of Health reminds expectant mothers in Machakos County that access to childhood immunization is free of charge at all public facilities.,Wizara ya Afya inawakumbusha akina mama wajawazito katika Kaunti ya Machakos kwamba upatikanaji wa chanjo ya watoto ni bure katika vituo vyote vya umma.
HEA_01112,Health,Notice from Ministry of Health: free antenatal care clinics will run every December at designated health centres in Kiambu County.,Taarifa kutoka Wizara ya Afya: kliniki za bure za utunzaji wa kabla ya kuzaa zitaendeshwa kila Desemba katika vituo vya afya vilivyoainishwa katika Kaunti ya Kiambu.
HEA_01113,Health,Notice from Ministry of Health - Reproductive Health Unit: skilled birth attendance clinics will run every January at designated health centres in Laikipia County.,Taarifa kutoka Wizara ya Afya - Kitengo cha Afya ya Uzazi: Kliniki za usimamizi wa uzazi wenye ujuzi zitaendeshwa kila Januari katika vituo vya afya vilivyochaguliwa katika Kaunti ya Laikipia.
HEA_01114,Health,CDC encourages mothers in Embu County to attend the scheduled clinic day to safeguard their child's health.,CDC inawatia moyo akina mama katika Kaunti ya Embu kuhudhuria siku ya kliniki iliyopangwa ili kulinda afya ya mtoto wao.
HEA_01115,Health,KEMSA appeals to caregivers in Kisii County to visit their nearest maternity wing as part of the December maternal health drive.,KEMSA inawaalika watunzaji katika Kaunti ya Kisii kutembelea uwanja wao wa karibu wa uzazi kama sehemu ya kampeni ya afya ya mama ya Desemba.
HEA_01116,Health,CDC appeals to caregivers in Kilifi County to register for the mother-and-child health card as part of the May maternal health drive.,CDC inatoa wito kwa watunzaji katika Kaunti ya Kilifi kujiandikisha kwa kadi ya afya ya mama na mtoto kama sehemu ya kampeni ya afya ya mama ya Mei.
HEA_01117,Health,Kenya Red Cross reminds expectant mothers in Tharaka-Nithi County that access to nutrition supplementation for infants is free of charge at all public facilities.,Kenya Red Cross inawakumbusha akina mama wajawazito katika Kaunti ya Tharaka-Nithi kwamba kupata virutubisho vya lishe kwa watoto wachanga ni bure katika vituo vyote vya umma.
HEA_01118,Health,Notice from Ministry of Health: free antenatal care clinics will run every November at designated health centres in Baringo County.,Taarifa kutoka Wizara ya Afya: kliniki za bure za utunzaji wa kabla ya kuzaa zitaendeshwa kila Novemba katika vituo vya afya vilivyoainishwa katika Kaunti ya Baringo.
HEA_01119,Health,Notice from SHA (Social Health Authority): family planning counselling clinics will run every May at designated health centres in Kwale County.,Taarifa kutoka kwa SHA (Shirika la Afya ya Jamii): kliniki za ushauri wa mipango ya familia zitaendeshwa kila Mei katika vituo vya afya vilivyoainishwa katika Kaunti ya Kwale.
HEA_01120,Health,KEMRI appeals to caregivers in Samburu County to visit their nearest maternity wing as part of the September maternal health drive.,KEMRI inawaalika watunzaji katika Kaunti ya Samburu kutembelea uwanja wao wa karibu wa uzazi kama sehemu ya kampeni ya afya ya mama ya Septemba.
HEA_01121,Health,Notice from Ministry of Health - Reproductive Health Unit: free antenatal care clinics will run every September at designated health centres in Bungoma County.,Taarifa kutoka Wizara ya Afya - Kitengo cha Afya ya Uzazi: kliniki za bure za utunzaji wa kabla ya kuzaa zitaendeshwa kila Septemba katika vituo vya afya vilivyochaguliwa katika Kaunti ya Bungoma.
HEA_01122,Health,KEMRI encourages mothers in Narok County to visit their nearest maternity wing to safeguard their child's health.,KEMRI inawatia moyo akina mama katika Kaunti ya Narok kutembelea uwanja wao wa uzazi wa karibu ili kulinda afya ya mtoto wao.
HEA_01123,Health,KEMRI reminds expectant mothers in Kajiado County that access to skilled birth attendance is free of charge at all public facilities.,KEMRI inawakumbusha akina mama wajawazito katika Kajiado County kwamba ufikiaji wa utunzaji wa kuzaa wenye ujuzi ni bure katika vituo vyote vya umma.
HEA_01124,Health,Kenya Medical Association appeals to caregivers in Isiolo County to attend the scheduled clinic day as part of the January maternal health drive.,Shirika la Matibabu la Kenya linawasihi watunzaji katika Kaunti ya Isiolo kuhudhuria siku iliyopangwa ya kliniki kama sehemu ya kampeni ya afya ya mama ya Januari.
HEA_01125,Health,Notice from Division of Disease Surveillance and Response: childhood immunization clinics will run every May at designated health centres in Siaya County.,Taarifa kutoka kwa Idara ya Ufuatiliaji na Jibu la Magonjwa: Kliniki za chanjo za watoto zitaendeshwa kila Mei katika vituo vya afya vilivyoainishwa katika Kaunti ya Siaya.
HEA_01126,Health,Notice from Ministry of Health: postnatal check-ups clinics will run every May at designated health centres in Siaya County.,Taarifa kutoka Wizara ya Afya: Kliniki za uchunguzi wa baada ya kuzaliwa zitaendeshwa kila Mei katika vituo vya afya vilivyoainishwa katika Kaunti ya Siaya.
HEA_01127,Health,CDC reminds expectant mothers in Nyandarua County that access to childhood immunization is free of charge at all public facilities.,CDC inawakumbusha akina mama wajawazito katika Kaunti ya Nyandarua kwamba upatikanaji wa chanjo ya watoto ni bure katika vituo vyote vya umma.
HEA_01128,Health,Notice from Kenya Medical Association: free antenatal care clinics will run every March at designated health centres in Homa Bay County.,Taarifa kutoka kwa Chama cha Matibabu cha Kenya: kliniki za bure za utunzaji wa kabla ya kuzaa zitaendeshwa kila Machi katika vituo vya afya vilivyoainishwa katika Kaunti ya Homa Bay.
HEA_01129,Health,CDC appeals to caregivers in Migori County to register for the mother-and-child health card as part of the October maternal health drive.,CDC inatoa wito kwa watunzaji katika Kaunti ya Migori kujiandikisha kwa kadi ya afya ya mama na mtoto kama sehemu ya kampeni ya afya ya mama ya Oktoba.
HEA_01130,Health,KEMRI appeals to caregivers in Kakamega County to bring their child for growth monitoring as part of the March maternal health drive.,KEMRI inawaomba watunzaji katika Kaunti ya Kakamega kumleta mtoto wao kwa ufuatiliaji wa ukuaji kama sehemu ya kampeni ya afya ya mama ya Machi.
HEA_01131,Health,Notice from Division of Disease Surveillance and Response: childhood immunization clinics will run every September at designated health centres in Nandi County.,Taarifa kutoka kwa Idara ya Ufuatiliaji na Jibu la Magonjwa: Kliniki za chanjo za watoto zitaendeshwa kila Septemba katika vituo vya afya vilivyoainishwa katika Kaunti ya Nandi.
HEA_01132,Health,Kenya Red Cross encourages mothers in Kisii County to register for the mother-and-child health card to safeguard their child's health.,Kenya Red Cross inawatia moyo akina mama katika Kaunti ya Kisii kujiandikisha kwa kadi ya afya ya mama na mtoto ili kulinda afya ya mtoto wao.
HEA_01133,Health,KEMSA appeals to caregivers in Kisumu County to register for the mother-and-child health card as part of the October maternal health drive.,KEMSA inawaomba watunzaji katika Kaunti ya Kisumu kujiandikisha kwa kadi ya afya ya mama na mtoto kama sehemu ya kampeni ya afya ya mama ya Oktoba.
HEA_01134,Health,Notice from SHA (Social Health Authority): family planning counselling clinics will run every September at designated health centres in Bomet County.,Taarifa kutoka kwa SHA (Shirika la Afya ya Jamii): kliniki za ushauri wa mipango ya familia zitaendeshwa kila Septemba katika vituo vya afya vilivyoainishwa katika Kaunti ya Bomet.
HEA_01135,Health,KEMSA reminds expectant mothers in Murang'a County that access to family planning counselling is free of charge at all public facilities.,KEMSA inawakumbusha akina mama wajawazito katika Kaunti ya Murang'a kwamba upatikanaji wa ushauri wa mpango wa familia ni bure katika vituo vyote vya umma.
HEA_01136,Health,Division of Disease Surveillance and Response reminds expectant mothers in Uasin Gishu County that access to skilled birth attendance is free of charge at all public facilities.,Idara ya Ufuatiliaji na Jibu la Magonjwa inawakumbusha akina mama wajawazito katika Kaunti ya Uasin Gishu kwamba ufikiaji wa huduma za uzazi wenye ujuzi ni bure katika vituo vyote vya umma.
HEA_01137,Health,Kenya Red Cross appeals to caregivers in Marsabit County to visit their nearest maternity wing as part of the April maternal health drive.,Msalaba Mwekundu wa Kenya unawasihi watunzaji katika Kaunti ya Marsabit kutembelea uwanja wao wa karibu wa uzazi kama sehemu ya kampeni ya afya ya mama ya Aprili.
HEA_01138,Health,KEMSA encourages mothers in Kwale County to attend the scheduled clinic day to safeguard their child's health.,KEMSA inawatia moyo akina mama katika Kaunti ya Kwale kuhudhuria siku iliyopangwa ya kliniki ili kulinda afya ya mtoto wao.
HEA_01139,Health,KEMRI encourages mothers in Kitui County to visit their nearest maternity wing to safeguard their child's health.,KEMRI huwatia moyo akina mama katika Kaunti ya Kitui kutembelea uwanja wao wa uzazi wa karibu ili kulinda afya ya mtoto wao.
HEA_01140,Health,Notice from SHA (Social Health Authority): childhood immunization clinics will run every August at designated health centres in Kisii County.,Taarifa kutoka kwa Shirika la Afya ya Jamii (SHA): kliniki za chanjo za watoto zitaendeshwa kila Agosti katika vituo vya afya vilivyoainishwa katika Kaunti ya Kisii.
HEA_01141,Health,Division of Disease Surveillance and Response appeals to caregivers in Meru County to bring their child for growth monitoring as part of the July maternal health drive.,Idara ya Ufuatiliaji na Jibu la Magonjwa inawaomba watunzaji katika Kaunti ya Meru kumleta mtoto wao kwa ufuatiliaji wa ukuaji kama sehemu ya kampeni ya afya ya mama ya Julai.
HEA_01142,Health,KEMSA appeals to caregivers in Isiolo County to register for the mother-and-child health card as part of the April maternal health drive.,KEMSA inawaomba watunzaji katika Kaunti ya Isiolo kujiandikisha kwa kadi ya afya ya mama na mtoto kama sehemu ya kampeni ya afya ya mama ya Aprili.
HEA_01143,Health,Kenya Medical Association reminds expectant mothers in Mombasa County that access to postnatal check-ups is free of charge at all public facilities.,Chama cha Matibabu cha Kenya kinakumbusha mama wajawazito katika Kaunti ya Mombasa kwamba upatikanaji wa uchunguzi wa baada ya kuzaliwa ni bure katika vituo vyote vya umma.
HEA_01144,Health,KEMRI encourages mothers in Embu County to register for the mother-and-child health card to safeguard their child's health.,KEMRI inawatia moyo akina mama katika Kaunti ya Embu kujiandikisha kwa kadi ya afya ya mama na mtoto ili kulinda afya ya mtoto wao.
HEA_01145,Health,Ministry of Health - Reproductive Health Unit appeals to caregivers in Kisii County to bring their child for growth monitoring as part of the June maternal health drive.,Wizara ya Afya - Kitengo cha Afya ya Kuzaliana kinawaomba waangalizi katika Kaunti ya Kisii kumleta mtoto wao kwa ufuatiliaji wa ukuaji kama sehemu ya kampeni ya afya ya mama ya Juni.
HEA_01146,Health,Kenya Medical Association encourages mothers in Trans Nzoia County to bring their child for growth monitoring to safeguard their child's health.,Chama cha Matibabu cha Kenya kinawatia moyo akina mama katika Kaunti ya Trans Nzoia kumleta mtoto wao kwa ufuatiliaji wa ukuaji ili kulinda afya ya mtoto wao.
HEA_01147,Health,Notice from Kenya Medical Association: nutrition supplementation for infants clinics will run every December at designated health centres in Busia County.,Taarifa kutoka kwa Chama cha Matibabu cha Kenya: virutubisho vya lishe kwa watoto wachanga kliniki zitaendesha kila Desemba katika vituo vya afya vilivyoainishwa katika Kaunti ya Busia.
HEA_01148,Health,CDC reminds expectant mothers in Garissa County that access to postnatal check-ups is free of charge at all public facilities.,CDC inawakumbusha akina mama wajawazito katika Kaunti ya Garissa kwamba upatikanaji wa uchunguzi wa baada ya kuzaliwa ni bure katika vituo vyote vya umma.
HEA_01149,Health,KEMRI reminds expectant mothers in Kajiado County that access to postnatal check-ups is free of charge at all public facilities.,KEMRI inawakumbusha akina mama wajawazito katika Kajiado County kwamba upatikanaji wa uchunguzi wa baada ya kuzaliwa ni bure katika vituo vyote vya umma.
HEA_01150,Health,CDC reminds expectant mothers in Samburu County that access to family planning counselling is free of charge at all public facilities.,CDC inawakumbusha akina mama wajawazito katika Kaunti ya Samburu kwamba upatikanaji wa ushauri wa mipango ya familia ni bure katika vituo vyote vya umma.
HEA_01151,Health,KEMRI reminds expectant mothers in Nyeri County that access to postnatal check-ups is free of charge at all public facilities.,KEMRI inawakumbusha akina mama wajawazito katika Kaunti ya Nyeri kwamba upatikanaji wa uchunguzi wa baada ya kuzaliwa ni bure katika vituo vyote vya umma.
HEA_01152,Health,Notice from Kenya Red Cross: postnatal check-ups clinics will run every March at designated health centres in Baringo County.,Taarifa kutoka Kenya Red Cross: kliniki za uchunguzi wa baada ya kuzaliwa zitafanyika kila Machi katika vituo vya afya vilivyoainishwa katika Kaunti ya Baringo.
HEA_01153,Health,Notice from Ministry of Health: childhood immunization clinics will run every September at designated health centres in Kisii County.,Taarifa kutoka Wizara ya Afya: Kliniki za chanjo za watoto zitaendeshwa kila Septemba katika vituo vya afya vilivyoainishwa katika Kaunti ya Kisii.
HEA_01154,Health,Ministry of Health - Reproductive Health Unit appeals to caregivers in Taita-Taveta County to visit their nearest maternity wing as part of the December maternal health drive.,Wizara ya Afya - Kitengo cha Afya ya Uzazi kinawaomba watunzaji katika Kaunti ya Taita-Taveta kutembelea uwanja wao wa karibu wa uzazi kama sehemu ya kampeni ya afya ya mama ya Desemba.
HEA_01155,Health,CDC encourages mothers in Mandera County to bring their child for growth monitoring to safeguard their child's health.,CDC inawatia moyo akina mama katika Kaunti ya Mandera walete mtoto wao kwa ufuatiliaji wa ukuaji ili kulinda afya ya mtoto wao.
HEA_01156,Health,Notice from Ministry of Health - Reproductive Health Unit: postnatal check-ups clinics will run every March at designated health centres in Kwale County.,Taarifa kutoka Wizara ya Afya - Kitengo cha Afya ya Uzazi: Kliniki za uchunguzi wa baada ya kuzaliwa zitaendeshwa kila Machi katika vituo vya afya vilivyoainishwa katika Kaunti ya Kwale.
HEA_01157,Health,Ministry of Health - Reproductive Health Unit encourages mothers in Taita-Taveta County to attend the scheduled clinic day to safeguard their child's health.,Wizara ya Afya - Kitengo cha Afya ya Uzazi kinawatia moyo akina mama katika Kaunti ya Taita-Taveta kuhudhuria siku iliyowekwa ya kliniki ili kulinda afya ya mtoto wao.
HEA_01158,Health,SHA (Social Health Authority) encourages mothers in Taita-Taveta County to bring their child for growth monitoring to safeguard their child's health.,Shirika la Afya ya Jamii (SHA) linawatia moyo akina mama katika Wilaya ya Taita-Taveta kumleta mtoto wao kwa ufuatiliaji wa ukuaji ili kulinda afya ya mtoto wao.
HEA_01159,Health,Notice from SHA (Social Health Authority): postnatal check-ups clinics will run every December at designated health centres in Kajiado County.,Taarifa kutoka kwa Shirika la Afya ya Jamii (SHA): kliniki za uchunguzi wa baada ya kuzaliwa zitaendeshwa kila Desemba katika vituo vya afya vilivyochaguliwa katika Kajiado County.
HEA_01160,Health,Kenya Medical Association encourages mothers in Bomet County to visit their nearest maternity wing to safeguard their child's health.,Chama cha Matibabu cha Kenya kinawatia moyo akina mama katika Kaunti ya Bomet kutembelea uwanja wao wa uzazi wa karibu ili kulinda afya ya mtoto wao.
HEA_01161,Health,Division of Disease Surveillance and Response encourages mothers in Kakamega County to register for the mother-and-child health card to safeguard their child's health.,Idara ya Ufuatiliaji na Jibu la Magonjwa inawatia moyo akina mama katika Kaunti ya Kakamega kujiandikisha kwa kadi ya afya ya mama na mtoto ili kulinda afya ya mtoto wao.
HEA_01162,Health,KEMSA encourages mothers in Meru County to visit their nearest maternity wing to safeguard their child's health.,KEMSA inawatia moyo akina mama katika Kaunti ya Meru kutembelea uwanja wao wa karibu wa uzazi ili kulinda afya ya mtoto wao.
HEA_01163,Health,Kenya Red Cross appeals to caregivers in Kirinyaga County to bring their child for growth monitoring as part of the December maternal health drive.,Msalaba Mwekundu wa Kenya unawasihi watunzaji katika Kaunti ya Kirinyaga kumleta mtoto wao kwa ufuatiliaji wa ukuaji kama sehemu ya kampeni ya afya ya mama ya Desemba.
HEA_01164,Health,Notice from KEMSA: childhood immunization clinics will run every March at designated health centres in Wajir County.,Taarifa kutoka KEMSA: Kliniki za chanjo za watoto zitaendeshwa kila Machi katika vituo vya afya vilivyoainishwa katika Kaunti ya Wajir.
HEA_01165,Health,Kenya Red Cross reminds expectant mothers in Mombasa County that access to postnatal check-ups is free of charge at all public facilities.,Msalaba Mwekundu wa Kenya unakumbusha mama wajawazito katika Kaunti ya Mombasa kwamba upatikanaji wa uchunguzi wa baada ya kuzaliwa ni bure katika vituo vyote vya umma.
HEA_01166,Health,CDC appeals to caregivers in Mombasa County to bring their child for growth monitoring as part of the October maternal health drive.,CDC inatoa wito kwa watunzaji katika Kaunti ya Mombasa kumleta mtoto wao kwa ufuatiliaji wa ukuaji kama sehemu ya kampeni ya afya ya mama ya Oktoba.
HEA_01167,Health,KEMRI encourages mothers in Vihiga County to bring their child for growth monitoring to safeguard their child's health.,KEMRI inawatia moyo akina mama katika Kaunti ya Vihiga kumleta mtoto wao kwa ufuatiliaji wa ukuaji ili kulinda afya ya mtoto wao.
HEA_01168,Health,Kenya Medical Association appeals to caregivers in Nandi County to visit their nearest maternity wing as part of the February maternal health drive.,Shirika la Matibabu la Kenya linawasihi watunzaji katika Kaunti ya Nandi kutembelea uwanja wao wa karibu wa uzazi kama sehemu ya kampeni ya afya ya mama ya Februari.
HEA_01169,Health,CDC encourages mothers in Nyandarua County to register for the mother-and-child health card to safeguard their child's health.,CDC inawatia moyo akina mama katika Kaunti ya Nyandarua kujiandikisha kwa kadi ya afya ya mama na mtoto ili kulinda afya ya mtoto wao.
HEA_01170,Health,KEMSA reminds expectant mothers in Marsabit County that access to family planning counselling is free of charge at all public facilities.,KEMSA inawakumbusha akina mama wajawazito katika Kaunti ya Marsabit kwamba upatikanaji wa ushauri wa mipango ya familia ni bure katika vituo vyote vya umma.
HEA_01171,Health,Notice from Ministry of Health: family planning counselling clinics will run every January at designated health centres in Marsabit County.,Taarifa kutoka Wizara ya Afya: kliniki za ushauri wa mpango wa familia zitaendeshwa kila Januari katika vituo vya afya vilivyochaguliwa katika Kaunti ya Marsabit.
HEA_01172,Health,Notice from Division of Disease Surveillance and Response: free antenatal care clinics will run every January at designated health centres in Taita-Taveta County.,Taarifa kutoka kwa Idara ya Ufuatiliaji na Jibu la Magonjwa: kliniki za bure za utunzaji wa kabla ya kuzaa zitaendeshwa kila Januari katika vituo vya afya vilivyoainishwa katika Wilaya ya Taita-Taveta.
HEA_01173,Health,Ministry of Health - Reproductive Health Unit encourages mothers in Vihiga County to visit their nearest maternity wing to safeguard their child's health.,Wizara ya Afya - Kitengo cha Afya ya Uzazi kinawatia moyo akina mama katika Kaunti ya Vihiga kutembelea uwanja wao wa karibu wa uzazi ili kulinda afya ya mtoto wao.
HEA_01174,Health,Kenya Red Cross reminds expectant mothers in Murang'a County that access to postnatal check-ups is free of charge at all public facilities.,Msalaba Mwekundu wa Kenya unakumbusha mama wajawazito katika Kaunti ya Murang'a kwamba upatikanaji wa uchunguzi wa baada ya kuzaliwa ni bure katika vituo vyote vya umma.
HEA_01175,Health,Kenya Medical Association reminds expectant mothers in Bomet County that access to skilled birth attendance is free of charge at all public facilities.,Shirika la Matibabu la Kenya linawakumbusha akina mama wajawazito katika Kaunti ya Bomet kwamba huduma za uzazi za kitaalamu ni za bure katika vituo vyote vya umma.
HEA_01176,Health,KEMSA appeals to caregivers in Wajir County to attend the scheduled clinic day as part of the December maternal health drive.,KEMSA inawaalika watunzaji katika Kaunti ya Wajir kuhudhuria siku iliyopangwa ya kliniki kama sehemu ya kampeni ya afya ya mama ya Desemba.
HEA_01177,Health,Notice from CDC: childhood immunization clinics will run every September at designated health centres in Uasin Gishu County.,Taarifa kutoka CDC: kliniki za chanjo za watoto zitaendeshwa kila Septemba katika vituo vya afya vilivyoainishwa katika Kaunti ya Uasin Gishu.
HEA_01178,Health,Ministry of Health encourages mothers in Garissa County to visit their nearest maternity wing to safeguard their child's health.,Wizara ya Afya inawatia moyo akina mama katika Kaunti ya Garissa kutembelea uwanja wao wa karibu wa uzazi ili kulinda afya ya mtoto wao.
HEA_01179,Health,Kenya Red Cross appeals to caregivers in Elgeyo-Marakwet County to attend the scheduled clinic day as part of the October maternal health drive.,Msalaba Mwekundu wa Kenya unawasihi watunzaji katika Kaunti ya Elgeyo-Marakwet kuhudhuria siku iliyopangwa ya kliniki kama sehemu ya kampeni ya afya ya mama ya Oktoba.
HEA_01180,Health,Notice from CDC: skilled birth attendance clinics will run every October at designated health centres in Kakamega County.,Taarifa kutoka kwa CDC: kliniki za kulea watoto wenye ujuzi zitaendesha kila Oktoba katika vituo vya afya vilivyoainishwa katika Kaunti ya Kakamega.
HEA_01181,Health,Ministry of Health - Reproductive Health Unit encourages mothers in Kajiado County to bring their child for growth monitoring to safeguard their child's health.,Wizara ya Afya - Kitengo cha Afya ya Uzazi kinawatia moyo akina mama katika Kajiado County kumleta mtoto wao kwa ufuatiliaji wa ukuaji ili kulinda afya ya mtoto wao.
HEA_01182,Health,KEMSA appeals to caregivers in Busia County to attend the scheduled clinic day as part of the April maternal health drive.,KEMSA inawaalika watunzaji katika Kaunti ya Busia kuhudhuria siku iliyopangwa ya kliniki kama sehemu ya kampeni ya afya ya akina mama ya Aprili.
HEA_01183,Health,Ministry of Health encourages mothers in Wajir County to bring their child for growth monitoring to safeguard their child's health.,Wizara ya Afya inawatia moyo akina mama katika Kaunti ya Wajir kumleta mtoto wao kwa ufuatiliaji wa ukuaji ili kulinda afya ya mtoto wao.
HEA_01184,Health,KEMRI reminds expectant mothers in Busia County that access to postnatal check-ups is free of charge at all public facilities.,KEMRI inawakumbusha akina mama wajawazito katika Kaunti ya Busia kwamba upatikanaji wa uchunguzi wa baada ya kuzaliwa ni bure katika vituo vyote vya umma.
HEA_01185,Health,Division of Disease Surveillance and Response reminds expectant mothers in Turkana County that access to family planning counselling is free of charge at all public facilities.,Idara ya Ufuatiliaji na Jibu la Magonjwa inawakumbusha akina mama wajawazito katika Kaunti ya Turkana kwamba upatikanaji wa ushauri wa mipango ya familia ni bure katika vituo vyote vya umma.
HEA_01186,Health,Ministry of Health encourages mothers in Siaya County to attend the scheduled clinic day to safeguard their child's health.,Wizara ya Afya inawatia moyo akina mama katika Kaunti ya Siaya kuhudhuria siku iliyopangwa ya kliniki ili kulinda afya ya mtoto wao.
HEA_01187,Health,Notice from SHA (Social Health Authority): nutrition supplementation for infants clinics will run every May at designated health centres in Kirinyaga County.,Taarifa kutoka kwa SHA (Shirika la Afya ya Jamii): virutubisho vya lishe kwa kliniki za watoto wachanga vitatekelezwa kila Mei katika vituo vya afya vilivyoainishwa katika Kaunti ya Kirinyaga.
HEA_01188,Health,Notice from Ministry of Health: skilled birth attendance clinics will run every November at designated health centres in Wajir County.,Taarifa kutoka Wizara ya Afya: Kliniki za kulea watoto wenye ujuzi zitaendeshwa kila Novemba katika vituo vya afya vilivyoainishwa katika Kaunti ya Wajir.
HEA_01189,Health,Notice from Kenya Medical Association: nutrition supplementation for infants clinics will run every October at designated health centres in Nairobi County.,Taarifa kutoka Kenya Medical Association: virutubisho vya lishe kwa watoto wachanga kliniki itaendesha kila Oktoba katika vituo maalum vya afya katika Nairobi County.
HEA_01190,Health,KEMSA reminds expectant mothers in Tharaka-Nithi County that access to skilled birth attendance is free of charge at all public facilities.,KEMSA inawakumbusha akina mama wajawazito katika Kaunti ya Tharaka-Nithi kwamba ufikiaji wa huduma za uzazi wenye ujuzi ni bure katika vituo vyote vya umma.
HEA_01191,Health,Ministry of Health - Reproductive Health Unit appeals to caregivers in Kilifi County to register for the mother-and-child health card as part of the November maternal health drive.,Wizara ya Afya - Kitengo cha Afya ya Uzazi kinawaomba watunzaji katika Kaunti ya Kilifi kujiandikisha kwa kadi ya afya ya mama na mtoto kama sehemu ya kampeni ya afya ya mama ya Novemba.
HEA_01192,Health,KEMSA appeals to caregivers in Siaya County to attend the scheduled clinic day as part of the August maternal health drive.,KEMSA inawaalika watunzaji katika Kaunti ya Siaya kuhudhuria siku iliyopangwa ya kliniki kama sehemu ya kampeni ya afya ya mama ya Agosti.
HEA_01193,Health,Kenya Medical Association appeals to caregivers in Tana River County to attend the scheduled clinic day as part of the September maternal health drive.,Shirika la Matibabu la Kenya linawasihi watunzaji katika Kaunti ya Tana River kuhudhuria siku ya kliniki iliyopangwa kama sehemu ya kampeni ya afya ya mama ya Septemba.
HEA_01194,Health,Notice from CDC: childhood immunization clinics will run every January at designated health centres in Kericho County.,Taarifa kutoka CDC: kliniki za chanjo za watoto zitaendeshwa kila Januari katika vituo vya afya vilivyoainishwa katika Kaunti ya Kericho.
HEA_01195,Health,Notice from Division of Disease Surveillance and Response: skilled birth attendance clinics will run every March at designated health centres in Lamu County.,Taarifa kutoka kwa Idara ya Ufuatiliaji na Jibu la Magonjwa: Kliniki za usimamizi wa uzazi wenye ujuzi zitaendeshwa kila Machi katika vituo vya afya vilivyoainishwa katika Kaunti ya Lamu.
HEA_01196,Health,Division of Disease Surveillance and Response reminds expectant mothers in Samburu County that access to nutrition supplementation for infants is free of charge at all public facilities.,Idara ya Ufuatiliaji na Jibu la Magonjwa inawakumbusha akina mama wajawazito katika Kaunti ya Samburu kwamba upatikanaji wa virutubisho vya lishe kwa watoto wachanga ni bure katika vituo vyote vya umma.
HEA_01197,Health,Kenya Medical Association encourages mothers in Meru County to visit their nearest maternity wing to safeguard their child's health.,Shirika la Matibabu la Kenya linawatia moyo akina mama katika Kaunti ya Meru kutembelea uwanja wao wa uzazi wa karibu ili kulinda afya ya mtoto wao.
HEA_01198,Health,Notice from Division of Disease Surveillance and Response: skilled birth attendance clinics will run every January at designated health centres in Nyamira County.,Taarifa kutoka kwa Idara ya Ufuatiliaji na Jibu la Magonjwa: Kliniki za kulea watoto wenye ujuzi zitaendeshwa kila Januari katika vituo vya afya vilivyoainishwa katika Kaunti ya Nyamira.
HEA_01199,Health,SHA (Social Health Authority) appeals to caregivers in Nakuru County to attend the scheduled clinic day as part of the April maternal health drive.,SHA (Shirika la Afya ya Jamii) linawasihi watunzaji katika Kaunti ya Nakuru kuhudhuria siku ya kliniki iliyopangwa kama sehemu ya kampeni ya afya ya akina mama ya Aprili.
HEA_01200,Health,Kenya Red Cross appeals to caregivers in Embu County to attend the scheduled clinic day as part of the September maternal health drive.,Msalaba Mwekundu wa Kenya unawasihi watunzaji katika Kaunti ya Embu kuhudhuria siku iliyopangwa ya kliniki kama sehemu ya kampeni ya afya ya mama ya Septemba.
HEA_01201,Health,SHA (Social Health Authority) advises residents of West Pokot County to boil drinking water before use to prevent the spread of preventable illness.,Shirika la Afya ya Jamii (SHA) linawashauri wakazi wa Kaunti ya West Pokot kuchemsha maji ya kunywa kabla ya kutumia ili kuzuia kuenea kwa magonjwa yanayoweza kuepukwa.
HEA_01202,Health,Ministry of Health - Reproductive Health Unit launches a January awareness campaign on food safety across Narok County.,Wizara ya Afya - Kitengo cha Afya ya Kuzaa kinazindua kampeni ya Januari ya ufahamu juu ya usalama wa chakula kote katika Kaunti ya Narok.
HEA_01203,Health,CDC reminds the public in Marsabit County about the importance of proper sanitation for household wellbeing.,CDC inawakumbusha umma katika Kaunti ya Marsabit juu ya umuhimu wa usafi sahihi kwa ustawi wa kaya.
HEA_01204,Health,CDC reminds the public in Kirinyaga County about the importance of safe water storage for household wellbeing.,CDC inakumbusha umma katika Kaunti ya Kirinyaga juu ya umuhimu wa kuhifadhi maji salama kwa ustawi wa kaya.
HEA_01205,Health,CDC launches a March awareness campaign on safe water storage across Migori County.,CDC inazindua kampeni ya Machi ya ufahamu juu ya uhifadhi wa maji salama katika Wilaya ya Migori.
HEA_01206,Health,Ministry of Health - Reproductive Health Unit launches a December awareness campaign on food safety across Samburu County.,Wizara ya Afya - Kitengo cha Afya ya Kuzaliana kinazindua kampeni ya kuelimisha juu ya usalama wa chakula katika jimbo lote la Samburu mnamo Desemba.
HEA_01207,Health,Ministry of Health launches a January awareness campaign on tobacco control across Kirinyaga County.,Wizara ya Afya inazindua kampeni ya ufahamu ya Januari juu ya udhibiti wa tumbaku katika Kaunti ya Kirinyaga.
HEA_01208,Health,Division of Disease Surveillance and Response launches a January awareness campaign on hand hygiene across Baringo County.,Idara ya Ufuatiliaji na Jibu la Magonjwa inazindua kampeni ya Januari ya ufahamu juu ya usafi wa mikono kote katika Kaunti ya Baringo.
HEA_01209,Health,Public notice: Ministry of Health will host a free tobacco control outreach in Kakamega County this May.,Taarifa ya umma: Wizara ya Afya itaandaa kampeni ya bure ya kudhibiti tumbaku katika Kaunti ya Kakamega Mei hii.
HEA_01210,Health,Division of Disease Surveillance and Response advises residents of Tharaka-Nithi County to attend the free community health screening to prevent the spread of preventable illness.,Idara ya Ufuatiliaji na Jibu la Magonjwa inawashauri wakazi wa Kaunti ya Tharaka-Nithi kuhudhuria uchunguzi wa bure wa afya ya jamii ili kuzuia kuenea kwa magonjwa yanayoweza kuepukwa.
HEA_01211,Health,Public notice: CDC will host a free tobacco control outreach in Murang'a County this August.,Taarifa ya umma: CDC itaandaa kampeni ya bure ya kudhibiti tumbaku katika Kaunti ya Murang'a Agosti hii.
HEA_01212,Health,Kenya Red Cross launches a March awareness campaign on proper sanitation across Marsabit County.,Msalaba Mwekundu wa Kenya unazindua kampeni ya Machi ya ufahamu juu ya usafi sahihi katika Wilaya ya Marsabit.
HEA_01213,Health,Ministry of Health launches a September awareness campaign on hypertension awareness across Busia County.,Wizara ya Afya inazindua kampeni ya ufahamu ya Septemba juu ya ufahamu wa shinikizo la damu kotekote katika Kaunti ya Busia.
HEA_01214,Health,KEMRI launches a June awareness campaign on hypertension awareness across Kericho County.,KEMRI inazindua kampeni ya ufahamu wa Juni juu ya ufahamu wa shinikizo la damu katika Kaunti ya Kericho.
HEA_01215,Health,Public notice: Kenya Red Cross will host a free food safety outreach in Marsabit County this December.,Taarifa ya umma: Msalaba Mwekundu wa Kenya utaandaa kampeni ya bure ya usalama wa chakula katika Kaunti ya Marsabit Desemba hii.
HEA_01216,Health,Public notice: KEMRI will host a free proper sanitation outreach in Isiolo County this February.,Taarifa ya umma: KEMRI itaandaa huduma ya usafi wa bure katika Kaunti ya Isiolo Februari hii.
HEA_01217,Health,Public notice: CDC will host a free safe water storage outreach in Nandi County this January.,Taarifa ya umma: CDC itaandaa huduma ya bure ya kuhifadhi maji salama katika Kaunti ya Nandi Januari hii.
HEA_01218,Health,Ministry of Health - Reproductive Health Unit launches a January awareness campaign on hand hygiene across Migori County.,Wizara ya Afya - Kitengo cha Afya ya uzazi kinazindua kampeni ya Januari ya ufahamu juu ya usafi wa mikono katika Kaunti ya Migori.
HEA_01219,Health,Ministry of Health reminds the public in Taita-Taveta County about the importance of diabetes screening for household wellbeing.,Wizara ya Afya inawakumbusha umma katika Kaunti ya Taita-Taveta umuhimu wa uchunguzi wa ugonjwa wa kisukari kwa ustawi wa kaya.
HEA_01220,Health,Ministry of Health - Reproductive Health Unit advises residents of Busia County to attend the free community health screening to prevent the spread of preventable illness.,Wizara ya Afya - Kitengo cha Afya ya Uzazi kinashauri wakazi wa Kaunti ya Busia kuhudhuria uchunguzi wa bure wa afya ya jamii ili kuzuia kuenea kwa magonjwa yanayoweza kuepukwa.
HEA_01221,Health,Public notice: KEMRI will host a free food safety outreach in Nyamira County this November.,Taarifa ya umma: KEMRI itaandaa kampeni ya bure ya usalama wa chakula katika Kaunti ya Nyamira mwezi huu wa Novemba.
HEA_01222,Health,Ministry of Health - Reproductive Health Unit launches a March awareness campaign on hand hygiene across Kakamega County.,Wizara ya Afya - Kitengo cha Afya ya Kuzaa kinazindua kampeni ya Machi ya ufahamu juu ya usafi wa mikono katika Kaunti ya Kakamega.
HEA_01223,Health,SHA (Social Health Authority) reminds the public in Baringo County about the importance of tobacco control for household wellbeing.,Shirika la Afya ya Jamii (SHA) linakumbusha umma katika Kaunti ya Baringo umuhimu wa udhibiti wa tumbaku kwa ustawi wa kaya.
HEA_01224,Health,Ministry of Health - Reproductive Health Unit reminds the public in Kitui County about the importance of safe water storage for household wellbeing.,Wizara ya Afya - Idara ya Afya ya Kuzaliana inawakumbusha watu katika Kaunti ya Kitui umuhimu wa kuhifadhi maji salama kwa ustawi wa kaya.
HEA_01225,Health,Public notice: Division of Disease Surveillance and Response will host a free tobacco control outreach in Trans Nzoia County this March.,Taarifa ya umma: Idara ya Ufuatiliaji na Jibu la Magonjwa itaandaa kampeni ya bure ya kudhibiti tumbaku katika Kaunti ya Trans Nzoia Machi hii.
HEA_01226,Health,Public notice: Division of Disease Surveillance and Response will host a free hand hygiene outreach in Baringo County this August.,Taarifa ya umma: Idara ya Ufuatiliaji na Jibu la Magonjwa itaandaa huduma ya usafi wa mikono bure katika Kaunti ya Baringo Agosti hii.
HEA_01227,Health,Ministry of Health - Reproductive Health Unit launches a June awareness campaign on diabetes screening across Wajir County.,Wizara ya Afya - Kitengo cha Afya ya Kuzaa kinazindua kampeni ya kuelimisha watu kuhusu uchunguzi wa ugonjwa wa kisukari katika jimbo lote la Wajir mwezi Juni.
HEA_01228,Health,KEMSA reminds the public in Nyeri County about the importance of hypertension awareness for household wellbeing.,KEMSA inawakumbusha umma katika Kaunti ya Nyeri juu ya umuhimu wa ufahamu wa shinikizo la damu kwa ustawi wa kaya.
HEA_01229,Health,CDC advises residents of Garissa County to wash hands with soap and clean water regularly to prevent the spread of preventable illness.,CDC inashauri wakazi wa Kaunti ya Garissa waoshe mikono kwa sabuni na maji safi mara kwa mara ili kuzuia kuenea kwa magonjwa yanayoweza kuepukwa.
HEA_01230,Health,Public notice: CDC will host a free food safety outreach in Kisumu County this February.,Taarifa ya umma: CDC itaandaa kampeni ya bure ya usalama wa chakula katika Kaunti ya Kisumu Februari hii.
HEA_01231,Health,Public notice: CDC will host a free hypertension awareness outreach in Baringo County this July.,Taarifa ya umma: CDC itaandaa kampeni ya bure ya ufahamu wa shinikizo la damu baringo mwezi huu Julai.
HEA_01232,Health,KEMRI reminds the public in Busia County about the importance of hypertension awareness for household wellbeing.,KEMRI inawakumbusha umma katika Kaunti ya Busia juu ya umuhimu wa ufahamu wa shinikizo la damu kwa ustawi wa kaya.
HEA_01233,Health,Ministry of Health - Reproductive Health Unit advises residents of Samburu County to attend the free community health screening to prevent the spread of preventable illness.,Wizara ya Afya - Kitengo cha Afya ya Kuzaa kinashauri wakazi wa Kaunti ya Samburu kuhudhuria uchunguzi wa bure wa afya ya jamii ili kuzuia kuenea kwa magonjwa yanayoweza kuepukwa.
HEA_01234,Health,Kenya Medical Association advises residents of Elgeyo-Marakwet County to attend the free community health screening to prevent the spread of preventable illness.,Chama cha Matibabu cha Kenya kinashauri wakazi wa Kaunti ya Elgeyo-Marakwet kuhudhuria uchunguzi wa bure wa afya ya jamii ili kuzuia kuenea kwa magonjwa yanayoweza kuepukwa.
HEA_01235,Health,KEMSA advises residents of Homa Bay County to wash hands with soap and clean water regularly to prevent the spread of preventable illness.,KEMSA inashauri wakazi wa Kaunti ya Homa Bay kuosha mikono kwa sabuni na maji safi mara kwa mara ili kuzuia kuenea kwa magonjwa yanayoweza kuepukwa.
HEA_01236,Health,SHA (Social Health Authority) reminds the public in Vihiga County about the importance of diabetes screening for household wellbeing.,Shirika la Afya ya Jamii (SHA) linakumbusha umma katika Kaunti ya Vihiga umuhimu wa uchunguzi wa ugonjwa wa kisukari kwa ustawi wa kaya.
HEA_01237,Health,Public notice: CDC will host a free safe water storage outreach in Garissa County this August.,Taarifa ya umma: CDC itaandaa huduma ya bure ya kuhifadhi maji salama katika Kaunti ya Garissa Agosti hii.
HEA_01238,Health,Public notice: Kenya Medical Association will host a free hand hygiene outreach in Lamu County this October.,Taarifa ya umma: Chama cha Matibabu cha Kenya kitaandaa kampeni ya usafi wa mikono ya bure katika Kaunti ya Lamu mwezi huu wa Oktoba.
HEA_01239,Health,Division of Disease Surveillance and Response reminds the public in Nakuru County about the importance of tobacco control for household wellbeing.,Idara ya Ufuatiliaji na Jibu la Magonjwa inawakumbusha umma katika Kaunti ya Nakuru juu ya umuhimu wa udhibiti wa tumbaku kwa ustawi wa kaya.
HEA_01240,Health,SHA (Social Health Authority) launches a March awareness campaign on hypertension awareness across Embu County.,Shirika la Afya ya Jamii (SHA) linazindua kampeni ya Machi ya ufahamu wa shinikizo la damu katika jimbo lote la Embu.
HEA_01241,Health,KEMSA launches a March awareness campaign on diabetes screening across Homa Bay County.,KEMSA inazindua kampeni ya Machi ya ufahamu juu ya uchunguzi wa ugonjwa wa kisukari kote Homa Bay County.
HEA_01242,Health,Public notice: Kenya Medical Association will host a free diabetes screening outreach in Busia County this October.,Taarifa ya umma: Chama cha Matibabu cha Kenya kitaandaa huduma ya bure ya uchunguzi wa ugonjwa wa kisukari katika Kaunti ya Busia mwezi huu wa Oktoba.
HEA_01243,Health,KEMRI advises residents of Migori County to attend the free community health screening to prevent the spread of preventable illness.,KEMRI inashauri wakazi wa Kaunti ya Migori kuhudhuria uchunguzi wa bure wa afya ya jamii ili kuzuia kuenea kwa magonjwa yanayoweza kuepukwa.
HEA_01244,Health,Public notice: Kenya Medical Association will host a free hand hygiene outreach in Nyamira County this June.,Taarifa ya umma: Chama cha Matibabu cha Kenya kitaandaa kampeni ya usafi wa mikono ya bure katika Kaunti ya Nyamira mwezi Juni huu.
HEA_01245,Health,CDC launches a March awareness campaign on food safety across Trans Nzoia County.,CDC inazindua kampeni ya Machi ya ufahamu juu ya usalama wa chakula katika Kaunti ya Trans Nzoia.
HEA_01246,Health,Public notice: Ministry of Health will host a free hand hygiene outreach in West Pokot County this September.,Taarifa ya umma: Wizara ya Afya itaandaa huduma ya usafi wa mikono ya bure katika Kaunti ya Pokot Magharibi mwezi huu wa Septemba.
HEA_01247,Health,CDC launches a February awareness campaign on food safety across Turkana County.,CDC inazindua kampeni ya Februari ya ufahamu juu ya usalama wa chakula katika Wilaya ya Turkana.
HEA_01248,Health,Public notice: Ministry of Health will host a free tobacco control outreach in Machakos County this July.,Taarifa ya umma: Wizara ya Afya itaandaa kampeni ya bure ya kudhibiti tumbaku katika Kaunti ya Machakos Julai hii.
HEA_01249,Health,Division of Disease Surveillance and Response reminds the public in Nyamira County about the importance of diabetes screening for household wellbeing.,Idara ya Ufuatiliaji na Jibu la Magonjwa inakumbusha umma katika Kaunti ya Nyamira juu ya umuhimu wa uchunguzi wa ugonjwa wa kisukari kwa ustawi wa kaya.
HEA_01250,Health,Kenya Medical Association reminds the public in Kericho County about the importance of tobacco control for household wellbeing.,Chama cha Matibabu cha Kenya kinakumbusha umma katika Kaunti ya Kericho juu ya umuhimu wa udhibiti wa tumbaku kwa ustawi wa kaya.
HEA_01251,Health,Ministry of Health - Reproductive Health Unit advises residents of Mandera County to reduce salt and sugar intake to prevent the spread of preventable illness.,Wizara ya Afya - Kitengo cha Afya ya Uzazi kinashauri wakazi wa Kaunti ya Mandera kupunguza ulaji wa chumvi na sukari ili kuzuia kuenea kwa magonjwa yanayoweza kuepukwa.
HEA_01252,Health,Public notice: Kenya Medical Association will host a free food safety outreach in Marsabit County this May.,Taarifa ya umma: Chama cha Matibabu cha Kenya kitaandaa kampeni ya bure ya usalama wa chakula katika Kaunti ya Marsabit Mei hii.
HEA_01253,Health,KEMSA advises residents of Mombasa County to wash hands with soap and clean water regularly to prevent the spread of preventable illness.,KEMSA inawashauri wakazi wa Kaunti ya Mombasa waoshe mikono kwa sabuni na maji safi mara kwa mara ili kuzuia kuenea kwa magonjwa yanayoweza kuepukwa.
HEA_01254,Health,Ministry of Health - Reproductive Health Unit advises residents of Homa Bay County to boil drinking water before use to prevent the spread of preventable illness.,Wizara ya Afya - Kitengo cha Afya ya Uzazi kinashauri wakazi wa Kaunti ya Homa Bay kuchemsha maji ya kunywa kabla ya matumizi ili kuzuia kuenea kwa magonjwa yanayoweza kuepukwa.
HEA_01255,Health,KEMSA launches a July awareness campaign on food safety across Kisumu County.,KEMSA inazindua kampeni ya ufahamu wa Julai juu ya usalama wa chakula katika Kaunti ya Kisumu.
HEA_01256,Health,Kenya Medical Association reminds the public in Busia County about the importance of diabetes screening for household wellbeing.,Chama cha Matibabu cha Kenya kinakumbusha umma katika Kaunti ya Busia juu ya umuhimu wa uchunguzi wa ugonjwa wa kisukari kwa ustawi wa kaya.
HEA_01257,Health,CDC reminds the public in Nandi County about the importance of proper sanitation for household wellbeing.,CDC inakumbusha umma katika Kaunti ya Nandi juu ya umuhimu wa usafi sahihi kwa ustawi wa kaya.
HEA_01258,Health,KEMSA advises residents of Elgeyo-Marakwet County to wash hands with soap and clean water regularly to prevent the spread of preventable illness.,KEMSA inashauri wakazi wa Kaunti ya Elgeyo-Marakwet waoshe mikono kwa sabuni na maji safi mara kwa mara ili kuzuia kuenea kwa magonjwa yanayoweza kuepukwa.
HEA_01259,Health,KEMRI reminds the public in Nyamira County about the importance of proper sanitation for household wellbeing.,KEMRI inawakumbusha umma katika Kaunti ya Nyamira umuhimu wa usafi sahihi kwa ustawi wa kaya.
HEA_01260,Health,CDC reminds the public in Kakamega County about the importance of hand hygiene for household wellbeing.,CDC inakumbusha umma katika Kaunti ya Kakamega juu ya umuhimu wa usafi wa mikono kwa ustawi wa kaya.
HEA_01261,Health,Ministry of Health - Reproductive Health Unit launches a June awareness campaign on hand hygiene across Nyamira County.,Wizara ya Afya - Kitengo cha Afya ya uzazi kinazindua kampeni ya ufahamu ya Juni juu ya usafi wa mikono kote Kaunti ya Nyamira.
HEA_01262,Health,SHA (Social Health Authority) reminds the public in Marsabit County about the importance of tobacco control for household wellbeing.,Shirika la Afya ya Jamii (SHA) linakumbusha umma katika wilaya ya Marsabit umuhimu wa udhibiti wa tumbaku kwa ustawi wa kaya.
HEA_01263,Health,Public notice: Ministry of Health - Reproductive Health Unit will host a free hypertension awareness outreach in Kajiado County this February.,Taarifa ya umma: Wizara ya Afya - Kitengo cha Afya ya Uzazi kitaandaa ufahamu wa bure wa shinikizo la damu katika Kajiado County Februari hii.
HEA_01264,Health,KEMRI launches a November awareness campaign on tobacco control across Laikipia County.,KEMRI inazindua kampeni ya ufahamu ya Novemba juu ya udhibiti wa tumbaku kote Kaunti ya Laikipia.
HEA_01265,Health,CDC launches a May awareness campaign on hypertension awareness across Vihiga County.,CDC inazindua kampeni ya Mei ya ufahamu juu ya ufahamu wa shinikizo la damu katika Wilaya ya Vihiga.
HEA_01266,Health,Division of Disease Surveillance and Response launches a January awareness campaign on diabetes screening across Kericho County.,Idara ya Ufuatiliaji na Jibu la Magonjwa inazindua kampeni ya Januari ya ufahamu juu ya uchunguzi wa ugonjwa wa kisukari katika Kaunti ya Kericho.
HEA_01267,Health,CDC reminds the public in Laikipia County about the importance of tobacco control for household wellbeing.,CDC inakumbusha umma katika Kaunti ya Laikipia juu ya umuhimu wa udhibiti wa tumbaku kwa ustawi wa kaya.
HEA_01268,Health,Public notice: Kenya Medical Association will host a free proper sanitation outreach in Turkana County this May.,Taarifa ya umma: Chama cha Matibabu cha Kenya kitaandaa huduma ya usafi wa bure katika Kaunti ya Turkana Mei hii.
HEA_01269,Health,Ministry of Health advises residents of Kisii County to attend the free community health screening to prevent the spread of preventable illness.,Wizara ya Afya inawashauri wakazi wa Kaunti ya Kisii kuhudhuria uchunguzi wa bure wa afya ya jamii ili kuzuia kuenea kwa magonjwa yanayoweza kuepukwa.
HEA_01270,Health,Public notice: Ministry of Health will host a free hypertension awareness outreach in Siaya County this August.,Taarifa ya umma: Wizara ya Afya itaandaa kampeni ya bure ya ufahamu wa shinikizo la damu katika Kaunti ya Siaya Agosti hii.
HEA_01271,Health,Ministry of Health advises residents of Homa Bay County to wash hands with soap and clean water regularly to prevent the spread of preventable illness.,Wizara ya Afya inawashauri wakazi wa Kaunti ya Homa Bay kuosha mikono kwa sabuni na maji safi mara kwa mara ili kuzuia kuenea kwa magonjwa yanayoweza kuepukwa.
HEA_01272,Health,Public notice: Ministry of Health - Reproductive Health Unit will host a free hypertension awareness outreach in Taita-Taveta County this March.,Taarifa ya umma: Wizara ya Afya - Kitengo cha Afya ya Uzazi kitashiriki kampeni ya bure ya ufahamu juu ya shinikizo la damu katika Kaunti ya Taita-Taveta mwezi huu wa Machi.
HEA_01273,Health,Kenya Red Cross launches a March awareness campaign on hypertension awareness across Makueni County.,Msalaba Mwekundu wa Kenya unazindua kampeni ya Machi ya ufahamu juu ya shinikizo la damu katika Wilaya ya Makueni.
HEA_01274,Health,Public notice: Kenya Red Cross will host a free tobacco control outreach in Makueni County this January.,Taarifa ya umma: Msalaba Mwekundu wa Kenya utaandaa kampeni ya bure ya kuzuia tumbaku katika Kaunti ya Makueni Januari hii.
HEA_01275,Health,KEMSA launches a December awareness campaign on safe water storage across Vihiga County.,KEMSA inazindua kampeni ya ufahamu ya Desemba juu ya uhifadhi wa maji salama katika Kaunti ya Vihiga.
HEA_01276,Health,Division of Disease Surveillance and Response reminds the public in Meru County about the importance of food safety for household wellbeing.,Idara ya Ufuatiliaji na Jibu la Magonjwa inakumbusha umma katika Kaunti ya Meru juu ya umuhimu wa usalama wa chakula kwa ustawi wa kaya.
HEA_01277,Health,Ministry of Health - Reproductive Health Unit advises residents of Meru County to wash hands with soap and clean water regularly to prevent the spread of preventable illness.,Wizara ya Afya - Kitengo cha Afya ya Kuzaa kinashauri wakazi wa Kaunti ya Meru kuosha mikono kwa sabuni na maji safi mara kwa mara ili kuzuia kuenea kwa magonjwa yanayoweza kuepukwa.
HEA_01278,Health,Public notice: SHA (Social Health Authority) will host a free food safety outreach in Marsabit County this October.,Taarifa ya umma: Shirika la Afya ya Jamii (SHA) litaandaa kampeni ya bure ya usalama wa chakula katika Kaunti ya Marsabit mwezi huu wa Oktoba.
HEA_01279,Health,Ministry of Health - Reproductive Health Unit advises residents of Uasin Gishu County to boil drinking water before use to prevent the spread of preventable illness.,Wizara ya Afya - Kitengo cha Afya ya Uzazi kinashauri wakazi wa Kaunti ya Uasin Gishu kuchemsha maji ya kunywa kabla ya matumizi ili kuzuia kuenea kwa magonjwa yanayoweza kuepukwa.
HEA_01280,Health,KEMSA reminds the public in Embu County about the importance of tobacco control for household wellbeing.,KEMSA inawakumbusha umma katika Kaunti ya Embu juu ya umuhimu wa udhibiti wa tumbaku kwa ustawi wa kaya.
HEA_01281,Health,Public notice: Ministry of Health will host a free food safety outreach in Kisumu County this May.,Taarifa ya umma: Wizara ya Afya itaandaa kampeni ya bure ya usalama wa chakula katika Kaunti ya Kisumu Mei hii.
HEA_01282,Health,Ministry of Health launches an August awareness campaign on diabetes screening across Isiolo County.,Wizara ya Afya inazindua kampeni ya ufahamu ya Agosti juu ya uchunguzi wa ugonjwa wa kisukari katika Kaunti ya Isiolo.
HEA_01283,Health,Kenya Red Cross reminds the public in Laikipia County about the importance of food safety for household wellbeing.,Msalaba Mwekundu wa Kenya unakumbusha umma katika Kaunti ya Laikipia juu ya umuhimu wa usalama wa chakula kwa ustawi wa kaya.
HEA_01284,Health,Kenya Medical Association advises residents of Migori County to reduce salt and sugar intake to prevent the spread of preventable illness.,Shirika la Matibabu la Kenya linawashauri wakazi wa Wilaya ya Migori kupunguza kiasi cha chumvi na sukari ili kuzuia kuenea kwa magonjwa yanayoweza kuepukwa.
HEA_01285,Health,Kenya Red Cross reminds the public in Marsabit County about the importance of food safety for household wellbeing.,Msalaba Mwekundu wa Kenya unakumbusha umma katika Kaunti ya Marsabit juu ya umuhimu wa usalama wa chakula kwa ustawi wa kaya.
HEA_01286,Health,Ministry of Health reminds the public in Nyeri County about the importance of diabetes screening for household wellbeing.,Wizara ya Afya inawakumbusha umma katika Kaunti ya Nyeri umuhimu wa uchunguzi wa ugonjwa wa kisukari kwa ustawi wa kaya.
HEA_01287,Health,Public notice: CDC will host a free hand hygiene outreach in Migori County this January.,Taarifa ya umma: CDC itaandaa huduma ya usafi wa mikono ya bure katika Kaunti ya Migori Januari hii.
HEA_01288,Health,Public notice: Kenya Medical Association will host a free food safety outreach in Busia County this November.,Taarifa ya umma: Chama cha Matibabu cha Kenya kitaandaa kampeni ya bure ya usalama wa chakula katika Kaunti ya Busia mwezi huu wa Novemba.
HEA_01289,Health,Public notice: Division of Disease Surveillance and Response will host a free food safety outreach in Nyandarua County this May.,Taarifa ya umma: Idara ya Ufuatiliaji na Jibu la Magonjwa itaandaa huduma ya bure ya usalama wa chakula katika Kaunti ya Nyandarua Mei hii.
HEA_01290,Health,Kenya Red Cross launches an October awareness campaign on diabetes screening across Kisumu County.,Msalaba Mwekundu wa Kenya unazindua kampeni ya utambuzi ya Oktoba juu ya uchunguzi wa ugonjwa wa kisukari katika Kaunti ya Kisumu.
HEA_01291,Health,KEMRI reminds the public in Nairobi County about the importance of hypertension awareness for household wellbeing.,KEMRI inawakumbusha umma katika Kaunti ya Nairobi juu ya umuhimu wa ufahamu wa shinikizo la damu kwa ustawi wa kaya.
HEA_01292,Health,CDC advises residents of Kiambu County to boil drinking water before use to prevent the spread of preventable illness.,CDC inashauri wakazi wa Kaunti ya Kiambu kuchemsha maji ya kunywa kabla ya matumizi ili kuzuia kuenea kwa magonjwa yanayoweza kuepukwa.
HEA_01293,Health,Public notice: CDC will host a free hand hygiene outreach in Mombasa County this November.,Taarifa ya umma: CDC itaandaa huduma ya usafi wa mikono ya bure katika Kaunti ya Mombasa mwezi huu wa Novemba.
HEA_01294,Health,Ministry of Health launches a February awareness campaign on hypertension awareness across Uasin Gishu County.,Wizara ya Afya inazindua kampeni ya ufahamu ya Februari juu ya ufahamu wa shinikizo la damu kotekote katika Kaunti ya Uasin Gishu.
HEA_01295,Health,Ministry of Health - Reproductive Health Unit launches an April awareness campaign on tobacco control across Turkana County.,Wizara ya Afya - Kitengo cha Afya ya Uzazi kinazindua kampeni ya ufahamu ya Aprili juu ya udhibiti wa tumbaku katika Kaunti ya Turkana.
HEA_01296,Health,Public notice: Kenya Red Cross will host a free hand hygiene outreach in Tharaka-Nithi County this January.,Taarifa ya umma: Msalaba Mwekundu wa Kenya utaandaa huduma ya usafi wa mikono ya bure katika Kaunti ya Tharaka-Nithi Januari hii.
HEA_01297,Health,Ministry of Health launches a November awareness campaign on food safety across Bungoma County.,Wizara ya Afya inazindua kampeni ya ufahamu ya Novemba juu ya usalama wa chakula kote Bungoma County.
HEA_01298,Health,SHA (Social Health Authority) advises residents of Nyamira County to wash hands with soap and clean water regularly to prevent the spread of preventable illness.,Shirika la Afya ya Jamii (SHA) linawashauri wakazi wa Kaunti ya Nyamira waoshe mikono kwa sabuni na maji safi mara kwa mara ili kuzuia kuenea kwa magonjwa yanayoweza kuepukwa.
HEA_01299,Health,Kenya Medical Association advises residents of Homa Bay County to boil drinking water before use to prevent the spread of preventable illness.,Chama cha Matibabu cha Kenya kinashauri wakazi wa Wilaya ya Homa Bay wachemshe maji ya kunywa kabla ya kutumia ili kuzuia kuenea kwa magonjwa yanayoweza kuepukwa.
HEA_01300,Health,KEMSA launches a May awareness campaign on diabetes screening across Makueni County.,KEMSA inazindua kampeni ya Mei ya ufahamu juu ya uchunguzi wa ugonjwa wa kisukari katika Kaunti ya Makueni.
HEA_01301,Health,Ministry of Health - Reproductive Health Unit launches a July awareness campaign on tobacco control across Nyandarua County.,Wizara ya Afya - Kitengo cha Afya ya Uzazi kinazindua kampeni ya ufahamu ya Julai juu ya udhibiti wa tumbaku kote Kaunti ya Nyandarua.
HEA_01302,Health,Public notice: Kenya Red Cross will host a free proper sanitation outreach in Isiolo County this February.,Taarifa ya umma: Msalaba Mwekundu wa Kenya utaandaa huduma ya usafi wa bure katika Kaunti ya Isiolo Februari hii.
HEA_01303,Health,Kenya Medical Association launches a June awareness campaign on hand hygiene across Samburu County.,Shirika la Matibabu la Kenya linazindua kampeni ya Juni ya ufahamu juu ya usafi wa mikono katika Kaunti ya Samburu.
HEA_01304,Health,Public notice: Kenya Red Cross will host a free hand hygiene outreach in Meru County this August.,Taarifa ya umma: Msalaba Mwekundu wa Kenya utaandaa kampeni ya usafi wa mikono ya bure katika Kaunti ya Meru Agosti hii.
HEA_01305,Health,KEMRI reminds the public in Busia County about the importance of safe water storage for household wellbeing.,KEMRI inawakumbusha umma katika Kaunti ya Busia juu ya umuhimu wa kuhifadhi maji salama kwa ustawi wa kaya.
HEA_01306,Health,SHA (Social Health Authority) reminds the public in Marsabit County about the importance of food safety for household wellbeing.,SHA (Shirika la Afya ya Jamii) linawakumbusha umma katika Kaunti ya Marsabit umuhimu wa usalama wa chakula kwa ustawi wa kaya.
HEA_01307,Health,KEMRI reminds the public in Busia County about the importance of hand hygiene for household wellbeing.,KEMRI inawakumbusha umma katika Kaunti ya Busia umuhimu wa usafi wa mikono kwa ustawi wa kaya.
HEA_01308,Health,Kenya Red Cross reminds the public in Garissa County about the importance of hand hygiene for household wellbeing.,Msalaba Mwekundu wa Kenya unakumbusha umma katika Kaunti ya Garissa juu ya umuhimu wa usafi wa mikono kwa ustawi wa kaya.
HEA_01309,Health,Kenya Red Cross launches a January awareness campaign on diabetes screening across Nandi County.,Msalaba Mwekundu wa Kenya unazindua kampeni ya Januari ya ufahamu juu ya uchunguzi wa ugonjwa wa kisukari katika Kaunti ya Nandi.
HEA_01310,Health,Ministry of Health advises residents of Kilifi County to reduce salt and sugar intake to prevent the spread of preventable illness.,Wizara ya Afya inawashauri wakazi wa Kaunti ya Kilifi kupunguza ulaji wa chumvi na sukari ili kuzuia kuenea kwa magonjwa yanayoweza kuepukwa.
HEA_01311,Health,Public notice: KEMSA will host a free diabetes screening outreach in Kisii County this June.,Taarifa ya umma: KEMSA itaandaa huduma ya bure ya uchunguzi wa ugonjwa wa kisukari katika Kaunti ya Kisii Juni hii.
HEA_01312,Health,CDC launches an August awareness campaign on diabetes screening across Nyamira County.,CDC inazindua kampeni ya ufahamu wa Agosti juu ya uchunguzi wa ugonjwa wa kisukari katika Kaunti ya Nyamira.
HEA_01313,Health,Kenya Medical Association reminds the public in Nairobi County about the importance of hypertension awareness for household wellbeing.,Chama cha Matibabu cha Kenya kinakumbusha umma katika Kaunti ya Nairobi juu ya umuhimu wa ufahamu wa shinikizo la damu kwa ustawi wa kaya.
HEA_01314,Health,Ministry of Health advises residents of Samburu County to reduce salt and sugar intake to prevent the spread of preventable illness.,Wizara ya Afya inawashauri wakazi wa Kaunti ya Samburu kupunguza ulaji wa chumvi na sukari ili kuzuia kuenea kwa magonjwa yanayoweza kuepukwa.
HEA_01315,Health,CDC launches a June awareness campaign on tobacco control across Turkana County.,CDC inazindua kampeni ya kuelimisha watu kuhusu udhibiti wa tumbaku katika jimbo lote la Turkana.
HEA_01316,Health,Public notice: Kenya Medical Association will host a free tobacco control outreach in Tana River County this November.,Taarifa ya umma: Chama cha Matibabu cha Kenya kitaandaa kampeni ya bure ya kudhibiti tumbaku katika Wilaya ya Tana River mwezi huu wa Novemba.
HEA_01317,Health,Division of Disease Surveillance and Response launches a June awareness campaign on hand hygiene across Kericho County.,Idara ya Ufuatiliaji na Jibu la Magonjwa inazindua kampeni ya Juni ya ufahamu juu ya usafi wa mikono kote katika Kaunti ya Kericho.
HEA_01318,Health,Kenya Red Cross reminds the public in Kisumu County about the importance of safe water storage for household wellbeing.,Msalaba Mwekundu wa Kenya unakumbusha umma katika Kaunti ya Kisumu juu ya umuhimu wa kuhifadhi maji salama kwa ustawi wa kaya.
HEA_01319,Health,Kenya Medical Association launches an April awareness campaign on proper sanitation across Homa Bay County.,Chama cha Matibabu cha Kenya kinazindua kampeni ya ufahamu ya Aprili juu ya usafi sahihi katika Kaunti ya Homa Bay.
HEA_01320,Health,SHA (Social Health Authority) reminds the public in Siaya County about the importance of proper sanitation for household wellbeing.,Shirika la Afya ya Jamii (SHA) linakumbusha umma katika Kaunti ya Siaya umuhimu wa usafi sahihi kwa ustawi wa kaya.
HEA_01321,Health,SHA (Social Health Authority) reminds the public in Siaya County about the importance of tobacco control for household wellbeing.,Shirika la Afya ya Jamii (SHA) linakumbusha umma katika Kaunti ya Siaya umuhimu wa udhibiti wa tumbaku kwa ustawi wa kaya.
HEA_01322,Health,KEMSA advises residents of Kilifi County to wash hands with soap and clean water regularly to prevent the spread of preventable illness.,KEMSA inashauri wakazi wa Wilaya ya Kilifi waoshe mikono kwa sabuni na maji safi mara kwa mara ili kuzuia kuenea kwa magonjwa yanayoweza kuepukwa.
HEA_01323,Health,CDC reminds the public in Nandi County about the importance of hand hygiene for household wellbeing.,CDC inakumbusha umma katika Kaunti ya Nandi juu ya umuhimu wa usafi wa mikono kwa ustawi wa kaya.
HEA_01324,Health,Public notice: Ministry of Health will host a free hand hygiene outreach in Kiambu County this December.,Taarifa ya umma: Wizara ya Afya itaandaa kampeni ya usafi wa mikono ya bure katika Kaunti ya Kiambu Desemba hii.
HEA_01325,Health,SHA (Social Health Authority) reminds the public in Embu County about the importance of tobacco control for household wellbeing.,Shirika la Afya ya Jamii (SHA) linakumbusha umma katika Kaunti ya Embu umuhimu wa udhibiti wa tumbaku kwa ustawi wa kaya.
HEA_01326,Health,CDC reminds the public in Marsabit County about the importance of hypertension awareness for household wellbeing.,CDC inawakumbusha umma katika Kaunti ya Marsabit juu ya umuhimu wa ufahamu wa shinikizo la damu kwa ustawi wa kaya.
HEA_01327,Health,SHA (Social Health Authority) advises residents of Kilifi County to boil drinking water before use to prevent the spread of preventable illness.,Shirika la Afya ya Jamii (SHA) linawashauri wakazi wa Kaunti ya Kilifi kuchemsha maji ya kunywa kabla ya kutumia ili kuzuia kuenea kwa magonjwa yanayoweza kuepukwa.
HEA_01328,Health,Ministry of Health reminds the public in Laikipia County about the importance of hand hygiene for household wellbeing.,Wizara ya Afya inawakumbusha umma katika Kaunti ya Laikipia juu ya umuhimu wa usafi wa mikono kwa ustawi wa kaya.
HEA_01329,Health,Public notice: SHA (Social Health Authority) will host a free safe water storage outreach in Baringo County this October.,Taarifa ya umma: Shirika la Afya ya Jamii (SHA) litaandaa huduma ya bure ya kuhifadhi maji salama katika Kaunti ya Baringo mwezi huu wa Oktoba.
HEA_01330,Health,SHA (Social Health Authority) launches an August awareness campaign on hypertension awareness across Wajir County.,Shirika la Afya ya Jamii (SHA) linazindua kampeni ya ufahamu ya Agosti juu ya ufahamu wa shinikizo la damu katika Kaunti ya Wajir.
HEA_01331,Health,SHA (Social Health Authority) advises residents of Tharaka-Nithi County to attend the free community health screening to prevent the spread of preventable illness.,Shirika la Afya ya Jamii (SHA) linawashauri wakazi wa Kaunti ya Tharaka-Nithi kuhudhuria uchunguzi wa bure wa afya ya jamii ili kuzuia kuenea kwa magonjwa yanayoweza kuepukwa.
HEA_01332,Health,Division of Disease Surveillance and Response reminds the public in Wajir County about the importance of hypertension awareness for household wellbeing.,Idara ya Ufuatiliaji na Jibu la Magonjwa inakumbusha umma katika Kaunti ya Wajir juu ya umuhimu wa ufahamu wa shinikizo la damu kwa ustawi wa kaya.
HEA_01333,Health,Division of Disease Surveillance and Response advises residents of Embu County to boil drinking water before use to prevent the spread of preventable illness.,Idara ya Ufuatiliaji na Jibu la Magonjwa inashauri wakazi wa Kaunti ya Embu kuchemsha maji ya kunywa kabla ya matumizi ili kuzuia kuenea kwa magonjwa yanayoweza kuepukwa.
HEA_01334,Health,Public notice: SHA (Social Health Authority) will host a free safe water storage outreach in Wajir County this May.,Taarifa ya umma: Shirika la Afya ya Jamii (SHA) litaandaa huduma ya bure ya kuhifadhi maji salama katika Kaunti ya Wajir Mei hii.
HEA_01335,Health,KEMSA reminds the public in Kisii County about the importance of hypertension awareness for household wellbeing.,KEMSA inawakumbusha umma katika Kaunti ya Kisii juu ya umuhimu wa ufahamu wa shinikizo la damu kwa ustawi wa kaya.
HEA_01336,Health,Ministry of Health - Reproductive Health Unit advises residents of Machakos County to wash hands with soap and clean water regularly to prevent the spread of preventable illness.,Wizara ya Afya - Kitengo cha Afya ya Kuzaa kinashauri wakazi wa Kaunti ya Machakos waoshe mikono kwa sabuni na maji safi mara kwa mara ili kuzuia kuenea kwa magonjwa yanayoweza kuepukwa.
HEA_01337,Health,SHA (Social Health Authority) advises residents of Siaya County to reduce salt and sugar intake to prevent the spread of preventable illness.,Shirika la Afya ya Jamii (SHA) linawashauri wakazi wa Kaunti ya Siaya kupunguza ulaji wa chumvi na sukari ili kuzuia kuenea kwa magonjwa yanayoweza kuepukwa.
HEA_01338,Health,Ministry of Health advises residents of Nakuru County to wash hands with soap and clean water regularly to prevent the spread of preventable illness.,Wizara ya Afya inawashauri wakazi wa Kaunti ya Nakuru kuosha mikono kwa sabuni na maji safi mara kwa mara ili kuzuia kuenea kwa magonjwa yanayoweza kuepukwa.
HEA_01339,Health,KEMSA launches a December awareness campaign on tobacco control across Taita-Taveta County.,KEMSA inazindua kampeni ya ufahamu ya Desemba juu ya udhibiti wa tumbaku kote Wilaya ya Taita-Taveta.
HEA_01340,Health,Public notice: Kenya Medical Association will host a free tobacco control outreach in Kisii County this August.,Taarifa ya umma: Chama cha Matibabu cha Kenya kitaandaa kampeni ya bure ya kudhibiti tumbaku katika Kaunti ya Kisii Agosti hii.
HEA_01341,Health,KEMRI advises residents of Marsabit County to attend the free community health screening to prevent the spread of preventable illness.,KEMRI inashauri wakazi wa Kaunti ya Marsabit kuhudhuria uchunguzi wa bure wa afya ya jamii ili kuzuia kuenea kwa magonjwa yanayoweza kuepukwa.
HEA_01342,Health,Kenya Medical Association reminds the public in Machakos County about the importance of hypertension awareness for household wellbeing.,Chama cha Matibabu cha Kenya kinakumbusha umma katika Kaunti ya Machakos juu ya umuhimu wa ufahamu wa shinikizo la damu kwa ustawi wa kaya.
HEA_01343,Health,KEMSA launches an August awareness campaign on hypertension awareness across Nyamira County.,KEMSA inazindua kampeni ya ufahamu ya Agosti juu ya ufahamu wa shinikizo la damu katika Kaunti ya Nyamira.
HEA_01344,Health,Kenya Red Cross launches a July awareness campaign on hand hygiene across Turkana County.,Kenya Red Cross inazindua kampeni ya kuelimisha juu ya usafi wa mikono katika jimbo lote la Turkana.
HEA_01345,Health,KEMRI advises residents of Wajir County to wash hands with soap and clean water regularly to prevent the spread of preventable illness.,KEMRI inawashauri wakazi wa Kaunti ya Wajir kuosha mikono kwa sabuni na maji safi mara kwa mara ili kuzuia kuenea kwa magonjwa yanayoweza kuepukwa.
HEA_01346,Health,Public notice: CDC will host a free diabetes screening outreach in Narok County this April.,Taarifa ya umma: CDC itaandaa uchunguzi wa bure wa ugonjwa wa kisukari katika Kaunti ya Narok Aprili hii.
HEA_01347,Health,Kenya Red Cross advises residents of Tana River County to wash hands with soap and clean water regularly to prevent the spread of preventable illness.,Msalaba Mwekundu wa Kenya unawashauri wakazi wa Wilaya ya Mto Tana waoshe mikono yao kwa sabuni na maji safi mara kwa mara ili kuzuia kuenea kwa magonjwa yanayoweza kuepukwa.
HEA_01348,Health,Ministry of Health - Reproductive Health Unit advises residents of Nakuru County to boil drinking water before use to prevent the spread of preventable illness.,Wizara ya Afya - Kitengo cha Afya ya Kuzaa kinashauri wakazi wa Kaunti ya Nakuru kuchemsha maji ya kunywa kabla ya matumizi ili kuzuia kuenea kwa magonjwa yanayoweza kuepukwa.
HEA_01349,Health,Ministry of Health launches a June awareness campaign on proper sanitation across Kisumu County.,Wizara ya Afya inazindua kampeni ya ufahamu ya Juni juu ya usafi sahihi katika Kaunti ya Kisumu.
HEA_01350,Health,Kenya Medical Association advises residents of Makueni County to reduce salt and sugar intake to prevent the spread of preventable illness.,Shirika la Matibabu la Kenya linawashauri wakazi wa Kaunti ya Makueni kupunguza kiasi cha chumvi na sukari ili kuzuia kuenea kwa magonjwa yanayoweza kuepukwa.
HEA_01351,Health,SHA (Social Health Authority) launches a September awareness campaign on safe water storage across Tana River County.,Shirika la Afya ya Jamii (SHA) linazindua kampeni ya Septemba ya ufahamu juu ya uhifadhi wa maji salama katika Wilaya ya Mto Tana.
HEA_01352,Health,KEMRI launches an August awareness campaign on hypertension awareness across Nairobi County.,KEMRI inazindua kampeni ya ufahamu ya Agosti juu ya ufahamu wa shinikizo la damu kote katika Kaunti ya Nairobi.
HEA_01353,Health,Public notice: Kenya Medical Association will host a free tobacco control outreach in Tharaka-Nithi County this December.,Taarifa ya umma: Chama cha Matibabu cha Kenya kitaandaa kampeni ya bure ya kudhibiti tumbaku katika Kaunti ya Tharaka-Nithi Desemba hii.
HEA_01354,Health,Public notice: KEMRI will host a free safe water storage outreach in Wajir County this June.,Taarifa ya umma: KEMRI itaandaa huduma ya bure ya kuhifadhi maji salama katika Kaunti ya Wajir Juni hii.
HEA_01355,Health,KEMRI launches an April awareness campaign on diabetes screening across Uasin Gishu County.,KEMRI inazindua kampeni ya ufahamu wa Aprili juu ya uchunguzi wa ugonjwa wa kisukari katika Kaunti ya Uasin Gishu.
HEA_01356,Health,SHA (Social Health Authority) advises residents of Laikipia County to reduce salt and sugar intake to prevent the spread of preventable illness.,Shirika la Afya ya Jamii (SHA) linawashauri wakazi wa Kaunti ya Laikipia kupunguza kiasi cha chumvi na sukari ili kuzuia kuenea kwa magonjwa yanayoweza kuepukwa.
HEA_01357,Health,Kenya Medical Association launches an April awareness campaign on hypertension awareness across Marsabit County.,Chama cha Matibabu cha Kenya kinazindua kampeni ya ufahamu wa Aprili juu ya ufahamu wa shinikizo la damu kote katika Kaunti ya Marsabit.
HEA_01358,Health,KEMSA reminds the public in Samburu County about the importance of safe water storage for household wellbeing.,KEMSA inawakumbusha umma katika Kaunti ya Samburu juu ya umuhimu wa kuhifadhi maji salama kwa ustawi wa kaya.
HEA_01359,Health,KEMRI reminds the public in Siaya County about the importance of proper sanitation for household wellbeing.,KEMRI inawakumbusha umma katika Kaunti ya Siaya umuhimu wa usafi sahihi kwa ustawi wa kaya.
HEA_01360,Health,Division of Disease Surveillance and Response advises residents of Mandera County to wash hands with soap and clean water regularly to prevent the spread of preventable illness.,Idara ya Ufuatiliaji na Jibu la Magonjwa inashauri wakazi wa Kaunti ya Mandera kuosha mikono kwa sabuni na maji safi mara kwa mara ili kuzuia kuenea kwa magonjwa yanayoweza kuepukwa.
HEA_01361,Health,Public notice: KEMSA will host a free diabetes screening outreach in Wajir County this August.,Taarifa ya umma: KEMSA itaandaa huduma ya bure ya uchunguzi wa ugonjwa wa kisukari katika Kaunti ya Wajir Agosti hii.
HEA_01362,Health,KEMSA reminds the public in Kiambu County about the importance of proper sanitation for household wellbeing.,KEMSA inawakumbusha umma katika Kaunti ya Kiambu umuhimu wa usafi sahihi kwa ustawi wa kaya.
HEA_01363,Health,KEMSA advises residents of Kakamega County to boil drinking water before use to prevent the spread of preventable illness.,KEMSA inashauri wakazi wa Kaunti ya Kakamega kuchemsha maji ya kunywa kabla ya matumizi ili kuzuia kuenea kwa magonjwa yanayoweza kuepukwa.
HEA_01364,Health,Kenya Medical Association launches an August awareness campaign on food safety across Kajiado County.,Shirika la Matibabu la Kenya linazindua kampeni ya kuwezesha ufahamu wa usalama wa chakula mwezi Agosti katika Kajiado County.
HEA_01365,Health,Ministry of Health - Reproductive Health Unit advises residents of Baringo County to wash hands with soap and clean water regularly to prevent the spread of preventable illness.,Wizara ya Afya - Kitengo cha Afya ya Kuzaa kinashauri wakazi wa Kaunti ya Baringo waoshe mikono kwa sabuni na maji safi mara kwa mara ili kuzuia kuenea kwa magonjwa yanayoweza kuepukwa.
HEA_01366,Health,KEMRI reminds the public in Machakos County about the importance of diabetes screening for household wellbeing.,KEMRI inawakumbusha umma katika Kaunti ya Machakos juu ya umuhimu wa uchunguzi wa ugonjwa wa kisukari kwa ustawi wa kaya.
HEA_01367,Health,KEMSA advises residents of Kakamega County to reduce salt and sugar intake to prevent the spread of preventable illness.,KEMSA inawashauri wakazi wa Kaunti ya Kakamega kupunguza ulaji wa chumvi na sukari ili kuzuia kuenea kwa magonjwa yanayoweza kuepukwa.
HEA_01368,Health,Ministry of Health launches a December awareness campaign on food safety across Laikipia County.,Wizara ya Afya inazindua kampeni ya kuelimisha juu ya usalama wa chakula mnamo Desemba kote Kaunti ya Laikipia.
HEA_01369,Health,Kenya Medical Association launches a July awareness campaign on diabetes screening across Kajiado County.,Shirika la Matibabu la Kenya linazindua kampeni ya Julai ya ufahamu juu ya uchunguzi wa ugonjwa wa kisukari katika Kajiado County.
HEA_01370,Health,Ministry of Health - Reproductive Health Unit launches an April awareness campaign on hand hygiene across Nakuru County.,Wizara ya Afya - Kitengo cha Afya ya Kuzaa kinazindua kampeni ya ufahamu ya Aprili juu ya usafi wa mikono katika Kaunti ya Nakuru.
HEA_01371,Health,Kenya Medical Association launches a March awareness campaign on proper sanitation across Embu County.,Shirika la Matibabu la Kenya linazindua kampeni ya Machi ya ufahamu juu ya usafi sahihi katika Kaunti ya Embu.
HEA_01372,Health,Public notice: KEMRI will host a free hand hygiene outreach in Kisumu County this February.,Taarifa ya umma: KEMRI itaandaa huduma ya usafi wa mikono ya bure katika Kaunti ya Kisumu Februari hii.
HEA_01373,Health,Kenya Red Cross reminds the public in Isiolo County about the importance of diabetes screening for household wellbeing.,Msalaba Mwekundu wa Kenya unakumbusha umma katika Kaunti ya Isiolo juu ya umuhimu wa uchunguzi wa ugonjwa wa kisukari kwa ustawi wa kaya.
HEA_01374,Health,Ministry of Health - Reproductive Health Unit launches a March awareness campaign on food safety across Baringo County.,Wizara ya Afya - Kitengo cha Afya ya Kuzaa kinazindua kampeni ya Machi ya ufahamu juu ya usalama wa chakula kote katika Kaunti ya Baringo.
HEA_01375,Health,KEMSA reminds the public in West Pokot County about the importance of diabetes screening for household wellbeing.,KEMSA inawakumbusha umma katika Kaunti ya West Pokot juu ya umuhimu wa uchunguzi wa ugonjwa wa kisukari kwa ustawi wa kaya.
HEA_01376,Health,SHA (Social Health Authority) launches a December awareness campaign on proper sanitation across Samburu County.,Shirika la Afya ya Jamii (SHA) linazindua kampeni ya ufahamu ya Desemba juu ya usafi sahihi katika jimbo lote la Samburu.
HEA_01377,Health,Kenya Red Cross launches a May awareness campaign on tobacco control across Elgeyo-Marakwet County.,Msalaba Mwekundu wa Kenya unazindua kampeni ya kuelimisha juu ya udhibiti wa tumbaku katika wilaya ya Elgeyo-Marakwet.
HEA_01378,Health,SHA (Social Health Authority) advises residents of Busia County to wash hands with soap and clean water regularly to prevent the spread of preventable illness.,Shirika la Afya ya Jamii (SHA) linawashauri wakazi wa Kaunti ya Busia waoshe mikono kwa sabuni na maji safi mara kwa mara ili kuzuia kuenea kwa magonjwa yanayoweza kuepukwa.
HEA_01379,Health,Public notice: Ministry of Health will host a free proper sanitation outreach in Wajir County this July.,Taarifa ya umma: Wizara ya Afya itaandaa huduma ya usafi wa bure katika Kaunti ya Wajir Julai hii.
HEA_01380,Health,Ministry of Health reminds the public in West Pokot County about the importance of safe water storage for household wellbeing.,Wizara ya Afya inawakumbusha umma katika Kaunti ya West Pokot umuhimu wa kuhifadhi maji salama kwa ustawi wa kaya.
HEA_01381,Health,CDC launches an April awareness campaign on safe water storage across Nyamira County.,CDC inazindua kampeni ya ufahamu wa Aprili juu ya uhifadhi wa maji salama katika Kaunti ya Nyamira.
HEA_01382,Health,Public notice: KEMRI will host a free tobacco control outreach in Kericho County this February.,Taarifa ya umma: KEMRI itaandaa kampeni ya bure ya kudhibiti tumbaku katika Kaunti ya Kericho Februari hii.
HEA_01383,Health,KEMRI reminds the public in Kitui County about the importance of proper sanitation for household wellbeing.,KEMRI inawakumbusha umma katika Kaunti ya Kitui umuhimu wa usafi sahihi kwa ustawi wa kaya.
HEA_01384,Health,Public notice: CDC will host a free proper sanitation outreach in Migori County this July.,Taarifa ya umma: CDC itaandaa huduma ya usafi wa bure katika Kaunti ya Migori Julai hii.
HEA_01385,Health,SHA (Social Health Authority) launches a June awareness campaign on diabetes screening across West Pokot County.,Shirika la Afya ya Jamii (SHA) linazindua kampeni ya June ya ufahamu juu ya uchunguzi wa ugonjwa wa kisukari katika Kaunti ya West Pokot.
HEA_01386,Health,CDC reminds the public in Kajiado County about the importance of diabetes screening for household wellbeing.,CDC inakumbusha umma katika Kajiado County juu ya umuhimu wa uchunguzi wa ugonjwa wa kisukari kwa ustawi wa kaya.
HEA_01387,Health,Public notice: Ministry of Health - Reproductive Health Unit will host a free food safety outreach in Busia County this June.,Taarifa ya umma: Wizara ya Afya - Kitengo cha Afya ya Kuzaliana kitaandaa kampeni ya bure ya usalama wa chakula katika Kaunti ya Busia Juni hii.
HEA_01388,Health,KEMRI launches a February awareness campaign on hand hygiene across Baringo County.,KEMRI inazindua kampeni ya Februari ya ufahamu juu ya usafi wa mikono katika Kaunti ya Baringo.
HEA_01389,Health,KEMSA reminds the public in Nyeri County about the importance of hand hygiene for household wellbeing.,KEMSA inawakumbusha umma katika Kaunti ya Nyeri umuhimu wa usafi wa mikono kwa ustawi wa kaya.
HEA_01390,Health,Kenya Red Cross advises residents of Wajir County to boil drinking water before use to prevent the spread of preventable illness.,Msalaba Mwekundu wa Kenya unawashauri wakazi wa Kaunti ya Wajir kuchemsha maji ya kunywa kabla ya kutumia ili kuzuia kuenea kwa magonjwa yanayoweza kuepukwa.
HEA_01391,Health,Kenya Red Cross launches a November awareness campaign on hypertension awareness across Uasin Gishu County.,Msalaba Mwekundu wa Kenya unazindua kampeni ya ufahamu ya Novemba juu ya ufahamu wa shinikizo la damu kotekote katika Kaunti ya Uasin Gishu.
HEA_01392,Health,Ministry of Health - Reproductive Health Unit advises residents of Turkana County to reduce salt and sugar intake to prevent the spread of preventable illness.,Wizara ya Afya - Kitengo cha Afya ya Uzazi kinashauri wakazi wa Kaunti ya Turkana kupunguza ulaji wa chumvi na sukari ili kuzuia kuenea kwa magonjwa yanayoweza kuepukwa.
HEA_01393,Health,Kenya Red Cross launches a February awareness campaign on hand hygiene across Tharaka-Nithi County.,Kenya Red Cross inazindua kampeni ya Februari ya ufahamu juu ya usafi wa mikono katika Kaunti ya Tharaka-Nithi.
HEA_01394,Health,CDC advises residents of Kisumu County to reduce salt and sugar intake to prevent the spread of preventable illness.,CDC inashauri wakazi wa Kaunti ya Kisumu kupunguza ulaji wa chumvi na sukari ili kuzuia kuenea kwa magonjwa yanayoweza kuepukwa.
HEA_01395,Health,Public notice: Division of Disease Surveillance and Response will host a free tobacco control outreach in Nakuru County this October.,Taarifa ya umma: Idara ya Ufuatiliaji na Jibu la Magonjwa itaandaa kampeni ya bure ya kudhibiti tumbaku katika Kaunti ya Nakuru mwezi huu wa Oktoba.
HEA_01396,Health,Ministry of Health - Reproductive Health Unit reminds the public in Kirinyaga County about the importance of safe water storage for household wellbeing.,Wizara ya Afya - Kitengo cha Afya ya Uzazi kinakumbusha umma katika Kaunti ya Kirinyaga umuhimu wa kuhifadhi maji salama kwa ustawi wa kaya.
HEA_01397,Health,Public notice: KEMSA will host a free diabetes screening outreach in Makueni County this April.,Taarifa ya umma: KEMSA itaandaa huduma ya bure ya uchunguzi wa ugonjwa wa kisukari katika Kaunti ya Makueni Aprili hii.
HEA_01398,Health,Public notice: Kenya Red Cross will host a free proper sanitation outreach in Tana River County this March.,Taarifa ya umma: Msalaba Mwekundu wa Kenya utaandaa huduma ya usafi wa bure katika Wilaya ya Tana River Machi hii.
HEA_01399,Health,Public notice: Ministry of Health - Reproductive Health Unit will host a free safe water storage outreach in Isiolo County this October.,Taarifa ya umma: Wizara ya Afya - Kitengo cha Afya ya Uzazi kitaandaa huduma ya bure ya uhifadhi wa maji salama katika Kaunti ya Isiolo Oktoba hii.
HEA_01400,Health,Public notice: KEMSA will host a free tobacco control outreach in Meru County this December.,Taarifa ya umma: KEMSA itaandaa kampeni ya bure ya kudhibiti tumbaku katika Kaunti ya Meru Desemba hii.
HEA_01401,Health,KEMSA advises residents of Machakos County to wash hands with soap and clean water regularly to prevent the spread of preventable illness.,KEMSA inashauri wakazi wa Kaunti ya Machakos kuosha mikono kwa sabuni na maji safi mara kwa mara ili kuzuia kuenea kwa magonjwa yanayoweza kuepukwa.
HEA_01402,Health,Public notice: KEMSA will host a free proper sanitation outreach in Nandi County this May.,Taarifa ya umma: KEMSA itaandaa huduma ya usafi sahihi ya bure katika Kaunti ya Nandi Mei hii.
HEA_01403,Health,KEMRI advises residents of Bomet County to wash hands with soap and clean water regularly to prevent the spread of preventable illness.,KEMRI inashauri wakazi wa Kaunti ya Bomet waoshe mikono kwa sabuni na maji safi mara kwa mara ili kuzuia kuenea kwa magonjwa yanayoweza kuepukwa.
HEA_01404,Health,Public notice: Division of Disease Surveillance and Response will host a free diabetes screening outreach in Marsabit County this June.,Taarifa ya umma: Idara ya Ufuatiliaji na Jibu la Magonjwa itaandaa uchunguzi wa bure wa ugonjwa wa kisukari katika Kaunti ya Marsabit Juni hii.
HEA_01405,Health,CDC advises residents of Kirinyaga County to wash hands with soap and clean water regularly to prevent the spread of preventable illness.,CDC inashauri wakazi wa Kaunti ya Kirinyaga kuosha mikono kwa sabuni na maji safi mara kwa mara ili kuzuia kuenea kwa magonjwa yanayoweza kuepukwa.
HEA_01406,Health,Ministry of Health - Reproductive Health Unit reminds the public in Marsabit County about the importance of proper sanitation for household wellbeing.,Wizara ya Afya - Kitengo cha Afya ya Kuzaa kinakumbusha umma katika Kaunti ya Marsabit juu ya umuhimu wa usafi sahihi kwa ustawi wa kaya.
HEA_01407,Health,Ministry of Health advises residents of Kericho County to attend the free community health screening to prevent the spread of preventable illness.,Wizara ya Afya inawashauri wakazi wa Kaunti ya Kericho kuhudhuria uchunguzi wa bure wa afya ya jamii ili kuzuia kuenea kwa magonjwa yanayoweza kuepukwa.
HEA_01408,Health,Public notice: Ministry of Health - Reproductive Health Unit will host a free tobacco control outreach in Nyeri County this October.,Taarifa ya umma: Wizara ya Afya - Kitengo cha Afya ya Uzazi kitaandaa kampeni ya bure ya udhibiti wa tumbaku katika Kaunti ya Nyeri mwezi huu wa Oktoba.
HEA_01409,Health,Ministry of Health - Reproductive Health Unit advises residents of Kiambu County to wash hands with soap and clean water regularly to prevent the spread of preventable illness.,Wizara ya Afya - Kitengo cha Afya ya Kuzaa kinashauri wakazi wa Kaunti ya Kiambu kuosha mikono kwa sabuni na maji safi mara kwa mara ili kuzuia kuenea kwa magonjwa yanayoweza kuepukwa.
HEA_01410,Health,Ministry of Health reminds the public in Mandera County about the importance of hypertension awareness for household wellbeing.,Wizara ya Afya inawakumbusha umma katika Kaunti ya Mandera juu ya umuhimu wa ufahamu wa shinikizo la damu kwa ustawi wa kaya.
HEA_01411,Health,Kenya Red Cross launches a July awareness campaign on hypertension awareness across Kwale County.,Msalaba Mwekundu wa Kenya unazindua kampeni ya ufahamu ya Julai juu ya ufahamu wa shinikizo la damu kotekote katika Kaunti ya Kwale.
HEA_01412,Health,Ministry of Health - Reproductive Health Unit advises residents of Turkana County to attend the free community health screening to prevent the spread of preventable illness.,Wizara ya Afya - Kitengo cha Afya ya Kuzaa kinashauri wakazi wa Kaunti ya Turkana kuhudhuria uchunguzi wa bure wa afya ya jamii ili kuzuia kuenea kwa magonjwa yanayoweza kuepukwa.
HEA_01413,Health,KEMRI launches a September awareness campaign on safe water storage across Vihiga County.,KEMRI inazindua kampeni ya Septemba ya ufahamu juu ya uhifadhi wa maji salama katika Kaunti ya Vihiga.
HEA_01414,Health,Public notice: KEMRI will host a free hypertension awareness outreach in Kwale County this February.,Taarifa ya umma: KEMRI itaandaa kampeni ya bure ya ufahamu juu ya shinikizo la damu katika Kaunti ya Kwale Februari hii.
HEA_01415,Health,SHA (Social Health Authority) reminds the public in Narok County about the importance of safe water storage for household wellbeing.,Shirika la Afya ya Jamii (SHA) linakumbusha umma katika Kaunti ya Narok juu ya umuhimu wa kuhifadhi maji salama kwa ustawi wa kaya.
HEA_01416,Health,Division of Disease Surveillance and Response reminds the public in Bungoma County about the importance of hypertension awareness for household wellbeing.,Idara ya Ufuatiliaji na Jibu la Magonjwa inakumbusha umma katika Kaunti ya Bungoma juu ya umuhimu wa ufahamu wa shinikizo la damu kwa ustawi wa kaya.
HEA_01417,Health,Division of Disease Surveillance and Response launches a March awareness campaign on tobacco control across Trans Nzoia County.,Idara ya Ufuatiliaji na Jibu la Magonjwa inazindua kampeni ya Machi ya ufahamu juu ya udhibiti wa tumbaku katika Kaunti ya Trans Nzoia.
HEA_01418,Health,Division of Disease Surveillance and Response reminds the public in Samburu County about the importance of hand hygiene for household wellbeing.,Idara ya Ufuatiliaji na Jibu la Magonjwa inakumbusha umma katika Kaunti ya Samburu juu ya umuhimu wa usafi wa mikono kwa ustawi wa kaya.
HEA_01419,Health,Public notice: Division of Disease Surveillance and Response will host a free diabetes screening outreach in Turkana County this May.,Taarifa ya umma: Idara ya Ufuatiliaji na Jibu la Magonjwa itaandaa uchunguzi wa bure wa ugonjwa wa kisukari katika Kaunti ya Turkana Mei hii.
HEA_01420,Health,KEMRI launches an August awareness campaign on tobacco control across Nairobi County.,KEMRI inazindua kampeni ya utambuzi ya Agosti juu ya udhibiti wa tumbaku katika Kaunti ya Nairobi.
HEA_01421,Health,Ministry of Health - Reproductive Health Unit reminds the public in Nyeri County about the importance of food safety for household wellbeing.,Wizara ya Afya - Kitengo cha Afya ya Uzazi kinakumbusha umma katika Kaunti ya Nyeri umuhimu wa usalama wa chakula kwa ustawi wa kaya.
HEA_01422,Health,Kenya Medical Association reminds the public in Mandera County about the importance of hypertension awareness for household wellbeing.,Chama cha Matibabu cha Kenya kinakumbusha umma katika Kaunti ya Mandera juu ya umuhimu wa ufahamu wa shinikizo la damu kwa ustawi wa kaya.
HEA_01423,Health,KEMSA launches a May awareness campaign on diabetes screening across Embu County.,KEMSA inazindua kampeni ya Mei ya ufahamu juu ya uchunguzi wa ugonjwa wa kisukari katika Kaunti ya Embu.
HEA_01424,Health,Public notice: SHA (Social Health Authority) will host a free hand hygiene outreach in Vihiga County this July.,Taarifa ya umma: Shirika la Afya ya Jamii (SHA) litaandaa huduma ya usafi wa mikono ya bure katika Kaunti ya Vihiga mwezi huu wa Julai.
HEA_01425,Health,Kenya Medical Association launches a May awareness campaign on diabetes screening across Siaya County.,Shirika la Matibabu la Kenya linazindua kampeni ya Mei ya ufahamu juu ya uchunguzi wa ugonjwa wa kisukari katika Kaunti ya Siaya.
HEA_01426,Health,CDC advises residents of Baringo County to boil drinking water before use to prevent the spread of preventable illness.,CDC inashauri wakazi wa Kaunti ya Baringo kuchemsha maji ya kunywa kabla ya matumizi ili kuzuia kuenea kwa magonjwa yanayoweza kuepukwa.
HEA_01427,Health,KEMSA advises residents of Samburu County to reduce salt and sugar intake to prevent the spread of preventable illness.,KEMSA inawashauri wakazi wa Kaunti ya Samburu kupunguza ulaji wa chumvi na sukari ili kuzuia kuenea kwa magonjwa yanayoweza kuepukwa.
HEA_01428,Health,Kenya Red Cross launches a May awareness campaign on diabetes screening across Vihiga County.,Msalaba Mwekundu wa Kenya unazindua kampeni ya Mei ya ufahamu juu ya uchunguzi wa ugonjwa wa kisukari katika Wilaya ya Vihiga.
HEA_01429,Health,KEMRI reminds the public in Kwale County about the importance of safe water storage for household wellbeing.,KEMRI inawakumbusha umma katika Kaunti ya Kwale juu ya umuhimu wa kuhifadhi maji salama kwa ustawi wa kaya.
HEA_01430,Health,Public notice: Kenya Red Cross will host a free diabetes screening outreach in Siaya County this November.,Taarifa ya umma: Msalaba Mwekundu wa Kenya utaandaa uchunguzi wa bure wa ugonjwa wa kisukari katika Kaunti ya Siaya mwezi huu wa Novemba.
HEA_01431,Health,Kenya Red Cross launches a March awareness campaign on diabetes screening across Uasin Gishu County.,Msalaba Mwekundu wa Kenya unazindua kampeni ya Machi ya ufahamu juu ya uchunguzi wa ugonjwa wa kisukari katika Wilaya ya Uasin Gishu.
HEA_01432,Health,Ministry of Health advises residents of Wajir County to reduce salt and sugar intake to prevent the spread of preventable illness.,Wizara ya Afya inawashauri wakazi wa Kaunti ya Wajir kupunguza ulaji wa chumvi na sukari ili kuzuia kuenea kwa magonjwa yanayoweza kuepukwa.
HEA_01433,Health,Division of Disease Surveillance and Response launches an August awareness campaign on hypertension awareness across Vihiga County.,Idara ya Ufuatiliaji na Jibu la Magonjwa inazindua kampeni ya ufahamu ya Agosti juu ya ufahamu wa shinikizo la damu katika Kaunti ya Vihiga.
HEA_01434,Health,Kenya Red Cross reminds the public in Siaya County about the importance of diabetes screening for household wellbeing.,Msalaba Mwekundu wa Kenya unakumbusha umma katika Kaunti ya Siaya juu ya umuhimu wa uchunguzi wa ugonjwa wa kisukari kwa ustawi wa kaya.
HEA_01435,Health,Division of Disease Surveillance and Response launches a December awareness campaign on hypertension awareness across Narok County.,Idara ya Ufuatiliaji na Jibu la Magonjwa huzindua kampeni ya ufahamu ya Desemba juu ya ufahamu wa shinikizo la damu katika Kaunti ya Narok.
HEA_01436,Health,Kenya Red Cross launches an October awareness campaign on hand hygiene across Isiolo County.,Kenya Red Cross inazindua kampeni ya kuelimisha juu ya usafi wa mikono katika Wilaya ya Isiolo.
HEA_01437,Health,Division of Disease Surveillance and Response advises residents of Baringo County to boil drinking water before use to prevent the spread of preventable illness.,Idara ya Ufuatiliaji na Jibu la Magonjwa inashauri wakazi wa Kaunti ya Baringo kuchemsha maji ya kunywa kabla ya matumizi ili kuzuia kuenea kwa magonjwa yanayoweza kuepukwa.
HEA_01438,Health,Public notice: KEMSA will host a free proper sanitation outreach in Tana River County this May.,Taarifa ya umma: KEMSA itaandaa huduma ya usafi wa bure katika Wilaya ya Tana River Mei hii.
HEA_01439,Health,Division of Disease Surveillance and Response reminds the public in Tana River County about the importance of proper sanitation for household wellbeing.,Idara ya Ufuatiliaji na Jibu la Magonjwa inakumbusha umma katika Kaunti ya Tana River juu ya umuhimu wa usafi sahihi kwa ustawi wa kaya.
HEA_01440,Health,CDC launches a November awareness campaign on safe water storage across Tharaka-Nithi County.,CDC inazindua kampeni ya ufahamu ya Novemba juu ya uhifadhi wa maji salama katika Kaunti ya Tharaka-Nithi.
HEA_01441,Health,KEMSA launches a June awareness campaign on food safety across Kericho County.,KEMSA inazindua kampeni ya Juni ya ufahamu juu ya usalama wa chakula kote katika Kaunti ya Kericho.
HEA_01442,Health,Public notice: Kenya Red Cross will host a free tobacco control outreach in Nyandarua County this November.,Taarifa ya umma: Msalaba Mwekundu wa Kenya utaandaa kampeni ya bure ya kuzuia tumbaku katika Kaunti ya Nyandarua mwezi huu wa Novemba.
HEA_01443,Health,Public notice: SHA (Social Health Authority) will host a free proper sanitation outreach in Kericho County this October.,Taarifa ya umma: Shirika la Afya ya Jamii (SHA) litaandaa huduma ya usafi wa bure katika Kaunti ya Kericho mwezi huu wa Oktoba.
HEA_01444,Health,Ministry of Health advises residents of Mandera County to attend the free community health screening to prevent the spread of preventable illness.,Wizara ya Afya inawashauri wakazi wa Kaunti ya Mandera kuhudhuria uchunguzi wa bure wa afya ya jamii ili kuzuia kuenea kwa magonjwa yanayoweza kuepukwa.
HEA_01445,Health,Public notice: Ministry of Health - Reproductive Health Unit will host a free safe water storage outreach in Uasin Gishu County this June.,Taarifa ya Umma: Wizara ya Afya - Kitengo cha Afya ya Uzazi kitaandaa mkusanyiko wa bure wa uhifadhi wa maji salama katika Kaunti ya Uasin Gishu mwezi Juni huu.
HEA_01446,Health,KEMRI launches a September awareness campaign on safe water storage across Marsabit County.,KEMRI inazindua kampeni ya Septemba ya ufahamu juu ya uhifadhi wa maji salama katika Kaunti ya Marsabit.
HEA_01447,Health,CDC advises residents of Busia County to wash hands with soap and clean water regularly to prevent the spread of preventable illness.,CDC inashauri wakazi wa Kaunti ya Busia waoshe mikono kwa sabuni na maji safi mara kwa mara ili kuzuia kuenea kwa magonjwa yanayoweza kuepukwa.
HEA_01448,Health,Ministry of Health - Reproductive Health Unit reminds the public in Lamu County about the importance of food safety for household wellbeing.,Wizara ya Afya - Kitengo cha Afya ya Uzazi kinakumbusha umma katika Kaunti ya Lamu juu ya umuhimu wa usalama wa chakula kwa ustawi wa kaya.
HEA_01449,Health,Ministry of Health advises residents of Laikipia County to attend the free community health screening to prevent the spread of preventable illness.,Wizara ya Afya inawashauri wakazi wa Kaunti ya Laikipia kuhudhuria uchunguzi wa bure wa afya ya jamii ili kuzuia kuenea kwa magonjwa yanayoweza kuepukwa.
HEA_01450,Health,Public notice: KEMSA will host a free hypertension awareness outreach in Nandi County this October.,Taarifa ya umma: KEMSA itaandaa kampeni ya bure ya ufahamu wa shinikizo la damu katika Kaunti ya Nandi mwezi huu wa Oktoba.
HEA_01451,Health,Public notice: KEMSA will host a free hand hygiene outreach in Nyamira County this May.,Taarifa ya umma: KEMSA itaandaa huduma ya usafi wa mikono ya bure katika Kaunti ya Nyamira Mei hii.
HEA_01452,Health,KEMRI launches a December awareness campaign on safe water storage across Mandera County.,KEMRI inazindua kampeni ya ufahamu ya Desemba juu ya uhifadhi wa maji salama katika Kaunti ya Mandera.
HEA_01453,Health,Kenya Red Cross advises residents of Mandera County to boil drinking water before use to prevent the spread of preventable illness.,Msalaba Mwekundu wa Kenya unawashauri wakazi wa Kaunti ya Mandera kuchemsha maji ya kunywa kabla ya kutumia ili kuzuia kuenea kwa magonjwa yanayoweza kuepukwa.
HEA_01454,Health,Kenya Medical Association launches a February awareness campaign on hand hygiene across Kisii County.,Chama cha Matibabu cha Kenya kinazindua kampeni ya Februari ya ufahamu juu ya usafi wa mikono katika Kaunti ya Kisii.
HEA_01455,Health,Ministry of Health - Reproductive Health Unit launches a January awareness campaign on safe water storage across Elgeyo-Marakwet County.,Wizara ya Afya - Kitengo cha Afya ya Uzazi kinazindua kampeni ya Januari juu ya uhifadhi salama wa maji katika Kaunti ya Elgeyo-Marakwet.
HEA_01456,Health,Ministry of Health launches a September awareness campaign on hypertension awareness across Homa Bay County.,Wizara ya Afya inazindua kampeni ya ufahamu ya Septemba juu ya ufahamu wa shinikizo la damu kotekote katika Kaunti ya Homa Bay.
HEA_01457,Health,Ministry of Health - Reproductive Health Unit launches a May awareness campaign on hand hygiene across Wajir County.,Wizara ya Afya - Kitengo cha Afya ya Kuzaa kinazindua kampeni ya kuelimisha juu ya usafi wa mikono katika Kaunti ya Wajir mnamo Mei.
HEA_01458,Health,Kenya Red Cross launches a January awareness campaign on food safety across Homa Bay County.,Kenya Red Cross inazindua kampeni ya Januari ya ufahamu juu ya usalama wa chakula kote Homa Bay County.
HEA_01459,Health,SHA (Social Health Authority) launches an April awareness campaign on hypertension awareness across Bungoma County.,Shirika la Afya ya Jamii (SHA) linazindua kampeni ya ufahamu ya Aprili juu ya ufahamu wa shinikizo la damu katika Kaunti ya Bungoma.
HEA_01460,Health,KEMSA launches an October awareness campaign on proper sanitation across Nyandarua County.,KEMSA inazindua kampeni ya ufahamu ya Oktoba juu ya usafi sahihi katika Kaunti ya Nyandarua.
HEA_01461,Health,Public notice: KEMSA will host a free hypertension awareness outreach in Narok County this December.,Taarifa ya umma: KEMSA itaandaa kampeni ya bure ya ufahamu juu ya shinikizo la damu katika Kaunti ya Narok Desemba hii.
HEA_01462,Health,CDC advises residents of Kakamega County to wash hands with soap and clean water regularly to prevent the spread of preventable illness.,CDC inashauri wakazi wa Kaunti ya Kakamega kuosha mikono kwa sabuni na maji safi mara kwa mara ili kuzuia kuenea kwa magonjwa yanayoweza kuepukwa.
HEA_01463,Health,CDC launches a December awareness campaign on safe water storage across Embu County.,CDC inazindua kampeni ya ufahamu ya Desemba juu ya uhifadhi wa maji salama katika Kaunti ya Embu.
HEA_01464,Health,Public notice: KEMSA will host a free tobacco control outreach in Kericho County this January.,Taarifa ya umma: KEMSA itaandaa kampeni ya bure ya kudhibiti tumbaku katika Kaunti ya Kericho Januari hii.
HEA_01465,Health,KEMRI launches a December awareness campaign on diabetes screening across Narok County.,KEMRI inazindua kampeni ya ufahamu ya Desemba juu ya uchunguzi wa ugonjwa wa kisukari katika Kaunti ya Narok.
HEA_01466,Health,Public notice: KEMSA will host a free hand hygiene outreach in Nandi County this November.,Taarifa ya umma: KEMSA itaandaa kampeni ya bure ya usafi wa mikono katika Kaunti ya Nandi mwezi huu wa Novemba.
HEA_01467,Health,Division of Disease Surveillance and Response advises residents of Samburu County to boil drinking water before use to prevent the spread of preventable illness.,Idara ya Ufuatiliaji na Jibu la Magonjwa inashauri wakazi wa Kaunti ya Samburu kuchemsha maji ya kunywa kabla ya matumizi ili kuzuia kuenea kwa magonjwa yanayoweza kuepukwa.
HEA_01468,Health,Kenya Medical Association advises residents of Wajir County to wash hands with soap and clean water regularly to prevent the spread of preventable illness.,Chama cha Matibabu cha Kenya kinashauri wakazi wa Kaunti ya Wajir waoshe mikono kwa sabuni na maji safi mara kwa mara ili kuzuia kuenea kwa magonjwa yanayoweza kuepukwa.
HEA_01469,Health,SHA (Social Health Authority) reminds the public in Kajiado County about the importance of diabetes screening for household wellbeing.,Shirika la Afya ya Jamii (SHA) linakumbusha umma katika Kajiado County juu ya umuhimu wa uchunguzi wa ugonjwa wa kisukari kwa ustawi wa kaya.
HEA_01470,Health,Public notice: Kenya Red Cross will host a free hand hygiene outreach in Bomet County this December.,Taarifa ya umma: Msalaba Mwekundu wa Kenya utaandaa kampeni ya usafi wa mikono ya bure katika Kaunti ya Bomet Desemba hii.
HEA_01471,Health,Division of Disease Surveillance and Response launches a February awareness campaign on diabetes screening across Nakuru County.,Idara ya Ufuatiliaji na Jibu la Magonjwa inazindua kampeni ya ufahamu ya Februari juu ya uchunguzi wa ugonjwa wa kisukari katika Kaunti ya Nakuru.
HEA_01472,Health,Public notice: Ministry of Health - Reproductive Health Unit will host a free proper sanitation outreach in Bungoma County this December.,Taarifa ya Umma: Wizara ya Afya - Kitengo cha Afya ya Uzazi kitaandaa huduma ya usafi sahihi ya bure katika Kaunti ya Bungoma Desemba hii.
HEA_01473,Health,KEMRI reminds the public in Bomet County about the importance of proper sanitation for household wellbeing.,KEMRI inawakumbusha umma katika Kaunti ya Bomet umuhimu wa usafi sahihi kwa ustawi wa kaya.
HEA_01474,Health,KEMRI reminds the public in Lamu County about the importance of tobacco control for household wellbeing.,KEMRI inawakumbusha umma katika Kaunti ya Lamu umuhimu wa udhibiti wa tumbaku kwa ustawi wa kaya.
HEA_01475,Health,Public notice: KEMSA will host a free diabetes screening outreach in Mombasa County this November.,Taarifa ya umma: KEMSA itaandaa huduma ya bure ya uchunguzi wa ugonjwa wa kisukari katika Kaunti ya Mombasa mwezi huu wa Novemba.
HEA_01476,Health,Kenya Medical Association launches a September awareness campaign on tobacco control across Nandi County.,Shirika la Matibabu la Kenya linazindua kampeni ya Septemba ya ufahamu juu ya udhibiti wa tumbaku katika Kaunti ya Nandi.
HEA_01477,Health,SHA (Social Health Authority) launches a July awareness campaign on diabetes screening across Marsabit County.,Shirika la Afya ya Jamii (SHA) linazindua kampeni ya ufahamu wa Julai juu ya uchunguzi wa ugonjwa wa kisukari katika Wilaya ya Marsabit.
HEA_01478,Health,KEMSA launches a June awareness campaign on safe water storage across Lamu County.,KEMSA inazindua kampeni ya Juni ya ufahamu juu ya uhifadhi wa maji salama katika Kaunti ya Lamu.
HEA_01479,Health,Public notice: KEMRI will host a free hand hygiene outreach in Bungoma County this July.,Taarifa ya umma: KEMRI itaandaa kampeni ya usafi wa mikono ya bure katika Kaunti ya Bungoma mwezi huu wa Julai.
HEA_01480,Health,Kenya Medical Association advises residents of Nairobi County to attend the free community health screening to prevent the spread of preventable illness.,Chama cha Matibabu cha Kenya kinashauri wakazi wa Kaunti ya Nairobi kuhudhuria uchunguzi wa bure wa afya ya jamii ili kuzuia kuenea kwa magonjwa yanayoweza kuepukwa.
HEA_01481,Health,Public notice: Kenya Medical Association will host a free tobacco control outreach in Turkana County this August.,Taarifa ya umma: Chama cha Matibabu cha Kenya kitaandaa kampeni ya bure ya kudhibiti tumbaku katika Kaunti ya Turkana Agosti hii.
HEA_01482,Health,Ministry of Health - Reproductive Health Unit reminds the public in Narok County about the importance of safe water storage for household wellbeing.,Wizara ya Afya - Kitengo cha Afya ya Uzazi kinakumbusha umma katika Kaunti ya Narok juu ya umuhimu wa kuhifadhi maji salama kwa ustawi wa kaya.
HEA_01483,Health,SHA (Social Health Authority) reminds the public in Wajir County about the importance of diabetes screening for household wellbeing.,SHA (Shirika la Afya ya Jamii) linawakumbusha umma katika Kaunti ya Wajir juu ya umuhimu wa uchunguzi wa ugonjwa wa kisukari kwa ustawi wa kaya.
HEA_01484,Health,KEMRI reminds the public in Siaya County about the importance of hand hygiene for household wellbeing.,KEMRI inawakumbusha umma katika Kaunti ya Siaya umuhimu wa usafi wa mikono kwa ustawi wa kaya.
HEA_01485,Health,Ministry of Health launches an August awareness campaign on tobacco control across Lamu County.,Wizara ya Afya inazindua kampeni ya ufahamu ya Agosti juu ya udhibiti wa tumbaku katika Kaunti ya Lamu.
HEA_01486,Health,KEMSA launches an October awareness campaign on tobacco control across Samburu County.,KEMSA inazindua kampeni ya utambuzi wa Oktoba juu ya udhibiti wa tumbaku katika Kaunti ya Samburu.
HEA_01487,Health,Public notice: KEMSA will host a free hypertension awareness outreach in Kirinyaga County this October.,Taarifa ya umma: KEMSA itaandaa kampeni ya bure ya ufahamu juu ya shinikizo la damu katika Kaunti ya Kirinyaga mwezi huu wa Oktoba.
HEA_01488,Health,SHA (Social Health Authority) launches a September awareness campaign on food safety across Homa Bay County.,Shirika la Afya ya Jamii (SHA) linazindua kampeni ya Septemba ya ufahamu juu ya usalama wa chakula kote katika Kaunti ya Homa Bay.
HEA_01489,Health,Ministry of Health - Reproductive Health Unit reminds the public in Tharaka-Nithi County about the importance of tobacco control for household wellbeing.,Wizara ya Afya - Kitengo cha Afya ya Kuzaa kinakumbusha umma katika Kaunti ya Tharaka-Nithi juu ya umuhimu wa udhibiti wa tumbaku kwa ustawi wa kaya.
HEA_01490,Health,Ministry of Health - Reproductive Health Unit reminds the public in Narok County about the importance of hypertension awareness for household wellbeing.,Wizara ya Afya - Kitengo cha Afya ya Kuzaa kinakumbusha umma katika Kaunti ya Narok juu ya umuhimu wa ufahamu wa shinikizo la damu kwa ustawi wa kaya.
HEA_01491,Health,Public notice: CDC will host a free food safety outreach in Kericho County this January.,Taarifa ya umma: CDC itaandaa kampeni ya bure ya usalama wa chakula katika Kaunti ya Kericho Januari hii.
HEA_01492,Health,Kenya Medical Association launches a July awareness campaign on diabetes screening across Wajir County.,Shirika la Matibabu la Kenya linazindua kampeni ya Julai ya ufahamu juu ya uchunguzi wa ugonjwa wa kisukari katika Kaunti ya Wajir.
HEA_01493,Health,Public notice: Kenya Medical Association will host a free hand hygiene outreach in Nandi County this August.,Taarifa ya umma: Chama cha Matibabu cha Kenya kitaandaa kampeni ya usafi wa mikono ya bure katika Kaunti ya Nandi Agosti hii.
HEA_01494,Health,KEMSA launches a November awareness campaign on food safety across Bomet County.,KEMSA inazindua kampeni ya Novemba ya ufahamu juu ya usalama wa chakula kote katika Kaunti ya Bomet.
HEA_01495,Health,Public notice: KEMSA will host a free safe water storage outreach in Nakuru County this July.,Taarifa ya umma: KEMSA itaandaa huduma ya bure ya kuhifadhi maji salama katika Kaunti ya Nakuru mwezi huu Julai.
HEA_01496,Health,Public notice: Kenya Medical Association will host a free hypertension awareness outreach in Nakuru County this February.,Taarifa ya umma: Chama cha Matibabu cha Kenya kitaandaa kampeni ya bure ya ufahamu juu ya shinikizo la damu katika Kaunti ya Nakuru Februari hii.
HEA_01497,Health,CDC reminds the public in Migori County about the importance of hypertension awareness for household wellbeing.,CDC inawakumbusha umma katika Kaunti ya Migori juu ya umuhimu wa ufahamu wa shinikizo la damu kwa ustawi wa kaya.
HEA_01498,Health,Ministry of Health - Reproductive Health Unit reminds the public in Bomet County about the importance of hypertension awareness for household wellbeing.,Wizara ya Afya - Kitengo cha Afya ya Uzazi kinakumbusha umma katika Kaunti ya Bomet juu ya umuhimu wa ufahamu wa shinikizo la damu kwa ustawi wa kaya.
HEA_01499,Health,Kenya Medical Association launches an August awareness campaign on hypertension awareness across Makueni County.,Chama cha Matibabu cha Kenya kinazindua kampeni ya ufahamu ya Agosti juu ya ufahamu wa shinikizo la damu katika Kaunti ya Makueni.
HEA_01500,Health,Division of Disease Surveillance and Response reminds the public in Nyeri County about the importance of hand hygiene for household wellbeing.,Idara ya Ufuatiliaji na Jibu la Magonjwa inakumbusha umma katika Kaunti ya Nyeri umuhimu wa usafi wa mikono kwa ustawi wa kaya.
HEA_01501,Health,Ministry of Health launches a June awareness campaign on proper sanitation across Mandera County.,Wizara ya Afya inazindua kampeni ya ufahamu ya Juni juu ya usafi sahihi katika Kaunti ya Mandera.
HEA_01502,Health,Division of Disease Surveillance and Response launches a February awareness campaign on diabetes screening across Samburu County.,Idara ya Ufuatiliaji na Jibu la Magonjwa inazindua kampeni ya ufahamu ya Februari juu ya uchunguzi wa ugonjwa wa kisukari katika Kaunti ya Samburu.
HEA_01503,Health,Public notice: Division of Disease Surveillance and Response will host a free hand hygiene outreach in Uasin Gishu County this June.,Taarifa ya umma: Idara ya Ufuatiliaji na Jibu la Magonjwa itaandaa huduma ya usafi wa mikono bure katika Kaunti ya Uasin Gishu Juni hii.
HEA_01504,Health,KEMRI advises residents of Machakos County to attend the free community health screening to prevent the spread of preventable illness.,KEMRI inashauri wakazi wa Kaunti ya Machakos kuhudhuria uchunguzi wa bure wa afya ya jamii ili kuzuia kuenea kwa magonjwa yanayoweza kuepukwa.
HEA_01505,Health,SHA (Social Health Authority) launches a February awareness campaign on proper sanitation across Kirinyaga County.,Shirika la Afya ya Jamii (SHA) linazindua kampeni ya ufahamu ya Februari juu ya usafi sahihi katika Kaunti ya Kirinyaga.
HEA_01506,Health,Ministry of Health advises residents of Kericho County to wash hands with soap and clean water regularly to prevent the spread of preventable illness.,Wizara ya Afya inawashauri wakazi wa Kaunti ya Kericho kuosha mikono kwa sabuni na maji safi mara kwa mara ili kuzuia kuenea kwa magonjwa yanayoweza kuepukwa.
HEA_01507,Health,Kenya Medical Association reminds the public in Kakamega County about the importance of diabetes screening for household wellbeing.,Chama cha Matibabu cha Kenya kinakumbusha umma katika Kaunti ya Kakamega juu ya umuhimu wa uchunguzi wa ugonjwa wa kisukari kwa ustawi wa kaya.
HEA_01508,Health,Public notice: Ministry of Health will host a free hypertension awareness outreach in Kisii County this August.,Taarifa ya umma: Wizara ya Afya itaandaa kampeni ya bure ya ufahamu wa shinikizo la damu katika Kaunti ya Kisii Agosti hii.
HEA_01509,Health,Division of Disease Surveillance and Response launches an October awareness campaign on diabetes screening across Samburu County.,Idara ya Ufuatiliaji na Jibu la Magonjwa inazindua kampeni ya utambuzi wa Oktoba juu ya uchunguzi wa ugonjwa wa kisukari katika Kaunti ya Samburu.
HEA_01510,Health,Public notice: SHA (Social Health Authority) will host a free tobacco control outreach in Nakuru County this February.,Taarifa ya umma: Shirika la Afya ya Jamii (SHA) litaandaa kampeni ya bure ya kudhibiti tumbaku katika Kaunti ya Nakuru Februari hii.
HEA_01511,Health,Division of Disease Surveillance and Response advises residents of Nakuru County to attend the free community health screening to prevent the spread of preventable illness.,Idara ya Ufuatiliaji na Jibu la Magonjwa inashauri wakazi wa Kaunti ya Nakuru kuhudhuria uchunguzi wa bure wa afya ya jamii ili kuzuia kuenea kwa magonjwa yanayoweza kuepukwa.
HEA_01512,Health,Kenya Red Cross advises residents of West Pokot County to boil drinking water before use to prevent the spread of preventable illness.,Msalaba Mwekundu wa Kenya unawashauri wakazi wa Wilaya ya West Pokot kuoka maji ya kunywa kabla ya kutumia ili kuzuia kuenea kwa magonjwa yanayoweza kuepukwa.
HEA_01513,Health,SHA (Social Health Authority) reminds the public in Kericho County about the importance of proper sanitation for household wellbeing.,Shirika la Afya ya Jamii (SHA) linakumbusha umma katika Kaunti ya Kericho umuhimu wa usafi sahihi kwa ustawi wa kaya.
HEA_01514,Health,Public notice: Ministry of Health will host a free diabetes screening outreach in Kirinyaga County this October.,Taarifa ya umma: Wizara ya Afya itaandaa uchunguzi wa bure wa ugonjwa wa kisukari katika Kaunti ya Kirinyaga Oktoba hii.
HEA_01515,Health,Public notice: Kenya Red Cross will host a free food safety outreach in Lamu County this October.,Taarifa ya umma: Msalaba Mwekundu wa Kenya utaandaa kampeni ya bure ya usalama wa chakula katika Kaunti ya Lamu mwezi huu wa Oktoba.
HEA_01516,Health,Kenya Medical Association reminds the public in Embu County about the importance of food safety for household wellbeing.,Chama cha Matibabu cha Kenya kinakumbusha umma katika Kaunti ya Embu juu ya umuhimu wa usalama wa chakula kwa ustawi wa kaya.
HEA_01517,Health,Kenya Red Cross launches a May awareness campaign on diabetes screening across Narok County.,Msalaba Mwekundu wa Kenya unazindua kampeni ya Mei ya ufahamu juu ya uchunguzi wa ugonjwa wa kisukari katika Kaunti ya Narok.
HEA_01518,Health,Public notice: KEMRI will host a free proper sanitation outreach in Uasin Gishu County this July.,Taarifa ya umma: KEMRI itaandaa huduma ya usafi sahihi ya bure katika Kaunti ya Uasin Gishu Julai hii.
HEA_01519,Health,CDC reminds the public in Meru County about the importance of tobacco control for household wellbeing.,CDC inawakumbusha umma katika Kaunti ya Meru umuhimu wa udhibiti wa tumbaku kwa ustawi wa kaya.
HEA_01520,Health,Ministry of Health - Reproductive Health Unit advises residents of Embu County to reduce salt and sugar intake to prevent the spread of preventable illness.,Wizara ya Afya - Kitengo cha Afya ya Uzazi kinashauri wakazi wa Kaunti ya Embu kupunguza ulaji wa chumvi na sukari ili kuzuia kuenea kwa magonjwa yanayoweza kuepukwa.
HEA_01521,Health,Public notice: CDC will host a free hypertension awareness outreach in Busia County this July.,Taarifa ya umma: CDC itaandaa kampeni ya bure ya ufahamu juu ya shinikizo la damu katika Kaunti ya Busia mwezi huu wa Julai.
HEA_01522,Health,CDC launches a June awareness campaign on diabetes screening across Tharaka-Nithi County.,CDC inazindua kampeni ya ufahamu ya Juni juu ya uchunguzi wa ugonjwa wa kisukari katika Kaunti ya Tharaka-Nithi.
HEA_01523,Health,Kenya Medical Association reminds the public in Murang'a County about the importance of tobacco control for household wellbeing.,Chama cha Matibabu cha Kenya kinakumbusha umma katika Kaunti ya Murang'a juu ya umuhimu wa udhibiti wa tumbaku kwa ustawi wa kaya.
HEA_01524,Health,Kenya Medical Association advises residents of Nyandarua County to boil drinking water before use to prevent the spread of preventable illness.,Chama cha Matibabu cha Kenya kinashauri wakazi wa Kaunti ya Nyandarua kuoka maji ya kunywa kabla ya matumizi ili kuzuia kuenea kwa magonjwa yanayoweza kuepukwa.
HEA_01525,Health,Public notice: KEMRI will host a free hand hygiene outreach in Trans Nzoia County this April.,Taarifa ya umma: KEMRI itaandaa huduma ya usafi wa mikono ya bure katika Kaunti ya Trans Nzoia Aprili hii.
HEA_01526,Health,KEMRI advises residents of Kwale County to attend the free community health screening to prevent the spread of preventable illness.,KEMRI inashauri wakazi wa Kaunti ya Kwale kuhudhuria uchunguzi wa bure wa afya ya jamii ili kuzuia kuenea kwa magonjwa yanayoweza kuepukwa.
HEA_01527,Health,Ministry of Health - Reproductive Health Unit reminds the public in Bomet County about the importance of diabetes screening for household wellbeing.,Wizara ya Afya - Kitengo cha Afya ya Uzazi kinakumbusha umma katika Kaunti ya Bomet juu ya umuhimu wa uchunguzi wa ugonjwa wa kisukari kwa ustawi wa kaya.
HEA_01528,Health,KEMRI launches a May awareness campaign on safe water storage across Isiolo County.,KEMRI inazindua kampeni ya Machi ya ufahamu juu ya uhifadhi wa maji salama katika Wilaya ya Isiolo.
HEA_01529,Health,Kenya Red Cross launches a November awareness campaign on hypertension awareness across Nyandarua County.,Msalaba Mwekundu wa Kenya unazindua kampeni ya ufahamu ya Novemba juu ya ufahamu wa shinikizo la damu katika Kaunti ya Nyandarua.
HEA_01530,Health,Ministry of Health advises residents of Nairobi County to wash hands with soap and clean water regularly to prevent the spread of preventable illness.,Wizara ya Afya inawashauri wakazi wa Kaunti ya Nairobi waoshe mikono kwa sabuni na maji safi mara kwa mara ili kuzuia kuenea kwa magonjwa yanayoweza kuepukwa.
HEA_01531,Health,SHA (Social Health Authority) launches an October awareness campaign on proper sanitation across Murang'a County.,Shirika la Afya ya Jamii (SHA) linazindua kampeni ya ufahamu ya Oktoba juu ya usafi sahihi katika Kaunti ya Murang'a.
HEA_01532,Health,Kenya Medical Association launches a November awareness campaign on tobacco control across West Pokot County.,Chama cha Matibabu cha Kenya kinazindua kampeni ya ufahamu ya Novemba juu ya udhibiti wa tumbaku katika Kaunti ya West Pokot.
HEA_01533,Health,Kenya Medical Association launches a March awareness campaign on safe water storage across Nairobi County.,Shirika la Matibabu la Kenya linazindua kampeni ya Machi ya ufahamu juu ya uhifadhi wa maji salama katika Kaunti ya Nairobi.
HEA_01534,Health,CDC launches a September awareness campaign on tobacco control across Wajir County.,CDC inazindua kampeni ya Septemba ya ufahamu juu ya udhibiti wa tumbaku katika Wilaya ya Wajir.
HEA_01535,Health,Public notice: Ministry of Health - Reproductive Health Unit will host a free hypertension awareness outreach in Taita-Taveta County this April.,Taarifa ya umma: Wizara ya Afya - Kitengo cha Afya ya Uzazi kitaandaa ufahamu wa bure wa shinikizo la damu katika Kaunti ya Taita-Taveta Aprili hii.
HEA_01536,Health,Division of Disease Surveillance and Response launches an October awareness campaign on tobacco control across Kiambu County.,Idara ya Ufuatiliaji na Jibu la Magonjwa inazindua kampeni ya utambuzi wa Oktoba juu ya udhibiti wa tumbaku katika Kaunti ya Kiambu.
HEA_01537,Health,KEMRI reminds the public in Elgeyo-Marakwet County about the importance of safe water storage for household wellbeing.,KEMRI inawakumbusha umma katika Kaunti ya Elgeyo-Marakwet juu ya umuhimu wa kuhifadhi maji salama kwa ustawi wa kaya.
HEA_01538,Health,Kenya Red Cross reminds the public in Vihiga County about the importance of diabetes screening for household wellbeing.,Msalaba Mwekundu wa Kenya unakumbusha umma katika Kaunti ya Vihiga juu ya umuhimu wa uchunguzi wa ugonjwa wa kisukari kwa ustawi wa kaya.
HEA_01539,Health,Public notice: SHA (Social Health Authority) will host a free diabetes screening outreach in Murang'a County this September.,Taarifa ya umma: Shirika la Afya ya Jamii (SHA) litaandaa uchunguzi wa bure wa ugonjwa wa kisukari katika Kaunti ya Murang'a mwezi huu wa Septemba.
HEA_01540,Health,KEMRI reminds the public in Nyandarua County about the importance of proper sanitation for household wellbeing.,KEMRI inawakumbusha umma katika Kaunti ya Nyandarua umuhimu wa usafi sahihi kwa ustawi wa kaya.
HEA_01541,Health,Division of Disease Surveillance and Response reminds the public in Kirinyaga County about the importance of tobacco control for household wellbeing.,Idara ya Ufuatiliaji na Jibu la Magonjwa inawakumbusha umma katika Kaunti ya Kirinyaga umuhimu wa udhibiti wa tumbaku kwa ustawi wa kaya.
HEA_01542,Health,Ministry of Health launches a November awareness campaign on safe water storage across Kisii County.,Wizara ya Afya inazindua kampeni ya ufahamu ya Novemba juu ya uhifadhi salama wa maji katika Kaunti ya Kisii.
HEA_01543,Health,Public notice: CDC will host a free tobacco control outreach in Samburu County this May.,Taarifa ya umma: CDC itaandaa kampeni ya bure ya kudhibiti tumbaku katika Kaunti ya Samburu Mei hii.
HEA_01544,Health,Public notice: SHA (Social Health Authority) will host a free food safety outreach in Kericho County this April.,Taarifa ya umma: Shirika la Afya ya Jamii (SHA) litaandaa kampeni ya bure ya usalama wa chakula katika Kaunti ya Kericho Aprili hii.
HEA_01545,Health,Kenya Medical Association reminds the public in Mombasa County about the importance of proper sanitation for household wellbeing.,Chama cha Matibabu cha Kenya kinakumbusha umma katika Kaunti ya Mombasa juu ya umuhimu wa usafi sahihi kwa ustawi wa kaya.
HEA_01546,Health,Public notice: SHA (Social Health Authority) will host a free safe water storage outreach in Machakos County this May.,Taarifa ya umma: Shirika la Afya ya Jamii (SHA) litaandaa huduma ya bure ya kuhifadhi maji salama katika Kaunti ya Machakos Mei hii.
HEA_01547,Health,Ministry of Health - Reproductive Health Unit advises residents of Siaya County to reduce salt and sugar intake to prevent the spread of preventable illness.,Wizara ya Afya - Kitengo cha Afya ya Uzazi kinashauri wakazi wa Kaunti ya Siaya kupunguza ulaji wa chumvi na sukari ili kuzuia kuenea kwa magonjwa yanayoweza kuepukwa.
HEA_01548,Health,Kenya Red Cross launches an August awareness campaign on diabetes screening across Taita-Taveta County.,Msalaba Mwekundu wa Kenya unazindua kampeni ya ufahamu ya Agosti juu ya uchunguzi wa ugonjwa wa kisukari katika Wilaya ya Taita-Taveta.
HEA_01549,Health,Division of Disease Surveillance and Response reminds the public in Nyamira County about the importance of food safety for household wellbeing.,Idara ya Ufuatiliaji na Jibu la Magonjwa inakumbusha umma katika Kaunti ya Nyamira juu ya umuhimu wa usalama wa chakula kwa ustawi wa kaya.
HEA_01550,Health,KEMSA launches a May awareness campaign on hypertension awareness across Kisii County.,KEMSA inazindua kampeni ya ufahamu ya Mei juu ya ufahamu wa shinikizo la damu katika Kaunti ya Kisii.
HEA_01551,Health,Division of Disease Surveillance and Response launches an October awareness campaign on tobacco control across Uasin Gishu County.,Idara ya Ufuatiliaji na Jibu la Magonjwa inazindua kampeni ya utambuzi wa Oktoba juu ya udhibiti wa tumbaku kote Wilaya ya Uasin Gishu.
HEA_01552,Health,Public notice: Ministry of Health - Reproductive Health Unit will host a free food safety outreach in Kisii County this January.,Taarifa ya umma: Wizara ya Afya - Kitengo cha Afya ya Kuzaliana kitaandaa kampeni ya bure ya usalama wa chakula katika Kaunti ya Kisii Januari hii.
HEA_01553,Health,KEMSA launches an August awareness campaign on food safety across Siaya County.,KEMSA inazindua kampeni ya ufahamu wa Agosti juu ya usalama wa chakula kote katika Kaunti ya Siaya.
HEA_01554,Health,Ministry of Health advises residents of Trans Nzoia County to attend the free community health screening to prevent the spread of preventable illness.,Wizara ya Afya inawashauri wakazi wa Kaunti ya Trans Nzoia kuhudhuria uchunguzi wa bure wa afya ya jamii ili kuzuia kuenea kwa magonjwa yanayoweza kuepukwa.
HEA_01555,Health,Public notice: SHA (Social Health Authority) will host a free safe water storage outreach in Wajir County this March.,Taarifa ya umma: Shirika la Afya ya Jamii (SHA) litaandaa huduma ya bure ya kuhifadhi maji salama katika Kaunti ya Wajir Machi hii.
HEA_01556,Health,Kenya Medical Association advises residents of Murang'a County to reduce salt and sugar intake to prevent the spread of preventable illness.,Shirika la Matibabu la Kenya linawashauri wakazi wa Kaunti ya Murang'a kupunguza kiasi cha chumvi na sukari ili kuzuia kuenea kwa magonjwa yanayoweza kuepukwa.
HEA_01557,Health,Kenya Red Cross advises residents of Meru County to attend the free community health screening to prevent the spread of preventable illness.,Msalaba Mwekundu wa Kenya unawashauri wakazi wa Kaunti ya Meru kuhudhuria uchunguzi wa bure wa afya ya jamii ili kuzuia kuenea kwa magonjwa yanayoweza kuepukwa.
HEA_01558,Health,Public notice: KEMRI will host a free proper sanitation outreach in Taita-Taveta County this July.,Taarifa ya umma: KEMRI itaandaa huduma ya usafi wa bure katika Wilaya ya Taita-Taveta mwezi huu Julai.
HEA_01559,Health,Kenya Medical Association advises residents of Samburu County to boil drinking water before use to prevent the spread of preventable illness.,Chama cha Matibabu cha Kenya kinashauri wakazi wa Kaunti ya Samburu kuoka maji ya kunywa kabla ya kutumia ili kuzuia kuenea kwa magonjwa yanayoweza kuepukwa.
HEA_01560,Health,Ministry of Health launches a November awareness campaign on hypertension awareness across Bomet County.,Wizara ya Afya inazindua kampeni ya ufahamu ya Novemba juu ya ufahamu wa shinikizo la damu katika jimbo lote la Bomet.
HEA_01561,Health,SHA (Social Health Authority) advises residents of Baringo County to attend the free community health screening to prevent the spread of preventable illness.,Shirika la Afya ya Jamii (SHA) linawashauri wakazi wa Kaunti ya Baringo kuhudhuria uchunguzi wa bure wa afya ya jamii ili kuzuia kuenea kwa magonjwa yanayoweza kuepukwa.
HEA_01562,Health,Ministry of Health advises residents of Trans Nzoia County to reduce salt and sugar intake to prevent the spread of preventable illness.,Wizara ya Afya inawashauri wakazi wa Kaunti ya Trans Nzoia kupunguza ulaji wa chumvi na sukari ili kuzuia kuenea kwa magonjwa yanayoweza kuepukwa.
HEA_01563,Health,Public notice: KEMSA will host a free safe water storage outreach in Taita-Taveta County this June.,Taarifa ya umma: KEMSA itaandaa huduma ya bure ya kuhifadhi maji salama katika Wilaya ya Taita-Taveta mwezi Juni huu.
HEA_01564,Health,Ministry of Health launches a September awareness campaign on diabetes screening across Nyamira County.,Wizara ya Afya inazindua kampeni ya Septemba ya ufahamu juu ya uchunguzi wa ugonjwa wa kisukari katika Kaunti ya Nyamira.
HEA_01565,Health,Ministry of Health - Reproductive Health Unit reminds the public in Wajir County about the importance of tobacco control for household wellbeing.,Wizara ya Afya - Kitengo cha Afya ya Kuzaa kinakumbusha umma katika Kaunti ya Wajir juu ya umuhimu wa udhibiti wa tumbaku kwa ustawi wa kaya.
HEA_01566,Health,KEMRI advises residents of Nyandarua County to reduce salt and sugar intake to prevent the spread of preventable illness.,KEMRI inawashauri wakazi wa Kaunti ya Nyandarua kupunguza ulaji wa chumvi na sukari ili kuzuia kuenea kwa magonjwa yanayoweza kuepukwa.
HEA_01567,Health,KEMSA reminds the public in Elgeyo-Marakwet County about the importance of hypertension awareness for household wellbeing.,KEMSA inawakumbusha umma katika Kaunti ya Elgeyo-Marakwet juu ya umuhimu wa ufahamu wa shinikizo la damu kwa ustawi wa kaya.
HEA_01568,Health,Kenya Red Cross advises residents of Nairobi County to boil drinking water before use to prevent the spread of preventable illness.,Msalaba Mwekundu wa Kenya unawashauri wakazi wa Kaunti ya Nairobi kuoka maji ya kunywa kabla ya kuyatumia ili kuzuia kuenea kwa magonjwa yanayoweza kuepukwa.
HEA_01569,Health,KEMSA reminds the public in Uasin Gishu County about the importance of hand hygiene for household wellbeing.,KEMSA inawakumbusha umma katika Kaunti ya Uasin Gishu umuhimu wa usafi wa mikono kwa ustawi wa kaya.
HEA_01570,Health,Public notice: Kenya Red Cross will host a free diabetes screening outreach in Machakos County this October.,Taarifa ya umma: Msalaba Mwekundu wa Kenya utaandaa uchunguzi wa bure wa ugonjwa wa kisukari katika Kaunti ya Machakos mwezi huu wa Oktoba.
HEA_01571,Health,Division of Disease Surveillance and Response advises residents of Vihiga County to reduce salt and sugar intake to prevent the spread of preventable illness.,Idara ya Ufuatiliaji na Jibu la Magonjwa inashauri wakazi wa Kaunti ya Vihiga kupunguza ulaji wa chumvi na sukari ili kuzuia kuenea kwa magonjwa yanayoweza kuepukwa.
HEA_01572,Health,Ministry of Health launches a March awareness campaign on food safety across Laikipia County.,Wizara ya Afya inazindua kampeni ya Machi ya ufahamu juu ya usalama wa chakula kote Kaunti ya Laikipia.
HEA_01573,Health,Public notice: Kenya Medical Association will host a free tobacco control outreach in Migori County this April.,Taarifa ya umma: Chama cha Matibabu cha Kenya kitaandaa kampeni ya bure ya kudhibiti tumbaku katika Kaunti ya Migori Aprili hii.
HEA_01574,Health,Kenya Medical Association reminds the public in Bungoma County about the importance of hand hygiene for household wellbeing.,Chama cha Matibabu cha Kenya kinakumbusha umma katika Kaunti ya Bungoma juu ya umuhimu wa usafi wa mikono kwa ustawi wa kaya.
HEA_01575,Health,CDC launches a January awareness campaign on proper sanitation across Tana River County.,CDC inazindua kampeni ya Januari ya ufahamu juu ya usafi sahihi katika Wilaya ya Tana River.
HEA_01576,Health,Ministry of Health - Reproductive Health Unit advises residents of Turkana County to wash hands with soap and clean water regularly to prevent the spread of preventable illness.,Wizara ya Afya - Kitengo cha Afya ya Kuzaa kinashauri wakazi wa Kaunti ya Turkana waoshe mikono kwa sabuni na maji safi mara kwa mara ili kuzuia kuenea kwa magonjwa yanayoweza kuepukwa.
HEA_01577,Health,Kenya Red Cross launches an October awareness campaign on diabetes screening across Narok County.,Msalaba Mwekundu wa Kenya unazindua kampeni ya Oktoba ya ufahamu juu ya uchunguzi wa ugonjwa wa kisukari katika Kaunti ya Narok.
HEA_01578,Health,Public notice: Kenya Medical Association will host a free safe water storage outreach in Homa Bay County this June.,Taarifa ya umma: Chama cha Matibabu cha Kenya kitaandaa huduma ya bure ya kuhifadhi maji salama katika Kaunti ya Homa Bay mwezi Juni huu.
HEA_01579,Health,KEMSA launches a March awareness campaign on hypertension awareness across Makueni County.,KEMSA inazindua kampeni ya ufahamu wa Machi juu ya ufahamu wa shinikizo la damu katika Kaunti ya Makueni.
HEA_01580,Health,Division of Disease Surveillance and Response reminds the public in Baringo County about the importance of hand hygiene for household wellbeing.,Idara ya Ufuatiliaji na Jibu la Magonjwa inakumbusha umma katika Kaunti ya Baringo juu ya umuhimu wa usafi wa mikono kwa ustawi wa kaya.
HEA_01581,Health,Public notice: CDC will host a free proper sanitation outreach in Elgeyo-Marakwet County this March.,Taarifa ya umma: CDC itaandaa huduma ya usafi wa bure katika Kaunti ya Elgeyo-Marakwet Machi hii.
HEA_01582,Health,Division of Disease Surveillance and Response launches a March awareness campaign on diabetes screening across Kilifi County.,Idara ya Ufuatiliaji na Jibu la Magonjwa inazindua kampeni ya Machi ya ufahamu juu ya uchunguzi wa ugonjwa wa kisukari katika Kaunti ya Kilifi.
HEA_01583,Health,Public notice: Division of Disease Surveillance and Response will host a free proper sanitation outreach in Elgeyo-Marakwet County this May.,Taarifa ya umma: Idara ya Ufuatiliaji na Jibu la Magonjwa itaandaa huduma ya usafi wa bure katika Kaunti ya Elgeyo-Marakwet Mei hii.
HEA_01584,Health,Public notice: CDC will host a free safe water storage outreach in Murang'a County this July.,Taarifa ya umma: CDC itaandaa huduma ya bure ya kuhifadhi maji salama katika Kaunti ya Murang'a Julai hii.
HEA_01585,Health,Public notice: Ministry of Health - Reproductive Health Unit will host a free food safety outreach in Marsabit County this September.,Taarifa ya umma: Wizara ya Afya - Kitengo cha Afya ya Kuzaliana kitaandaa kampeni ya bure ya usalama wa chakula katika Kaunti ya Marsabit Septemba hii.
HEA_01586,Health,Ministry of Health reminds the public in Tharaka-Nithi County about the importance of hand hygiene for household wellbeing.,Wizara ya Afya inawakumbusha raia wa Kaunti ya Tharaka-Nithi umuhimu wa usafi wa mikono kwa ustawi wa kaya.
HEA_01587,Health,KEMSA advises residents of Kilifi County to attend the free community health screening to prevent the spread of preventable illness.,KEMSA inawashauri wakazi wa Wilaya ya Kilifi kuhudhuria uchunguzi wa bure wa afya ya jamii ili kuzuia kuenea kwa magonjwa yanayoweza kuepukwa.
HEA_01588,Health,Ministry of Health - Reproductive Health Unit advises residents of Elgeyo-Marakwet County to reduce salt and sugar intake to prevent the spread of preventable illness.,Wizara ya Afya - Kitengo cha Afya ya Uzazi kinashauri wakazi wa Kaunti ya Elgeyo-Marakwet kupunguza ulaji wa chumvi na sukari ili kuzuia kuenea kwa magonjwa yanayoweza kuepukwa.
HEA_01589,Health,Ministry of Health - Reproductive Health Unit launches a December awareness campaign on hypertension awareness across Turkana County.,Wizara ya Afya - Kitengo cha Afya ya Uzazi kinazindua kampeni ya ufahamu ya juu ya shinikizo la damu katika jimbo lote la Turkana mnamo Desemba.
HEA_01590,Health,Ministry of Health - Reproductive Health Unit reminds the public in Nakuru County about the importance of food safety for household wellbeing.,Wizara ya Afya - Kitengo cha Afya ya Kuzaa kinakumbusha umma katika Kaunti ya Nakuru juu ya umuhimu wa usalama wa chakula kwa ustawi wa kaya.
HEA_01591,Health,SHA (Social Health Authority) advises residents of Turkana County to boil drinking water before use to prevent the spread of preventable illness.,Shirika la Afya ya Jamii (SHA) linawashauri wakazi wa Kaunti ya Turkana kuoka maji ya kunywa kabla ya kutumia ili kuzuia kuenea kwa magonjwa yanayoweza kuepukwa.
HEA_01592,Health,Public notice: KEMSA will host a free hypertension awareness outreach in Isiolo County this December.,Taarifa ya umma: KEMSA itaandaa kampeni ya bure ya ufahamu juu ya shinikizo la damu katika Kaunti ya Isiolo Desemba hii.
HEA_01593,Health,Public notice: KEMRI will host a free hypertension awareness outreach in Vihiga County this January.,Taarifa ya umma: KEMRI itaandaa kampeni ya bure ya ufahamu juu ya shinikizo la damu katika Kaunti ya Vihiga Januari hii.
HEA_01594,Health,Kenya Medical Association advises residents of Lamu County to reduce salt and sugar intake to prevent the spread of preventable illness.,Shirika la Matibabu la Kenya linawashauri wakazi wa Wilaya ya Lamu kupunguza kiasi cha chumvi na sukari ili kuzuia kuenea kwa magonjwa yanayoweza kuepukwa.
HEA_01595,Health,Division of Disease Surveillance and Response launches a May awareness campaign on tobacco control across Kwale County.,Idara ya Ufuatiliaji na Jibu la Magonjwa inazindua kampeni ya May juu ya udhibiti wa tumbaku kote Kaunti ya Kwale.
HEA_01596,Health,Kenya Medical Association launches an October awareness campaign on hand hygiene across West Pokot County.,Chama cha Matibabu cha Kenya kinazindua kampeni ya utambuzi wa Oktoba juu ya usafi wa mikono katika Kaunti ya West Pokot.
HEA_01597,Health,Public notice: KEMSA will host a free diabetes screening outreach in Kwale County this February.,Taarifa ya umma: KEMSA itaandaa huduma ya bure ya uchunguzi wa ugonjwa wa kisukari katika Kaunti ya Kwale Februari hii.
HEA_01598,Health,Ministry of Health - Reproductive Health Unit reminds the public in Siaya County about the importance of hypertension awareness for household wellbeing.,Wizara ya Afya - Kitengo cha Afya ya uzazi kinakumbusha umma katika Kaunti ya Siaya juu ya umuhimu wa ufahamu wa shinikizo la damu kwa ustawi wa kaya.
HEA_01599,Health,Division of Disease Surveillance and Response launches a November awareness campaign on hypertension awareness across Kilifi County.,Idara ya Ufuatiliaji na Jibu la Magonjwa inazindua kampeni ya ufahamu ya Novemba juu ya ufahamu wa shinikizo la damu katika Wilaya ya Kilifi.
HEA_01600,Health,Division of Disease Surveillance and Response reminds the public in Nairobi County about the importance of food safety for household wellbeing.,Idara ya Ufuatiliaji na Jibu la Magonjwa inakumbusha umma katika Kaunti ya Nairobi juu ya umuhimu wa usalama wa chakula kwa ustawi wa kaya.
HEA_01601,Health,KEMRI advises residents of Tana River County to attend the free community health screening to prevent the spread of preventable illness.,KEMRI inashauri wakazi wa Wilaya ya Tana River kuhudhuria uchunguzi wa bure wa afya ya jamii ili kuzuia kuenea kwa magonjwa yanayoweza kuepukwa.
HEA_01602,Health,Public notice: Ministry of Health will host a free hypertension awareness outreach in Lamu County this September.,Taarifa ya umma: Wizara ya Afya itaandaa kampeni ya bure ya ufahamu wa shinikizo la damu katika Kaunti ya Lamu mwezi Septemba.
HEA_01603,Health,SHA (Social Health Authority) reminds the public in Trans Nzoia County about the importance of safe water storage for household wellbeing.,SHA (Huduma ya Afya ya Jamii) inawakumbusha umma katika Kaunti ya Trans Nzoia umuhimu wa kuhifadhi maji salama kwa ustawi wa kaya.
HEA_01604,Health,Kenya Medical Association advises residents of Taita-Taveta County to boil drinking water before use to prevent the spread of preventable illness.,Chama cha Matibabu cha Kenya kinashauri wakazi wa Wilaya ya Taita-Taveta kuchemsha maji ya kunywa kabla ya kutumia ili kuzuia kuenea kwa magonjwa yanayoweza kuepukwa.
HEA_01605,Health,Kenya Medical Association advises residents of Trans Nzoia County to boil drinking water before use to prevent the spread of preventable illness.,Chama cha Matibabu cha Kenya kinashauri wakazi wa Kaunti ya Trans Nzoia kuoka maji ya kunywa kabla ya kutumia ili kuzuia kuenea kwa magonjwa yanayoweza kuepukwa.
HEA_01606,Health,Kenya Red Cross launches a July awareness campaign on tobacco control across Nakuru County.,Msalaba Mwekundu wa Kenya unazindua kampeni ya ufahamu ya Julai juu ya udhibiti wa tumbaku katika Kaunti ya Nakuru.
HEA_01607,Health,Public notice: KEMSA will host a free hand hygiene outreach in Turkana County this November.,Taarifa ya umma: KEMSA itaandaa kampeni ya usafi wa mikono ya bure katika Kaunti ya Turkana mwezi huu wa Novemba.
HEA_01608,Health,Public notice: CDC will host a free diabetes screening outreach in Tharaka-Nithi County this August.,Taarifa ya umma: CDC itaandaa uchunguzi wa bure wa ugonjwa wa kisukari katika Kaunti ya Tharaka-Nithi Agosti hii.
HEA_01609,Health,Ministry of Health - Reproductive Health Unit reminds the public in Nyandarua County about the importance of hypertension awareness for household wellbeing.,Wizara ya Afya - Kitengo cha Afya ya Kuzaa kinakumbusha umma katika Kaunti ya Nyandarua juu ya umuhimu wa ufahamu wa shinikizo la damu kwa ustawi wa kaya.
HEA_01610,Health,SHA (Social Health Authority) reminds the public in Elgeyo-Marakwet County about the importance of hypertension awareness for household wellbeing.,SHA (Shirika la Afya ya Jamii) linawakumbusha umma katika Kaunti ya Elgeyo-Marakwet juu ya umuhimu wa ufahamu wa shinikizo la damu kwa ustawi wa kaya.
HEA_01611,Health,Kenya Medical Association advises residents of Siaya County to wash hands with soap and clean water regularly to prevent the spread of preventable illness.,Chama cha Matibabu cha Kenya kinashauri wakazi wa Kaunti ya Siaya waoshe mikono yao kwa sabuni na maji safi kwa ukawaida ili kuzuia kuenea kwa magonjwa yanayoweza kuepukwa.
HEA_01612,Health,CDC launches an August awareness campaign on tobacco control across Kiambu County.,CDC inazindua kampeni ya ufahamu ya Agosti juu ya udhibiti wa tumbaku katika Kaunti ya Kiambu.
HEA_01613,Health,KEMSA advises residents of Nakuru County to wash hands with soap and clean water regularly to prevent the spread of preventable illness.,KEMSA inawashauri wakazi wa Kaunti ya Nakuru kuosha mikono kwa sabuni na maji safi mara kwa mara ili kuzuia kuenea kwa magonjwa yanayoweza kuepukwa.
HEA_01614,Health,Public notice: Ministry of Health - Reproductive Health Unit will host a free food safety outreach in Elgeyo-Marakwet County this February.,Taarifa ya umma: Wizara ya Afya - Kitengo cha Afya ya Kuzaliana kitaandaa kampeni ya bure ya usalama wa chakula katika Kaunti ya Elgeyo-Marakwet Februari hii.
HEA_01615,Health,Kenya Red Cross reminds the public in Marsabit County about the importance of tobacco control for household wellbeing.,Msalaba Mwekundu wa Kenya unakumbusha umma katika Kaunti ya Marsabit juu ya umuhimu wa udhibiti wa tumbaku kwa ustawi wa kaya.
HEA_01616,Health,Public notice: KEMRI will host a free proper sanitation outreach in Kajiado County this July.,Taarifa ya umma: KEMRI itaandaa huduma ya usafi sahihi ya bure katika Kajiado County mwezi huu wa Julai.
HEA_01617,Health,CDC launches a January awareness campaign on hypertension awareness across Lamu County.,CDC inazindua kampeni ya ufahamu wa Januari juu ya ufahamu wa shinikizo la damu kote katika Wilaya ya Lamu.
HEA_01618,Health,CDC launches a July awareness campaign on hand hygiene across Elgeyo-Marakwet County.,CDC inazindua kampeni ya ufahamu wa Julai juu ya usafi wa mikono kote Elgeyo-Marakwet County.
HEA_01619,Health,Kenya Red Cross reminds the public in Turkana County about the importance of hypertension awareness for household wellbeing.,Msalaba Mwekundu wa Kenya unakumbusha umma katika Kaunti ya Turkana juu ya umuhimu wa ufahamu wa shinikizo la damu kwa ustawi wa kaya.
HEA_01620,Health,CDC launches a February awareness campaign on tobacco control across Kwale County.,CDC inazindua kampeni ya Februari ya ufahamu juu ya udhibiti wa tumbaku katika Kaunti ya Kwale.
HEA_01621,Health,KEMSA reminds the public in Meru County about the importance of hand hygiene for household wellbeing.,KEMSA inawakumbusha umma katika Kaunti ya Meru umuhimu wa usafi wa mikono kwa ustawi wa kaya.
HEA_01622,Health,Kenya Medical Association launches a May awareness campaign on proper sanitation across Nyamira County.,Chama cha Matibabu cha Kenya kinazindua kampeni ya Mei ya ufahamu juu ya usafi sahihi katika Kaunti ya Nyamira.
HEA_01623,Health,Ministry of Health - Reproductive Health Unit reminds the public in Busia County about the importance of proper sanitation for household wellbeing.,Wizara ya Afya - Kitengo cha Afya ya Kuzaa kinakumbusha umma katika Kaunti ya Busia juu ya umuhimu wa usafi sahihi kwa ustawi wa kaya.
HEA_01624,Health,KEMRI advises residents of Meru County to attend the free community health screening to prevent the spread of preventable illness.,KEMRI inawashauri wakazi wa Kaunti ya Meru kuhudhuria uchunguzi wa bure wa afya ya jamii ili kuzuia kuenea kwa magonjwa yanayoweza kuepukwa.
HEA_01625,Health,Kenya Medical Association launches a January awareness campaign on hand hygiene across Kericho County.,Chama cha Matibabu cha Kenya kinazindua kampeni ya Januari ya ufahamu juu ya usafi wa mikono katika Kaunti ya Kericho.
HEA_01626,Health,SHA (Social Health Authority) reminds the public in Mombasa County about the importance of tobacco control for household wellbeing.,Shirika la Afya ya Jamii (SHA) linakumbusha umma katika Kaunti ya Mombasa juu ya umuhimu wa udhibiti wa tumbaku kwa ustawi wa kaya.
HEA_01627,Health,Ministry of Health - Reproductive Health Unit reminds the public in Kisii County about the importance of food safety for household wellbeing.,Wizara ya Afya - Kitengo cha Afya ya Kuzaa kinakumbusha umma katika Kaunti ya Kisii juu ya umuhimu wa usalama wa chakula kwa ustawi wa kaya.
HEA_01628,Health,Kenya Red Cross reminds the public in Busia County about the importance of proper sanitation for household wellbeing.,Msalaba Mwekundu wa Kenya unakumbusha umma katika Kaunti ya Busia juu ya umuhimu wa usafi sahihi kwa ustawi wa kaya.
HEA_01629,Health,Kenya Red Cross reminds the public in Taita-Taveta County about the importance of safe water storage for household wellbeing.,Msalaba Mwekundu wa Kenya unakumbusha umma katika Wilaya ya Taita-Taveta juu ya umuhimu wa kuhifadhi maji salama kwa ustawi wa kaya.
HEA_01630,Health,KEMRI launches a January awareness campaign on tobacco control across Wajir County.,KEMRI inazindua kampeni ya ufahamu ya Januari juu ya udhibiti wa tumbaku katika Kaunti ya Wajir.
HEA_01631,Health,Ministry of Health advises residents of Embu County to boil drinking water before use to prevent the spread of preventable illness.,Wizara ya Afya inawashauri wakazi wa Kaunti ya Embu kuchemsha maji ya kunywa kabla ya matumizi ili kuzuia kuenea kwa magonjwa yanayoweza kuepukwa.
HEA_01632,Health,Kenya Medical Association advises residents of Siaya County to boil drinking water before use to prevent the spread of preventable illness.,Chama cha Matibabu cha Kenya kinashauri wakazi wa Kaunti ya Siaya kuchemsha maji ya kunywa kabla ya kutumia ili kuzuia kuenea kwa magonjwa yanayoweza kuepukwa.
HEA_01633,Health,Kenya Red Cross launches a March awareness campaign on diabetes screening across Baringo County.,Msalaba Mwekundu wa Kenya unazindua kampeni ya Machi ya ufahamu juu ya uchunguzi wa ugonjwa wa kisukari katika Kaunti ya Baringo.
HEA_01634,Health,Ministry of Health reminds the public in Wajir County about the importance of safe water storage for household wellbeing.,Wizara ya Afya inawakumbusha umma katika Kaunti ya Wajir umuhimu wa kuhifadhi maji salama kwa ustawi wa kaya.
HEA_01635,Health,Ministry of Health - Reproductive Health Unit reminds the public in Laikipia County about the importance of food safety for household wellbeing.,Wizara ya Afya - Kitengo cha Afya ya Kuzaa kinakumbusha umma katika Kaunti ya Laikipia juu ya umuhimu wa usalama wa chakula kwa ustawi wa kaya.
HEA_01636,Health,KEMRI reminds the public in Tharaka-Nithi County about the importance of hypertension awareness for household wellbeing.,KEMRI inawakumbusha umma katika Kaunti ya Tharaka-Nithi juu ya umuhimu wa ufahamu wa shinikizo la damu kwa ustawi wa kaya.
HEA_01637,Health,Ministry of Health reminds the public in Kiambu County about the importance of hand hygiene for household wellbeing.,Wizara ya Afya inawakumbusha umma katika Kaunti ya Kiambu umuhimu wa usafi wa mikono kwa ustawi wa kaya.
HEA_01638,Health,Kenya Medical Association reminds the public in Nakuru County about the importance of hypertension awareness for household wellbeing.,Chama cha Matibabu cha Kenya kinakumbusha umma katika Kaunti ya Nakuru juu ya umuhimu wa ufahamu wa shinikizo la damu kwa ustawi wa kaya.
HEA_01639,Health,Public notice: Ministry of Health will host a free diabetes screening outreach in Nakuru County this July.,Taarifa ya umma: Wizara ya Afya itaandaa uchunguzi wa bure wa ugonjwa wa kisukari katika Kaunti ya Nakuru Julai hii.
HEA_01640,Health,KEMRI reminds the public in Nyamira County about the importance of hypertension awareness for household wellbeing.,KEMRI inawakumbusha umma katika Kaunti ya Nyamira juu ya umuhimu wa ufahamu wa shinikizo la damu kwa ustawi wa kaya.
HEA_01641,Health,Kenya Medical Association launches a June awareness campaign on hypertension awareness across Kakamega County.,Shirika la Matibabu la Kenya linazindua kampeni ya June juu ya ufahamu wa shinikizo la damu katika Kaunti ya Kakamega.
HEA_01642,Health,Kenya Red Cross launches a July awareness campaign on diabetes screening across Kisumu County.,Msalaba Mwekundu wa Kenya unazindua kampeni ya ufahamu ya Julai juu ya uchunguzi wa ugonjwa wa kisukari katika Kaunti ya Kisumu.
HEA_01643,Health,Ministry of Health - Reproductive Health Unit launches a November awareness campaign on proper sanitation across Busia County.,Wizara ya Afya - Kitengo cha Afya ya Kuzaa kinazindua kampeni ya ufahamu ya Novemba juu ya usafi sahihi katika Kaunti ya Busia.
HEA_01644,Health,Kenya Medical Association reminds the public in Kwale County about the importance of proper sanitation for household wellbeing.,Chama cha Matibabu cha Kenya kinakumbusha umma katika Kaunti ya Kwale juu ya umuhimu wa usafi sahihi kwa ustawi wa kaya.
HEA_01645,Health,Ministry of Health - Reproductive Health Unit advises residents of Turkana County to boil drinking water before use to prevent the spread of preventable illness.,Wizara ya Afya - Kitengo cha Afya ya Uzazi kinashauri wakazi wa Kaunti ya Turkana kuchemsha maji ya kunywa kabla ya matumizi ili kuzuia kuenea kwa magonjwa yanayoweza kuepukwa.
HEA_01646,Health,Division of Disease Surveillance and Response advises residents of Bungoma County to reduce salt and sugar intake to prevent the spread of preventable illness.,Idara ya Kufuatilia na Kukabiliana na Magonjwa inashauri wakazi wa Kaunti ya Bungoma kupunguza ulaji wa chumvi na sukari ili kuzuia kuenea kwa magonjwa yanayoweza kuepukwa.
HEA_01647,Health,Kenya Red Cross advises residents of Nairobi County to reduce salt and sugar intake to prevent the spread of preventable illness.,Msalaba Mwekundu wa Kenya unawashauri wakazi wa Kaunti ya Nairobi kupunguza ulaji wa chumvi na sukari ili kuzuia kuenea kwa magonjwa yanayoweza kuepukwa.
HEA_01648,Health,Division of Disease Surveillance and Response reminds the public in Laikipia County about the importance of hypertension awareness for household wellbeing.,Idara ya Ufuatiliaji na Jibu la Magonjwa inakumbusha umma katika Kaunti ya Laikipia juu ya umuhimu wa ufahamu wa shinikizo la damu kwa ustawi wa kaya.
HEA_01649,Health,Kenya Red Cross advises residents of Kisii County to wash hands with soap and clean water regularly to prevent the spread of preventable illness.,Msalaba Mwekundu wa Kenya unawashauri wakazi wa Kaunti ya Kisii kuosha mikono kwa sabuni na maji safi mara kwa mara ili kuzuia kuenea kwa magonjwa yanayoweza kuepukwa.
HEA_01650,Health,KEMSA reminds the public in Meru County about the importance of safe water storage for household wellbeing.,KEMSA inawakumbusha umma katika Kaunti ya Meru umuhimu wa kuhifadhi maji salama kwa ustawi wa kaya.
HEA_01651,Health,SHA (Social Health Authority) reminds the public in Uasin Gishu County about the importance of proper sanitation for household wellbeing.,Shirika la Afya ya Jamii (SHA) linakumbusha umma katika Kaunti ya Uasin Gishu juu ya umuhimu wa usafi sahihi kwa ustawi wa kaya.
HEA_01652,Health,Public notice: Kenya Red Cross will host a free safe water storage outreach in Turkana County this November.,Taarifa ya umma: Msalaba Mwekundu wa Kenya utaandaa huduma ya bure ya kuhifadhi maji salama katika Kaunti ya Turkana mwezi huu wa Novemba.
HEA_01653,Health,CDC advises residents of Kilifi County to attend the free community health screening to prevent the spread of preventable illness.,CDC inashauri wakazi wa Wilaya ya Kilifi kuhudhuria uchunguzi wa bure wa afya ya jamii ili kuzuia kuenea kwa magonjwa yanayoweza kuepukwa.
HEA_01654,Health,SHA (Social Health Authority) reminds the public in Busia County about the importance of hand hygiene for household wellbeing.,Shirika la Afya ya Jamii (SHA) linakumbusha umma katika Kaunti ya Busia umuhimu wa usafi wa mikono kwa ustawi wa kaya.
HEA_01655,Health,Ministry of Health - Reproductive Health Unit advises residents of Makueni County to attend the free community health screening to prevent the spread of preventable illness.,Wizara ya Afya - Kitengo cha Afya ya Kuzaa kinashauri wakazi wa Kaunti ya Makueni kuhudhuria uchunguzi wa bure wa afya ya jamii ili kuzuia kuenea kwa magonjwa yanayoweza kuepukwa.
HEA_01656,Health,CDC launches a March awareness campaign on food safety across Nyandarua County.,CDC inazindua kampeni ya Machi ya ufahamu juu ya usalama wa chakula katika Kaunti ya Nyandarua.
HEA_01657,Health,Ministry of Health launches an August awareness campaign on food safety across Nandi County.,Wizara ya Afya inazindua kampeni ya ufahamu ya Agosti juu ya usalama wa chakula katika Kaunti ya Nandi.
HEA_01658,Health,SHA (Social Health Authority) launches an October awareness campaign on food safety across Busia County.,Shirika la Afya ya Jamii (SHA) linazindua kampeni ya kuelimisha juu ya usalama wa chakula katika jimbo lote la Busia.
HEA_01659,Health,CDC launches a September awareness campaign on hand hygiene across Kilifi County.,CDC inazindua kampeni ya Septemba ya ufahamu juu ya usafi wa mikono katika Wilaya ya Kilifi.
HEA_01660,Health,SHA (Social Health Authority) advises residents of Embu County to boil drinking water before use to prevent the spread of preventable illness.,Shirika la Afya ya Jamii (SHA) linawashauri wakazi wa Kaunti ya Embu kuchemsha maji ya kunywa kabla ya kutumia ili kuzuia kuenea kwa magonjwa yanayoweza kuepukwa.
HEA_01661,Health,Public notice: Ministry of Health - Reproductive Health Unit will host a free tobacco control outreach in Narok County this August.,Taarifa ya umma: Wizara ya Afya - Kitengo cha Afya ya Kuzaliana kitaandaa kampeni ya bure ya kudhibiti tumbaku katika Kaunti ya Narok Agosti hii.
HEA_01662,Health,KEMSA launches a June awareness campaign on proper sanitation across Kisumu County.,KEMSA inazindua kampeni ya ufahamu ya Juni juu ya usafi sahihi katika Kaunti ya Kisumu.
HEA_01663,Health,SHA (Social Health Authority) advises residents of Tharaka-Nithi County to reduce salt and sugar intake to prevent the spread of preventable illness.,Shirika la Afya ya Jamii (SHA) linawashauri wakazi wa Kaunti ya Tharaka-Nithi kupunguza ulaji wa chumvi na sukari ili kuzuia kuenea kwa magonjwa yanayoweza kuepukwa.
HEA_01664,Health,KEMRI launches a June awareness campaign on proper sanitation across Laikipia County.,KEMRI inazindua kampeni ya ufahamu ya Juni juu ya usafi sahihi katika Kaunti ya Laikipia.
HEA_01665,Health,SHA (Social Health Authority) advises residents of Nyandarua County to reduce salt and sugar intake to prevent the spread of preventable illness.,Shirika la Afya ya Jamii (SHA) linawashauri wakazi wa Kaunti ya Nyandarua kupunguza ulaji wa chumvi na sukari ili kuzuia kuenea kwa magonjwa yanayoweza kuepukwa.
HEA_01666,Health,Public notice: KEMRI will host a free diabetes screening outreach in Marsabit County this September.,Taarifa ya umma: KEMRI itaandaa huduma ya bure ya uchunguzi wa ugonjwa wa kisukari katika Kaunti ya Marsabit mwezi huu wa Septemba.
HEA_01667,Health,KEMSA advises residents of Elgeyo-Marakwet County to reduce salt and sugar intake to prevent the spread of preventable illness.,KEMSA inashauri wakazi wa Kaunti ya Elgeyo-Marakwet kupunguza ulaji wa chumvi na sukari ili kuzuia kuenea kwa magonjwa yanayoweza kuepukwa.
HEA_01668,Health,CDC reminds the public in Migori County about the importance of hand hygiene for household wellbeing.,CDC inawakumbusha umma katika Kaunti ya Migori umuhimu wa usafi wa mikono kwa ustawi wa kaya.
HEA_01669,Health,KEMSA reminds the public in Mombasa County about the importance of food safety for household wellbeing.,KEMSA inawakumbusha umma katika Kaunti ya Mombasa juu ya umuhimu wa usalama wa chakula kwa ustawi wa kaya.
HEA_01670,Health,SHA (Social Health Authority) launches a June awareness campaign on diabetes screening across Kiambu County.,Shirika la Afya ya Jamii (SHA) linazindua kampeni ya June ya ufahamu juu ya uchunguzi wa ugonjwa wa kisukari katika Kaunti ya Kiambu.
HEA_01671,Health,Kenya Medical Association advises residents of Tana River County to wash hands with soap and clean water regularly to prevent the spread of preventable illness.,Shirika la Matibabu la Kenya linawashauri wakazi wa Wilaya ya Tana River waoshe mikono yao kwa sabuni na maji safi kwa ukawaida ili kuzuia kuenea kwa magonjwa yanayoweza kuepukwa.
HEA_01672,Health,Ministry of Health advises residents of Siaya County to attend the free community health screening to prevent the spread of preventable illness.,Wizara ya Afya inawashauri wakazi wa Kaunti ya Siaya kuhudhuria uchunguzi wa bure wa afya ya jamii ili kuzuia kuenea kwa magonjwa yanayoweza kuepukwa.
HEA_01673,Health,Kenya Medical Association reminds the public in Migori County about the importance of hypertension awareness for household wellbeing.,Chama cha Matibabu cha Kenya kinakumbusha umma katika Kaunti ya Migori juu ya umuhimu wa ufahamu wa shinikizo la damu kwa ustawi wa kaya.
HEA_01674,Health,Public notice: Division of Disease Surveillance and Response will host a free food safety outreach in Turkana County this January.,Taarifa ya umma: Idara ya Ufuatiliaji na Jibu la Magonjwa itaandaa huduma ya bure ya usalama wa chakula katika Kaunti ya Turkana Januari hii.
HEA_01675,Health,Public notice: CDC will host a free tobacco control outreach in Busia County this March.,Taarifa ya umma: CDC itaandaa kampeni ya bure ya kudhibiti tumbaku katika Kaunti ya Busia Machi hii.
HEA_01676,Health,Ministry of Health - Reproductive Health Unit reminds the public in Kisumu County about the importance of hypertension awareness for household wellbeing.,Wizara ya Afya - Kitengo cha Afya ya Kuzaa kinakumbusha umma katika Kaunti ya Kisumu juu ya umuhimu wa ufahamu wa shinikizo la damu kwa ustawi wa kaya.
HEA_01677,Health,Division of Disease Surveillance and Response reminds the public in Kisumu County about the importance of food safety for household wellbeing.,Idara ya Ufuatiliaji na Jibu la Magonjwa inakumbusha umma katika Kaunti ya Kisumu juu ya umuhimu wa usalama wa chakula kwa ustawi wa kaya.
HEA_01678,Health,Kenya Red Cross advises residents of Taita-Taveta County to attend the free community health screening to prevent the spread of preventable illness.,Msalaba Mwekundu wa Kenya unawashauri wakazi wa Wilaya ya Taita-Taveta kuhudhuria uchunguzi wa bure wa afya ya jamii ili kuzuia kuenea kwa magonjwa yanayoweza kuepukwa.
HEA_01679,Health,KEMSA reminds the public in Kajiado County about the importance of proper sanitation for household wellbeing.,KEMSA inawakumbusha umma katika Kajiado County umuhimu wa usafi sahihi kwa ustawi wa kaya.
HEA_01680,Health,SHA (Social Health Authority) advises residents of Narok County to attend the free community health screening to prevent the spread of preventable illness.,Shirika la Afya ya Jamii (SHA) linawashauri wakazi wa Kaunti ya Narok kuhudhuria uchunguzi wa bure wa afya ya jamii ili kuzuia kuenea kwa magonjwa yanayoweza kuepukwa.
HEA_01681,Health,Public notice: KEMSA will host a free food safety outreach in Kwale County this January.,Taarifa ya umma: KEMSA itaandaa kampeni ya bure ya usalama wa chakula katika Kaunti ya Kwale Januari hii.
HEA_01682,Health,Public notice: KEMRI will host a free diabetes screening outreach in Kirinyaga County this December.,Taarifa ya umma: KEMRI itaandaa huduma ya bure ya uchunguzi wa ugonjwa wa kisukari katika Kaunti ya Kirinyaga Desemba hii.
HEA_01683,Health,Ministry of Health launches a May awareness campaign on tobacco control across West Pokot County.,Wizara ya Afya inazindua kampeni ya ufahamu ya Mei juu ya udhibiti wa tumbaku katika Kaunti ya Pokot Magharibi.
HEA_01684,Health,Public notice: SHA (Social Health Authority) will host a free hand hygiene outreach in Tana River County this November.,Taarifa ya umma: Shirika la Afya ya Jamii (SHA) litaandaa kampeni ya usafi wa mikono ya bure katika Wilaya ya Tana River mwezi huu wa Novemba.
HEA_01685,Health,Kenya Red Cross reminds the public in Kakamega County about the importance of hand hygiene for household wellbeing.,Msalaba Mwekundu wa Kenya unakumbusha umma katika Kaunti ya Kakamega umuhimu wa usafi wa mikono kwa ustawi wa kaya.
HEA_01686,Health,Division of Disease Surveillance and Response reminds the public in Machakos County about the importance of hypertension awareness for household wellbeing.,Idara ya Ufuatiliaji na Jibu la Magonjwa inakumbusha umma katika Kaunti ya Machakos juu ya umuhimu wa ufahamu wa shinikizo la damu kwa ustawi wa kaya.
HEA_01687,Health,Division of Disease Surveillance and Response advises residents of Kirinyaga County to boil drinking water before use to prevent the spread of preventable illness.,Idara ya Ufuatiliaji na Jibu la Magonjwa inashauri wakazi wa Kaunti ya Kirinyaga kuchemsha maji ya kunywa kabla ya matumizi ili kuzuia kuenea kwa magonjwa yanayoweza kuepukwa.
HEA_01688,Health,CDC reminds the public in Machakos County about the importance of proper sanitation for household wellbeing.,CDC inakumbusha umma katika Kaunti ya Machakos juu ya umuhimu wa usafi sahihi kwa ustawi wa kaya.
HEA_01689,Health,Kenya Medical Association reminds the public in Taita-Taveta County about the importance of hand hygiene for household wellbeing.,Chama cha Matibabu cha Kenya kinakumbusha umma katika Wilaya ya Taita-Taveta juu ya umuhimu wa usafi wa mikono kwa ustawi wa kaya.
HEA_01690,Health,KEMSA reminds the public in Laikipia County about the importance of diabetes screening for household wellbeing.,KEMSA inawakumbusha umma katika Kaunti ya Laikipia juu ya umuhimu wa uchunguzi wa ugonjwa wa kisukari kwa ustawi wa kaya.
HEA_01691,Health,Division of Disease Surveillance and Response launches a September awareness campaign on diabetes screening across Migori County.,Idara ya Ufuatiliaji na Jibu la Magonjwa inazindua kampeni ya Septemba ya ufahamu juu ya uchunguzi wa ugonjwa wa kisukari katika Kaunti ya Migori.
HEA_01692,Health,Kenya Red Cross reminds the public in Vihiga County about the importance of tobacco control for household wellbeing.,Msalaba Mwekundu wa Kenya unakumbusha umma katika Kaunti ya Vihiga juu ya umuhimu wa udhibiti wa tumbaku kwa ustawi wa kaya.
HEA_01693,Health,Ministry of Health - Reproductive Health Unit reminds the public in Kisii County about the importance of tobacco control for household wellbeing.,Wizara ya Afya - Kitengo cha Afya ya Kuzaa kinakumbusha umma katika Kaunti ya Kisii juu ya umuhimu wa udhibiti wa tumbaku kwa ustawi wa kaya.
HEA_01694,Health,KEMSA reminds the public in Marsabit County about the importance of safe water storage for household wellbeing.,KEMSA inawakumbusha umma katika Kaunti ya Marsabit juu ya umuhimu wa kuhifadhi maji salama kwa ustawi wa kaya.
HEA_01695,Health,Ministry of Health - Reproductive Health Unit reminds the public in Mandera County about the importance of hypertension awareness for household wellbeing.,Wizara ya Afya - Kitengo cha Afya ya Kuzaa kinakumbusha umma katika Kaunti ya Mandera juu ya umuhimu wa ufahamu wa shinikizo la damu kwa ustawi wa kaya.
HEA_01696,Health,KEMRI launches an August awareness campaign on hand hygiene across Baringo County.,KEMRI inazindua kampeni ya ufahamu wa Agosti juu ya usafi wa mikono katika Kaunti ya Baringo.
HEA_01697,Health,CDC advises residents of West Pokot County to reduce salt and sugar intake to prevent the spread of preventable illness.,CDC inashauri wakazi wa Wilaya ya West Pokot kupunguza ulaji wa chumvi na sukari ili kuzuia kuenea kwa magonjwa yanayoweza kuepukwa.
HEA_01698,Health,SHA (Social Health Authority) launches an October awareness campaign on proper sanitation across West Pokot County.,Shirika la Afya ya Jamii (SHA) linazindua kampeni ya ufahamu ya Oktoba juu ya usafi sahihi katika Kaunti ya Pokot Magharibi.
HEA_01699,Health,CDC launches a February awareness campaign on proper sanitation across Marsabit County.,CDC inazindua kampeni ya Februari ya ufahamu juu ya usafi sahihi katika wilaya ya Marsabit.
HEA_01700,Health,Public notice: Division of Disease Surveillance and Response will host a free diabetes screening outreach in Kirinyaga County this May.,Taarifa ya umma: Idara ya Ufuatiliaji na Jibu la Magonjwa itaandaa uchunguzi wa bure wa ugonjwa wa kisukari katika Kaunti ya Kirinyaga Mei hii.
HEA_01701,Health,KEMSA launches an October awareness campaign on diabetes screening across Marsabit County.,KEMSA inazindua kampeni ya utambuzi wa Oktoba juu ya uchunguzi wa ugonjwa wa kisukari katika Wilaya ya Marsabit.
HEA_01702,Health,Kenya Red Cross launches an April awareness campaign on safe water storage across Nyeri County.,Msalaba Mwekundu wa Kenya unazindua kampeni ya ufahamu ya Aprili juu ya uhifadhi wa maji salama katika Kaunti ya Nyeri.
HEA_01703,Health,Ministry of Health reminds the public in Wajir County about the importance of proper sanitation for household wellbeing.,Wizara ya Afya inawakumbusha umma katika Kaunti ya Wajir umuhimu wa usafi sahihi kwa ustawi wa kaya.
HEA_01704,Health,Ministry of Health launches an August awareness campaign on hypertension awareness across Uasin Gishu County.,Wizara ya Afya inazindua kampeni ya ufahamu ya Agosti juu ya ufahamu wa shinikizo la damu katika Kaunti ya Uasin Gishu.
HEA_01705,Health,Public notice: Ministry of Health - Reproductive Health Unit will host a free diabetes screening outreach in Kiambu County this July.,Taarifa ya umma: Wizara ya Afya - Kitengo cha Afya ya Uzazi kitaandaa uchunguzi wa bure wa ugonjwa wa kisukari katika Kaunti ya Kiambu Julai hii.
HEA_01706,Health,KEMSA advises residents of Narok County to reduce salt and sugar intake to prevent the spread of preventable illness.,KEMSA inashauri wakazi wa Kaunti ya Narok kupunguza ulaji wa chumvi na sukari ili kuzuia kuenea kwa magonjwa yanayoweza kuepukwa.
HEA_01707,Health,Kenya Medical Association launches an April awareness campaign on diabetes screening across Samburu County.,Shirika la Matibabu la Kenya linazindua kampeni ya ufahamu wa Aprili juu ya uchunguzi wa ugonjwa wa kisukari katika Kaunti ya Samburu.
HEA_01708,Health,Public notice: CDC will host a free diabetes screening outreach in Kilifi County this November.,Taarifa ya umma: CDC itaandaa uchunguzi wa bure wa ugonjwa wa kisukari katika Kaunti ya Kilifi Novemba hii.
HEA_01709,Health,Public notice: SHA (Social Health Authority) will host a free hand hygiene outreach in Isiolo County this December.,Taarifa ya umma: Shirika la Afya ya Jamii (SHA) litaandaa kampeni ya bure ya usafi wa mikono katika Kaunti ya Isiolo Desemba hii.
HEA_01710,Health,Public notice: CDC will host a free tobacco control outreach in Kisumu County this February.,Taarifa ya umma: CDC itaandaa kampeni ya bure ya kudhibiti tumbaku katika Kaunti ya Kisumu Februari hii.
HEA_01711,Health,KEMRI launches a September awareness campaign on hypertension awareness across Busia County.,KEMRI inazindua kampeni ya ufahamu ya Septemba juu ya ufahamu wa shinikizo la damu kote katika Kaunti ya Busia.
HEA_01712,Health,CDC launches an August awareness campaign on hypertension awareness across Tharaka-Nithi County.,CDC inazindua kampeni ya ufahamu ya Agosti juu ya ufahamu wa shinikizo la damu katika Kaunti ya Tharaka-Nithi.
HEA_01713,Health,SHA (Social Health Authority) launches a September awareness campaign on safe water storage across Homa Bay County.,Shirika la Afya ya Jamii (SHA) linazindua kampeni ya Septemba ya ufahamu juu ya uhifadhi wa maji salama katika Kaunti ya Homa Bay.
HEA_01714,Health,Kenya Red Cross launches an April awareness campaign on food safety across Embu County.,Msalaba Mwekundu wa Kenya unazindua kampeni ya ufahamu ya Aprili juu ya usalama wa chakula katika Kaunti ya Embu.
HEA_01715,Health,Ministry of Health reminds the public in Nakuru County about the importance of proper sanitation for household wellbeing.,Wizara ya Afya inawakumbusha umma katika Kaunti ya Nakuru umuhimu wa usafi sahihi kwa ustawi wa kaya.
HEA_01716,Health,KEMSA reminds the public in Uasin Gishu County about the importance of food safety for household wellbeing.,KEMSA inawakumbusha umma katika Kaunti ya Uasin Gishu juu ya umuhimu wa usalama wa chakula kwa ustawi wa kaya.
HEA_01717,Health,Public notice: Kenya Medical Association will host a free hand hygiene outreach in Makueni County this February.,Taarifa ya umma: Chama cha Matibabu cha Kenya kitaandaa kampeni ya usafi wa mikono ya bure katika Kaunti ya Makueni Februari hii.
HEA_01718,Health,CDC launches a May awareness campaign on safe water storage across Isiolo County.,CDC inazindua kampeni ya Mei ya ufahamu juu ya uhifadhi wa maji salama katika Wilaya ya Isiolo.
HEA_01719,Health,KEMSA reminds the public in Tana River County about the importance of proper sanitation for household wellbeing.,KEMSA inawakumbusha umma katika Kaunti ya Tana River umuhimu wa usafi sahihi kwa ustawi wa kaya.
HEA_01720,Health,Ministry of Health advises residents of Nyamira County to attend the free community health screening to prevent the spread of preventable illness.,Wizara ya Afya inawashauri wakazi wa Kaunti ya Nyamira kuhudhuria uchunguzi wa bure wa afya ya jamii ili kuzuia kuenea kwa magonjwa yanayoweza kuepukwa.
HEA_01721,Health,SHA (Social Health Authority) reminds the public in Murang'a County about the importance of diabetes screening for household wellbeing.,Shirika la Afya ya Jamii (SHA) linakumbusha umma katika Kaunti ya Murang'a juu ya umuhimu wa uchunguzi wa ugonjwa wa kisukari kwa ustawi wa kaya.
HEA_01722,Health,Public notice: Kenya Red Cross will host a free hand hygiene outreach in Samburu County this February.,Taarifa ya umma: Msalaba Mwekundu wa Kenya utaandaa kampeni ya usafi wa mikono ya bure katika Kaunti ya Samburu Februari hii.
HEA_01723,Health,KEMRI advises residents of Bungoma County to boil drinking water before use to prevent the spread of preventable illness.,KEMRI inashauri wakazi wa Kaunti ya Bungoma kuchemsha maji ya kunywa kabla ya matumizi ili kuzuia kuenea kwa magonjwa yanayoweza kuepukwa.
HEA_01724,Health,CDC reminds the public in Narok County about the importance of hand hygiene for household wellbeing.,CDC inawakumbusha umma katika Kaunti ya Narok juu ya umuhimu wa usafi wa mikono kwa ustawi wa kaya.
HEA_01725,Health,Public notice: Ministry of Health will host a free hypertension awareness outreach in Murang'a County this August.,Taarifa ya umma: Wizara ya Afya itaandaa kampeni ya bure ya ufahamu wa shinikizo la damu katika Kaunti ya Murang'a Agosti hii.
HEA_01726,Health,SHA (Social Health Authority) reminds the public in Laikipia County about the importance of diabetes screening for household wellbeing.,SHA (Shirika la Afya ya Jamii) linawakumbusha umma katika Kaunti ya Laikipia juu ya umuhimu wa uchunguzi wa ugonjwa wa kisukari kwa ustawi wa kaya.
HEA_01727,Health,Ministry of Health advises residents of Nyandarua County to wash hands with soap and clean water regularly to prevent the spread of preventable illness.,Wizara ya Afya inawashauri wakazi wa Kaunti ya Nyandarua kuosha mikono kwa sabuni na maji safi mara kwa mara ili kuzuia kuenea kwa magonjwa yanayoweza kuepukwa.
HEA_01728,Health,CDC advises residents of Kisumu County to attend the free community health screening to prevent the spread of preventable illness.,CDC inashauri wakazi wa Kaunti ya Kisumu kuhudhuria uchunguzi wa bure wa afya ya jamii ili kuzuia kuenea kwa magonjwa yanayoweza kuepukwa.
HEA_01729,Health,Ministry of Health - Reproductive Health Unit reminds the public in Taita-Taveta County about the importance of hypertension awareness for household wellbeing.,Wizara ya Afya - Kitengo cha Afya ya uzazi kinakumbusha umma katika Kaunti ya Taita-Taveta juu ya umuhimu wa ufahamu wa shinikizo la damu kwa ustawi wa kaya.
HEA_01730,Health,KEMSA advises residents of West Pokot County to boil drinking water before use to prevent the spread of preventable illness.,KEMSA inawashauri wakazi wa Wilaya ya West Pokot kuchemsha maji ya kunywa kabla ya matumizi ili kuzuia kuenea kwa magonjwa yanayoweza kuepukwa.
HEA_01731,Health,CDC advises residents of Elgeyo-Marakwet County to reduce salt and sugar intake to prevent the spread of preventable illness.,CDC inashauri wakazi wa Kaunti ya Elgeyo-Marakwet kupunguza ulaji wa chumvi na sukari ili kuzuia kuenea kwa magonjwa yanayoweza kuepukwa.
HEA_01732,Health,Ministry of Health launches an October awareness campaign on proper sanitation across Baringo County.,Wizara ya Afya inazindua kampeni ya ufahamu wa Oktoba juu ya usafi sahihi katika Kaunti ya Baringo.
HEA_01733,Health,Ministry of Health advises residents of Tana River County to attend the free community health screening to prevent the spread of preventable illness.,Wizara ya Afya inawashauri wakazi wa Kaunti ya Tana River kuhudhuria uchunguzi wa bure wa afya ya jamii ili kuzuia kuenea kwa magonjwa yanayoweza kuepukwa.
HEA_01734,Health,Public notice: Kenya Medical Association will host a free safe water storage outreach in Turkana County this November.,Taarifa ya umma: Chama cha Matibabu cha Kenya kitaandaa huduma ya bure ya kuhifadhi maji salama katika Kaunti ya Turkana mwezi huu wa Novemba.
HEA_01735,Health,Public notice: Ministry of Health will host a free hypertension awareness outreach in Isiolo County this December.,Taarifa ya umma: Wizara ya Afya itaandaa kampeni ya bure ya ufahamu juu ya shinikizo la damu katika Kaunti ya Isiolo Desemba hii.
HEA_01736,Health,Kenya Red Cross launches a July awareness campaign on tobacco control across Taita-Taveta County.,Msalaba Mwekundu wa Kenya unazindua kampeni ya ufahamu ya Julai juu ya udhibiti wa tumbaku kote Wilaya ya Taita-Taveta.
HEA_01737,Health,KEMSA launches a September awareness campaign on proper sanitation across Nairobi County.,KEMSA inazindua kampeni ya ufahamu ya Septemba juu ya usafi sahihi katika Kaunti ya Nairobi.
HEA_01738,Health,KEMRI reminds the public in Busia County about the importance of food safety for household wellbeing.,KEMRI inawakumbusha umma katika Kaunti ya Busia juu ya umuhimu wa usalama wa chakula kwa ustawi wa kaya.
HEA_01739,Health,Public notice: Division of Disease Surveillance and Response will host a free food safety outreach in Siaya County this May.,Taarifa ya umma: Idara ya Ufuatiliaji na Jibu la Magonjwa itaandaa huduma ya bure ya usalama wa chakula katika Kaunti ya Siaya Mei hii.
HEA_01740,Health,Kenya Red Cross reminds the public in Machakos County about the importance of proper sanitation for household wellbeing.,Msalaba Mwekundu wa Kenya unakumbusha umma katika Kaunti ya Machakos juu ya umuhimu wa usafi sahihi kwa ustawi wa kaya.
HEA_01741,Health,Public notice: KEMRI will host a free proper sanitation outreach in Baringo County this October.,Taarifa ya umma: KEMRI itaandaa huduma ya usafi wa bure katika Kaunti ya Baringo mwezi huu wa Oktoba.
HEA_01742,Health,KEMSA launches a January awareness campaign on hypertension awareness across Kisumu County.,KEMSA inazindua kampeni ya ufahamu ya Januari juu ya ufahamu wa shinikizo la damu katika Kaunti ya Kisumu.
HEA_01743,Health,Ministry of Health reminds the public in Mombasa County about the importance of safe water storage for household wellbeing.,Wizara ya Afya inawakumbusha umma katika Kaunti ya Mombasa juu ya umuhimu wa kuhifadhi maji salama kwa ustawi wa kaya.
HEA_01744,Health,CDC reminds the public in Kisii County about the importance of diabetes screening for household wellbeing.,CDC inakumbusha umma katika Kaunti ya Kisii juu ya umuhimu wa uchunguzi wa ugonjwa wa kisukari kwa ustawi wa kaya.
HEA_01745,Health,CDC reminds the public in Taita-Taveta County about the importance of tobacco control for household wellbeing.,CDC inakumbusha umma katika Wilaya ya Taita-Taveta juu ya umuhimu wa udhibiti wa tumbaku kwa ustawi wa kaya.
HEA_01746,Health,CDC launches a November awareness campaign on diabetes screening across Kwale County.,CDC inazindua kampeni ya Novemba ya ufahamu juu ya uchunguzi wa ugonjwa wa kisukari katika Kaunti ya Kwale.
HEA_01747,Health,Division of Disease Surveillance and Response launches an October awareness campaign on proper sanitation across Samburu County.,Idara ya Ufuatiliaji na Jibu la Magonjwa inazindua kampeni ya ufahamu ya Oktoba juu ya usafi sahihi katika Kaunti ya Samburu.
HEA_01748,Health,KEMSA reminds the public in Kisii County about the importance of hand hygiene for household wellbeing.,KEMSA inawakumbusha umma katika Kaunti ya Kisii umuhimu wa usafi wa mikono kwa ustawi wa kaya.
HEA_01749,Health,Division of Disease Surveillance and Response reminds the public in Tharaka-Nithi County about the importance of hand hygiene for household wellbeing.,Idara ya Ufuatiliaji na Jibu la Magonjwa inawakumbusha umma katika Kaunti ya Tharaka-Nithi juu ya umuhimu wa usafi wa mikono kwa ustawi wa kaya.
HEA_01750,Health,Ministry of Health advises residents of Nyandarua County to attend the free community health screening to prevent the spread of preventable illness.,Wizara ya Afya inawashauri wakazi wa Kaunti ya Nyandarua kuhudhuria uchunguzi wa bure wa afya ya jamii ili kuzuia kuenea kwa magonjwa yanayoweza kuepukwa.
HEA_01751,Health,SHA (Social Health Authority) advises residents of Busia County to attend the free community health screening to prevent the spread of preventable illness.,SHA (Shirika la Afya ya Jamii) linawashauri wakazi wa Kaunti ya Busia kuhudhuria uchunguzi wa bure wa afya ya jamii ili kuzuia kuenea kwa magonjwa yanayoweza kuepukwa.
HEA_01752,Health,KEMRI advises residents of Nakuru County to wash hands with soap and clean water regularly to prevent the spread of preventable illness.,KEMRI inawashauri wakazi wa Kaunti ya Nakuru kuosha mikono kwa sabuni na maji safi mara kwa mara ili kuzuia kuenea kwa magonjwa yanayoweza kuepukwa.
HEA_01753,Health,Public notice: Ministry of Health - Reproductive Health Unit will host a free hypertension awareness outreach in Nyamira County this December.,Taarifa ya umma: Wizara ya Afya - Kitengo cha Afya ya Uzazi kitashiriki kampeni ya bure ya ufahamu juu ya shinikizo la damu katika Kaunti ya Nyamira Desemba hii.
HEA_01754,Health,Ministry of Health advises residents of Tharaka-Nithi County to reduce salt and sugar intake to prevent the spread of preventable illness.,Wizara ya Afya inawashauri wakazi wa Kaunti ya Tharaka-Nithi kupunguza ulaji wa chumvi na sukari ili kuzuia kuenea kwa magonjwa yanayoweza kuepukwa.
HEA_01755,Health,Kenya Red Cross launches a September awareness campaign on diabetes screening across Kakamega County.,Msalaba Mwekundu wa Kenya unazindua kampeni ya Septemba ya ufahamu juu ya uchunguzi wa ugonjwa wa kisukari katika Kaunti ya Kakamega.
HEA_01756,Health,CDC advises residents of Tharaka-Nithi County to boil drinking water before use to prevent the spread of preventable illness.,CDC inawashauri wakazi wa Kaunti ya Tharaka-Nithi kuchemsha maji ya kunywa kabla ya matumizi ili kuzuia kuenea kwa magonjwa yanayoweza kuepukwa.
HEA_01757,Health,KEMSA launches a March awareness campaign on proper sanitation across Lamu County.,KEMSA inazindua kampeni ya Machi ya ufahamu juu ya usafi sahihi katika Kaunti ya Lamu.
HEA_01758,Health,CDC advises residents of Nairobi County to boil drinking water before use to prevent the spread of preventable illness.,CDC inawashauri wakazi wa Kaunti ya Nairobi kuchemsha maji ya kunywa kabla ya kutumia ili kuzuia kuenea kwa magonjwa yanayoweza kuepukwa.
HEA_01759,Health,CDC launches a May awareness campaign on tobacco control across Busia County.,CDC inazindua kampeni ya Machi ya ufahamu juu ya udhibiti wa tumbaku katika Wilaya ya Busia.
HEA_01760,Health,Ministry of Health reminds the public in Elgeyo-Marakwet County about the importance of tobacco control for household wellbeing.,Wizara ya Afya inawakumbusha umma katika Kaunti ya Elgeyo-Marakwet umuhimu wa udhibiti wa tumbaku kwa ustawi wa kaya.
HEA_01761,Health,Division of Disease Surveillance and Response launches a July awareness campaign on proper sanitation across Elgeyo-Marakwet County.,Idara ya Ufuatiliaji na Jibu la Magonjwa inazindua kampeni ya utambuzi wa Julai juu ya usafi sahihi katika Kaunti ya Elgeyo-Marakwet.
HEA_01762,Health,CDC launches an August awareness campaign on proper sanitation across Baringo County.,CDC inazindua kampeni ya ufahamu wa Agosti juu ya usafi sahihi katika Kaunti ya Baringo.
HEA_01763,Health,KEMRI launches a May awareness campaign on diabetes screening across Tana River County.,KEMRI inazindua kampeni ya Mei ya ufahamu juu ya uchunguzi wa ugonjwa wa kisukari katika Wilaya ya Tana River.
HEA_01764,Health,Division of Disease Surveillance and Response reminds the public in Mombasa County about the importance of safe water storage for household wellbeing.,Idara ya Ufuatiliaji na Jibu la Magonjwa inawakumbusha umma katika Kaunti ya Mombasa juu ya umuhimu wa kuhifadhi maji salama kwa ustawi wa kaya.
HEA_01765,Health,Public notice: SHA (Social Health Authority) will host a free tobacco control outreach in Kakamega County this January.,Taarifa ya umma: Shirika la Afya ya Jamii (SHA) litaandaa kampeni ya bure ya kudhibiti tumbaku katika Kaunti ya Kakamega Januari hii.
HEA_01766,Health,Kenya Medical Association advises residents of Lamu County to boil drinking water before use to prevent the spread of preventable illness.,Chama cha Matibabu cha Kenya kinashauri wakazi wa Wilaya ya Lamu wachemshe maji ya kunywa kabla ya kutumia ili kuzuia kuenea kwa magonjwa yanayoweza kuepukwa.
HEA_01767,Health,Division of Disease Surveillance and Response advises residents of Kirinyaga County to wash hands with soap and clean water regularly to prevent the spread of preventable illness.,Idara ya Kudhibiti na Kukabiliana na Magonjwa inashauri wakazi wa Kaunti ya Kirinyaga kuosha mikono kwa sabuni na maji safi mara kwa mara ili kuzuia kuenea kwa magonjwa yanayoweza kuepukwa.
HEA_01768,Health,Ministry of Health - Reproductive Health Unit launches a January awareness campaign on hypertension awareness across Elgeyo-Marakwet County.,Wizara ya Afya - Kitengo cha Afya ya Uzazi kinazindua kampeni ya ufahamu ya Januari juu ya ufahamu wa shinikizo la damu katika Kaunti ya Elgeyo-Marakwet.
HEA_01769,Health,Public notice: Kenya Red Cross will host a free diabetes screening outreach in Machakos County this February.,Taarifa ya umma: Msalaba Mwekundu wa Kenya utaandaa huduma ya bure ya uchunguzi wa ugonjwa wa kisukari katika Kaunti ya Machakos Februari hii.
HEA_01770,Health,Division of Disease Surveillance and Response advises residents of Tana River County to boil drinking water before use to prevent the spread of preventable illness.,Idara ya Ufuatiliaji na Jibu la Magonjwa inashauri wakazi wa Wilaya ya Tana River kuchemsha maji ya kunywa kabla ya matumizi ili kuzuia kuenea kwa magonjwa yanayoweza kuepukwa.
HEA_01771,Health,Ministry of Health - Reproductive Health Unit launches a November awareness campaign on diabetes screening across Garissa County.,Wizara ya Afya - Kitengo cha Afya ya Uzazi kinazindua kampeni ya ufahamu ya Novemba juu ya uchunguzi wa ugonjwa wa kisukari katika Kaunti ya Garissa.
HEA_01772,Health,SHA (Social Health Authority) launches a January awareness campaign on diabetes screening across Tana River County.,Shirika la Afya ya Jamii (SHA) linazindua kampeni ya Januari ya ufahamu juu ya uchunguzi wa ugonjwa wa kisukari katika Wilaya ya Tana River.
HEA_01773,Health,Public notice: SHA (Social Health Authority) will host a free food safety outreach in Mandera County this January.,Taarifa ya umma: Shirika la Afya ya Jamii (SHA) litaandaa kampeni ya bure ya usalama wa chakula katika Kaunti ya Mandera Januari hii.
HEA_01774,Health,Ministry of Health reminds the public in Kirinyaga County about the importance of tobacco control for household wellbeing.,Wizara ya Afya inawakumbusha umma katika Kaunti ya Kirinyaga umuhimu wa udhibiti wa tumbaku kwa ustawi wa kaya.
HEA_01775,Health,SHA (Social Health Authority) reminds the public in Garissa County about the importance of hand hygiene for household wellbeing.,Shirika la Afya ya Jamii (SHA) linakumbusha umma katika Kaunti ya Garissa umuhimu wa usafi wa mikono kwa ustawi wa kaya.
HEA_01776,Health,Kenya Red Cross launches a July awareness campaign on hand hygiene across Samburu County.,Msalaba Mwekundu wa Kenya unazindua kampeni ya kuelimisha juu ya usafi wa mikono katika jimbo lote la Samburu.
HEA_01777,Health,KEMRI reminds the public in Bungoma County about the importance of hypertension awareness for household wellbeing.,KEMRI inawakumbusha umma katika Kaunti ya Bungoma juu ya umuhimu wa ufahamu wa shinikizo la damu kwa ustawi wa kaya.
HEA_01778,Health,Ministry of Health - Reproductive Health Unit launches an August awareness campaign on food safety across Samburu County.,Wizara ya Afya - Kitengo cha Afya ya Kuzaliana kinazindua kampeni ya ufahamu ya Agosti juu ya usalama wa chakula kote Kaunti ya Samburu.
HEA_01779,Health,SHA (Social Health Authority) reminds the public in Kiambu County about the importance of tobacco control for household wellbeing.,Shirika la Afya ya Jamii (SHA) linakumbusha umma katika Kaunti ya Kiambu umuhimu wa udhibiti wa tumbaku kwa ustawi wa kaya.
HEA_01780,Health,Ministry of Health - Reproductive Health Unit launches a June awareness campaign on hypertension awareness across Kajiado County.,Wizara ya Afya - Kitengo cha Afya ya Uzazi kilianzisha kampeni ya ufahamu ya Juni juu ya ufahamu wa shinikizo la damu katika Kajiado County.
HEA_01781,Health,SHA (Social Health Authority) advises residents of Garissa County to wash hands with soap and clean water regularly to prevent the spread of preventable illness.,Shirika la Afya ya Jamii (SHA) linawashauri wakazi wa Kaunti ya Garissa waoshe mikono kwa sabuni na maji safi mara kwa mara ili kuzuia kuenea kwa magonjwa yanayoweza kuepukwa.
HEA_01782,Health,KEMSA advises residents of Siaya County to attend the free community health screening to prevent the spread of preventable illness.,KEMSA inashauri wakazi wa Kaunti ya Siaya kuhudhuria uchunguzi wa bure wa afya ya jamii ili kuzuia kuenea kwa magonjwa yanayoweza kuepukwa.
HEA_01783,Health,Public notice: Kenya Medical Association will host a free hypertension awareness outreach in Laikipia County this December.,Taarifa ya umma: Chama cha Matibabu cha Kenya kitaandaa kampeni ya bure ya ufahamu juu ya shinikizo la damu katika Kaunti ya Laikipia Desemba hii.
HEA_01784,Health,KEMSA reminds the public in Machakos County about the importance of food safety for household wellbeing.,KEMSA inawakumbusha umma katika Kaunti ya Machakos juu ya umuhimu wa usalama wa chakula kwa ustawi wa kaya.
HEA_01785,Health,Ministry of Health launches a May awareness campaign on hypertension awareness across Mandera County.,Wizara ya Afya inazindua kampeni ya kuelimisha watu kuhusu shinikizo la damu katika jimbo lote la Mandera.
HEA_01786,Health,CDC reminds the public in Kisumu County about the importance of proper sanitation for household wellbeing.,CDC inakumbusha umma katika Kaunti ya Kisumu juu ya umuhimu wa usafi sahihi kwa ustawi wa kaya.
HEA_01787,Health,KEMSA advises residents of Laikipia County to attend the free community health screening to prevent the spread of preventable illness.,KEMSA inashauri wakazi wa Kaunti ya Laikipia kuhudhuria uchunguzi wa bure wa afya ya jamii ili kuzuia kuenea kwa magonjwa yanayoweza kuepukwa.
HEA_01788,Health,Public notice: Division of Disease Surveillance and Response will host a free hypertension awareness outreach in Mombasa County this September.,Taarifa ya umma: Idara ya Ufuatiliaji na Jibu la Magonjwa itaandaa kampeni ya bure ya ufahamu juu ya shinikizo la damu katika Kaunti ya Mombasa mwezi huu wa Septemba.
HEA_01789,Health,Ministry of Health advises residents of Machakos County to wash hands with soap and clean water regularly to prevent the spread of preventable illness.,Wizara ya Afya inawashauri wakazi wa Kaunti ya Machakos kuosha mikono kwa sabuni na maji safi mara kwa mara ili kuzuia kuenea kwa magonjwa yanayoweza kuepukwa.
HEA_01790,Health,Division of Disease Surveillance and Response reminds the public in Tharaka-Nithi County about the importance of tobacco control for household wellbeing.,Idara ya Ufuatiliaji na Jibu la Magonjwa inawakumbusha umma katika Kaunti ya Tharaka-Nithi juu ya umuhimu wa udhibiti wa tumbaku kwa ustawi wa kaya.
HEA_01791,Health,SHA (Social Health Authority) advises residents of Kiambu County to reduce salt and sugar intake to prevent the spread of preventable illness.,Shirika la Afya ya Jamii (SHA) linawashauri wakazi wa Kaunti ya Kiambu kupunguza kiasi cha chumvi na sukari ili kuzuia kuenea kwa magonjwa yanayoweza kuepukwa.
HEA_01792,Health,Division of Disease Surveillance and Response reminds the public in Vihiga County about the importance of proper sanitation for household wellbeing.,Idara ya Ufuatiliaji na Jibu la Magonjwa inakumbusha umma katika Kaunti ya Vihiga juu ya umuhimu wa usafi sahihi kwa ustawi wa kaya.
HEA_01793,Health,Public notice: Kenya Medical Association will host a free hand hygiene outreach in Kiambu County this March.,Taarifa ya umma: Chama cha Matibabu cha Kenya kitaandaa kampeni ya usafi wa mikono ya bure katika Kaunti ya Kiambu Machi hii.
HEA_01794,Health,Ministry of Health reminds the public in Nakuru County about the importance of hand hygiene for household wellbeing.,Wizara ya Afya inawakumbusha umma katika Kaunti ya Nakuru umuhimu wa usafi wa mikono kwa ustawi wa kaya.
HEA_01795,Health,KEMRI advises residents of Baringo County to boil drinking water before use to prevent the spread of preventable illness.,KEMRI inawashauri wakazi wa Kaunti ya Baringo kuchemsha maji ya kunywa kabla ya kutumia ili kuzuia kuenea kwa magonjwa yanayoweza kuepukwa.
HEA_01796,Health,Ministry of Health - Reproductive Health Unit advises residents of Kiambu County to reduce salt and sugar intake to prevent the spread of preventable illness.,Wizara ya Afya - Kitengo cha Afya ya Uzazi kinashauri wakazi wa Kaunti ya Kiambu kupunguza ulaji wa chumvi na sukari ili kuzuia kuenea kwa magonjwa yanayoweza kuepukwa.
HEA_01797,Health,Kenya Medical Association advises residents of Meru County to attend the free community health screening to prevent the spread of preventable illness.,Chama cha Matibabu cha Kenya kinashauri wakazi wa Kaunti ya Meru kuhudhuria uchunguzi wa bure wa afya ya jamii ili kuzuia kuenea kwa magonjwa yanayoweza kuepukwa.
HEA_01798,Health,SHA (Social Health Authority) launches a January awareness campaign on hypertension awareness across Turkana County.,Shirika la Afya ya Jamii (SHA) linazindua kampeni ya ufahamu ya Januari juu ya ufahamu wa shinikizo la damu katika Kaunti ya Turkana.
HEA_01799,Health,KEMSA launches an August awareness campaign on safe water storage across Nyeri County.,KEMSA inazindua kampeni ya ufahamu ya Agosti juu ya uhifadhi wa maji salama katika Kaunti ya Nyeri.
HEA_01800,Health,Public notice: Ministry of Health will host a free safe water storage outreach in Kwale County this April.,Taarifa ya umma: Wizara ya Afya itaandaa huduma ya bure ya kuhifadhi maji salama katika Kaunti ya Kwale Aprili hii.
HEA_01801,Health,Notice: KEMSA will hold a youth mental wellness forum in Kitui County this May. All are welcome.,KEMSA itafanya mkutano wa afya ya akili ya vijana katika Wilaya ya Kitui Mei hii.
HEA_01802,Health,Division of Disease Surveillance and Response urges anyone struggling with their mental health in Bomet County to call the toll-free mental health helpline.,Idara ya Ufuatiliaji na Jibu la Magonjwa inahimiza mtu yeyote anayepambana na afya yao ya akili katika Kaunti ya Bomet apeleke simu ya bure ya msaada wa afya ya akili.
HEA_01803,Health,Ministry of Health urges anyone struggling with their mental health in Meru County to reach out to a trained counsellor.,Wizara ya Afya inahimiza mtu yeyote anayepambana na afya yao ya akili katika Kaunti ya Meru kuwasiliana na mshauri aliyezoezwa.
HEA_01804,Health,KEMSA reminds the public that free stress management support is available through county health facilities in Samburu County.,KEMSA inawakumbusha umma kwamba msaada wa bure wa usimamizi wa mafadhaiko unapatikana kupitia vituo vya afya vya kaunti katika Kaunti ya Samburu.
HEA_01805,Health,Notice: KEMRI will hold a suicide prevention forum in Kirinyaga County this August. All are welcome.,KEMRI itafanya mkutano wa kuzuia kujiua katika Kaunti ya Kirinyaga Agosti hii.
HEA_01806,Health,Notice: Division of Disease Surveillance and Response will hold a trauma counselling forum in Homa Bay County this March. All are welcome.,Taarifa: Idara ya Ufuatiliaji na Majibu ya Magonjwa itafanya mkutano wa ushauri wa majeraha katika Wilaya ya Homa Bay mwezi Machi.
HEA_01807,Health,SHA (Social Health Authority) encourages residents of Wajir County not to suffer in silence and to call the toll-free mental health helpline.,SHA (Shirika la Afya ya Jamii) linawahimiza wakazi wa Kaunti ya Wajir wasipatwe na mateso kwa utulivu na kupiga simu kwenye huduma ya bure ya afya ya akili.
HEA_01808,Health,KEMRI urges anyone struggling with their mental health in Kericho County to attend a free community counselling session.,KEMRI inahimiza mtu yeyote anayepambana na afya yao ya akili katika Kaunti ya Kericho kuhudhuria kikao cha ushauri wa jamii bila malipo.
HEA_01809,Health,Notice: Kenya Medical Association will hold a stress management forum in Siaya County this April. All are welcome.,Taarifa: Chama cha Matibabu cha Kenya kitafanya mkutano wa usimamizi wa mafadhaiko katika Kaunti ya Siaya Aprili hii. Wote wanakaribishwa.
HEA_01810,Health,CDC urges anyone struggling with their mental health in Nyeri County to attend a free community counselling session.,CDC inahimiza mtu yeyote anayepambana na afya yao ya akili katika Kaunti ya Nyeri kuhudhuria kikao cha ushauri wa bure wa jamii.
HEA_01811,Health,Ministry of Health urges anyone struggling with their mental health in Siaya County to call the toll-free mental health helpline.,Wizara ya Afya inamhimiza mtu yeyote anayepambana na afya yake ya akili katika Kaunti ya Siaya apeleke simu ya bure ya afya ya akili.
HEA_01812,Health,KEMRI encourages residents of Nairobi County not to suffer in silence and to encourage a friend in distress to seek help.,KEMRI huwatia moyo wakazi wa Kaunti ya Nairobi wasiteseke kwa utulivu na kumtia moyo rafiki aliye katika dhiki amwombe msaada.
HEA_01813,Health,KEMSA reminds the public that free youth mental wellness support is available through county health facilities in Narok County.,KEMSA inawakumbusha umma kwamba msaada wa bure wa afya ya akili ya vijana unapatikana kupitia vituo vya afya vya kaunti katika Kaunti ya Narok.
HEA_01814,Health,Notice: Ministry of Health - Reproductive Health Unit will hold a suicide prevention forum in Kajiado County this August. All are welcome.,Taarifa: Wizara ya Afya - Idara ya Afya ya Uzazi itafanya mkutano wa kuzuia kujiua katika Kajiado County Agosti hii. Wote wanakaribishwa.
HEA_01815,Health,Notice: Division of Disease Surveillance and Response will hold a substance abuse recovery forum in Kajiado County this December. All are welcome.,Taarifa: Idara ya Ufuatiliaji na Majibu ya Magonjwa itafanya mkutano wa kupona matumizi mabaya ya dawa za kulevya katika Kajiado County Desemba hii.
HEA_01816,Health,Ministry of Health - Reproductive Health Unit encourages residents of Nyandarua County not to suffer in silence and to encourage a friend in distress to seek help.,Wizara ya Afya - Kitengo cha Afya ya uzazi kinawahimiza wakazi wa Kaunti ya Nyandarua wasihuzunike kwa utulivu na kumtia moyo rafiki aliye katika shida kutafuta msaada.
HEA_01817,Health,KEMRI reminds the public that free substance abuse recovery support is available through county health facilities in Kitui County.,KEMRI inawakumbusha umma kwamba msaada wa bure wa kupona matumizi mabaya ya dawa za kulevya unapatikana kupitia vituo vya afya vya kaunti katika Kaunti ya Kitui.
HEA_01818,Health,Kenya Medical Association urges anyone struggling with their mental health in Embu County to encourage a friend in distress to seek help.,Shirika la Matibabu la Kenya linahimiza mtu yeyote anayepambana na afya yake ya akili katika Kaunti ya Embu amtie moyo rafiki aliye katika taabu atafute msaada.
HEA_01819,Health,KEMSA encourages residents of West Pokot County not to suffer in silence and to reach out to a trained counsellor.,KEMSA inawatia moyo wakazi wa Wilaya ya West Pokot wasiteseke kwa utulivu na waende kwa mshauri aliyezoezwa.
HEA_01820,Health,SHA (Social Health Authority) urges anyone struggling with their mental health in Nyeri County to attend a free community counselling session.,Shirika la Afya ya Jamii (SHA) linahimiza mtu yeyote anayepambana na afya yake ya akili katika Kaunti ya Nyeri kuhudhuria kikao cha ushauri wa jamii bila malipo.
HEA_01821,Health,Ministry of Health urges anyone struggling with their mental health in Baringo County to attend a free community counselling session.,Wizara ya Afya inamhimiza mtu yeyote anayepambana na afya yao ya akili katika Kaunti ya Baringo kuhudhuria kikao cha ushauri wa bure wa jamii.
HEA_01822,Health,Ministry of Health - Reproductive Health Unit encourages residents of Baringo County not to suffer in silence and to encourage a friend in distress to seek help.,Wizara ya Afya - Kitengo cha Afya ya Uzazi kinawatia moyo wakazi wa Kaunti ya Baringo wasiteseke kwa utulivu na kumtia moyo rafiki aliye katika shida kutafuta msaada.
HEA_01823,Health,Notice: Ministry of Health - Reproductive Health Unit will hold a substance abuse recovery forum in Murang'a County this May. All are welcome.,Taarifa: Wizara ya Afya - Idara ya Afya ya Uzazi itafanya mkutano wa kupona matumizi mabaya ya dawa za kulevya katika Kaunti ya Murang'a Mei hii. Wote wanakaribishwa.
HEA_01824,Health,KEMSA reminds the public that free depression awareness support is available through county health facilities in Nandi County.,KEMSA inawakumbusha umma kwamba msaada wa bure wa ufahamu wa unyogovu unapatikana kupitia vituo vya afya vya kaunti katika Kaunti ya Nandi.
HEA_01825,Health,Division of Disease Surveillance and Response reminds the public that free trauma counselling support is available through county health facilities in Taita-Taveta County.,Idara ya Ufuatiliaji na Jibu la Magonjwa inakumbusha umma kwamba msaada wa bure wa ushauri wa majeraha unapatikana kupitia vituo vya afya vya kaunti katika Kaunti ya Taita-Taveta.
HEA_01826,Health,Kenya Red Cross reminds the public that free stress management support is available through county health facilities in Kitui County.,Msalaba Mwekundu wa Kenya unakumbusha umma kwamba msaada wa bure wa usimamizi wa mafadhaiko unapatikana kupitia vituo vya afya vya kaunti katika Kaunti ya Kitui.
HEA_01827,Health,Division of Disease Surveillance and Response reminds the public that free suicide prevention support is available through county health facilities in Kilifi County.,Idara ya Ufuatiliaji na Jibu la Magonjwa inakumbusha umma kwamba msaada wa bure wa kuzuia kujiua unapatikana kupitia vituo vya afya vya kaunti katika Kaunti ya Kilifi.
HEA_01828,Health,Notice: KEMRI will hold a depression awareness forum in Migori County this June. All are welcome.,Taarifa: KEMRI itafanya mkutano wa ufahamu wa unyogovu katika Kaunti ya Migori mwezi Juni huu.
HEA_01829,Health,Notice: Kenya Red Cross will hold a trauma counselling forum in Tharaka-Nithi County this December. All are welcome.,Taarifa: Msalaba Mwekundu wa Kenya utafanya mkutano wa ushauri wa majeraha katika Kaunti ya Tharaka-Nithi Desemba hii.
HEA_01830,Health,CDC urges anyone struggling with their mental health in Makueni County to attend a free community counselling session.,CDC inahimiza mtu yeyote anayepambana na afya yao ya akili katika Kaunti ya Makueni kuhudhuria kikao cha ushauri wa bure wa jamii.
HEA_01831,Health,Notice: Division of Disease Surveillance and Response will hold a trauma counselling forum in Trans Nzoia County this July. All are welcome.,Taarifa: Idara ya Ufuatiliaji na Majibu ya Magonjwa itafanya mkutano wa ushauri wa majeraha katika Kaunti ya Trans Nzoia mwezi huu Julai.
HEA_01832,Health,Ministry of Health - Reproductive Health Unit reminds the public that free suicide prevention support is available through county health facilities in Kisumu County.,Wizara ya Afya - Kitengo cha Afya ya uzazi kinakumbusha umma kwamba msaada wa bure wa kuzuia kujiua unapatikana kupitia vituo vya afya vya kaunti katika Kaunti ya Kisumu.
HEA_01833,Health,KEMRI encourages residents of Kitui County not to suffer in silence and to call the toll-free mental health helpline.,KEMRI inawatia moyo wakazi wa Kaunti ya Kitui wasiteseke kwa kimya na waite simu ya bure ya afya ya akili.
HEA_01834,Health,KEMRI encourages residents of Kajiado County not to suffer in silence and to encourage a friend in distress to seek help.,KEMRI inawatia moyo wakazi wa Kajiado County wasiteseke kwa utulivu na kumtia moyo rafiki aliye katika dhiki atafute msaada.
HEA_01835,Health,Division of Disease Surveillance and Response encourages residents of Taita-Taveta County not to suffer in silence and to call the toll-free mental health helpline.,Idara ya Ufuatiliaji na Jibu la Magonjwa inawatia moyo wakazi wa Wilaya ya Taita-Taveta wasiteseke kwa utulivu na waite simu ya bure ya afya ya akili.
HEA_01836,Health,Kenya Medical Association encourages residents of Embu County not to suffer in silence and to encourage a friend in distress to seek help.,Shirika la Matibabu la Kenya linawatia moyo wakazi wa Kaunti ya Embu wasiteseke kwa utulivu na kumtia moyo rafiki aliye katika dhiki atafute msaada.
HEA_01837,Health,Division of Disease Surveillance and Response reminds the public that free suicide prevention support is available through county health facilities in Mandera County.,Idara ya Ufuatiliaji na Jibu la Magonjwa inakumbusha umma kwamba msaada wa bure wa kuzuia kujiua unapatikana kupitia vituo vya afya vya kaunti katika Kaunti ya Mandera.
HEA_01838,Health,Notice: Ministry of Health will hold a depression awareness forum in Nakuru County this November. All are welcome.,Taarifa: Wizara ya Afya itafanya mkutano wa ufahamu wa unyogovu katika Kaunti ya Nakuru Novemba hii. Wote wanakaribishwa.
HEA_01839,Health,Notice: KEMRI will hold a youth mental wellness forum in Uasin Gishu County this July. All are welcome.,Taarifa: KEMRI itafanya mkutano wa afya ya akili ya vijana katika Kaunti ya Uasin Gishu mwezi huu Julai.
HEA_01840,Health,CDC encourages residents of Kirinyaga County not to suffer in silence and to reach out to a trained counsellor.,CDC inawatia moyo wakazi wa Kaunti ya Kirinyaga wasiteseke kwa utulivu na waende kwa mshauri aliyezoezwa.
HEA_01841,Health,KEMSA reminds the public that free trauma counselling support is available through county health facilities in Marsabit County.,KEMSA inawakumbusha umma kwamba msaada wa bure wa ushauri wa majeraha unapatikana kupitia vituo vya afya vya kaunti katika Kaunti ya Marsabit.
HEA_01842,Health,Kenya Medical Association encourages residents of Embu County not to suffer in silence and to reach out to a trained counsellor.,Chama cha Matibabu cha Kenya kinawatia moyo wakazi wa Kaunti ya Embu wasiteseke kwa utulivu na waende kwa mshauri aliyezoezwa.
HEA_01843,Health,KEMRI encourages residents of Laikipia County not to suffer in silence and to attend a free community counselling session.,KEMRI inawatia moyo wakazi wa Kaunti ya Laikipia wasiteseke kwa utulivu na kuhudhuria kikao cha bure cha ushauri wa jamii.
HEA_01844,Health,Kenya Red Cross encourages residents of Taita-Taveta County not to suffer in silence and to reach out to a trained counsellor.,Msalaba Mwekundu wa Kenya unawatia moyo wakazi wa Wilaya ya Taita-Taveta wasiteseke kwa utulivu na waende kwa mshauri aliyezoezwa.
HEA_01845,Health,Ministry of Health urges anyone struggling with their mental health in Kisii County to encourage a friend in distress to seek help.,Wizara ya Afya inamhimiza mtu yeyote anayepambana na afya yao ya akili katika Kaunti ya Kisii amtie moyo rafiki aliye katika shida kutafuta msaada.
HEA_01846,Health,KEMSA reminds the public that free substance abuse recovery support is available through county health facilities in Tharaka-Nithi County.,KEMSA inawakumbusha umma kwamba msaada wa bure wa kupona matumizi mabaya ya dawa za kulevya unapatikana kupitia vituo vya afya vya kaunti katika Kaunti ya Tharaka-Nithi.
HEA_01847,Health,Notice: KEMRI will hold a youth mental wellness forum in Kitui County this May. All are welcome.,KEMRI itafanya mkutano wa afya ya akili ya vijana katika Wilaya ya Kitui Mei hii.
HEA_01848,Health,Ministry of Health - Reproductive Health Unit reminds the public that free trauma counselling support is available through county health facilities in Tana River County.,Wizara ya Afya - Kitengo cha Afya ya Uzazi kinakumbusha umma kwamba msaada wa bure wa ushauri wa majeraha unapatikana kupitia vituo vya afya vya kaunti katika Kaunti ya Tana River.
HEA_01849,Health,KEMSA reminds the public that free substance abuse recovery support is available through county health facilities in Murang'a County.,KEMSA inawakumbusha umma kwamba msaada wa bure wa kupona matumizi mabaya ya dawa za kulevya unapatikana kupitia vituo vya afya vya kaunti katika Kaunti ya Murang'a.
HEA_01850,Health,SHA (Social Health Authority) urges anyone struggling with their mental health in Mandera County to encourage a friend in distress to seek help.,Shirika la Afya ya Jamii (SHA) linahimiza mtu yeyote anayepambana na afya yake ya akili katika Kaunti ya Mandera amtie moyo rafiki aliye katika taabu amwombe msaada.
HEA_01851,Health,SHA (Social Health Authority) encourages residents of Samburu County not to suffer in silence and to call the toll-free mental health helpline.,Shirika la Afya ya Jamii (SHA) linawahimiza wakazi wa Kaunti ya Samburu wasiteseke kwa utulivu na waite simu ya bure ya afya ya akili.
HEA_01852,Health,Kenya Red Cross urges anyone struggling with their mental health in Elgeyo-Marakwet County to encourage a friend in distress to seek help.,Msalaba Mwekundu wa Kenya unamhimiza mtu yeyote anayepambana na afya yao ya akili katika Kaunti ya Elgeyo-Marakwet amtie moyo rafiki aliye katika shida amwombe msaada.
HEA_01853,Health,Kenya Red Cross urges anyone struggling with their mental health in Vihiga County to encourage a friend in distress to seek help.,Msalaba Mwekundu wa Kenya unamhimiza mtu yeyote anayepambana na afya yao ya akili katika Kaunti ya Vihiga amtie moyo rafiki aliye katika shida kutafuta msaada.
HEA_01854,Health,Notice: KEMRI will hold a substance abuse recovery forum in Mombasa County this March. All are welcome.,Taarifa: KEMRI itafanya mkutano wa uponyaji madawa ya kulevya katika Kaunti ya Mombasa Machi hii.
HEA_01855,Health,Kenya Medical Association reminds the public that free trauma counselling support is available through county health facilities in Bungoma County.,Chama cha Matibabu cha Kenya kinakumbusha umma kwamba msaada wa bure wa ushauri wa majeraha unapatikana kupitia vituo vya afya vya kaunti katika Kaunti ya Bungoma.
HEA_01856,Health,Notice: Ministry of Health - Reproductive Health Unit will hold a trauma counselling forum in Baringo County this August. All are welcome.,Taarifa: Wizara ya Afya - Idara ya Afya ya Uzazi itafanya mkutano wa ushauri wa majeraha katika Kaunti ya Baringo Agosti hii. Wote wanakaribishwa.
HEA_01857,Health,SHA (Social Health Authority) reminds the public that free substance abuse recovery support is available through county health facilities in Nyeri County.,Shirika la Afya ya Jamii (SHA) linakumbusha umma kwamba msaada wa bure wa kupona matumizi mabaya ya dawa za kulevya unapatikana kupitia vituo vya afya vya wilaya katika Kaunti ya Nyeri.
HEA_01858,Health,Notice: Kenya Red Cross will hold a suicide prevention forum in Trans Nzoia County this October. All are welcome.,Taarifa: Msalaba Mwekundu wa Kenya utafanya mkutano wa kuzuia kujiua katika Kaunti ya Trans Nzoia mwezi huu Oktoba.
HEA_01859,Health,KEMRI encourages residents of Meru County not to suffer in silence and to encourage a friend in distress to seek help.,KEMRI inawatia moyo wakazi wa Kaunti ya Meru wasiteseke kwa utulivu na kumtia moyo rafiki aliye katika dhiki amwombe msaada.
HEA_01860,Health,Kenya Medical Association encourages residents of Homa Bay County not to suffer in silence and to reach out to a trained counsellor.,Chama cha Matibabu cha Kenya kinawatia moyo wakazi wa Wilaya ya Homa Bay wasiteseke kwa utulivu na waende kwa mshauri aliyezoezwa.
HEA_01861,Health,Ministry of Health encourages residents of Machakos County not to suffer in silence and to attend a free community counselling session.,Wizara ya Afya inawatia moyo wakazi wa Kaunti ya Machakos wasiteseke kwa utulivu na kuhudhuria kikao cha ushauri wa jamii bila malipo.
HEA_01862,Health,Notice: SHA (Social Health Authority) will hold a youth mental wellness forum in Kisii County this December. All are welcome.,Taarifa: Shirika la Afya ya Jamii (SHA) litafanya mkutano wa afya ya akili ya vijana katika Kaunti ya Kisii Desemba hii. Wote wanakaribishwa.
HEA_01863,Health,Ministry of Health - Reproductive Health Unit urges anyone struggling with their mental health in Uasin Gishu County to reach out to a trained counsellor.,Wizara ya Afya - Kitengo cha Afya ya Uzazi kinahimiza mtu yeyote anayepambana na afya yake ya akili katika Kaunti ya Uasin Gishu kuwasiliana na mshauri aliyezoezwa.
HEA_01864,Health,Notice: SHA (Social Health Authority) will hold a depression awareness forum in Garissa County this September. All are welcome.,Taarifa: Shirika la Afya ya Jamii (SHA) litafanya mkutano wa ufahamu wa unyogovu katika Kaunti ya Garissa mwezi Septemba.
HEA_01865,Health,Ministry of Health - Reproductive Health Unit encourages residents of Isiolo County not to suffer in silence and to call the toll-free mental health helpline.,Wizara ya Afya - Kitengo cha Afya ya Kuzaliana kinawahimiza wakazi wa Kaunti ya Isiolo wasiteseke kwa utulivu na waite msaada wa bure wa afya ya akili.
HEA_01866,Health,Ministry of Health - Reproductive Health Unit reminds the public that free youth mental wellness support is available through county health facilities in Kwale County.,Wizara ya Afya - Kitengo cha Afya ya uzazi kinakumbusha umma kwamba msaada wa bure wa afya ya akili ya vijana unapatikana kupitia vituo vya afya vya kaunti katika Kaunti ya Kwale.
HEA_01867,Health,Kenya Medical Association encourages residents of Kiambu County not to suffer in silence and to encourage a friend in distress to seek help.,Shirika la Kitiba la Kenya linawatia moyo wakazi wa Kaunti ya Kiambu wasiteseke kwa utulivu na kumtia moyo rafiki aliye katika dhiki atafute msaada.
HEA_01868,Health,Kenya Medical Association urges anyone struggling with their mental health in Kilifi County to attend a free community counselling session.,Shirika la Matibabu la Kenya linahimiza mtu yeyote anayepambana na afya yao ya akili katika Kaunti ya Kilifi kuhudhuria kikao cha ushauri wa jamii bila malipo.
HEA_01869,Health,KEMSA reminds the public that free youth mental wellness support is available through county health facilities in Murang'a County.,KEMSA inawakumbusha umma kwamba msaada wa bure wa afya ya akili ya vijana unapatikana kupitia vituo vya afya vya kaunti katika Kaunti ya Murang'a.
HEA_01870,Health,Ministry of Health - Reproductive Health Unit encourages residents of Baringo County not to suffer in silence and to reach out to a trained counsellor.,Wizara ya Afya - Idara ya Afya ya uzazi inawatia moyo wakazi wa Kaunti ya Baringo wasiteseke kwa utulivu na waende kwa mshauri aliyezoezwa.
HEA_01871,Health,Ministry of Health - Reproductive Health Unit urges anyone struggling with their mental health in Mandera County to attend a free community counselling session.,Wizara ya Afya - Kitengo cha Afya ya uzazi kinahimiza mtu yeyote anayepambana na afya yao ya akili katika Kaunti ya Mandera kuhudhuria kikao cha ushauri wa bure wa jamii.
HEA_01872,Health,KEMSA urges anyone struggling with their mental health in Kwale County to reach out to a trained counsellor.,KEMSA inamhimiza mtu yeyote anayepambana na afya yao ya akili katika Kaunti ya Kwale aende kwa mshauri aliyezoezwa.
HEA_01873,Health,Kenya Red Cross urges anyone struggling with their mental health in Wajir County to encourage a friend in distress to seek help.,Msalaba Mwekundu wa Kenya unamhimiza mtu yeyote anayepambana na afya yao ya akili katika Kaunti ya Wajir amtie moyo rafiki aliye katika shida kutafuta msaada.
HEA_01874,Health,SHA (Social Health Authority) urges anyone struggling with their mental health in Homa Bay County to attend a free community counselling session.,Shirika la Afya ya Jamii (SHA) linahimiza mtu yeyote anayepambana na afya yao ya akili katika Kaunti ya Homa Bay kuhudhuria kikao cha ushauri wa jamii bila malipo.
HEA_01875,Health,Ministry of Health - Reproductive Health Unit urges anyone struggling with their mental health in Turkana County to call the toll-free mental health helpline.,Wizara ya Afya - Kitengo cha Afya ya Kuzaliana kinahimiza mtu yeyote anayepambana na afya yake ya akili katika Kaunti ya Turkana kupiga simu kwenye huduma ya bure ya afya ya akili.
HEA_01876,Health,CDC reminds the public that free youth mental wellness support is available through county health facilities in Embu County.,CDC inakumbusha umma kwamba msaada wa bure wa afya ya akili ya vijana unapatikana kupitia vituo vya afya vya kaunti katika Kaunti ya Embu.
HEA_01877,Health,CDC reminds the public that free youth mental wellness support is available through county health facilities in Kisumu County.,CDC inakumbusha umma kwamba msaada wa bure wa afya ya akili ya vijana unapatikana kupitia vituo vya afya vya kaunti katika Kaunti ya Kisumu.
HEA_01878,Health,Kenya Medical Association reminds the public that free substance abuse recovery support is available through county health facilities in Kisii County.,Chama cha Matibabu cha Kenya kinakumbusha umma kwamba msaada wa bure wa kupona matumizi mabaya ya dawa za kulevya unapatikana kupitia vituo vya afya vya kaunti katika Kaunti ya Kisii.
HEA_01879,Health,Ministry of Health reminds the public that free suicide prevention support is available through county health facilities in Tana River County.,Wizara ya Afya inawakumbusha umma kwamba msaada wa bure wa kuzuia kujiua unapatikana kupitia vituo vya afya vya kaunti katika Kaunti ya Tana River.
HEA_01880,Health,Division of Disease Surveillance and Response urges anyone struggling with their mental health in Machakos County to reach out to a trained counsellor.,Idara ya Ufuatiliaji na Jibu la Magonjwa inahimiza mtu yeyote anayepambana na afya yao ya akili katika Kaunti ya Machakos kuwasiliana na mshauri aliyezoezwa.
HEA_01881,Health,Kenya Medical Association reminds the public that free depression awareness support is available through county health facilities in Kwale County.,Chama cha Matibabu cha Kenya kinakumbusha umma kwamba msaada wa bure wa ufahamu wa unyogovu unapatikana kupitia vituo vya afya vya kaunti katika Kaunti ya Kwale.
HEA_01882,Health,SHA (Social Health Authority) urges anyone struggling with their mental health in Kitui County to call the toll-free mental health helpline.,SHA (Huduma ya Afya ya Jamii) inawasihi kila mtu anayepambana na afya yao ya akili katika Kaunti ya Kitui kupiga simu kwa simu ya bure ya msaada wa afya ya akili.
HEA_01883,Health,Ministry of Health urges anyone struggling with their mental health in Uasin Gishu County to reach out to a trained counsellor.,Wizara ya Afya inahimiza mtu yeyote anayepambana na afya yao ya akili katika Kaunti ya Uasin Gishu kuwasiliana na mshauri aliyezoezwa.
HEA_01884,Health,Notice: Division of Disease Surveillance and Response will hold a suicide prevention forum in Bomet County this November. All are welcome.,Taarifa: Idara ya Ufuatiliaji na Majibu ya Magonjwa itafanya mkutano wa kuzuia kujiua katika Kaunti ya Bomet Novemba hii.
HEA_01885,Health,CDC urges anyone struggling with their mental health in Trans Nzoia County to reach out to a trained counsellor.,CDC inahimiza mtu yeyote anayepambana na afya yao ya akili katika Kaunti ya Trans Nzoia aende kwa mshauri aliyezoezwa.
HEA_01886,Health,KEMRI urges anyone struggling with their mental health in Garissa County to attend a free community counselling session.,KEMRI inahimiza kila mtu anayepambana na afya yao ya akili katika Kaunti ya Garissa kuhudhuria kikao cha ushauri wa jamii bila malipo.
HEA_01887,Health,Ministry of Health urges anyone struggling with their mental health in Trans Nzoia County to attend a free community counselling session.,Wizara ya Afya inamhimiza mtu yeyote anayepambana na afya yao ya akili katika Kaunti ya Trans Nzoia kuhudhuria kikao cha ushauri wa bure wa jamii.
HEA_01888,Health,Kenya Medical Association reminds the public that free suicide prevention support is available through county health facilities in Embu County.,Chama cha Matibabu cha Kenya kinakumbusha umma kwamba msaada wa bure wa kuzuia kujiua unapatikana kupitia vituo vya afya vya kaunti katika Kaunti ya Embu.
HEA_01889,Health,Kenya Red Cross reminds the public that free depression awareness support is available through county health facilities in Kisumu County.,Msalaba Mwekundu wa Kenya unakumbusha umma kwamba msaada wa bure wa ufahamu wa unyogovu unapatikana kupitia vituo vya afya vya kaunti katika Kaunti ya Kisumu.
HEA_01890,Health,SHA (Social Health Authority) reminds the public that free depression awareness support is available through county health facilities in Embu County.,SHA (Shirika la Afya ya Jamii) hukumbusha umma kwamba msaada wa bure wa ufahamu wa unyogovu unapatikana kupitia vituo vya afya vya kaunti katika Kaunti ya Embu.
HEA_01891,Health,SHA (Social Health Authority) encourages residents of Nyamira County not to suffer in silence and to call the toll-free mental health helpline.,Shirika la Afya ya Jamii (SHA) linawahimiza wakazi wa Kaunti ya Nyamira wasiteseke kwa utulivu na waite simu ya bure ya afya ya akili.
HEA_01892,Health,Notice: SHA (Social Health Authority) will hold a youth mental wellness forum in Bungoma County this June. All are welcome.,Taarifa: Shirika la Afya ya Jamii (SHA) litafanya mkutano wa afya ya akili ya vijana katika Kaunti ya Bungoma mwezi Juni huu.
HEA_01893,Health,KEMSA encourages residents of Kiambu County not to suffer in silence and to attend a free community counselling session.,KEMSA inawatia moyo wakazi wa Kaunti ya Kiambu wasiteseke kwa utulivu na kuhudhuria kikao cha ushauri wa jamii bila malipo.
HEA_01894,Health,SHA (Social Health Authority) encourages residents of Kiambu County not to suffer in silence and to encourage a friend in distress to seek help.,Shirika la Afya ya Jamii (SHA) linawatia moyo wakazi wa Kaunti ya Kiambu wasiteseke kimya-kimya na kumtia moyo rafiki aliye katika taabu amwombe msaada.
HEA_01895,Health,CDC encourages residents of Siaya County not to suffer in silence and to call the toll-free mental health helpline.,CDC inawatia moyo wakazi wa Kaunti ya Siaya wasiteseke kwa utulivu na waite simu ya bure ya afya ya akili.
HEA_01896,Health,KEMRI reminds the public that free stress management support is available through county health facilities in Kwale County.,KEMRI inawakumbusha umma kwamba msaada wa bure wa usimamizi wa mafadhaiko unapatikana kupitia vituo vya afya vya kaunti katika Kaunti ya Kwale.
HEA_01897,Health,Notice: KEMRI will hold a trauma counselling forum in Elgeyo-Marakwet County this April. All are welcome.,KEMRI itafanya mkutano wa ushauri wa majeraha katika Kaunti ya Elgeyo-Marakwet Aprili hii.
HEA_01898,Health,Ministry of Health reminds the public that free substance abuse recovery support is available through county health facilities in Mandera County.,Wizara ya Afya inawakumbusha umma kwamba msaada wa bure wa kupona matumizi mabaya ya dawa za kulevya unapatikana kupitia vituo vya afya vya kaunti katika Kaunti ya Mandera.
HEA_01899,Health,Notice: KEMRI will hold a suicide prevention forum in Marsabit County this July. All are welcome.,KEMRI itafanya mkutano wa kuzuia kujiua katika wilaya ya Marsabit Julai hii. Wote wanakaribishwa.
HEA_01900,Health,KEMRI reminds the public that free substance abuse recovery support is available through county health facilities in Nairobi County.,KEMRI inawakumbusha umma kwamba msaada wa bure wa kupona matumizi mabaya ya dawa za kulevya unapatikana kupitia vituo vya afya vya kaunti katika Kaunti ya Nairobi.
HEA_01901,Health,Notice: KEMSA will hold a youth mental wellness forum in Nyandarua County this June. All are welcome.,Taarifa: KEMSA itafanya mkutano wa afya ya akili ya vijana katika Kaunti ya Nyandarua mwezi Juni huu.
HEA_01902,Health,CDC reminds the public that free depression awareness support is available through county health facilities in Uasin Gishu County.,CDC inakumbusha umma kwamba msaada wa bure wa ufahamu wa unyogovu unapatikana kupitia vituo vya afya vya kaunti katika Kaunti ya Uasin Gishu.
HEA_01903,Health,KEMRI reminds the public that free depression awareness support is available through county health facilities in Nairobi County.,KEMRI inawakumbusha umma kwamba msaada wa bure wa ufahamu wa unyogovu unapatikana kupitia vituo vya afya vya kaunti katika Kaunti ya Nairobi.
HEA_01904,Health,KEMRI urges anyone struggling with their mental health in Kericho County to call the toll-free mental health helpline.,KEMRI inamhimiza mtu yeyote anayepambana na afya yao ya akili katika Kaunti ya Kericho apeleke simu ya bure ya msaada wa afya ya akili.
HEA_01905,Health,Kenya Medical Association urges anyone struggling with their mental health in Kajiado County to call the toll-free mental health helpline.,Chama cha Matibabu cha Kenya kinamsihi mtu yeyote anayepambana na afya yake ya akili katika Kajiado County apeleke simu ya bure ya afya ya akili.
HEA_01906,Health,Ministry of Health encourages residents of Lamu County not to suffer in silence and to reach out to a trained counsellor.,Wizara ya Afya inawatia moyo wakazi wa Kaunti ya Lamu wasiteseke kwa utulivu na kuwasiliana na mshauri aliyezoezwa.
HEA_01907,Health,SHA (Social Health Authority) urges anyone struggling with their mental health in Meru County to call the toll-free mental health helpline.,SHA (Huduma ya Afya ya Jamii) inawasihi kila mtu anayepambana na afya yao ya akili katika Kaunti ya Meru apeleke simu ya bure ya msaada wa afya ya akili.
HEA_01908,Health,CDC urges anyone struggling with their mental health in Taita-Taveta County to encourage a friend in distress to seek help.,CDC inahimiza mtu yeyote anayepambana na afya yao ya akili katika Wilaya ya Taita-Taveta amtie moyo rafiki aliye katika shida kutafuta msaada.
HEA_01909,Health,Notice: KEMSA will hold a suicide prevention forum in Nairobi County this April. All are welcome.,Taarifa: KEMSA itafanya mkutano wa kuzuia kujiua katika Kaunti ya Nairobi Aprili hii. Wote wanakaribishwa.
HEA_01910,Health,KEMSA encourages residents of Bungoma County not to suffer in silence and to attend a free community counselling session.,KEMSA inawatia moyo wakazi wa Kaunti ya Bungoma wasiteseke kwa utulivu na kuhudhuria kikao cha ushauri wa jamii bila malipo.
HEA_01911,Health,Notice: Ministry of Health - Reproductive Health Unit will hold a depression awareness forum in Siaya County this April. All are welcome.,Taarifa: Wizara ya Afya - Idara ya Afya ya Uzazi itafanya mkutano wa ufahamu wa unyogovu katika Kaunti ya Siaya Aprili hii. Wote wanakaribishwa.
HEA_01912,Health,SHA (Social Health Authority) encourages residents of West Pokot County not to suffer in silence and to encourage a friend in distress to seek help.,Shirika la Afya ya Jamii (SHA) linawatia moyo wakazi wa Wilaya ya West Pokot wasiteseke kwa utulivu na kumtia moyo rafiki aliye katika taabu amwombe msaada.
HEA_01913,Health,Ministry of Health - Reproductive Health Unit urges anyone struggling with their mental health in Nandi County to encourage a friend in distress to seek help.,Wizara ya Afya - Kitengo cha Afya ya Uzazi kinahimiza mtu yeyote anayepambana na afya yake ya akili katika Kaunti ya Nandi amtie moyo rafiki aliye katika shida kutafuta msaada.
HEA_01914,Health,Ministry of Health - Reproductive Health Unit urges anyone struggling with their mental health in Kwale County to encourage a friend in distress to seek help.,Wizara ya Afya - Kitengo cha Afya ya Uzazi kinahimiza mtu yeyote anayepambana na afya yake ya akili katika Kaunti ya Kwale kumtia moyo rafiki aliye katika shida kutafuta msaada.
HEA_01915,Health,Kenya Red Cross reminds the public that free suicide prevention support is available through county health facilities in Bungoma County.,Msalaba Mwekundu wa Kenya unakumbusha umma kwamba msaada wa bure wa kuzuia kujiua unapatikana kupitia vituo vya afya vya kaunti katika Kaunti ya Bungoma.
HEA_01916,Health,Kenya Red Cross urges anyone struggling with their mental health in Samburu County to attend a free community counselling session.,Msalaba Mwekundu wa Kenya unamhimiza mtu yeyote anayepambana na afya yao ya akili katika Kaunti ya Samburu kuhudhuria kikao cha ushauri wa jamii bila malipo.
HEA_01917,Health,Kenya Red Cross encourages residents of Samburu County not to suffer in silence and to encourage a friend in distress to seek help.,Msalaba Mwekundu wa Kenya unawatia moyo wakazi wa Kaunti ya Samburu wasiteseke kwa utulivu na kumtia moyo rafiki aliye katika dhiki atafute msaada.
HEA_01918,Health,Division of Disease Surveillance and Response reminds the public that free substance abuse recovery support is available through county health facilities in Mandera County.,Idara ya Ufuatiliaji na Jibu la Magonjwa inakumbusha umma kwamba msaada wa bure wa kupona matumizi mabaya ya madawa ya kulevya unapatikana kupitia vituo vya afya vya kaunti katika Kaunti ya Mandera.
HEA_01919,Health,KEMSA urges anyone struggling with their mental health in Tharaka-Nithi County to reach out to a trained counsellor.,KEMSA inahimiza mtu yeyote anayepambana na afya yao ya akili katika Kaunti ya Tharaka-Nithi kuwasiliana na mshauri aliyezoezwa.
HEA_01920,Health,Notice: Ministry of Health - Reproductive Health Unit will hold a substance abuse recovery forum in Trans Nzoia County this July. All are welcome.,Taarifa: Wizara ya Afya - Idara ya Afya ya Kuzaliana itafanya mkutano wa kupona matumizi mabaya ya dawa za kulevya katika Kaunti ya Trans Nzoia mwezi huu Julai. Wote wanakaribishwa.
HEA_01921,Health,Notice: Kenya Medical Association will hold a youth mental wellness forum in Nakuru County this May. All are welcome.,Taarifa: Chama cha Matibabu cha Kenya kitafanya mkutano wa afya ya akili ya vijana katika Kaunti ya Nakuru Mei hii. Wote wanakaribishwa.
HEA_01922,Health,KEMRI urges anyone struggling with their mental health in Elgeyo-Marakwet County to attend a free community counselling session.,KEMRI inahimiza kila mtu anayepambana na afya yao ya akili katika Kaunti ya Elgeyo-Marakwet kuhudhuria kikao cha ushauri wa jamii bila malipo.
HEA_01923,Health,Division of Disease Surveillance and Response encourages residents of Kisii County not to suffer in silence and to encourage a friend in distress to seek help.,Idara ya Ufuatiliaji na Jibu la Magonjwa inawatia moyo wakazi wa Kaunti ya Kisii wasiteseke kwa utulivu na kumtia moyo rafiki aliye katika shida kutafuta msaada.
HEA_01924,Health,KEMRI encourages residents of Machakos County not to suffer in silence and to reach out to a trained counsellor.,KEMRI inawatia moyo wakazi wa Kaunti ya Machakos wasiteseke kwa utulivu na waende kwa mshauri aliyezoezwa.
HEA_01925,Health,Notice: Ministry of Health will hold a youth mental wellness forum in Kisii County this November. All are welcome.,Taarifa: Wizara ya Afya itafanya mkutano wa afya ya akili ya vijana katika Kaunti ya Kisii Novemba hii. Wote wanakaribishwa.
HEA_01926,Health,Kenya Red Cross urges anyone struggling with their mental health in Bungoma County to call the toll-free mental health helpline.,Msalaba Mwekundu wa Kenya unamhimiza mtu yeyote anayepambana na afya yao ya akili katika Kaunti ya Bungoma apeleke simu ya bure ya afya ya akili.
HEA_01927,Health,Notice: KEMRI will hold a youth mental wellness forum in Bungoma County this October. All are welcome.,Taarifa: KEMRI itafanya mkutano wa afya ya akili ya vijana katika Kaunti ya Bungoma mwezi huu Oktoba.
HEA_01928,Health,Ministry of Health urges anyone struggling with their mental health in Wajir County to encourage a friend in distress to seek help.,Wizara ya Afya inamhimiza mtu yeyote anayepambana na afya yao ya akili katika Kaunti ya Wajir kumtia moyo rafiki aliye katika shida kutafuta msaada.
HEA_01929,Health,SHA (Social Health Authority) encourages residents of Kajiado County not to suffer in silence and to encourage a friend in distress to seek help.,Shirika la Afya ya Jamii (SHA) linawatia moyo wakazi wa Kajiado County wasiteseke kwa utulivu na kumtia moyo rafiki aliye katika taabu amwombe msaada.
HEA_01930,Health,Kenya Medical Association urges anyone struggling with their mental health in Makueni County to attend a free community counselling session.,Shirika la Matibabu la Kenya linahimiza mtu yeyote anayepambana na afya yao ya akili katika Kaunti ya Makueni kuhudhuria kikao cha ushauri wa jamii bila malipo.
HEA_01931,Health,Kenya Red Cross encourages residents of Nairobi County not to suffer in silence and to reach out to a trained counsellor.,Msalaba Mwekundu wa Kenya unawatia moyo wakazi wa Kaunti ya Nairobi wasiteseke kwa utulivu na waende kwa mshauri aliyezoezwa.
HEA_01932,Health,Division of Disease Surveillance and Response reminds the public that free youth mental wellness support is available through county health facilities in Marsabit County.,Idara ya Ufuatiliaji na Jibu la Magonjwa inakumbusha umma kwamba msaada wa bure wa afya ya akili ya vijana unapatikana kupitia vituo vya afya vya kaunti katika Kaunti ya Marsabit.
HEA_01933,Health,Kenya Medical Association urges anyone struggling with their mental health in Kisii County to reach out to a trained counsellor.,Shirika la Matibabu la Kenya linahimiza mtu yeyote anayepambana na afya yake ya akili katika Kaunti ya Kisii aende kwa mshauri aliyezoezwa.
HEA_01934,Health,Ministry of Health - Reproductive Health Unit urges anyone struggling with their mental health in Mombasa County to reach out to a trained counsellor.,Wizara ya Afya - Kitengo cha Afya ya Uzazi kinahimiza mtu yeyote anayepambana na afya yake ya akili katika Kaunti ya Mombasa aende kwa mshauri aliyezoezwa.
HEA_01935,Health,CDC encourages residents of Uasin Gishu County not to suffer in silence and to attend a free community counselling session.,CDC inawatia moyo wakazi wa Wilaya ya Uasin Gishu wasiteseke kwa utulivu na kuhudhuria kikao cha ushauri wa jamii bila malipo.
HEA_01936,Health,KEMSA encourages residents of Meru County not to suffer in silence and to call the toll-free mental health helpline.,KEMSA inawatia moyo wakazi wa Kaunti ya Meru wasiteseke kwa utulivu na waite simu ya bure ya afya ya akili.
HEA_01937,Health,KEMRI urges anyone struggling with their mental health in Nakuru County to reach out to a trained counsellor.,KEMRI inamhimiza mtu yeyote anayepambana na afya yake ya akili katika Kaunti ya Nakuru aende kwa mshauri aliyezoezwa.
HEA_01938,Health,KEMRI encourages residents of Meru County not to suffer in silence and to reach out to a trained counsellor.,KEMRI inawatia moyo wakazi wa Kaunti ya Meru wasiteseke kwa utulivu na waende kwa mshauri aliyezoezwa.
HEA_01939,Health,KEMRI urges anyone struggling with their mental health in Makueni County to encourage a friend in distress to seek help.,KEMRI inamhimiza mtu yeyote anayepambana na afya yake ya akili katika Kaunti ya Makueni amtie moyo rafiki aliye katika taabu atafute msaada.
HEA_01940,Health,KEMSA reminds the public that free stress management support is available through county health facilities in Taita-Taveta County.,KEMSA inawakumbusha umma kwamba msaada wa bure wa usimamizi wa mafadhaiko unapatikana kupitia vituo vya afya vya kaunti katika Kaunti ya Taita-Taveta.
HEA_01941,Health,SHA (Social Health Authority) encourages residents of Nyandarua County not to suffer in silence and to attend a free community counselling session.,Shirika la Afya ya Jamii (SHA) linawatia moyo wakazi wa Kaunti ya Nyandarua wasiteseke kwa utulivu na kuhudhuria kikao cha ushauri wa jamii bila malipo.
HEA_01942,Health,KEMRI reminds the public that free youth mental wellness support is available through county health facilities in Laikipia County.,KEMRI inawakumbusha umma kwamba msaada wa bure wa afya ya akili ya vijana unapatikana kupitia vituo vya afya vya kaunti katika Kaunti ya Laikipia.
HEA_01943,Health,Ministry of Health reminds the public that free stress management support is available through county health facilities in Tana River County.,Wizara ya Afya inawakumbusha umma kwamba msaada wa bure wa usimamizi wa mafadhaiko unapatikana kupitia vituo vya afya vya kaunti katika Kaunti ya Tana River.
HEA_01944,Health,SHA (Social Health Authority) reminds the public that free stress management support is available through county health facilities in Embu County.,SHA (Shirika la Afya ya Jamii) hukumbusha umma kwamba msaada wa bure wa usimamizi wa mafadhaiko unapatikana kupitia vituo vya afya vya kaunti katika Kaunti ya Embu.
HEA_01945,Health,CDC encourages residents of Nyandarua County not to suffer in silence and to encourage a friend in distress to seek help.,CDC inawatia moyo wakazi wa Kaunti ya Nyandarua wasiteseke kwa utulivu na kumtia moyo rafiki aliye katika dhiki atafute msaada.
HEA_01946,Health,Notice: Kenya Medical Association will hold a youth mental wellness forum in Kiambu County this June. All are welcome.,Taarifa: Chama cha Matibabu cha Kenya kitafanya mkutano wa afya ya akili ya vijana katika Kaunti ya Kiambu mwezi Juni huu.
HEA_01947,Health,Notice: Division of Disease Surveillance and Response will hold a youth mental wellness forum in Machakos County this June. All are welcome.,Taarifa: Idara ya Ufuatiliaji na Majibu ya Magonjwa itafanya mkutano wa afya ya akili ya vijana katika Kaunti ya Machakos Juni hii.
HEA_01948,Health,Kenya Medical Association encourages residents of Busia County not to suffer in silence and to attend a free community counselling session.,Chama cha Matibabu cha Kenya kinawatia moyo wakazi wa Kaunti ya Busia wasiteseke kwa utulivu na kuhudhuria kikao cha ushauri wa jamii bila malipo.
HEA_01949,Health,Notice: SHA (Social Health Authority) will hold a youth mental wellness forum in Mombasa County this August. All are welcome.,Taarifa: Shirika la Afya ya Jamii (SHA) litafanya mkutano wa afya ya akili ya vijana katika Kaunti ya Mombasa Agosti hii. Wote wanakaribishwa.
HEA_01950,Health,KEMSA encourages residents of Kwale County not to suffer in silence and to reach out to a trained counsellor.,KEMSA inawatia moyo wakazi wa Kaunti ya Kwale wasiteseke kwa utulivu na waende kwa mshauri aliyezoezwa.
HEA_01951,Health,Notice: KEMRI will hold a trauma counselling forum in West Pokot County this August. All are welcome.,Taarifa: KEMRI itafanya mkutano wa ushauri wa majeraha katika wilaya ya West Pokot Agosti hii.
HEA_01952,Health,CDC encourages residents of Uasin Gishu County not to suffer in silence and to call the toll-free mental health helpline.,CDC inawatia moyo wakazi wa Kaunti ya Uasin Gishu wasiteseke kwa utulivu na waite simu ya bure ya afya ya akili.
HEA_01953,Health,Division of Disease Surveillance and Response reminds the public that free depression awareness support is available through county health facilities in Kwale County.,Idara ya Ufuatiliaji na Jibu la Magonjwa inakumbusha umma kwamba msaada wa bure wa ufahamu wa unyogovu unapatikana kupitia vituo vya afya vya kaunti katika Kaunti ya Kwale.
HEA_01954,Health,Division of Disease Surveillance and Response reminds the public that free suicide prevention support is available through county health facilities in Migori County.,Idara ya Ufuatiliaji na Jibu la Magonjwa inakumbusha umma kwamba msaada wa bure wa kuzuia kujiua unapatikana kupitia vituo vya afya vya kaunti katika Kaunti ya Migori.
HEA_01955,Health,Ministry of Health - Reproductive Health Unit encourages residents of Homa Bay County not to suffer in silence and to reach out to a trained counsellor.,Wizara ya Afya - Kitengo cha Afya ya uzazi huwatia moyo wakazi wa Kaunti ya Homa Bay wasiteseke kwa utulivu na waende kwa mshauri aliyezoezwa.
HEA_01956,Health,Kenya Red Cross encourages residents of Bungoma County not to suffer in silence and to call the toll-free mental health helpline.,Msalaba Mwekundu wa Kenya unawahimiza wakazi wa Kaunti ya Bungoma wasihuzunike kwa utulivu na waite simu ya bure ya afya ya akili.
HEA_01957,Health,KEMSA reminds the public that free depression awareness support is available through county health facilities in Nakuru County.,KEMSA inawakumbusha umma kwamba msaada wa bure wa ufahamu wa unyogovu unapatikana kupitia vituo vya afya vya kaunti katika Kaunti ya Nakuru.
HEA_01958,Health,KEMSA encourages residents of Nandi County not to suffer in silence and to encourage a friend in distress to seek help.,KEMSA inawatia moyo wakazi wa Kaunti ya Nandi wasiteseke kwa utulivu na kumtia moyo rafiki aliye katika dhiki atafute msaada.
HEA_01959,Health,KEMRI urges anyone struggling with their mental health in Embu County to reach out to a trained counsellor.,KEMRI inamhimiza mtu yeyote anayepambana na afya yake ya akili katika Kaunti ya Embu aende kwa mshauri aliyezoezwa.
HEA_01960,Health,Kenya Medical Association reminds the public that free suicide prevention support is available through county health facilities in Nyamira County.,Chama cha Matibabu cha Kenya kinakumbusha umma kwamba msaada wa bure wa kuzuia kujiua unapatikana kupitia vituo vya afya vya kaunti katika Kaunti ya Nyamira.
HEA_01961,Health,Notice: Kenya Medical Association will hold a youth mental wellness forum in Nyandarua County this April. All are welcome.,Taarifa: Chama cha Matibabu cha Kenya kitafanya mkutano wa afya ya akili ya vijana katika Kaunti ya Nyandarua Aprili hii. Wote wanakaribishwa.
HEA_01962,Health,Notice: Ministry of Health - Reproductive Health Unit will hold a youth mental wellness forum in Homa Bay County this February. All are welcome.,Taarifa: Wizara ya Afya - Idara ya Afya ya Uzazi itafanya mkutano wa afya ya akili ya vijana katika Kaunti ya Homa Bay Februari hii. Wote wanakaribishwa.
HEA_01963,Health,CDC urges anyone struggling with their mental health in Siaya County to encourage a friend in distress to seek help.,CDC inahimiza mtu yeyote anayepambana na afya yao ya akili katika Kaunti ya Siaya kumtia moyo rafiki aliye katika shida kutafuta msaada.
HEA_01964,Health,Division of Disease Surveillance and Response reminds the public that free trauma counselling support is available through county health facilities in Kitui County.,Idara ya Ufuatiliaji na Jibu la Magonjwa inakumbusha umma kwamba msaada wa bure wa ushauri wa majeraha unapatikana kupitia vituo vya afya vya kaunti katika Kaunti ya Kitui.
HEA_01965,Health,Division of Disease Surveillance and Response reminds the public that free youth mental wellness support is available through county health facilities in Samburu County.,Idara ya Ufuatiliaji na Jibu la Magonjwa inakumbusha umma kwamba msaada wa bure wa afya ya akili ya vijana unapatikana kupitia vituo vya afya vya kaunti katika Kaunti ya Samburu.
HEA_01966,Health,CDC encourages residents of Elgeyo-Marakwet County not to suffer in silence and to call the toll-free mental health helpline.,CDC inawatia moyo wakazi wa Kaunti ya Elgeyo-Marakwet wasiteseke kwa utulivu na waite simu ya bure ya afya ya akili.
HEA_01967,Health,Notice: SHA (Social Health Authority) will hold a stress management forum in Nyeri County this February. All are welcome.,Taarifa: Shirika la Afya ya Jamii (SHA) litafanya mkutano wa usimamizi wa mafadhaiko katika Kaunti ya Nyeri Februari hii.
HEA_01968,Health,Division of Disease Surveillance and Response reminds the public that free youth mental wellness support is available through county health facilities in Vihiga County.,Idara ya Ufuatiliaji na Jibu la Magonjwa inakumbusha umma kwamba msaada wa bure wa afya ya akili ya vijana unapatikana kupitia vituo vya afya vya kaunti katika Kaunti ya Vihiga.
HEA_01969,Health,Kenya Red Cross reminds the public that free trauma counselling support is available through county health facilities in Tana River County.,Msalaba Mwekundu wa Kenya unakumbusha umma kwamba msaada wa bure wa ushauri wa majeraha unapatikana kupitia vituo vya afya vya kaunti katika Kaunti ya Tana River.
HEA_01970,Health,Kenya Medical Association urges anyone struggling with their mental health in Elgeyo-Marakwet County to attend a free community counselling session.,Chama cha Matibabu cha Kenya kinahimiza mtu yeyote anayepambana na afya yao ya akili katika Kaunti ya Elgeyo-Marakwet kuhudhuria kikao cha ushauri wa jamii bila malipo.
HEA_01971,Health,CDC urges anyone struggling with their mental health in Homa Bay County to call the toll-free mental health helpline.,CDC inahimiza mtu yeyote anayepambana na afya yao ya akili katika Homa Bay County piga simu ya bure ya afya ya akili helpline.
HEA_01972,Health,Kenya Medical Association reminds the public that free substance abuse recovery support is available through county health facilities in Mombasa County.,Chama cha Matibabu cha Kenya kinakumbusha umma kwamba msaada wa bure wa kupona matumizi mabaya ya dawa za kulevya unapatikana kupitia vituo vya afya vya kaunti katika Kaunti ya Mombasa.
HEA_01973,Health,Notice: KEMSA will hold a substance abuse recovery forum in Nyeri County this April. All are welcome.,Taarifa: KEMSA itafanya mkutano wa kupona matumizi mabaya ya dawa za kulevya katika Kaunti ya Nyeri Aprili hii.
HEA_01974,Health,KEMSA encourages residents of Bungoma County not to suffer in silence and to call the toll-free mental health helpline.,KEMSA inawatia moyo wakazi wa Kaunti ya Bungoma wasihuzunike kwa utulivu na waite simu ya bure ya afya ya akili.
HEA_01975,Health,Division of Disease Surveillance and Response reminds the public that free youth mental wellness support is available through county health facilities in Kirinyaga County.,Idara ya Ufuatiliaji na Jibu la Magonjwa inakumbusha umma kwamba msaada wa bure wa afya ya akili ya vijana unapatikana kupitia vituo vya afya vya kaunti katika Kaunti ya Kirinyaga.
HEA_01976,Health,Kenya Red Cross reminds the public that free substance abuse recovery support is available through county health facilities in Nyamira County.,Msalaba Mwekundu wa Kenya unakumbusha umma kwamba msaada wa bure wa kupona matumizi mabaya ya dawa za kulevya unapatikana kupitia vituo vya afya vya kaunti katika Kaunti ya Nyamira.
HEA_01977,Health,Ministry of Health - Reproductive Health Unit urges anyone struggling with their mental health in Nyeri County to encourage a friend in distress to seek help.,Wizara ya Afya - Kitengo cha Afya ya Uzazi kinahimiza mtu yeyote anayepambana na afya yake ya akili katika Kaunti ya Nyeri amtie moyo rafiki aliye katika shida kutafuta msaada.
HEA_01978,Health,Division of Disease Surveillance and Response reminds the public that free suicide prevention support is available through county health facilities in Marsabit County.,Idara ya Ufuatiliaji na Jibu la Magonjwa inakumbusha umma kwamba msaada wa bure wa kuzuia kujiua unapatikana kupitia vituo vya afya vya kaunti katika Kaunti ya Marsabit.
HEA_01979,Health,Ministry of Health urges anyone struggling with their mental health in Meru County to encourage a friend in distress to seek help.,Wizara ya Afya inamhimiza mtu yeyote anayepambana na afya yao ya akili katika Kaunti ya Meru amtie moyo rafiki aliye katika shida kutafuta msaada.
HEA_01980,Health,Notice: KEMSA will hold a substance abuse recovery forum in Kwale County this September. All are welcome.,Taarifa: KEMSA itafanya mkutano wa uponyaji madawa ya kulevya katika Kaunti ya Kwale mwezi Septemba.
HEA_01981,Health,Notice: Kenya Medical Association will hold a depression awareness forum in Migori County this August. All are welcome.,Taarifa: Chama cha Matibabu cha Kenya kitafanya mkutano wa ufahamu wa unyogovu katika Kaunti ya Migori Agosti hii. Wote wanakaribishwa.
HEA_01982,Health,Kenya Medical Association encourages residents of Lamu County not to suffer in silence and to attend a free community counselling session.,Chama cha Matibabu cha Kenya kinawatia moyo wakazi wa Kaunti ya Lamu wasiteseke kwa utulivu na kuhudhuria kikao cha ushauri wa jamii bila malipo.
HEA_01983,Health,Notice: KEMRI will hold a substance abuse recovery forum in Kisii County this September. All are welcome.,Taarifa: KEMRI itafanya mkutano wa kurejesha matumizi mabaya ya dawa za kulevya katika Kaunti ya Kisii mwezi Septemba.
HEA_01984,Health,KEMSA reminds the public that free stress management support is available through county health facilities in Murang'a County.,KEMSA inawakumbusha umma kwamba msaada wa bure wa usimamizi wa mafadhaiko unapatikana kupitia vituo vya afya vya kaunti katika Kaunti ya Murang'a.
HEA_01985,Health,Notice: Ministry of Health - Reproductive Health Unit will hold a trauma counselling forum in Kisumu County this March. All are welcome.,Taarifa: Wizara ya Afya - Idara ya Afya ya uzazi itafanya mkutano wa ushauri wa majeraha katika Kaunti ya Kisumu Machi hii.
HEA_01986,Health,Ministry of Health - Reproductive Health Unit urges anyone struggling with their mental health in Kisii County to attend a free community counselling session.,Wizara ya Afya - Kitengo cha Afya ya uzazi kinahimiza mtu yeyote anayepambana na afya yao ya akili katika Kaunti ya Kisii kuhudhuria kikao cha ushauri wa bure wa jamii.
HEA_01987,Health,KEMRI urges anyone struggling with their mental health in Embu County to call the toll-free mental health helpline.,KEMRI inamhimiza mtu yeyote anayepambana na afya yao ya akili katika Kaunti ya Embu apeleke simu ya bure ya msaada wa afya ya akili.
HEA_01988,Health,Division of Disease Surveillance and Response reminds the public that free stress management support is available through county health facilities in Nairobi County.,Idara ya Ufuatiliaji na Jibu la Magonjwa inakumbusha umma kwamba msaada wa bure wa usimamizi wa mafadhaiko unapatikana kupitia vituo vya afya vya kaunti katika Kaunti ya Nairobi.
HEA_01989,Health,Kenya Medical Association urges anyone struggling with their mental health in Elgeyo-Marakwet County to call the toll-free mental health helpline.,Shirika la Matibabu la Kenya linahimiza mtu yeyote anayepambana na afya yake ya akili katika Kaunti ya Elgeyo-Marakwet apeleke simu kwenye simu ya bure ya afya ya akili.
HEA_01990,Health,SHA (Social Health Authority) reminds the public that free suicide prevention support is available through county health facilities in Turkana County.,SHA (Shirika la Afya ya Jamii) hukumbusha umma kwamba msaada wa bure wa kuzuia kujiua unapatikana kupitia vituo vya afya vya kaunti katika Kaunti ya Turkana.
HEA_01991,Health,SHA (Social Health Authority) reminds the public that free depression awareness support is available through county health facilities in Narok County.,SHA (Shirika la Afya ya Jamii) hukumbusha umma kwamba msaada wa bure wa ufahamu wa unyogovu unapatikana kupitia vituo vya afya vya kaunti katika Kaunti ya Narok.
HEA_01992,Health,KEMSA encourages residents of Siaya County not to suffer in silence and to encourage a friend in distress to seek help.,KEMSA inawatia moyo wakazi wa Kaunti ya Siaya wasiteseke kwa utulivu na kumtia moyo rafiki aliye katika shida kutafuta msaada.
HEA_01993,Health,Kenya Red Cross encourages residents of Kisii County not to suffer in silence and to call the toll-free mental health helpline.,Msalaba Mwekundu wa Kenya unawahimiza wakazi wa Kaunti ya Kisii wasiteseke kwa utulivu na waite simu ya bure ya afya ya akili.
HEA_01994,Health,SHA (Social Health Authority) encourages residents of Baringo County not to suffer in silence and to encourage a friend in distress to seek help.,Shirika la Afya ya Jamii (SHA) linawatia moyo wakazi wa Kaunti ya Baringo wasiteseke kwa utulivu na kumtia moyo rafiki aliye katika taabu amwombe msaada.
HEA_01995,Health,Notice: Ministry of Health - Reproductive Health Unit will hold a stress management forum in West Pokot County this January. All are welcome.,Taarifa: Wizara ya Afya - Idara ya Afya ya Kuzaliana itafanya mkutano wa usimamizi wa mafadhaiko katika Kaunti ya Pokot Magharibi Januari hii. Wote wanakaribishwa.
HEA_01996,Health,SHA (Social Health Authority) reminds the public that free youth mental wellness support is available through county health facilities in Wajir County.,Shirika la Afya ya Jamii (SHA) linakumbusha umma kwamba msaada wa bure wa afya ya akili ya vijana unapatikana kupitia vituo vya afya vya kaunti katika Kaunti ya Wajir.
HEA_01997,Health,Ministry of Health urges anyone struggling with their mental health in Vihiga County to encourage a friend in distress to seek help.,Wizara ya Afya inamhimiza mtu yeyote anayepambana na afya yao ya akili katika Kaunti ya Vihiga kumtia moyo rafiki aliye katika shida kutafuta msaada.
HEA_01998,Health,Notice: SHA (Social Health Authority) will hold a substance abuse recovery forum in Vihiga County this March. All are welcome.,Taarifa: Shirika la Afya ya Jamii (SHA) litafanya mkutano wa kurejesha matumizi mabaya ya dawa za kulevya katika Kaunti ya Vihiga mwezi Machi.
HEA_01999,Health,Kenya Medical Association encourages residents of Kirinyaga County not to suffer in silence and to call the toll-free mental health helpline.,Chama cha Matibabu cha Kenya kinawatia moyo wakazi wa Kaunti ya Kirinyaga wasiteseke kwa utulivu na waite simu ya bure ya afya ya akili.
HEA_02000,Health,Division of Disease Surveillance and Response reminds the public that free trauma counselling support is available through county health facilities in Lamu County.,Idara ya Ufuatiliaji na Jibu la Magonjwa inakumbusha umma kwamba msaada wa bure wa ushauri wa majeraha unapatikana kupitia vituo vya afya vya kaunti katika Kaunti ya Lamu.
HEA_02001,Health,Kenya Medical Association urges anyone struggling with their mental health in Kisii County to encourage a friend in distress to seek help.,Shirika la Matibabu la Kenya linahimiza mtu yeyote anayepambana na afya yake ya akili katika Kaunti ya Kisii amtie moyo rafiki aliye katika taabu atafute msaada.
HEA_02002,Health,SHA (Social Health Authority) encourages residents of Kajiado County not to suffer in silence and to reach out to a trained counsellor.,Shirika la Afya ya Jamii (SHA) linawahimiza wakazi wa Kajiado County wasiteseke kwa utulivu na waende kwa mshauri aliyezoezwa.
HEA_02003,Health,CDC reminds the public that free stress management support is available through county health facilities in Nandi County.,CDC inawakumbusha umma kwamba msaada wa bure wa usimamizi wa mafadhaiko unapatikana kupitia vituo vya afya vya kaunti katika Kaunti ya Nandi.
HEA_02004,Health,KEMSA reminds the public that free youth mental wellness support is available through county health facilities in Kakamega County.,KEMSA inawakumbusha umma kwamba msaada wa bure wa afya ya akili ya vijana unapatikana kupitia vituo vya afya vya kaunti katika Kaunti ya Kakamega.
HEA_02005,Health,SHA (Social Health Authority) urges anyone struggling with their mental health in Bomet County to reach out to a trained counsellor.,Shirika la Afya ya Jamii (SHA) linahimiza mtu yeyote anayepambana na afya yake ya akili katika Kaunti ya Bomet aende kwa mshauri aliyezoezwa.
HEA_02006,Health,Kenya Medical Association urges anyone struggling with their mental health in Homa Bay County to call the toll-free mental health helpline.,Chama cha Matibabu cha Kenya kinamsihi mtu yeyote anayepambana na afya yake ya akili katika Kaunti ya Homa Bay apeleke simu kwenye simu ya bure ya afya ya akili.
HEA_02007,Health,Notice: Ministry of Health will hold a youth mental wellness forum in Kajiado County this May. All are welcome.,Taarifa: Wizara ya Afya itafanya mkutano wa afya ya akili ya vijana katika Kajiado County Mei hii.
HEA_02008,Health,KEMSA encourages residents of Kakamega County not to suffer in silence and to attend a free community counselling session.,KEMSA inawatia moyo wakazi wa Kaunti ya Kakamega wasiteseke kwa utulivu na kuhudhuria kikao cha ushauri wa jamii bila malipo.
HEA_02009,Health,Notice: CDC will hold a youth mental wellness forum in Narok County this April. All are welcome.,Kumbuka: CDC itafanya mkutano wa afya ya akili ya vijana katika Kaunti ya Narok Aprili hii.
HEA_02010,Health,Ministry of Health reminds the public that free suicide prevention support is available through county health facilities in Machakos County.,Wizara ya Afya inawakumbusha umma kwamba msaada wa bure wa kuzuia kujiua unapatikana kupitia vituo vya afya vya kaunti katika Kaunti ya Machakos.
HEA_02011,Health,Kenya Red Cross urges anyone struggling with their mental health in Embu County to call the toll-free mental health helpline.,Msalaba Mwekundu wa Kenya unamhimiza mtu yeyote anayepambana na afya yao ya akili katika Kaunti ya Embu apeleke simu ya bure ya afya ya akili.
HEA_02012,Health,Notice: Kenya Red Cross will hold a trauma counselling forum in Mandera County this December. All are welcome.,Taarifa: Msalaba Mwekundu wa Kenya utafanya mkutano wa ushauri wa majeraha katika Kaunti ya Mandera Desemba hii.
HEA_02013,Health,SHA (Social Health Authority) encourages residents of Bomet County not to suffer in silence and to attend a free community counselling session.,Shirika la Afya ya Jamii (SHA) linawatia moyo wakazi wa Kaunti ya Bomet wasiteseke kwa utulivu na kuhudhuria kikao cha ushauri wa jamii bila malipo.
HEA_02014,Health,KEMSA encourages residents of Trans Nzoia County not to suffer in silence and to reach out to a trained counsellor.,KEMSA inawatia moyo wakazi wa Kaunti ya Trans Nzoia wasiteseke kwa utulivu na waende kwa mshauri aliyezoezwa.
HEA_02015,Health,Notice: Kenya Medical Association will hold a trauma counselling forum in Kisii County this March. All are welcome.,Taarifa: Chama cha Matibabu cha Kenya kitafanya mkutano wa ushauri wa majeraha katika Kaunti ya Kisii Machi hii. Wote wanakaribishwa.
HEA_02016,Health,SHA (Social Health Authority) urges anyone struggling with their mental health in Siaya County to attend a free community counselling session.,Shirika la Afya ya Jamii (SHA) linahimiza mtu yeyote anayepambana na afya yake ya akili katika Kaunti ya Siaya kuhudhuria kikao cha ushauri wa jamii bila malipo.
HEA_02017,Health,Division of Disease Surveillance and Response urges anyone struggling with their mental health in Kakamega County to call the toll-free mental health helpline.,Idara ya Ufuatiliaji na Jibu la Magonjwa inahimiza mtu yeyote anayepambana na afya yao ya akili katika Kaunti ya Kakamega apeleke simu ya bure ya msaada wa afya ya akili.
HEA_02018,Health,KEMSA encourages residents of Murang'a County not to suffer in silence and to encourage a friend in distress to seek help.,KEMSA inawatia moyo wakazi wa Kaunti ya Murang'a wasiteseke kwa utulivu na kumtia moyo rafiki aliye katika dhiki atafute msaada.
HEA_02019,Health,KEMRI reminds the public that free stress management support is available through county health facilities in Lamu County.,KEMRI inawakumbusha umma kwamba msaada wa bure wa usimamizi wa mafadhaiko unapatikana kupitia vituo vya afya vya kaunti katika Kaunti ya Lamu.
HEA_02020,Health,Division of Disease Surveillance and Response reminds the public that free suicide prevention support is available through county health facilities in Kiambu County.,Idara ya Ufuatiliaji na Jibu la Magonjwa inakumbusha umma kwamba msaada wa bure wa kuzuia kujiua unapatikana kupitia vituo vya afya vya kaunti katika Kaunti ya Kiambu.
HEA_02021,Health,Kenya Red Cross urges anyone struggling with their mental health in Mombasa County to encourage a friend in distress to seek help.,Msalaba Mwekundu wa Kenya unamhimiza mtu yeyote anayepambana na afya yake ya akili katika Kaunti ya Mombasa amtie moyo rafiki aliye katika shida amwombe msaada.
HEA_02022,Health,Kenya Medical Association urges anyone struggling with their mental health in Garissa County to call the toll-free mental health helpline.,Chama cha Matibabu cha Kenya kinamsihi mtu yeyote anayepambana na afya yao ya akili katika Kaunti ya Garissa apeleke simu ya bure ya msaada wa afya ya akili.
HEA_02023,Health,Notice: Ministry of Health - Reproductive Health Unit will hold a depression awareness forum in Garissa County this September. All are welcome.,Taarifa: Wizara ya Afya - Idara ya Afya ya Kuzaliana itafanya mkutano wa ufahamu wa unyogovu katika Kaunti ya Garissa mwezi Septemba.
HEA_02024,Health,Notice: CDC will hold a stress management forum in Nyandarua County this October. All are welcome.,Taarifa: CDC itafanya mkutano wa usimamizi wa mafadhaiko katika Kaunti ya Nyandarua Oktoba hii.
HEA_02025,Health,KEMSA reminds the public that free suicide prevention support is available through county health facilities in Murang'a County.,KEMSA inawakumbusha umma kwamba msaada wa bure wa kuzuia kujiua unapatikana kupitia vituo vya afya vya kaunti katika Kaunti ya Murang'a.
HEA_02026,Health,Notice: CDC will hold a substance abuse recovery forum in Bomet County this October. All are welcome.,Taarifa: CDC itafanya mkutano wa kupona matumizi mabaya ya dawa za kulevya katika Kaunti ya Bomet mwezi huu Oktoba.
HEA_02027,Health,KEMSA encourages residents of Makueni County not to suffer in silence and to call the toll-free mental health helpline.,KEMSA inawatia moyo wakazi wa Kaunti ya Makueni wasihuzunike kwa utulivu na waite simu ya bure ya afya ya akili.
HEA_02028,Health,KEMSA urges anyone struggling with their mental health in Samburu County to attend a free community counselling session.,KEMSA inahimiza kila mtu anayepambana na afya yao ya akili katika Kaunti ya Samburu kuhudhuria kikao cha bure cha ushauri wa jamii.
HEA_02029,Health,Division of Disease Surveillance and Response reminds the public that free youth mental wellness support is available through county health facilities in Nyamira County.,Idara ya Ufuatiliaji na Jibu la Magonjwa inakumbusha umma kwamba msaada wa bure wa afya ya akili ya vijana unapatikana kupitia vituo vya afya vya kaunti katika Kaunti ya Nyamira.
HEA_02030,Health,Ministry of Health - Reproductive Health Unit encourages residents of Meru County not to suffer in silence and to attend a free community counselling session.,Wizara ya Afya - Kitengo cha Afya ya Kuzaliana kinawahimiza wakazi wa Kaunti ya Meru wasiteseke kwa utulivu na kuhudhuria kikao cha ushauri wa jamii bila malipo.
HEA_02031,Health,CDC encourages residents of Nyeri County not to suffer in silence and to encourage a friend in distress to seek help.,CDC inawatia moyo wakazi wa Kaunti ya Nyeri wasiteseke kwa utulivu na kumtia moyo rafiki aliye katika dhiki aombe msaada.
HEA_02032,Health,Kenya Red Cross urges anyone struggling with their mental health in Siaya County to attend a free community counselling session.,Msalaba Mwekundu wa Kenya unamhimiza mtu yeyote anayepambana na afya yao ya akili katika Kaunti ya Siaya kuhudhuria kikao cha ushauri wa jamii bila malipo.
HEA_02033,Health,Division of Disease Surveillance and Response encourages residents of Taita-Taveta County not to suffer in silence and to reach out to a trained counsellor.,Idara ya Ufuatiliaji na Jibu la Magonjwa inawatia moyo wakazi wa Wilaya ya Taita-Taveta wasiteseke kwa utulivu na waende kwa mshauri aliyezoezwa.
HEA_02034,Health,KEMRI reminds the public that free trauma counselling support is available through county health facilities in Taita-Taveta County.,KEMRI inawakumbusha umma kwamba msaada wa bure wa ushauri wa majeraha unapatikana kupitia vituo vya afya vya kaunti katika Kaunti ya Taita-Taveta.
HEA_02035,Health,Kenya Medical Association reminds the public that free youth mental wellness support is available through county health facilities in Migori County.,Chama cha Matibabu cha Kenya kinakumbusha umma kwamba msaada wa bure wa afya ya akili ya vijana unapatikana kupitia vituo vya afya vya kaunti katika Kaunti ya Migori.
HEA_02036,Health,Ministry of Health - Reproductive Health Unit urges anyone struggling with their mental health in Nakuru County to reach out to a trained counsellor.,Wizara ya Afya - Kitengo cha Afya ya uzazi kinahimiza mtu yeyote anayepambana na afya yake ya akili katika Kaunti ya Nakuru aende kwa mshauri aliyezoezwa.
HEA_02037,Health,Ministry of Health encourages residents of Busia County not to suffer in silence and to reach out to a trained counsellor.,Wizara ya Afya inawatia moyo wakazi wa Kaunti ya Busia wasiteseke kwa utulivu na waende kwa mshauri aliyezoezwa.
HEA_02038,Health,CDC encourages residents of Turkana County not to suffer in silence and to reach out to a trained counsellor.,CDC inawatia moyo wakazi wa Wilaya ya Turkana wasiteseke kwa utulivu na waende kwa mshauri aliyezoezwa.
HEA_02039,Health,KEMSA encourages residents of Migori County not to suffer in silence and to call the toll-free mental health helpline.,KEMSA inawatia moyo wakazi wa Kaunti ya Migori wasiteseke kwa kimya na waite simu ya bure ya afya ya akili.
HEA_02040,Health,SHA (Social Health Authority) urges anyone struggling with their mental health in West Pokot County to attend a free community counselling session.,Shirika la Afya ya Jamii (SHA) linahimiza mtu yeyote anayepambana na afya yake ya akili katika Kaunti ya West Pokot kuhudhuria kikao cha ushauri wa jamii bila malipo.
HEA_02041,Health,Kenya Medical Association reminds the public that free suicide prevention support is available through county health facilities in Nakuru County.,Chama cha Matibabu cha Kenya kinakumbusha umma kwamba msaada wa bure wa kuzuia kujiua unapatikana kupitia vituo vya afya vya kaunti katika Kaunti ya Nakuru.
HEA_02042,Health,Notice: SHA (Social Health Authority) will hold a suicide prevention forum in Kiambu County this November. All are welcome.,Taarifa: Shirika la Afya ya Jamii (SHA) litafanya mkutano wa kuzuia kujiua katika Kaunti ya Kiambu mwezi Novemba.
HEA_02043,Health,Kenya Red Cross reminds the public that free depression awareness support is available through county health facilities in Kirinyaga County.,Msalaba Mwekundu wa Kenya unakumbusha umma kwamba msaada wa bure wa ufahamu wa unyogovu unapatikana kupitia vituo vya afya vya kaunti katika Kaunti ya Kirinyaga.
HEA_02044,Health,Notice: KEMRI will hold a youth mental wellness forum in Mombasa County this December. All are welcome.,Taarifa: KEMRI itafanya mkutano wa afya ya akili ya vijana katika Kaunti ya Mombasa Desemba hii. Wote wanakaribishwa.
HEA_02045,Health,KEMRI encourages residents of Kirinyaga County not to suffer in silence and to reach out to a trained counsellor.,KEMRI inawatia moyo wakazi wa Kaunti ya Kirinyaga wasiteseke kwa utulivu na waende kwa mshauri aliyezoezwa.
HEA_02046,Health,Ministry of Health - Reproductive Health Unit encourages residents of Tana River County not to suffer in silence and to reach out to a trained counsellor.,Wizara ya Afya - Kitengo cha Afya ya Uzazi kinawatia moyo wakazi wa Wilaya ya Tana River wasiteseke kwa utulivu na waende kwa mshauri aliyezoezwa.
HEA_02047,Health,Division of Disease Surveillance and Response encourages residents of Kirinyaga County not to suffer in silence and to reach out to a trained counsellor.,Idara ya Ufuatiliaji na Jibu la Magonjwa inawatia moyo wakazi wa Kaunti ya Kirinyaga wasiteseke kwa utulivu na waende kwa mshauri aliyezoezwa.
HEA_02048,Health,Division of Disease Surveillance and Response reminds the public that free substance abuse recovery support is available through county health facilities in Nairobi County.,Idara ya Ufuatiliaji na Jibu la Magonjwa inakumbusha umma kwamba msaada wa bure wa kupona matumizi mabaya ya dawa za kulevya unapatikana kupitia vituo vya afya vya kaunti katika Kaunti ya Nairobi.
HEA_02049,Health,Notice: Ministry of Health will hold a substance abuse recovery forum in Garissa County this July. All are welcome.,Taarifa: Wizara ya Afya itafanya mkutano wa kupona matumizi mabaya ya dawa za kulevya katika Kaunti ya Garissa mwezi huu Julai.
HEA_02050,Health,SHA (Social Health Authority) urges anyone struggling with their mental health in Kajiado County to call the toll-free mental health helpline.,SHA (Huduma ya Afya ya Jamii) inamhimiza mtu yeyote anayepambana na afya yao ya akili katika Kajiado County apeleke simu ya bure ya afya ya akili.
HEA_02051,Health,SHA (Social Health Authority) encourages residents of Nakuru County not to suffer in silence and to call the toll-free mental health helpline.,SHA (Shirika la Afya ya Jamii) linawahimiza wakazi wa Kaunti ya Nakuru wasiteseke kwa utulivu na waite simu ya misaada ya bure ya afya ya akili.
HEA_02052,Health,Notice: KEMRI will hold a depression awareness forum in Laikipia County this July. All are welcome.,Taarifa: KEMRI itafanya mkutano wa ufahamu wa unyogovu katika Kaunti ya Laikipia mwezi huu Julai. Wote wanakaribishwa.
HEA_02053,Health,Notice: Division of Disease Surveillance and Response will hold a trauma counselling forum in Elgeyo-Marakwet County this March. All are welcome.,Taarifa: Idara ya Ufuatiliaji na Majibu ya Magonjwa itafanya mkutano wa ushauri wa majeraha katika Kaunti ya Elgeyo-Marakwet Machi hii.
HEA_02054,Health,Notice: SHA (Social Health Authority) will hold a substance abuse recovery forum in Nandi County this November. All are welcome.,Taarifa: Shirika la Afya ya Jamii (SHA) litafanya mkutano wa kurejesha matumizi mabaya ya dawa za kulevya katika Kaunti ya Nandi mwezi Novemba.
HEA_02055,Health,KEMSA urges anyone struggling with their mental health in Turkana County to encourage a friend in distress to seek help.,KEMSA inamhimiza mtu yeyote anayepambana na afya yake ya akili katika Kaunti ya Turkana amtie moyo rafiki aliye katika taabu atafute msaada.
HEA_02056,Health,Division of Disease Surveillance and Response reminds the public that free stress management support is available through county health facilities in Nyamira County.,Idara ya Ufuatiliaji na Jibu la Magonjwa inakumbusha umma kwamba msaada wa bure wa usimamizi wa mafadhaiko unapatikana kupitia vituo vya afya vya kaunti katika Kaunti ya Nyamira.
HEA_02057,Health,Kenya Red Cross urges anyone struggling with their mental health in Kilifi County to encourage a friend in distress to seek help.,Msalaba Mwekundu wa Kenya unamhimiza mtu yeyote anayepambana na afya yake ya akili katika Kaunti ya Kilifi amtie moyo rafiki aliye katika dhiki atafute msaada.
HEA_02058,Health,Division of Disease Surveillance and Response encourages residents of Kilifi County not to suffer in silence and to call the toll-free mental health helpline.,Idara ya Ufuatiliaji na Jibu la Magonjwa inawatia moyo wakazi wa Kaunti ya Kilifi wasiteseke kwa utulivu na waite simu ya bure ya afya ya akili.
HEA_02059,Health,Kenya Red Cross encourages residents of Wajir County not to suffer in silence and to encourage a friend in distress to seek help.,Msalaba Mwekundu wa Kenya unawahimiza wakazi wa Kaunti ya Wajir wasiteseke kwa utulivu na kumtia moyo rafiki aliye katika dhiki kutafuta msaada.
HEA_02060,Health,SHA (Social Health Authority) urges anyone struggling with their mental health in Garissa County to call the toll-free mental health helpline.,SHA (Huduma ya Afya ya Jamii) inawasihi kila mtu anayepambana na afya yao ya akili katika Kaunti ya Garissa apeleke simu ya bure ya msaada wa afya ya akili.
HEA_02061,Health,Division of Disease Surveillance and Response urges anyone struggling with their mental health in Narok County to call the toll-free mental health helpline.,Idara ya Ufuatiliaji na Jibu la Magonjwa inahimiza mtu yeyote anayepambana na afya yao ya akili katika Kaunti ya Narok apeleke simu ya bure ya msaada wa afya ya akili.
HEA_02062,Health,Division of Disease Surveillance and Response reminds the public that free youth mental wellness support is available through county health facilities in Elgeyo-Marakwet County.,Idara ya Ufuatiliaji na Jibu la Magonjwa inakumbusha umma kwamba msaada wa bure wa afya ya akili ya vijana unapatikana kupitia vituo vya afya vya kaunti katika Kaunti ya Elgeyo-Marakwet.
HEA_02063,Health,Kenya Medical Association reminds the public that free depression awareness support is available through county health facilities in Laikipia County.,Chama cha Matibabu cha Kenya kinakumbusha umma kwamba msaada wa bure wa ufahamu wa unyogovu unapatikana kupitia vituo vya afya vya kaunti katika Kaunti ya Laikipia.
HEA_02064,Health,SHA (Social Health Authority) encourages residents of Elgeyo-Marakwet County not to suffer in silence and to call the toll-free mental health helpline.,Shirika la Afya ya Jamii (SHA) linawatia moyo wakazi wa Kaunti ya Elgeyo-Marakwet wasiteseke kwa utulivu na waite simu ya bure ya afya ya akili.
HEA_02065,Health,KEMRI urges anyone struggling with their mental health in Nyandarua County to attend a free community counselling session.,KEMRI inamhimiza mtu yeyote anayepambana na afya yao ya akili katika Kaunti ya Nyandarua kuhudhuria kikao cha ushauri wa jamii bila malipo.
HEA_02066,Health,Kenya Medical Association urges anyone struggling with their mental health in Tharaka-Nithi County to reach out to a trained counsellor.,Shirika la Matibabu la Kenya linahimiza mtu yeyote anayepambana na afya yake ya akili katika Kaunti ya Tharaka-Nithi aende kwa mshauri aliyezoezwa.
HEA_02067,Health,KEMRI urges anyone struggling with their mental health in Vihiga County to call the toll-free mental health helpline.,KEMRI inamhimiza mtu yeyote anayepambana na afya yao ya akili katika Kaunti ya Vihiga apeleke simu ya bure ya afya ya akili.
HEA_02068,Health,SHA (Social Health Authority) urges anyone struggling with their mental health in Mandera County to reach out to a trained counsellor.,Shirika la Afya ya Jamii (SHA) linahimiza mtu yeyote anayepambana na afya yake ya akili katika Kaunti ya Mandera aende kwa mshauri aliyezoezwa.
HEA_02069,Health,Notice: KEMRI will hold a stress management forum in Marsabit County this July. All are welcome.,Taarifa: KEMRI itafanya mkutano wa usimamizi wa mafadhaiko katika wilaya ya Marsabit mwezi huu Julai. Wote wanakaribishwa.
HEA_02070,Health,SHA (Social Health Authority) urges anyone struggling with their mental health in Tana River County to encourage a friend in distress to seek help.,Shirika la Afya ya Jamii (SHA) linahimiza mtu yeyote anayepambana na afya yake ya akili katika Wilaya ya Tana River amtie moyo rafiki aliye katika taabu amwombe msaada.
HEA_02071,Health,Notice: KEMRI will hold a substance abuse recovery forum in Kitui County this June. All are welcome.,Taarifa: KEMRI itafanya mkutano wa kurejesha matumizi mabaya ya dawa za kulevya katika Wilaya ya Kitui mwezi Juni huu.
HEA_02072,Health,Ministry of Health encourages residents of Narok County not to suffer in silence and to reach out to a trained counsellor.,Wizara ya Afya inawatia moyo wakazi wa Kaunti ya Narok wasiteseke kwa utulivu na kuwasiliana na mshauri aliyezoezwa.
HEA_02073,Health,Notice: SHA (Social Health Authority) will hold a depression awareness forum in Nyandarua County this June. All are welcome.,Taarifa: Shirika la Afya ya Jamii (SHA) litafanya mkutano wa ufahamu wa unyogovu katika Kaunti ya Nyandarua mwezi Juni huu.
HEA_02074,Health,Notice: Kenya Medical Association will hold a stress management forum in Machakos County this June. All are welcome.,Taarifa: Chama cha Matibabu cha Kenya kitafanya mkutano wa usimamizi wa mafadhaiko katika Kaunti ya Machakos mwezi Juni huu. Wote wanakaribishwa.
HEA_02075,Health,Ministry of Health urges anyone struggling with their mental health in Mombasa County to attend a free community counselling session.,Wizara ya Afya inamhimiza mtu yeyote anayepambana na afya yao ya akili katika Kaunti ya Mombasa kuhudhuria kikao cha ushauri wa jamii bila malipo.
HEA_02076,Health,Kenya Red Cross urges anyone struggling with their mental health in Laikipia County to reach out to a trained counsellor.,Msalaba Mwekundu wa Kenya unamhimiza mtu yeyote anayepambana na afya yao ya akili katika Kaunti ya Laikipia aende kwa mshauri aliyezoezwa.
HEA_02077,Health,KEMSA encourages residents of Makueni County not to suffer in silence and to attend a free community counselling session.,KEMSA inawatia moyo wakazi wa Kaunti ya Makueni wasiteseke kwa utulivu na kuhudhuria kikao cha bure cha ushauri wa jamii.
HEA_02078,Health,Notice: Kenya Red Cross will hold a youth mental wellness forum in Wajir County this February. All are welcome.,Taarifa: Msalaba Mwekundu wa Kenya utafanya mkutano wa afya ya akili ya vijana katika Kaunti ya Wajir Februari hii.
HEA_02079,Health,CDC reminds the public that free depression awareness support is available through county health facilities in Mandera County.,CDC inakumbusha umma kwamba msaada wa bure wa ufahamu wa unyogovu unapatikana kupitia vituo vya afya vya kaunti katika Kaunti ya Mandera.
HEA_02080,Health,Notice: CDC will hold a suicide prevention forum in Bungoma County this June. All are welcome.,Taarifa: CDC itafanya mkutano wa kuzuia kujiua katika Kaunti ya Bungoma Juni hii.
HEA_02081,Health,Notice: KEMRI will hold a stress management forum in Vihiga County this July. All are welcome.,Taarifa: KEMRI itafanya mkutano wa usimamizi wa mafadhaiko katika Wilaya ya Vihiga mwezi huu Julai. Wote wanakaribishwa.
HEA_02082,Health,KEMSA reminds the public that free trauma counselling support is available through county health facilities in Siaya County.,KEMSA inawakumbusha umma kwamba msaada wa bure wa ushauri wa majeraha unapatikana kupitia vituo vya afya vya kaunti katika Kaunti ya Siaya.
HEA_02083,Health,Ministry of Health reminds the public that free suicide prevention support is available through county health facilities in Vihiga County.,Wizara ya Afya inawakumbusha umma kwamba msaada wa bure wa kuzuia kujiua unapatikana kupitia vituo vya afya vya kaunti katika Kaunti ya Vihiga.
HEA_02084,Health,Ministry of Health - Reproductive Health Unit urges anyone struggling with their mental health in Garissa County to attend a free community counselling session.,Wizara ya Afya - Kitengo cha Afya ya Kuzaliana kinahimiza mtu yeyote anayepambana na afya yao ya akili katika Kaunti ya Garissa kuhudhuria kikao cha ushauri wa bure wa jamii.
HEA_02085,Health,Notice: Ministry of Health - Reproductive Health Unit will hold a youth mental wellness forum in Tharaka-Nithi County this September. All are welcome.,Taarifa: Wizara ya Afya - Idara ya Afya ya Uzazi itafanya mkutano wa afya ya akili ya vijana katika Kaunti ya Tharaka-Nithi mwezi Septemba.
HEA_02086,Health,Ministry of Health urges anyone struggling with their mental health in Mandera County to encourage a friend in distress to seek help.,Wizara ya Afya inamhimiza mtu yeyote anayepambana na afya yao ya akili katika Kaunti ya Mandera amtie moyo rafiki aliye katika shida kutafuta msaada.
HEA_02087,Health,Notice: CDC will hold a substance abuse recovery forum in Turkana County this June. All are welcome.,Taarifa: CDC itafanya mkutano wa kupona matumizi mabaya ya dawa za kulevya katika Kaunti ya Turkana mwezi Juni huu.
HEA_02088,Health,Kenya Medical Association reminds the public that free substance abuse recovery support is available through county health facilities in Lamu County.,Chama cha Matibabu cha Kenya kinakumbusha umma kwamba msaada wa bure wa kupona matumizi mabaya ya dawa za kulevya unapatikana kupitia vituo vya afya vya kaunti katika Kaunti ya Lamu.
HEA_02089,Health,KEMSA reminds the public that free youth mental wellness support is available through county health facilities in Bungoma County.,KEMSA inawakumbusha umma kwamba msaada wa bure wa afya ya akili ya vijana unapatikana kupitia vituo vya afya vya kaunti katika Kaunti ya Bungoma.
HEA_02090,Health,Kenya Red Cross urges anyone struggling with their mental health in Kilifi County to reach out to a trained counsellor.,Msalaba Mwekundu wa Kenya unamhimiza mtu yeyote anayepambana na afya yake ya akili katika Kaunti ya Kilifi aende kwa mshauri aliyezoezwa.
HEA_02091,Health,Kenya Medical Association urges anyone struggling with their mental health in Nakuru County to reach out to a trained counsellor.,Shirika la Matibabu la Kenya linahimiza mtu yeyote anayepambana na afya yake ya akili katika Kaunti ya Nakuru aende kwa mshauri aliyezoezwa.
HEA_02092,Health,Ministry of Health - Reproductive Health Unit urges anyone struggling with their mental health in Narok County to encourage a friend in distress to seek help.,Wizara ya Afya - Kitengo cha Afya ya Uzazi kinahimiza mtu yeyote anayepambana na afya yake ya akili katika Kaunti ya Narok amtie moyo rafiki aliye katika shida kutafuta msaada.
HEA_02093,Health,Kenya Red Cross encourages residents of Embu County not to suffer in silence and to reach out to a trained counsellor.,Msalaba Mwekundu wa Kenya unawahimiza wakazi wa Kaunti ya Embu wasiteseke kwa utulivu na waende kwa mshauri aliyezoezwa.
HEA_02094,Health,KEMRI urges anyone struggling with their mental health in Vihiga County to reach out to a trained counsellor.,KEMRI inamhimiza mtu yeyote anayepambana na afya yake ya akili katika Kaunti ya Vihiga aende kwa mshauri aliyezoezwa.
HEA_02095,Health,CDC encourages residents of Nyamira County not to suffer in silence and to attend a free community counselling session.,CDC inawatia moyo wakazi wa Kaunti ya Nyamira wasiteseke kwa utulivu na kuhudhuria kikao cha ushauri wa jamii bila malipo.
HEA_02096,Health,Notice: KEMRI will hold a depression awareness forum in Nyeri County this December. All are welcome.,Taarifa: KEMRI itafanya mkutano wa ufahamu wa unyogovu katika Kaunti ya Nyeri Desemba hii. Wote wanakaribishwa.
HEA_02097,Health,KEMSA reminds the public that free trauma counselling support is available through county health facilities in Kitui County.,KEMSA inawakumbusha umma kwamba msaada wa bure wa ushauri wa majeraha unapatikana kupitia vituo vya afya vya kaunti katika Kaunti ya Kitui.
HEA_02098,Health,Kenya Red Cross urges anyone struggling with their mental health in Kilifi County to call the toll-free mental health helpline.,Msalaba Mwekundu wa Kenya unamhimiza mtu yeyote anayepambana na afya yao ya akili katika Kaunti ya Kilifi apigie simu simu ya bure ya afya ya akili.
HEA_02099,Health,Notice: KEMSA will hold a youth mental wellness forum in Nyandarua County this January. All are welcome.,Taarifa: KEMSA itafanya mkutano wa afya ya akili ya vijana katika Kaunti ya Nyandarua Januari hii.
HEA_02100,Health,KEMRI urges anyone struggling with their mental health in Kericho County to reach out to a trained counsellor.,KEMRI inamhimiza mtu yeyote anayepambana na afya yake ya akili katika Kaunti ya Kericho aende kwa mshauri aliyezoezwa.
HEA_02101,Health,Notice: Division of Disease Surveillance and Response will hold a youth mental wellness forum in Murang'a County this February. All are welcome.,Taarifa: Idara ya Ufuatiliaji na Jibu la Magonjwa itafanya mkutano wa afya ya akili ya vijana katika Kaunti ya Murang'a Februari hii. Wote wanakaribishwa.
HEA_02102,Health,Notice: KEMSA will hold a depression awareness forum in Uasin Gishu County this October. All are welcome.,Taarifa: KEMSA itafanya mkutano wa ufahamu wa unyogovu katika Kaunti ya Uasin Gishu mwezi huu Oktoba.
HEA_02103,Health,Notice: Ministry of Health will hold a depression awareness forum in Siaya County this January. All are welcome.,Taarifa: Wizara ya Afya itafanya mkutano wa ufahamu wa unyogovu katika Kaunti ya Siaya Januari hii. Wote wanakaribishwa.
HEA_02104,Health,Kenya Red Cross urges anyone struggling with their mental health in Meru County to reach out to a trained counsellor.,Msalaba Mwekundu wa Kenya unamhimiza mtu yeyote anayepambana na afya yao ya akili katika Kaunti ya Meru aende kwa mshauri aliyezoezwa.
HEA_02105,Health,Kenya Medical Association reminds the public that free youth mental wellness support is available through county health facilities in Kisumu County.,Chama cha Matibabu cha Kenya kinakumbusha umma kwamba msaada wa bure wa afya ya akili ya vijana unapatikana kupitia vituo vya afya vya kaunti katika Kaunti ya Kisumu.
HEA_02106,Health,Ministry of Health - Reproductive Health Unit urges anyone struggling with their mental health in Kitui County to attend a free community counselling session.,Wizara ya Afya - Idara ya Afya ya Uzazi inamhimiza mtu yeyote anayepambana na afya yake ya akili katika Kaunti ya Kitui kuhudhuria kikao cha ushauri wa jamii bila malipo.
HEA_02107,Health,Kenya Medical Association urges anyone struggling with their mental health in Marsabit County to call the toll-free mental health helpline.,Chama cha Matibabu cha Kenya kinamsihi mtu yeyote anayepambana na afya yao ya akili katika Kaunti ya Marsabit apeleke simu kwenye simu ya bure ya afya ya akili.
HEA_02108,Health,Division of Disease Surveillance and Response encourages residents of Marsabit County not to suffer in silence and to reach out to a trained counsellor.,Idara ya Ufuatiliaji na Jibu la Magonjwa inawatia moyo wakazi wa Kaunti ya Marsabit wasiteseke kwa utulivu na kuwasiliana na mshauri aliyezoezwa.
HEA_02109,Health,KEMSA encourages residents of Baringo County not to suffer in silence and to call the toll-free mental health helpline.,KEMSA inawatia moyo wakazi wa Kaunti ya Baringo wasihuzunike kwa utulivu na waite simu ya bure ya afya ya akili.
HEA_02110,Health,Ministry of Health - Reproductive Health Unit urges anyone struggling with their mental health in Nairobi County to attend a free community counselling session.,Wizara ya Afya - Kitengo cha Afya ya uzazi kinahimiza mtu yeyote anayepambana na afya yao ya akili katika Kaunti ya Nairobi kuhudhuria kikao cha ushauri wa jamii bila malipo.
HEA_02111,Health,Kenya Red Cross reminds the public that free substance abuse recovery support is available through county health facilities in Isiolo County.,Msalaba Mwekundu wa Kenya unakumbusha umma kwamba msaada wa bure wa kupona matumizi mabaya ya dawa za kulevya unapatikana kupitia vituo vya afya vya kaunti katika Kaunti ya Isiolo.
HEA_02112,Health,SHA (Social Health Authority) urges anyone struggling with their mental health in Marsabit County to encourage a friend in distress to seek help.,Shirika la Afya ya Jamii (SHA) linahimiza mtu yeyote anayepambana na afya yake ya akili katika Kaunti ya Marsabit amtie moyo rafiki aliye katika taabu amwombe msaada.
HEA_02113,Health,Ministry of Health - Reproductive Health Unit urges anyone struggling with their mental health in Kisumu County to reach out to a trained counsellor.,Wizara ya Afya - Kitengo cha Afya ya uzazi kinahimiza mtu yeyote anayepambana na afya yake ya akili katika Kaunti ya Kisumu kumfikia mshauri aliyezoezwa.
HEA_02114,Health,Ministry of Health urges anyone struggling with their mental health in Bungoma County to encourage a friend in distress to seek help.,Wizara ya Afya inamhimiza mtu yeyote anayepambana na afya yake ya akili katika Kaunti ya Bungoma kumtia moyo rafiki aliye katika shida kutafuta msaada.
HEA_02115,Health,Ministry of Health encourages residents of Wajir County not to suffer in silence and to reach out to a trained counsellor.,Wizara ya Afya inawatia moyo wakazi wa Kaunti ya Wajir wasiteseke kwa utulivu na kuwasiliana na mshauri aliyezoezwa.
HEA_02116,Health,KEMRI urges anyone struggling with their mental health in Taita-Taveta County to call the toll-free mental health helpline.,KEMRI inamhimiza mtu yeyote anayepambana na afya yake ya akili katika Wilaya ya Taita-Taveta apeleke simu kwenye simu ya bure ya afya ya akili.
HEA_02117,Health,Ministry of Health reminds the public that free youth mental wellness support is available through county health facilities in Garissa County.,Wizara ya Afya inawakumbusha umma kwamba msaada wa bure wa afya ya akili ya vijana unapatikana kupitia vituo vya afya vya kaunti katika Kaunti ya Garissa.
HEA_02118,Health,Notice: SHA (Social Health Authority) will hold a substance abuse recovery forum in Tharaka-Nithi County this March. All are welcome.,Taarifa: Shirika la Afya ya Jamii (SHA) litafanya mkutano wa uponyaji madawa ya kulevya katika Kaunti ya Tharaka-Nithi mwezi Machi.
HEA_02119,Health,KEMSA encourages residents of Kirinyaga County not to suffer in silence and to encourage a friend in distress to seek help.,KEMSA inawatia moyo wakazi wa Kaunti ya Kirinyaga wasiteseke kwa utulivu na kumtia moyo rafiki aliye katika dhiki aombe msaada.
HEA_02120,Health,KEMRI urges anyone struggling with their mental health in Tana River County to attend a free community counselling session.,KEMRI inahimiza mtu yeyote anayepambana na afya yao ya akili katika Wilaya ya Tana River kuhudhuria kikao cha ushauri wa jamii bila malipo.
HEA_02121,Health,Ministry of Health reminds the public that free trauma counselling support is available through county health facilities in Kilifi County.,Wizara ya Afya inawakumbusha umma kwamba msaada wa bure wa ushauri wa majeraha unapatikana kupitia vituo vya afya vya kaunti katika Kaunti ya Kilifi.
HEA_02122,Health,Notice: SHA (Social Health Authority) will hold a suicide prevention forum in Narok County this July. All are welcome.,Taarifa: Shirika la Afya ya Jamii (SHA) litafanya mkutano wa kuzuia kujiua katika Kaunti ya Narok mwezi huu Julai.
HEA_02123,Health,KEMRI reminds the public that free substance abuse recovery support is available through county health facilities in Kwale County.,KEMRI inawakumbusha umma kwamba msaada wa bure wa kupona matumizi mabaya ya dawa za kulevya unapatikana kupitia vituo vya afya vya kaunti katika Kaunti ya Kwale.
HEA_02124,Health,KEMSA encourages residents of Turkana County not to suffer in silence and to attend a free community counselling session.,KEMSA inawatia moyo wakazi wa Kaunti ya Turkana wasiteseke kwa utulivu na kuhudhuria kikao cha ushauri wa jamii bila malipo.
HEA_02125,Health,Kenya Medical Association urges anyone struggling with their mental health in Migori County to reach out to a trained counsellor.,Shirika la Matibabu la Kenya linahimiza mtu yeyote anayepambana na afya yake ya akili katika Kaunti ya Migori aende kwa mshauri aliyezoezwa.
HEA_02126,Health,KEMSA encourages residents of Wajir County not to suffer in silence and to reach out to a trained counsellor.,KEMSA inawatia moyo wakazi wa Kaunti ya Wajir wasiteseke kwa utulivu na waende kwa mshauri aliyezoezwa.
HEA_02127,Health,Notice: Division of Disease Surveillance and Response will hold a depression awareness forum in Lamu County this October. All are welcome.,Taarifa: Idara ya Ufuatiliaji na Jibu la Magonjwa itafanya mkutano wa ufahamu wa unyogovu katika Kaunti ya Lamu mwezi Oktoba.
HEA_02128,Health,KEMSA urges anyone struggling with their mental health in Elgeyo-Marakwet County to attend a free community counselling session.,KEMSA inahimiza kila mtu anayepambana na afya yao ya akili katika Kaunti ya Elgeyo-Marakwet kuhudhuria kikao cha ushauri wa jamii bila malipo.
HEA_02129,Health,Kenya Medical Association urges anyone struggling with their mental health in Marsabit County to attend a free community counselling session.,Shirika la Matibabu la Kenya linahimiza mtu yeyote anayepambana na afya yao ya akili katika Kaunti ya Marsabit kuhudhuria kikao cha ushauri wa jamii bila malipo.
HEA_02130,Health,Notice: Division of Disease Surveillance and Response will hold a substance abuse recovery forum in Garissa County this May. All are welcome.,Taarifa: Idara ya Ufuatiliaji na Majibu ya Magonjwa itafanya mkutano wa kupona matumizi mabaya ya dawa za kulevya katika Kaunti ya Garissa Mei hii.
HEA_02131,Health,Notice: Kenya Red Cross will hold a stress management forum in Nyamira County this February. All are welcome.,Taarifa: Msalaba Mwekundu wa Kenya utafanya mkutano wa usimamizi wa mafadhaiko katika Kaunti ya Nyamira Februari hii.
HEA_02132,Health,KEMSA urges anyone struggling with their mental health in Murang'a County to encourage a friend in distress to seek help.,KEMSA inamhimiza mtu yeyote anayepambana na afya yake ya akili katika Kaunti ya Murang'a amtie moyo rafiki aliye katika taabu atafute msaada.
HEA_02133,Health,Ministry of Health - Reproductive Health Unit encourages residents of Lamu County not to suffer in silence and to encourage a friend in distress to seek help.,Wizara ya Afya - Kitengo cha Afya ya Uzazi kinawatia moyo wakazi wa Kaunti ya Lamu wasiteseke kwa utulivu na kumtia moyo rafiki aliye katika dhiki atafute msaada.
HEA_02134,Health,Notice: KEMSA will hold a suicide prevention forum in Taita-Taveta County this June. All are welcome.,KEMSA itafanya mkutano wa kuzuia kujiua katika Wilaya ya Taita-Taveta mwezi huu Juni.
HEA_02135,Health,Kenya Medical Association urges anyone struggling with their mental health in Turkana County to encourage a friend in distress to seek help.,Shirika la Matibabu la Kenya linahimiza mtu yeyote anayepambana na afya yake ya akili katika Kaunti ya Turkana amtie moyo rafiki aliye katika taabu atafute msaada.
HEA_02136,Health,Ministry of Health - Reproductive Health Unit encourages residents of Kisii County not to suffer in silence and to attend a free community counselling session.,Wizara ya Afya - Kitengo cha Afya ya Kuzaliana kinawahimiza wakazi wa Kaunti ya Kisii wasiteseke kwa utulivu na kuhudhuria kikao cha ushauri wa jamii bila malipo.
HEA_02137,Health,KEMRI urges anyone struggling with their mental health in Samburu County to encourage a friend in distress to seek help.,KEMRI inamhimiza mtu yeyote anayepambana na afya yake ya akili katika Kaunti ya Samburu amtie moyo rafiki aliye katika taabu atafute msaada.
HEA_02138,Health,CDC encourages residents of Kericho County not to suffer in silence and to encourage a friend in distress to seek help.,CDC inawatia moyo wakazi wa Kaunti ya Kericho wasiteseke kwa utulivu na kumtia moyo rafiki aliye katika dhiki atafute msaada.
HEA_02139,Health,Kenya Medical Association reminds the public that free youth mental wellness support is available through county health facilities in Kajiado County.,Chama cha Matibabu cha Kenya kinakumbusha umma kwamba msaada wa bure wa afya ya akili ya vijana unapatikana kupitia vituo vya afya vya kaunti katika Kajiado County.
HEA_02140,Health,SHA (Social Health Authority) urges anyone struggling with their mental health in Machakos County to reach out to a trained counsellor.,Shirika la Afya ya Jamii (SHA) linahimiza mtu yeyote anayepambana na afya yake ya akili katika Kaunti ya Machakos aende kwa mshauri aliyezoezwa.
HEA_02141,Health,Ministry of Health urges anyone struggling with their mental health in West Pokot County to encourage a friend in distress to seek help.,Wizara ya Afya inamhimiza mtu yeyote anayepambana na afya yao ya akili katika Kaunti ya West Pokot amtie moyo rafiki aliye katika shida kutafuta msaada.
HEA_02142,Health,SHA (Social Health Authority) urges anyone struggling with their mental health in Tana River County to attend a free community counselling session.,Shirika la Afya ya Jamii (SHA) linahimiza mtu yeyote anayepambana na afya yake ya akili katika Kaunti ya Tana River kuhudhuria kikao cha ushauri wa jamii bila malipo.
HEA_02143,Health,Kenya Red Cross urges anyone struggling with their mental health in Baringo County to encourage a friend in distress to seek help.,Msalaba Mwekundu wa Kenya unamhimiza mtu yeyote anayepambana na afya yao ya akili katika Kaunti ya Baringo amtie moyo rafiki aliye katika shida kutafuta msaada.
HEA_02144,Health,KEMRI urges anyone struggling with their mental health in Kitui County to call the toll-free mental health helpline.,KEMRI inamhimiza mtu yeyote anayepambana na afya yao ya akili katika Kaunti ya Kitui apeleke simu ya bure ya msaada wa afya ya akili.
HEA_02145,Health,Division of Disease Surveillance and Response encourages residents of Tana River County not to suffer in silence and to reach out to a trained counsellor.,Idara ya Ufuatiliaji na Jibu la Magonjwa inawatia moyo wakazi wa Wilaya ya Tana River wasiteseke kwa utulivu na waende kwa mshauri aliyezoezwa.
HEA_02146,Health,Ministry of Health - Reproductive Health Unit reminds the public that free stress management support is available through county health facilities in Bungoma County.,Wizara ya Afya - Kitengo cha Afya ya Uzazi kinakumbusha umma kwamba msaada wa bure wa usimamizi wa mafadhaiko unapatikana kupitia vituo vya afya vya kaunti katika Kaunti ya Bungoma.
HEA_02147,Health,Division of Disease Surveillance and Response urges anyone struggling with their mental health in Marsabit County to call the toll-free mental health helpline.,Idara ya Ufuatiliaji na Jibu la Magonjwa inahimiza mtu yeyote anayepambana na afya yao ya akili katika Kaunti ya Marsabit kupiga simu kwa simu ya bure ya afya ya akili.
HEA_02148,Health,Ministry of Health reminds the public that free suicide prevention support is available through county health facilities in Kakamega County.,Wizara ya Afya inawakumbusha umma kwamba msaada wa bure wa kuzuia kujiua unapatikana kupitia vituo vya afya vya kaunti katika Kaunti ya Kakamega.
HEA_02149,Health,Kenya Medical Association encourages residents of Nairobi County not to suffer in silence and to encourage a friend in distress to seek help.,Shirika la Kitiba la Kenya linawatia moyo wakazi wa Kaunti ya Nairobi wasiteseke kwa utulivu na kumtia moyo rafiki aliye katika dhiki amwombe msaada.
HEA_02150,Health,Kenya Red Cross reminds the public that free stress management support is available through county health facilities in Wajir County.,Msalaba Mwekundu wa Kenya unakumbusha umma kwamba msaada wa bure wa usimamizi wa mafadhaiko unapatikana kupitia vituo vya afya vya kaunti katika Kaunti ya Wajir.
HEA_02151,Health,KEMSA reminds the public that free stress management support is available through county health facilities in Narok County.,KEMSA inawakumbusha umma kwamba msaada wa bure wa usimamizi wa mafadhaiko unapatikana kupitia vituo vya afya vya kaunti katika Kaunti ya Narok.
HEA_02152,Health,Kenya Medical Association encourages residents of Migori County not to suffer in silence and to attend a free community counselling session.,Chama cha Matibabu cha Kenya kinawatia moyo wakazi wa Wilaya ya Migori wasiteseke kwa utulivu na kuhudhuria kikao cha ushauri wa jamii bila malipo.
HEA_02153,Health,Notice: KEMRI will hold a depression awareness forum in Elgeyo-Marakwet County this March. All are welcome.,Taarifa: KEMRI itafanya mkutano wa ufahamu wa unyogovu katika Kaunti ya Elgeyo-Marakwet Machi hii. Wote wanakaribishwa.
HEA_02154,Health,CDC reminds the public that free youth mental wellness support is available through county health facilities in Samburu County.,CDC inakumbusha umma kwamba msaada wa bure wa afya ya akili ya vijana unapatikana kupitia vituo vya afya vya kaunti katika Kaunti ya Samburu.
HEA_02155,Health,Kenya Medical Association urges anyone struggling with their mental health in Busia County to call the toll-free mental health helpline.,Chama cha Matibabu cha Kenya kinamsihi mtu yeyote anayepambana na afya yao ya akili katika Kaunti ya Busia apeleke simu ya bure ya msaada wa afya ya akili.
HEA_02156,Health,KEMSA encourages residents of Bomet County not to suffer in silence and to reach out to a trained counsellor.,KEMSA inawatia moyo wakazi wa Wilaya ya Bomet wasiteseke kwa utulivu na waende kwa mshauri aliyezoezwa.
HEA_02157,Health,Ministry of Health - Reproductive Health Unit encourages residents of Murang'a County not to suffer in silence and to encourage a friend in distress to seek help.,Wizara ya Afya - Idara ya Afya ya uzazi inawatia moyo wakazi wa Kaunti ya Murang'a wasiteseke kwa utulivu na kumtia moyo rafiki aliye katika shida kutafuta msaada.
HEA_02158,Health,KEMSA encourages residents of Tana River County not to suffer in silence and to encourage a friend in distress to seek help.,KEMSA huwatia moyo wakazi wa Wilaya ya Mto Tana wasiteseke kwa utulivu na kumtia moyo rafiki aliye katika dhiki amwombe msaada.
HEA_02159,Health,Kenya Red Cross urges anyone struggling with their mental health in Garissa County to reach out to a trained counsellor.,Msalaba Mwekundu wa Kenya unamhimiza mtu yeyote anayepambana na afya yao ya akili katika Kaunti ya Garissa aende kwa mshauri aliyezoezwa.
HEA_02160,Health,Notice: Division of Disease Surveillance and Response will hold a depression awareness forum in Kwale County this April. All are welcome.,Taarifa: Idara ya Ufuatiliaji na Jibu la Magonjwa itafanya mkutano wa ufahamu wa unyogovu katika Kaunti ya Kwale Aprili hii. Wote wanakaribishwa.
HEA_02161,Health,CDC urges anyone struggling with their mental health in Garissa County to call the toll-free mental health helpline.,CDC inahimiza mtu yeyote anayepambana na afya yao ya akili katika Kaunti ya Garissa aite simu ya bure ya afya ya akili.
HEA_02162,Health,Kenya Red Cross reminds the public that free suicide prevention support is available through county health facilities in Tharaka-Nithi County.,Msalaba Mwekundu wa Kenya unakumbusha umma kwamba msaada wa bure wa kuzuia kujiua unapatikana kupitia vituo vya afya vya kaunti katika Kaunti ya Tharaka-Nithi.
HEA_02163,Health,KEMRI reminds the public that free trauma counselling support is available through county health facilities in Nyandarua County.,KEMRI inawakumbusha umma kwamba msaada wa bure wa ushauri wa majeraha unapatikana kupitia vituo vya afya vya kaunti katika Kaunti ya Nyandarua.
HEA_02164,Health,Ministry of Health - Reproductive Health Unit reminds the public that free depression awareness support is available through county health facilities in Kilifi County.,Wizara ya Afya - Kitengo cha Afya ya Uzazi kinakumbusha umma kwamba msaada wa bure wa ufahamu wa unyogovu unapatikana kupitia vituo vya afya vya kaunti katika Kaunti ya Kilifi.
HEA_02165,Health,Kenya Red Cross reminds the public that free depression awareness support is available through county health facilities in Mombasa County.,Msalaba Mwekundu wa Kenya unakumbusha umma kwamba msaada wa bure wa ufahamu wa unyogovu unapatikana kupitia vituo vya afya vya kaunti katika Kaunti ya Mombasa.
HEA_02166,Health,CDC encourages residents of Tharaka-Nithi County not to suffer in silence and to encourage a friend in distress to seek help.,CDC inawatia moyo wakazi wa Kaunti ya Tharaka-Nithi wasiteseke kwa utulivu na kumtia moyo rafiki aliye katika shida kutafuta msaada.
HEA_02167,Health,Notice: KEMSA will hold a stress management forum in Kisii County this November. All are welcome.,Taarifa: KEMSA itafanya mkutano wa usimamizi wa mafadhaiko katika Kaunti ya Kisii Novemba hii. Wote wanakaribishwa.
HEA_02168,Health,Notice: Kenya Medical Association will hold a trauma counselling forum in Narok County this February. All are welcome.,Taarifa: Chama cha Matibabu cha Kenya kitafanya mkutano wa ushauri wa majeraha katika Kaunti ya Narok Februari hii. Wote wanakaribishwa.
HEA_02169,Health,Kenya Red Cross reminds the public that free youth mental wellness support is available through county health facilities in Isiolo County.,Msalaba Mwekundu wa Kenya unakumbusha umma kwamba msaada wa bure wa afya ya akili ya vijana unapatikana kupitia vituo vya afya vya kaunti katika Kaunti ya Isiolo.
HEA_02170,Health,SHA (Social Health Authority) encourages residents of Siaya County not to suffer in silence and to call the toll-free mental health helpline.,Shirika la Afya ya Jamii (SHA) linawahimiza wakazi wa Kaunti ya Siaya wasiteseke kwa utulivu na waite simu ya bure ya afya ya akili.
HEA_02171,Health,KEMSA urges anyone struggling with their mental health in Nyamira County to attend a free community counselling session.,KEMSA inamhimiza mtu yeyote anayepambana na afya yao ya akili katika Kaunti ya Nyamira kuhudhuria kikao cha ushauri wa jamii bila malipo.
HEA_02172,Health,Ministry of Health encourages residents of Nyamira County not to suffer in silence and to encourage a friend in distress to seek help.,Wizara ya Afya inawatia moyo wakazi wa Kaunti ya Nyamira wasiteseke kwa utulivu na kumtia moyo rafiki aliye katika shida kutafuta msaada.
HEA_02173,Health,KEMRI urges anyone struggling with their mental health in Busia County to reach out to a trained counsellor.,KEMRI inamhimiza mtu yeyote anayepambana na afya yao ya akili katika Kaunti ya Busia aende kwa mshauri aliyezoezwa.
HEA_02174,Health,Ministry of Health - Reproductive Health Unit urges anyone struggling with their mental health in Garissa County to call the toll-free mental health helpline.,Wizara ya Afya - Kitengo cha Afya ya Kuzaliana kinahimiza mtu yeyote anayepambana na afya yake ya akili katika Kaunti ya Garissa apeleke simu ya bure ya msaada wa afya ya akili.
HEA_02175,Health,Notice: CDC will hold a stress management forum in Taita-Taveta County this August. All are welcome.,Taarifa: CDC itafanya mkutano wa usimamizi wa mafadhaiko katika Wilaya ya Taita-Taveta Agosti hii. Wote wanakaribishwa.
HEA_02176,Health,Division of Disease Surveillance and Response encourages residents of Isiolo County not to suffer in silence and to call the toll-free mental health helpline.,Idara ya Ufuatiliaji na Jibu la Magonjwa inawatia moyo wakazi wa Kaunti ya Isiolo wasiteseke kwa utulivu na waite simu ya bure ya afya ya akili.
HEA_02177,Health,Kenya Red Cross reminds the public that free depression awareness support is available through county health facilities in Kakamega County.,Msalaba Mwekundu wa Kenya unakumbusha umma kwamba msaada wa bure wa ufahamu wa unyogovu unapatikana kupitia vituo vya afya vya kaunti katika Kaunti ya Kakamega.
HEA_02178,Health,SHA (Social Health Authority) reminds the public that free substance abuse recovery support is available through county health facilities in Meru County.,SHA (Shirika la Afya ya Jamii) hukumbusha umma kwamba msaada wa bure wa kupona matumizi mabaya ya dawa za kulevya unapatikana kupitia vituo vya afya vya kaunti katika Kaunti ya Meru.
HEA_02179,Health,Notice: Ministry of Health - Reproductive Health Unit will hold a youth mental wellness forum in Makueni County this August. All are welcome.,Taarifa: Wizara ya Afya - Idara ya Afya ya uzazi itafanya mkutano wa afya ya akili ya vijana katika Kaunti ya Makueni Agosti hii. Wote wanakaribishwa.
HEA_02180,Health,SHA (Social Health Authority) urges anyone struggling with their mental health in Kakamega County to reach out to a trained counsellor.,Shirika la Afya ya Jamii (SHA) linahimiza mtu yeyote anayepambana na afya yake ya akili katika Kaunti ya Kakamega aende kwa mshauri aliyezoezwa.
HEA_02181,Health,Notice: Kenya Red Cross will hold a trauma counselling forum in Trans Nzoia County this July. All are welcome.,Taarifa: Msalaba Mwekundu wa Kenya utafanya mkutano wa ushauri wa majeraha katika Kaunti ya Trans Nzoia mwezi huu Julai.
HEA_02182,Health,Ministry of Health - Reproductive Health Unit urges anyone struggling with their mental health in West Pokot County to attend a free community counselling session.,Wizara ya Afya - Kitengo cha Afya ya Uzazi kinahimiza kila mtu anayepambana na afya yake ya akili katika Kaunti ya West Pokot kuhudhuria kikao cha ushauri wa bure wa jamii.
HEA_02183,Health,Notice: SHA (Social Health Authority) will hold a trauma counselling forum in Migori County this July. All are welcome.,Taarifa: Shirika la Afya ya Jamii (SHA) litafanya mkutano wa ushauri wa majeraha katika Kaunti ya Migori mwezi huu Julai.
HEA_02184,Health,Kenya Red Cross encourages residents of Migori County not to suffer in silence and to reach out to a trained counsellor.,Msalaba Mwekundu wa Kenya unawatia moyo wakazi wa Wilaya ya Migori wasiteseke kwa utulivu na waende kwa mshauri aliyezoezwa.
HEA_02185,Health,CDC urges anyone struggling with their mental health in Mombasa County to reach out to a trained counsellor.,CDC inahimiza mtu yeyote anayepambana na afya yao ya akili katika Kaunti ya Mombasa aende kwa mshauri aliyezoezwa.
HEA_02186,Health,Notice: Kenya Medical Association will hold a substance abuse recovery forum in Isiolo County this October. All are welcome.,Taarifa: Chama cha Matibabu cha Kenya kitafanya mkutano wa uponyaji madawa ya kulevya katika Kaunti ya Isiolo mwezi huu Oktoba.
HEA_02187,Health,KEMRI reminds the public that free youth mental wellness support is available through county health facilities in Samburu County.,KEMRI inawakumbusha umma kwamba msaada wa bure wa afya ya akili ya vijana unapatikana kupitia vituo vya afya vya kaunti katika Kaunti ya Samburu.
HEA_02188,Health,Division of Disease Surveillance and Response reminds the public that free youth mental wellness support is available through county health facilities in Baringo County.,Idara ya Ufuatiliaji na Jibu la Magonjwa inakumbusha umma kwamba msaada wa bure wa afya ya akili ya vijana unapatikana kupitia vituo vya afya vya kaunti katika Kaunti ya Baringo.
HEA_02189,Health,SHA (Social Health Authority) encourages residents of Taita-Taveta County not to suffer in silence and to reach out to a trained counsellor.,Shirika la Afya ya Jamii (SHA) linawatia moyo wakazi wa Wilaya ya Taita-Taveta wasiteseke kwa utulivu na waende kwa mshauri aliyezoezwa.
HEA_02190,Health,Kenya Medical Association encourages residents of Tharaka-Nithi County not to suffer in silence and to attend a free community counselling session.,Chama cha Matibabu cha Kenya kinawatia moyo wakazi wa Kaunti ya Tharaka-Nithi wasiteseke kwa utulivu na kuhudhuria kikao cha ushauri wa jamii bila malipo.
HEA_02191,Health,Division of Disease Surveillance and Response reminds the public that free substance abuse recovery support is available through county health facilities in Kiambu County.,Idara ya Ufuatiliaji na Jibu la Magonjwa inakumbusha umma kwamba msaada wa bure wa kupona matumizi mabaya ya madawa ya kulevya unapatikana kupitia vituo vya afya vya kaunti katika Kaunti ya Kiambu.
HEA_02192,Health,Ministry of Health - Reproductive Health Unit urges anyone struggling with their mental health in Wajir County to encourage a friend in distress to seek help.,Wizara ya Afya - Kitengo cha Afya ya uzazi kinahimiza mtu yeyote anayepambana na afya yao ya akili katika Kaunti ya Wajir amtie moyo rafiki aliye katika shida kutafuta msaada.
HEA_02193,Health,CDC reminds the public that free suicide prevention support is available through county health facilities in Marsabit County.,CDC inawakumbusha umma kwamba msaada wa bure wa kuzuia kujiua unapatikana kupitia vituo vya afya vya kaunti katika Kaunti ya Marsabit.
HEA_02194,Health,Division of Disease Surveillance and Response urges anyone struggling with their mental health in Kakamega County to encourage a friend in distress to seek help.,Idara ya Ufuatiliaji na Jibu la Magonjwa inahimiza mtu yeyote anayepambana na afya yao ya akili katika Kaunti ya Kakamega kumtia moyo rafiki aliye katika shida kutafuta msaada.
HEA_02195,Health,Division of Disease Surveillance and Response reminds the public that free suicide prevention support is available through county health facilities in Elgeyo-Marakwet County.,Idara ya Ufuatiliaji na Jibu la Magonjwa inakumbusha umma kwamba msaada wa bure wa kuzuia kujiua unapatikana kupitia vituo vya afya vya kaunti katika Kaunti ya Elgeyo-Marakwet.
HEA_02196,Health,Notice: Kenya Red Cross will hold a stress management forum in Siaya County this March. All are welcome.,Taarifa: Msalaba Mwekundu wa Kenya utafanya mkutano wa usimamizi wa mafadhaiko katika Kaunti ya Siaya Machi hii. Wote wanakaribishwa.
HEA_02197,Health,SHA (Social Health Authority) urges anyone struggling with their mental health in Nyandarua County to reach out to a trained counsellor.,Shirika la Afya ya Jamii (SHA) linahimiza mtu yeyote anayepambana na afya yake ya akili katika Kaunti ya Nyandarua aende kwa mshauri aliyezoezwa.
HEA_02198,Health,Notice: Ministry of Health - Reproductive Health Unit will hold a suicide prevention forum in Uasin Gishu County this September. All are welcome.,Taarifa: Wizara ya Afya - Idara ya Afya ya Uzazi itafanya mkutano wa kuzuia kujiua katika Kaunti ya Uasin Gishu Septemba hii.
HEA_02199,Health,Notice: KEMSA will hold a substance abuse recovery forum in Tana River County this February. All are welcome.,Taarifa: KEMSA itafanya mkutano wa uponyaji madawa ya kulevya katika Wilaya ya Tana River Februari hii. Wote wanakaribishwa.
HEA_02200,Health,Notice: Kenya Red Cross will hold a depression awareness forum in Isiolo County this April. All are welcome.,Kumbuka: Msalaba Mwekundu wa Kenya utafanya mkutano wa ufahamu wa unyogovu katika Kaunti ya Isiolo Aprili hii. Wote wanakaribishwa.
HEA_02201,Health,Ministry of Health - Reproductive Health Unit encourages residents of Laikipia County not to suffer in silence and to call the toll-free mental health helpline.,Wizara ya Afya - Kitengo cha Afya ya Kuzaliana kinawahimiza wakazi wa Kaunti ya Laikipia wasiteseke kwa utulivu na kupiga simu kwenye huduma ya bure ya afya ya akili.
HEA_02202,Health,CDC reminds the public that free stress management support is available through county health facilities in Bungoma County.,CDC inawakumbusha umma kwamba msaada wa bure wa usimamizi wa mafadhaiko unapatikana kupitia vituo vya afya vya kaunti katika Kaunti ya Bungoma.
HEA_02203,Health,Division of Disease Surveillance and Response urges anyone struggling with their mental health in Homa Bay County to attend a free community counselling session.,Idara ya Ufuatiliaji na Jibu la Magonjwa inahimiza mtu yeyote anayepambana na afya yao ya akili katika Kaunti ya Homa Bay kuhudhuria kikao cha ushauri wa bure wa jamii.
HEA_02204,Health,KEMSA reminds the public that free substance abuse recovery support is available through county health facilities in Baringo County.,KEMSA inawakumbusha umma kwamba msaada wa bure wa kupona matumizi mabaya ya dawa za kulevya unapatikana kupitia vituo vya afya vya kaunti katika Kaunti ya Baringo.
HEA_02205,Health,Notice: SHA (Social Health Authority) will hold a depression awareness forum in Migori County this July. All are welcome.,Taarifa: Shirika la Afya ya Jamii (SHA) litafanya mkutano wa ufahamu wa unyogovu katika Kaunti ya Migori mwezi huu Julai. Wote wanakaribishwa.
HEA_02206,Health,Ministry of Health - Reproductive Health Unit reminds the public that free substance abuse recovery support is available through county health facilities in Mandera County.,Wizara ya Afya - Kitengo cha Afya ya Uzazi kinakumbusha umma kwamba msaada wa bure wa kupona matumizi mabaya ya dawa za kulevya unapatikana kupitia vituo vya afya vya kaunti katika Kaunti ya Mandera.
HEA_02207,Health,Ministry of Health reminds the public that free suicide prevention support is available through county health facilities in Embu County.,Wizara ya Afya inawakumbusha umma kwamba msaada wa bure wa kuzuia kujiua unapatikana kupitia vituo vya afya vya kaunti katika Kaunti ya Embu.
HEA_02208,Health,CDC encourages residents of Isiolo County not to suffer in silence and to encourage a friend in distress to seek help.,CDC inawatia moyo wakazi wa Wilaya ya Isiolo wasiteseke kwa utulivu na kumtia moyo rafiki aliye katika dhiki aombe msaada.
HEA_02209,Health,Division of Disease Surveillance and Response urges anyone struggling with their mental health in Embu County to reach out to a trained counsellor.,Idara ya Ufuatiliaji na Jibu la Magonjwa inahimiza mtu yeyote anayepambana na afya yao ya akili katika Kaunti ya Embu kuwasiliana na mshauri aliyezoezwa.
HEA_02210,Health,Notice: Division of Disease Surveillance and Response will hold a depression awareness forum in Kwale County this May. All are welcome.,Taarifa: Idara ya Ufuatiliaji na Jibu la Magonjwa itafanya mkutano wa ufahamu wa unyogovu katika Kaunti ya Kwale Mei hii. Wote wanakaribishwa.
HEA_02211,Health,Ministry of Health - Reproductive Health Unit reminds the public that free substance abuse recovery support is available through county health facilities in Kisumu County.,Wizara ya Afya - Kitengo cha Afya ya Uzazi kinakumbusha umma kwamba msaada wa bure wa kupona matumizi mabaya ya dawa za kulevya unapatikana kupitia vituo vya afya vya kaunti katika Kaunti ya Kisumu.
HEA_02212,Health,Division of Disease Surveillance and Response encourages residents of Turkana County not to suffer in silence and to encourage a friend in distress to seek help.,Idara ya Ufuatiliaji na Jibu la Magonjwa inawatia moyo wakazi wa Kaunti ya Turkana wasiteseke kwa utulivu na kumtia moyo rafiki aliye katika dhiki atafute msaada.
HEA_02213,Health,Notice: SHA (Social Health Authority) will hold a substance abuse recovery forum in Meru County this August. All are welcome.,Taarifa: Shirika la Afya ya Jamii (SHA) litafanya mkutano wa kurejesha matumizi mabaya ya dawa za kulevya katika Kaunti ya Meru Agosti hii.
HEA_02214,Health,Notice: KEMSA will hold a suicide prevention forum in Bomet County this October. All are welcome.,KEMSA itafanya mkutano wa kuzuia kujiua katika wilaya ya Bomet mwezi huu Oktoba.
HEA_02215,Health,Kenya Medical Association encourages residents of Nyeri County not to suffer in silence and to encourage a friend in distress to seek help.,Shirika la Matibabu la Kenya linawatia moyo wakazi wa Kaunti ya Nyeri wasiteseke kwa utulivu na kumtia moyo rafiki aliye katika dhiki amwombe msaada.
HEA_02216,Health,Notice: SHA (Social Health Authority) will hold a stress management forum in Taita-Taveta County this February. All are welcome.,Taarifa: Shirika la Afya ya Jamii (SHA) litafanya mkutano wa usimamizi wa mafadhaiko katika Wilaya ya Taita-Taveta Februari hii. Wote wanakaribishwa.
HEA_02217,Health,Kenya Medical Association reminds the public that free youth mental wellness support is available through county health facilities in Garissa County.,Chama cha Matibabu cha Kenya kinakumbusha umma kwamba msaada wa bure wa afya ya akili ya vijana unapatikana kupitia vituo vya afya vya kaunti katika Kaunti ya Garissa.
HEA_02218,Health,Ministry of Health - Reproductive Health Unit reminds the public that free stress management support is available through county health facilities in Narok County.,Wizara ya Afya - Kitengo cha Afya ya uzazi kinakumbusha umma kwamba msaada wa bure wa usimamizi wa mafadhaiko unapatikana kupitia vituo vya afya vya kaunti katika Kaunti ya Narok.
HEA_02219,Health,Notice: Kenya Medical Association will hold a substance abuse recovery forum in Embu County this April. All are welcome.,Taarifa: Chama cha Matibabu cha Kenya kitafanya mkutano wa kupona matumizi mabaya ya dawa za kulevya katika Kaunti ya Embu Aprili hii. Wote wanakaribishwa.
HEA_02220,Health,SHA (Social Health Authority) encourages residents of Tharaka-Nithi County not to suffer in silence and to reach out to a trained counsellor.,SHA (Huduma ya Afya ya Jamii) inawatia moyo wakazi wa Kaunti ya Tharaka-Nithi wasiteseke kwa utulivu na waende kwa mshauri aliyezoezwa.
HEA_02221,Health,Notice: Ministry of Health - Reproductive Health Unit will hold a youth mental wellness forum in Uasin Gishu County this November. All are welcome.,Taarifa: Wizara ya Afya - Idara ya Afya ya Uzazi itafanya mkutano wa afya ya akili ya vijana katika Kaunti ya Uasin Gishu mwezi Novemba huu.
HEA_02222,Health,Ministry of Health encourages residents of West Pokot County not to suffer in silence and to attend a free community counselling session.,Wizara ya Afya inawatia moyo wakazi wa Kaunti ya West Pokot wasiteseke kwa utulivu na kuhudhuria kikao cha ushauri wa jamii bila malipo.
HEA_02223,Health,Notice: Kenya Red Cross will hold a youth mental wellness forum in Kirinyaga County this July. All are welcome.,Kumbuka: Msalaba Mwekundu wa Kenya utafanya mkutano wa afya ya akili ya vijana katika Kaunti ya Kirinyaga mwezi huu Julai.
HEA_02224,Health,KEMSA reminds the public that free youth mental wellness support is available through county health facilities in West Pokot County.,KEMSA inawakumbusha umma kwamba msaada wa bure wa afya ya akili ya vijana unapatikana kupitia vituo vya afya vya kaunti katika Kaunti ya West Pokot.
HEA_02225,Health,Notice: Division of Disease Surveillance and Response will hold a substance abuse recovery forum in Isiolo County this October. All are welcome.,Taarifa: Idara ya Ufuatiliaji na Majibu ya Magonjwa itafanya mkutano wa kupona matumizi mabaya ya dawa za kulevya katika Kaunti ya Isiolo mwezi huu Oktoba.
HEA_02226,Health,CDC urges anyone struggling with their mental health in Trans Nzoia County to encourage a friend in distress to seek help.,CDC inahimiza mtu yeyote anayepambana na afya yao ya akili katika Kaunti ya Trans Nzoia amtie moyo rafiki aliye katika shida kutafuta msaada.
HEA_02227,Health,Kenya Medical Association reminds the public that free substance abuse recovery support is available through county health facilities in Mandera County.,Chama cha Matibabu cha Kenya kinakumbusha umma kwamba msaada wa bure wa kupona matumizi mabaya ya dawa za kulevya unapatikana kupitia vituo vya afya vya kaunti katika Kaunti ya Mandera.
HEA_02228,Health,Kenya Medical Association urges anyone struggling with their mental health in Murang'a County to call the toll-free mental health helpline.,Chama cha Matibabu cha Kenya kinamsihi mtu yeyote anayepambana na afya yake ya akili katika Kaunti ya Murang'a apeleke simu kwenye simu ya bure ya afya ya akili.
HEA_02229,Health,KEMRI encourages residents of Garissa County not to suffer in silence and to call the toll-free mental health helpline.,KEMRI inawatia moyo wakazi wa Kaunti ya Garissa wasiteseke kwa utulivu na waite simu ya bure ya afya ya akili.
HEA_02230,Health,Kenya Medical Association reminds the public that free trauma counselling support is available through county health facilities in Siaya County.,Chama cha Matibabu cha Kenya kinakumbusha umma kwamba msaada wa bure wa ushauri wa majeraha unapatikana kupitia vituo vya afya vya kaunti katika Kaunti ya Siaya.
HEA_02231,Health,Kenya Medical Association reminds the public that free trauma counselling support is available through county health facilities in Mombasa County.,Chama cha Matibabu cha Kenya kinakumbusha umma kwamba msaada wa bure wa ushauri wa majeraha unapatikana kupitia vituo vya afya vya kaunti katika Kaunti ya Mombasa.
HEA_02232,Health,Ministry of Health urges anyone struggling with their mental health in Busia County to reach out to a trained counsellor.,Wizara ya Afya inahimiza mtu yeyote anayepambana na afya yao ya akili katika Kaunti ya Busia kuwasiliana na mshauri aliyezoezwa.
HEA_02233,Health,Ministry of Health encourages residents of Nairobi County not to suffer in silence and to encourage a friend in distress to seek help.,Wizara ya Afya inawatia moyo wakazi wa Kaunti ya Nairobi wasiteseke kwa utulivu na kumtia moyo rafiki aliye katika dhiki kutafuta msaada.
HEA_02234,Health,Notice: KEMSA will hold a suicide prevention forum in Machakos County this November. All are welcome.,Taarifa: KEMSA itafanya mkutano wa kuzuia kujiua katika Kaunti ya Machakos Novemba hii.
HEA_02235,Health,Notice: KEMRI will hold a youth mental wellness forum in Kericho County this April. All are welcome.,KEMRI itafanya mkutano wa afya ya akili ya vijana katika Kaunti ya Kericho Aprili hii.
HEA_02236,Health,Kenya Red Cross encourages residents of Homa Bay County not to suffer in silence and to attend a free community counselling session.,Msalaba Mwekundu wa Kenya unawatia moyo wakazi wa Wilaya ya Homa Bay wasiteseke kwa utulivu na kuhudhuria kikao cha ushauri wa jamii bila malipo.
HEA_02237,Health,KEMSA reminds the public that free youth mental wellness support is available through county health facilities in Siaya County.,KEMSA inawakumbusha umma kwamba msaada wa bure wa afya ya akili ya vijana unapatikana kupitia vituo vya afya vya kaunti katika Kaunti ya Siaya.
HEA_02238,Health,SHA (Social Health Authority) reminds the public that free stress management support is available through county health facilities in Baringo County.,SHA (Shirika la Afya ya Jamii) hukumbusha umma kwamba msaada wa bure wa usimamizi wa mafadhaiko unapatikana kupitia vituo vya afya vya kaunti katika Kaunti ya Baringo.
HEA_02239,Health,KEMSA reminds the public that free suicide prevention support is available through county health facilities in Nyeri County.,KEMSA inawakumbusha umma kwamba msaada wa bure wa kuzuia kujiua unapatikana kupitia vituo vya afya vya kaunti katika Kaunti ya Nyeri.
HEA_02240,Health,SHA (Social Health Authority) reminds the public that free suicide prevention support is available through county health facilities in Nakuru County.,Shirika la Afya ya Jamii (SHA) linakumbusha umma kwamba msaada wa bure wa kuzuia kujiua unapatikana kupitia vituo vya afya vya kaunti katika Kaunti ya Nakuru.
HEA_02241,Health,SHA (Social Health Authority) encourages residents of Nakuru County not to suffer in silence and to encourage a friend in distress to seek help.,Shirika la Afya ya Jamii (SHA) linawatia moyo wakazi wa Kaunti ya Nakuru wasiteseke kwa utulivu na kumtia moyo rafiki aliye katika taabu amwombe msaada.
HEA_02242,Health,Ministry of Health - Reproductive Health Unit reminds the public that free suicide prevention support is available through county health facilities in Siaya County.,Wizara ya Afya - Kitengo cha Afya ya uzazi kinakumbusha umma kwamba msaada wa bure wa kuzuia kujiua unapatikana kupitia vituo vya afya vya kaunti katika Kaunti ya Siaya.
HEA_02243,Health,Kenya Medical Association encourages residents of Murang'a County not to suffer in silence and to encourage a friend in distress to seek help.,Shirika la Matibabu la Kenya linawatia moyo wakazi wa Kaunti ya Murang'a wasiteseke kwa utulivu na kumtia moyo rafiki aliye katika dhiki amwombe msaada.
HEA_02244,Health,KEMSA urges anyone struggling with their mental health in Kirinyaga County to call the toll-free mental health helpline.,KEMSA inamhimiza mtu yeyote anayepambana na afya yao ya akili katika Kaunti ya Kirinyaga apeleke simu ya bure ya afya ya akili.
HEA_02245,Health,SHA (Social Health Authority) reminds the public that free substance abuse recovery support is available through county health facilities in Kiambu County.,SHA (Shirika la Afya ya Jamii) hukumbusha umma kwamba msaada wa bure wa kupona matumizi mabaya ya dawa za kulevya unapatikana kupitia vituo vya afya vya kaunti katika Kaunti ya Kiambu.
HEA_02246,Health,KEMSA reminds the public that free depression awareness support is available through county health facilities in Kajiado County.,KEMSA inawakumbusha umma kwamba msaada wa bure wa ufahamu wa unyogovu unapatikana kupitia vituo vya afya vya kaunti katika Kajiado County.
HEA_02247,Health,KEMRI reminds the public that free trauma counselling support is available through county health facilities in Bungoma County.,KEMRI inawakumbusha umma kwamba msaada wa bure wa ushauri wa majeraha unapatikana kupitia vituo vya afya vya kaunti katika Kaunti ya Bungoma.
HEA_02248,Health,CDC reminds the public that free suicide prevention support is available through county health facilities in Narok County.,CDC inawakumbusha umma kwamba msaada wa bure wa kuzuia kujiua unapatikana kupitia vituo vya afya vya kaunti katika Kaunti ya Narok.
HEA_02249,Health,Notice: SHA (Social Health Authority) will hold a depression awareness forum in Embu County this January. All are welcome.,Taarifa: Shirika la Afya ya Jamii (SHA) litafanya mkutano wa ufahamu wa unyogovu katika Kaunti ya Embu Januari hii. Wote wanakaribishwa.
HEA_02250,Health,Notice: Kenya Red Cross will hold a stress management forum in Laikipia County this April. All are welcome.,Taarifa: Msalaba Mwekundu wa Kenya utafanya mkutano wa usimamizi wa mafadhaiko katika Kaunti ya Laikipia Aprili hii. Wote wanakaribishwa.
HEA_02251,Health,Notice: CDC will hold a substance abuse recovery forum in Kisumu County this May. All are welcome.,Kumbuka: CDC itafanya mkutano wa kupona matumizi mabaya ya dawa za kulevya katika Kaunti ya Kisumu Mei hii. Wote wanakaribishwa.
HEA_02252,Health,Kenya Medical Association encourages residents of Narok County not to suffer in silence and to call the toll-free mental health helpline.,Chama cha Matibabu cha Kenya kinawatia moyo wakazi wa Kaunti ya Narok wasiteseke kwa utulivu na waite simu ya bure ya afya ya akili.
HEA_02253,Health,Notice: KEMSA will hold a youth mental wellness forum in Tharaka-Nithi County this November. All are welcome.,Taarifa: KEMSA itafanya mkutano wa ustawi wa akili wa vijana katika Kaunti ya Tharaka-Nithi mwezi Novemba huu.
HEA_02254,Health,Notice: Kenya Medical Association will hold a trauma counselling forum in Garissa County this October. All are welcome.,Taarifa: Chama cha Matibabu cha Kenya kitafanya mkutano wa ushauri wa majeraha katika Kaunti ya Garissa mwezi huu Oktoba. Wote wanakaribishwa.
HEA_02255,Health,Notice: KEMSA will hold a substance abuse recovery forum in Embu County this December. All are welcome.,Taarifa: KEMSA itafanya mkutano wa uponyaji madawa ya kulevya katika Kaunti ya Embu Desemba hii. Wote wanakaribishwa.
HEA_02256,Health,Ministry of Health - Reproductive Health Unit encourages residents of Elgeyo-Marakwet County not to suffer in silence and to attend a free community counselling session.,Wizara ya Afya - Kitengo cha Afya ya uzazi kinawatia moyo wakazi wa Kaunti ya Elgeyo-Marakwet wasiteseke kwa utulivu na kuhudhuria kikao cha ushauri wa jamii bila malipo.
HEA_02257,Health,Notice: SHA (Social Health Authority) will hold a substance abuse recovery forum in Bungoma County this July. All are welcome.,Taarifa: Shirika la Afya ya Jamii (SHA) litafanya mkutano wa kurejesha matumizi mabaya ya dawa za kulevya katika Kaunti ya Bungoma mwezi huu Julai.
HEA_02258,Health,Division of Disease Surveillance and Response urges anyone struggling with their mental health in West Pokot County to reach out to a trained counsellor.,Idara ya Ufuatiliaji na Jibu la Magonjwa inahimiza mtu yeyote anayepambana na afya yao ya akili katika Kaunti ya West Pokot kuwasiliana na mshauri aliyezoezwa.
HEA_02259,Health,KEMSA encourages residents of Kilifi County not to suffer in silence and to attend a free community counselling session.,KEMSA inawatia moyo wakazi wa Wilaya ya Kilifi wasiteseke kwa utulivu na kuhudhuria kikao cha ushauri wa jamii bila malipo.
HEA_02260,Health,Kenya Red Cross encourages residents of Bungoma County not to suffer in silence and to attend a free community counselling session.,Msalaba Mwekundu wa Kenya unawatia moyo wakazi wa Kaunti ya Bungoma wasiteseke kwa utulivu na kuhudhuria kikao cha ushauri wa jamii bila malipo.
HEA_02261,Health,Ministry of Health encourages residents of Wajir County not to suffer in silence and to attend a free community counselling session.,Wizara ya Afya inawatia moyo wakazi wa Kaunti ya Wajir wasiteseke kwa utulivu na kuhudhuria kikao cha ushauri wa jamii bila malipo.
HEA_02262,Health,KEMSA encourages residents of Turkana County not to suffer in silence and to reach out to a trained counsellor.,KEMSA inawatia moyo wakazi wa Wilaya ya Turkana wasiteseke kwa utulivu na waende kwa mshauri aliyezoezwa.
HEA_02263,Health,Division of Disease Surveillance and Response urges anyone struggling with their mental health in West Pokot County to attend a free community counselling session.,Idara ya Ufuatiliaji na Jibu la Magonjwa inahimiza mtu yeyote anayepambana na afya yao ya akili katika Kaunti ya West Pokot kuhudhuria kikao cha ushauri wa bure wa jamii.
HEA_02264,Health,Ministry of Health reminds the public that free stress management support is available through county health facilities in Murang'a County.,Wizara ya Afya inawakumbusha umma kwamba msaada wa bure wa usimamizi wa mafadhaiko unapatikana kupitia vituo vya afya vya kaunti katika Kaunti ya Murang'a.
HEA_02265,Health,Notice: KEMRI will hold a depression awareness forum in Baringo County this October. All are welcome.,Taarifa: KEMRI itafanya mkutano wa ufahamu wa unyogovu katika Kaunti ya Baringo mwezi huu Oktoba. Wote wanakaribishwa.
HEA_02266,Health,CDC urges anyone struggling with their mental health in Lamu County to attend a free community counselling session.,CDC inahimiza mtu yeyote anayepambana na afya yao ya akili katika Kaunti ya Lamu kuhudhuria kikao cha ushauri wa bure wa jamii.
HEA_02267,Health,CDC urges anyone struggling with their mental health in Embu County to attend a free community counselling session.,CDC inahimiza mtu yeyote anayepambana na afya yao ya akili katika Kaunti ya Embu kuhudhuria kikao cha ushauri wa bure wa jamii.
HEA_02268,Health,Kenya Medical Association reminds the public that free depression awareness support is available through county health facilities in Migori County.,Chama cha Matibabu cha Kenya kinakumbusha umma kwamba msaada wa bure wa ufahamu wa unyogovu unapatikana kupitia vituo vya afya vya kaunti katika Kaunti ya Migori.
HEA_02269,Health,Notice: KEMRI will hold a substance abuse recovery forum in Tharaka-Nithi County this January. All are welcome.,Taarifa: KEMRI itafanya mkutano wa uponyaji madawa ya kulevya katika Kaunti ya Tharaka-Nithi Januari hii.
HEA_02270,Health,Ministry of Health encourages residents of Nyandarua County not to suffer in silence and to reach out to a trained counsellor.,Wizara ya Afya inawatia moyo wakazi wa Kaunti ya Nyandarua wasiteseke kwa utulivu na waende kwa mshauri aliyezoezwa.
HEA_02271,Health,Ministry of Health - Reproductive Health Unit reminds the public that free depression awareness support is available through county health facilities in Isiolo County.,Wizara ya Afya - Kitengo cha Afya ya Uzazi kinakumbusha umma kwamba msaada wa bure wa ufahamu wa unyogovu unapatikana kupitia vituo vya afya vya kaunti katika Kaunti ya Isiolo.
HEA_02272,Health,KEMRI encourages residents of Kakamega County not to suffer in silence and to attend a free community counselling session.,KEMRI inawatia moyo wakazi wa Kaunti ya Kakamega wasiteseke kwa utulivu na kuhudhuria kikao cha bure cha ushauri wa jamii.
HEA_02273,Health,Ministry of Health reminds the public that free suicide prevention support is available through county health facilities in Baringo County.,Wizara ya Afya inawakumbusha umma kwamba msaada wa bure wa kuzuia kujiua unapatikana kupitia vituo vya afya vya kaunti katika Kaunti ya Baringo.
HEA_02274,Health,Ministry of Health encourages residents of Kericho County not to suffer in silence and to reach out to a trained counsellor.,Wizara ya Afya inawatia moyo wakazi wa Kaunti ya Kericho wasiteseke kwa utulivu na waende kwa mshauri aliyezoezwa.
HEA_02275,Health,Notice: Ministry of Health will hold a stress management forum in Lamu County this August. All are welcome.,Taarifa: Wizara ya Afya itafanya mkutano wa usimamizi wa mafadhaiko katika Kaunti ya Lamu Agosti hii.
HEA_02276,Health,Kenya Red Cross encourages residents of Nyandarua County not to suffer in silence and to attend a free community counselling session.,Msalaba Mwekundu wa Kenya unawatia moyo wakazi wa Kaunti ya Nyandarua wasiteseke kwa utulivu na kuhudhuria kikao cha ushauri wa jamii bila malipo.
HEA_02277,Health,SHA (Social Health Authority) encourages residents of Bomet County not to suffer in silence and to encourage a friend in distress to seek help.,Shirika la Afya ya Jamii (SHA) linawatia moyo wakazi wa Kaunti ya Bomet wasiteseke kwa utulivu na kumtia moyo rafiki aliye katika taabu amwombe msaada.
HEA_02278,Health,Kenya Medical Association reminds the public that free substance abuse recovery support is available through county health facilities in Kirinyaga County.,Chama cha Matibabu cha Kenya kinakumbusha umma kwamba msaada wa bure wa kupona matumizi mabaya ya dawa za kulevya unapatikana kupitia vituo vya afya vya kaunti katika Kaunti ya Kirinyaga.
HEA_02279,Health,SHA (Social Health Authority) encourages residents of West Pokot County not to suffer in silence and to reach out to a trained counsellor.,Shirika la Afya ya Jamii (SHA) linawahimiza wakazi wa Wilaya ya West Pokot wasiteseke kwa utulivu na waende kwa mshauri aliyezoezwa.
HEA_02280,Health,KEMRI reminds the public that free suicide prevention support is available through county health facilities in Tana River County.,KEMRI inawakumbusha umma kwamba msaada wa bure wa kuzuia kujiua unapatikana kupitia vituo vya afya vya kaunti katika Kaunti ya Tana River.
HEA_02281,Health,Division of Disease Surveillance and Response reminds the public that free substance abuse recovery support is available through county health facilities in Kisii County.,Idara ya Ufuatiliaji na Jibu la Magonjwa inawakumbusha umma kwamba msaada wa bure wa kupona matumizi mabaya ya madawa ya kulevya unapatikana kupitia vituo vya afya vya kaunti katika Kaunti ya Kisii.
HEA_02282,Health,KEMSA urges anyone struggling with their mental health in Taita-Taveta County to attend a free community counselling session.,KEMSA inamhimiza mtu yeyote anayepambana na afya yao ya akili katika Wilaya ya Taita-Taveta kuhudhuria kikao cha ushauri wa jamii bila malipo.
HEA_02283,Health,Ministry of Health reminds the public that free stress management support is available through county health facilities in Makueni County.,Wizara ya Afya inawakumbusha umma kwamba msaada wa bure wa usimamizi wa mafadhaiko unapatikana kupitia vituo vya afya vya kaunti katika Kaunti ya Makueni.
HEA_02284,Health,Kenya Red Cross reminds the public that free depression awareness support is available through county health facilities in Lamu County.,Msalaba Mwekundu wa Kenya unakumbusha umma kwamba msaada wa bure wa ufahamu wa unyogovu unapatikana kupitia vituo vya afya vya kaunti katika Kaunti ya Lamu.
HEA_02285,Health,SHA (Social Health Authority) encourages residents of Mandera County not to suffer in silence and to call the toll-free mental health helpline.,Shirika la Afya ya Jamii (SHA) linawahimiza wakazi wa Kaunti ya Mandera wasipatwe na mateso kwa utulivu na kupiga simu kwenye simu ya misaada ya afya ya akili bila malipo.
HEA_02286,Health,Ministry of Health - Reproductive Health Unit encourages residents of Homa Bay County not to suffer in silence and to call the toll-free mental health helpline.,Wizara ya Afya - Kitengo cha Afya ya Kuzaliana kinawahimiza wakazi wa Kaunti ya Homa Bay wasihuzunike kwa utulivu na kupiga simu kwenye huduma ya bure ya afya ya akili.
HEA_02287,Health,SHA (Social Health Authority) urges anyone struggling with their mental health in Makueni County to reach out to a trained counsellor.,Shirika la Afya ya Jamii (SHA) linahimiza mtu yeyote anayepambana na afya yake ya akili katika Kaunti ya Makueni aende kwa mshauri aliyezoezwa.
HEA_02288,Health,Notice: CDC will hold a youth mental wellness forum in Machakos County this November. All are welcome.,Kumbuka: CDC itafanya mkutano wa afya ya akili ya vijana katika Kaunti ya Machakos Novemba hii.
HEA_02289,Health,SHA (Social Health Authority) urges anyone struggling with their mental health in Lamu County to reach out to a trained counsellor.,Shirika la Afya ya Jamii (SHA) linahimiza mtu yeyote anayepambana na afya yake ya akili katika Kaunti ya Lamu aende kwa mshauri aliyezoezwa.
HEA_02290,Health,Ministry of Health urges anyone struggling with their mental health in Homa Bay County to encourage a friend in distress to seek help.,Wizara ya Afya inamhimiza mtu yeyote anayepambana na afya yao ya akili katika Kaunti ya Homa Bay kumtia moyo rafiki aliye katika shida kutafuta msaada.
HEA_02291,Health,KEMRI encourages residents of Nakuru County not to suffer in silence and to attend a free community counselling session.,KEMRI inawatia moyo wakazi wa Kaunti ya Nakuru wasiteseke kwa utulivu na kuhudhuria kikao cha bure cha ushauri wa jamii.
HEA_02292,Health,CDC urges anyone struggling with their mental health in Narok County to attend a free community counselling session.,CDC inahimiza mtu yeyote anayepambana na afya yao ya akili katika Kaunti ya Narok kuhudhuria kikao cha ushauri wa bure wa jamii.
HEA_02293,Health,KEMSA encourages residents of Narok County not to suffer in silence and to call the toll-free mental health helpline.,KEMSA inawatia moyo wakazi wa Kaunti ya Narok wasiteseke kwa utulivu na waite simu ya bure ya afya ya akili.
HEA_02294,Health,Division of Disease Surveillance and Response urges anyone struggling with their mental health in Samburu County to call the toll-free mental health helpline.,Idara ya Ufuatiliaji na Jibu la Magonjwa inahimiza mtu yeyote anayepambana na afya yao ya akili katika Kaunti ya Samburu apeleke simu ya bure ya msaada wa afya ya akili.
HEA_02295,Health,KEMRI encourages residents of Lamu County not to suffer in silence and to encourage a friend in distress to seek help.,KEMRI huwatia moyo wakazi wa Wilaya ya Lamu wasiteseke kwa utulivu na kumtia moyo rafiki aliye katika dhiki amwombe msaada.
HEA_02296,Health,Kenya Red Cross urges anyone struggling with their mental health in Kakamega County to reach out to a trained counsellor.,Msalaba Mwekundu wa Kenya unamhimiza mtu yeyote anayepambana na afya yao ya akili katika Kaunti ya Kakamega aende kwa mshauri aliyezoezwa.
HEA_02297,Health,Ministry of Health - Reproductive Health Unit urges anyone struggling with their mental health in Garissa County to reach out to a trained counsellor.,Wizara ya Afya - Kitengo cha Afya ya Kuzaliana kinahimiza mtu yeyote anayepambana na afya yake ya akili katika Kaunti ya Garissa kuwasiliana na mshauri aliyezoezwa.
HEA_02298,Health,Ministry of Health - Reproductive Health Unit reminds the public that free substance abuse recovery support is available through county health facilities in Homa Bay County.,Wizara ya Afya - Kitengo cha Afya ya Uzazi kinakumbusha umma kwamba msaada wa bure wa kupona matumizi mabaya ya dawa za kulevya unapatikana kupitia vituo vya afya vya kaunti katika Kaunti ya Homa Bay.
HEA_02299,Health,Notice: Kenya Red Cross will hold a stress management forum in Wajir County this September. All are welcome.,Taarifa: Msalaba Mwekundu wa Kenya utafanya mkutano wa usimamizi wa mafadhaiko katika Kaunti ya Wajir mwezi Septemba.
HEA_02300,Health,Notice: Kenya Medical Association will hold a substance abuse recovery forum in Embu County this March. All are welcome.,Taarifa: Chama cha Matibabu cha Kenya kitafanya mkutano wa kupona matumizi mabaya ya dawa za kulevya katika Kaunti ya Embu Machi hii. Wote wanakaribishwa.
HEA_02301,Health,CDC encourages residents of Kiambu County not to suffer in silence and to encourage a friend in distress to seek help.,CDC inawatia moyo wakazi wa Kaunti ya Kiambu wasiteseke kwa utulivu na kumtia moyo rafiki aliye katika dhiki aombe msaada.
HEA_02302,Health,Notice: Division of Disease Surveillance and Response will hold a youth mental wellness forum in Garissa County this January. All are welcome.,Taarifa: Idara ya Ufuatiliaji na Majibu ya Magonjwa itafanya mkutano wa afya ya akili ya vijana katika Kaunti ya Garissa Januari hii. Wote wanakaribishwa.
HEA_02303,Health,Kenya Medical Association encourages residents of Tharaka-Nithi County not to suffer in silence and to call the toll-free mental health helpline.,Chama cha Matibabu cha Kenya kinawatia moyo wakazi wa Kaunti ya Tharaka-Nithi wasiteseke kwa utulivu na waite simu ya bure ya afya ya akili.
HEA_02304,Health,KEMSA encourages residents of Bungoma County not to suffer in silence and to encourage a friend in distress to seek help.,KEMSA inawatia moyo wakazi wa Kaunti ya Bungoma wasiteseke kwa utulivu na kumtia moyo rafiki aliye katika dhiki aombe msaada.
HEA_02305,Health,SHA (Social Health Authority) encourages residents of Migori County not to suffer in silence and to call the toll-free mental health helpline.,Shirika la Afya ya Jamii (SHA) linawatia moyo wakazi wa Kaunti ya Migori wasiteseke kwa utulivu na waite simu ya bure ya afya ya akili.
HEA_02306,Health,KEMRI reminds the public that free stress management support is available through county health facilities in Wajir County.,KEMRI inawakumbusha umma kwamba msaada wa bure wa usimamizi wa mafadhaiko unapatikana kupitia vituo vya afya vya kaunti katika Kaunti ya Wajir.
HEA_02307,Health,Notice: KEMRI will hold a stress management forum in Lamu County this September. All are welcome.,Taarifa: KEMRI itafanya mkutano wa usimamizi wa mafadhaiko katika wilaya ya Lamu mwezi Septemba.
HEA_02308,Health,Notice: KEMRI will hold a youth mental wellness forum in Busia County this December. All are welcome.,Taarifa: KEMRI itafanya mkutano wa afya ya akili ya vijana katika Kaunti ya Busia Desemba hii.
HEA_02309,Health,Kenya Medical Association encourages residents of Trans Nzoia County not to suffer in silence and to call the toll-free mental health helpline.,Chama cha Matibabu cha Kenya kinawatia moyo wakazi wa Kaunti ya Trans Nzoia wasiteseke kwa utulivu na waite simu ya bure ya afya ya akili.
HEA_02310,Health,Notice: Ministry of Health - Reproductive Health Unit will hold a suicide prevention forum in Embu County this March. All are welcome.,Taarifa: Wizara ya Afya - Idara ya Afya ya Uzazi itafanya mkutano wa kuzuia kujiua katika Kaunti ya Embu Machi hii.
HEA_02311,Health,Notice: Kenya Red Cross will hold a depression awareness forum in Nyamira County this October. All are welcome.,Taarifa: Msalaba Mwekundu wa Kenya utafanya mkutano wa ufahamu wa unyogovu katika Kaunti ya Nyamira mwezi huu Oktoba.
HEA_02312,Health,SHA (Social Health Authority) reminds the public that free youth mental wellness support is available through county health facilities in Meru County.,Shirika la Afya ya Jamii (SHA) linakumbusha umma kwamba msaada wa bure wa afya ya akili ya vijana unapatikana kupitia vituo vya afya vya kaunti katika Kaunti ya Meru.
HEA_02313,Health,Notice: SHA (Social Health Authority) will hold a depression awareness forum in Isiolo County this March. All are welcome.,Taarifa: Shirika la Afya ya Jamii (SHA) litafanya mkutano wa ufahamu wa unyogovu katika Kaunti ya Isiolo Machi hii.
HEA_02314,Health,KEMSA encourages residents of Mombasa County not to suffer in silence and to encourage a friend in distress to seek help.,KEMSA inawatia moyo wakazi wa Kaunti ya Mombasa wasiteseke kwa utulivu na kumtia moyo rafiki aliye katika dhiki aombe msaada.
HEA_02315,Health,Division of Disease Surveillance and Response encourages residents of Kwale County not to suffer in silence and to attend a free community counselling session.,Idara ya Ufuatiliaji na Jibu la Magonjwa inawatia moyo wakazi wa Kaunti ya Kwale wasiteseke kwa utulivu na kuhudhuria kikao cha ushauri wa jamii bila malipo.
HEA_02316,Health,KEMSA reminds the public that free trauma counselling support is available through county health facilities in Migori County.,KEMSA inawakumbusha umma kwamba msaada wa bure wa ushauri wa majeraha unapatikana kupitia vituo vya afya vya kaunti katika Kaunti ya Migori.
HEA_02317,Health,Notice: Ministry of Health - Reproductive Health Unit will hold a substance abuse recovery forum in Vihiga County this January. All are welcome.,Taarifa: Wizara ya Afya - Idara ya Afya ya Uzazi itafanya mkutano wa kupona matumizi mabaya ya dawa za kulevya katika Kaunti ya Vihiga Januari hii. Wote wanakaribishwa.
HEA_02318,Health,Ministry of Health - Reproductive Health Unit urges anyone struggling with their mental health in Wajir County to reach out to a trained counsellor.,Wizara ya Afya - Kitengo cha Afya ya uzazi kinahimiza mtu yeyote anayepambana na afya yao ya akili katika Kaunti ya Wajir kumfikia mshauri aliyezoezwa.
HEA_02319,Health,Notice: KEMRI will hold a suicide prevention forum in Kajiado County this September. All are welcome.,Taarifa: KEMRI itafanya mkutano wa kuzuia kujiua katika Kajiado County mwezi Septemba.
HEA_02320,Health,SHA (Social Health Authority) urges anyone struggling with their mental health in Garissa County to attend a free community counselling session.,SHA (Huduma ya Afya ya Jamii) inahimiza mtu yeyote anayepambana na afya yao ya akili katika Kaunti ya Garissa kuhudhuria kikao cha ushauri wa jamii bila malipo.
HEA_02321,Health,Ministry of Health - Reproductive Health Unit encourages residents of Turkana County not to suffer in silence and to attend a free community counselling session.,Wizara ya Afya - Kitengo cha Afya ya Kuzaliana kinawahimiza wakazi wa Kaunti ya Turkana wasiteseke kwa utulivu na kuhudhuria kikao cha ushauri wa jamii bila malipo.
HEA_02322,Health,Kenya Red Cross encourages residents of West Pokot County not to suffer in silence and to reach out to a trained counsellor.,Msalaba Mwekundu wa Kenya unawatia moyo wakazi wa Wilaya ya West Pokot wasiteseke kwa utulivu na waende kwa mshauri aliyezoezwa.
HEA_02323,Health,Notice: Kenya Red Cross will hold a trauma counselling forum in Nyamira County this June. All are welcome.,Taarifa: Msalaba Mwekundu wa Kenya utafanya mkutano wa ushauri wa majeraha katika Kaunti ya Nyamira mwezi Juni.
HEA_02324,Health,SHA (Social Health Authority) encourages residents of Nyandarua County not to suffer in silence and to reach out to a trained counsellor.,Shirika la Afya ya Jamii (SHA) linawatia moyo wakazi wa Kaunti ya Nyandarua wasiteseke kwa utulivu na waende kwa mshauri aliyezoezwa.
HEA_02325,Health,Kenya Medical Association urges anyone struggling with their mental health in Kitui County to call the toll-free mental health helpline.,Chama cha Matibabu cha Kenya kinamsihi mtu yeyote anayepambana na afya yake ya akili katika Kaunti ya Kitui apeleke simu kwenye simu ya bure ya afya ya akili.
HEA_02326,Health,Notice: Ministry of Health - Reproductive Health Unit will hold a trauma counselling forum in Kwale County this April. All are welcome.,Taarifa: Wizara ya Afya - Idara ya Afya ya Uzazi itafanya mkutano wa ushauri wa majeraha katika Kaunti ya Kwale Aprili hii. Wote wanakaribishwa.
HEA_02327,Health,Division of Disease Surveillance and Response encourages residents of Embu County not to suffer in silence and to reach out to a trained counsellor.,Idara ya Ufuatiliaji na Jibu la Magonjwa inawatia moyo wakazi wa Kaunti ya Embu wasiteseke kwa utulivu na waende kwa mshauri aliyezoezwa.
HEA_02328,Health,Kenya Medical Association urges anyone struggling with their mental health in Siaya County to attend a free community counselling session.,Shirika la Matibabu la Kenya linahimiza mtu yeyote anayepambana na afya yao ya akili katika Kaunti ya Siaya kuhudhuria kikao cha ushauri wa jamii bila malipo.
HEA_02329,Health,CDC encourages residents of Meru County not to suffer in silence and to attend a free community counselling session.,CDC inawatia moyo wakazi wa Kaunti ya Meru wasiteseke kwa utulivu na kuhudhuria kikao cha ushauri wa jamii bila malipo.
HEA_02330,Health,Notice: Kenya Medical Association will hold a depression awareness forum in Vihiga County this July. All are welcome.,Taarifa: Chama cha Matibabu cha Kenya kitafanya mkutano wa ufahamu wa unyogovu katika Kaunti ya Vihiga mwezi huu Julai. Wote wanakaribishwa.
HEA_02331,Health,Notice: KEMRI will hold a trauma counselling forum in Kilifi County this October. All are welcome.,Taarifa: KEMRI itafanya mkutano wa ushauri wa majeraha katika Wilaya ya Kilifi Oktoba hii.
HEA_02332,Health,Notice: SHA (Social Health Authority) will hold a trauma counselling forum in Elgeyo-Marakwet County this August. All are welcome.,Taarifa: Shirika la Afya ya Jamii (SHA) litafanya mkutano wa ushauri wa majeraha katika Kaunti ya Elgeyo-Marakwet Agosti hii.
HEA_02333,Health,Notice: Kenya Red Cross will hold a substance abuse recovery forum in Wajir County this January. All are welcome.,Taarifa: Msalaba Mwekundu wa Kenya utafanya mkutano wa kupona matumizi mabaya ya dawa za kulevya katika Kaunti ya Wajir Januari hii.
HEA_02334,Health,Ministry of Health - Reproductive Health Unit urges anyone struggling with their mental health in Migori County to attend a free community counselling session.,Wizara ya Afya - Kitengo cha Afya ya Uzazi kinahimiza mtu yeyote anayepambana na afya yake ya akili katika Kaunti ya Migori kuhudhuria kikao cha ushauri wa jamii bila malipo.
HEA_02335,Health,Kenya Red Cross urges anyone struggling with their mental health in Nakuru County to reach out to a trained counsellor.,Msalaba Mwekundu wa Kenya unamhimiza mtu yeyote anayepambana na afya yake ya akili katika Kaunti ya Nakuru aende kwa mshauri aliyezoezwa.
HEA_02336,Health,Notice: Ministry of Health will hold a suicide prevention forum in Baringo County this January. All are welcome.,Taarifa: Wizara ya Afya itafanya mkutano wa kuzuia kujiua katika Kaunti ya Baringo Januari hii.
HEA_02337,Health,Notice: SHA (Social Health Authority) will hold a depression awareness forum in Tana River County this August. All are welcome.,Taarifa: Shirika la Afya ya Jamii (SHA) litafanya mkutano wa ufahamu wa unyogovu katika Wilaya ya Tana River Agosti hii.
HEA_02338,Health,Kenya Medical Association reminds the public that free stress management support is available through county health facilities in Turkana County.,Chama cha Matibabu cha Kenya kinakumbusha umma kwamba msaada wa bure wa usimamizi wa mafadhaiko unapatikana kupitia vituo vya afya vya kaunti katika Kaunti ya Turkana.
HEA_02339,Health,Kenya Red Cross reminds the public that free depression awareness support is available through county health facilities in Mandera County.,Msalaba Mwekundu wa Kenya unakumbusha umma kwamba msaada wa bure wa ufahamu wa unyogovu unapatikana kupitia vituo vya afya vya kaunti katika Kaunti ya Mandera.
HEA_02340,Health,SHA (Social Health Authority) urges anyone struggling with their mental health in Nyamira County to call the toll-free mental health helpline.,Shirika la Afya ya Jamii (SHA) linahimiza mtu yeyote anayepambana na afya yake ya akili katika Kaunti ya Nyamira apeleke simu kwenye simu ya bure ya afya ya akili.
HEA_02341,Health,Kenya Medical Association urges anyone struggling with their mental health in Vihiga County to attend a free community counselling session.,Shirika la Matibabu la Kenya linahimiza mtu yeyote anayepambana na afya yao ya akili katika Kaunti ya Vihiga kuhudhuria kikao cha ushauri wa jamii bila malipo.
HEA_02342,Health,Ministry of Health urges anyone struggling with their mental health in Laikipia County to call the toll-free mental health helpline.,Wizara ya Afya inamhimiza mtu yeyote anayepambana na afya yao ya akili katika Kaunti ya Laikipia apeleke simu kwenye huduma ya bure ya afya ya akili.
HEA_02343,Health,Kenya Medical Association encourages residents of Trans Nzoia County not to suffer in silence and to attend a free community counselling session.,Chama cha Matibabu cha Kenya kinawatia moyo wakazi wa Kaunti ya Trans Nzoia wasiteseke kwa utulivu na kuhudhuria kikao cha ushauri wa jamii bila malipo.
HEA_02344,Health,Notice: Kenya Red Cross will hold a substance abuse recovery forum in Meru County this October. All are welcome.,Taarifa: Msalaba Mwekundu wa Kenya utafanya mkutano wa kupona matumizi mabaya ya dawa za kulevya katika Kaunti ya Meru mwezi huu Oktoba.
HEA_02345,Health,Notice: KEMSA will hold a depression awareness forum in Migori County this April. All are welcome.,Taarifa: KEMSA itafanya mkutano wa ufahamu wa unyogovu katika Kaunti ya Migori Aprili hii. Wote wanakaribishwa.
HEA_02346,Health,Kenya Medical Association urges anyone struggling with their mental health in Bomet County to attend a free community counselling session.,Chama cha Matibabu cha Kenya kinahimiza mtu yeyote anayepambana na afya yao ya akili katika Kaunti ya Bomet kuhudhuria kikao cha ushauri wa jamii bila malipo.
HEA_02347,Health,Notice: SHA (Social Health Authority) will hold a youth mental wellness forum in Kirinyaga County this October. All are welcome.,Taarifa: Shirika la Afya ya Jamii (SHA) litafanya mkutano wa afya ya akili ya vijana katika Kaunti ya Kirinyaga mwezi wa Oktoba.
HEA_02348,Health,CDC encourages residents of Meru County not to suffer in silence and to encourage a friend in distress to seek help.,CDC inawatia moyo wakazi wa Kaunti ya Meru wasiteseke kwa utulivu na kumtia moyo rafiki aliye katika dhiki aombe msaada.
HEA_02349,Health,KEMSA reminds the public that free youth mental wellness support is available through county health facilities in Kajiado County.,KEMSA inawakumbusha umma kwamba msaada wa bure wa afya ya akili ya vijana unapatikana kupitia vituo vya afya vya kaunti katika Kajiado County.
HEA_02350,Health,Notice: CDC will hold a depression awareness forum in Migori County this December. All are welcome.,Taarifa: CDC itafanya mkutano wa ufahamu wa unyogovu katika Wilaya ya Migori Desemba hii. Wote wanakaribishwa.
HEA_02351,Health,Division of Disease Surveillance and Response encourages residents of Elgeyo-Marakwet County not to suffer in silence and to encourage a friend in distress to seek help.,Idara ya Ufuatiliaji na Jibu la Magonjwa inawatia moyo wakazi wa Kaunti ya Elgeyo-Marakwet wasiteseke kwa utulivu na kumtia moyo rafiki aliye katika dhiki atafute msaada.
HEA_02352,Health,Ministry of Health - Reproductive Health Unit encourages residents of Kwale County not to suffer in silence and to reach out to a trained counsellor.,Wizara ya Afya - Idara ya Afya ya uzazi inawatia moyo wakazi wa Kaunti ya Kwale wasiteseke kwa utulivu na waende kwa mshauri aliyezoezwa.
HEA_02353,Health,SHA (Social Health Authority) encourages residents of Mandera County not to suffer in silence and to attend a free community counselling session.,Shirika la Afya ya Jamii (SHA) linawatia moyo wakazi wa Kaunti ya Mandera wasiteseke kwa utulivu na kuhudhuria kikao cha bure cha ushauri wa jamii.
HEA_02354,Health,CDC urges anyone struggling with their mental health in West Pokot County to attend a free community counselling session.,CDC inahimiza mtu yeyote anayepambana na afya yao ya akili katika Wilaya ya West Pokot kuhudhuria kikao cha ushauri wa bure wa jamii.
HEA_02355,Health,Kenya Medical Association reminds the public that free youth mental wellness support is available through county health facilities in Mandera County.,Chama cha Matibabu cha Kenya kinakumbusha umma kwamba msaada wa bure wa afya ya akili ya vijana unapatikana kupitia vituo vya afya vya kaunti katika Kaunti ya Mandera.
HEA_02356,Health,Ministry of Health - Reproductive Health Unit reminds the public that free stress management support is available through county health facilities in Kajiado County.,Wizara ya Afya - Kitengo cha Afya ya uzazi kinakumbusha umma kwamba msaada wa bure wa usimamizi wa mafadhaiko unapatikana kupitia vituo vya afya vya kaunti katika Kajiado County.
HEA_02357,Health,Ministry of Health reminds the public that free stress management support is available through county health facilities in Nyandarua County.,Wizara ya Afya inawakumbusha umma kwamba msaada wa bure wa usimamizi wa mafadhaiko unapatikana kupitia vituo vya afya vya kaunti katika Kaunti ya Nyandarua.
HEA_02358,Health,Notice: SHA (Social Health Authority) will hold a substance abuse recovery forum in Nyeri County this October. All are welcome.,Taarifa: Shirika la Afya ya Jamii (SHA) litafanya mkutano wa kurejesha matumizi mabaya ya dawa za kulevya katika Kaunti ya Nyeri mwezi huu Oktoba.
HEA_02359,Health,Notice: Ministry of Health will hold a trauma counselling forum in Wajir County this December. All are welcome.,Taarifa: Wizara ya Afya itafanya mkutano wa ushauri wa majeraha katika Kaunti ya Wajir Desemba hii. Wote wanakaribishwa.
HEA_02360,Health,KEMRI reminds the public that free trauma counselling support is available through county health facilities in Kajiado County.,KEMRI inawakumbusha umma kwamba msaada wa bure wa ushauri wa majeraha unapatikana kupitia vituo vya afya vya kaunti katika Kajiado County.
HEA_02361,Health,KEMSA encourages residents of Kitui County not to suffer in silence and to call the toll-free mental health helpline.,KEMSA inawatia moyo wakazi wa Kaunti ya Kitui wasiteseke kwa kimya na waite simu ya misaada ya afya ya akili bila malipo.
HEA_02362,Health,Notice: Kenya Red Cross will hold a substance abuse recovery forum in Nairobi County this January. All are welcome.,Taarifa: Msalaba Mwekundu wa Kenya utafanya mkutano wa kupona matumizi mabaya ya dawa za kulevya katika Kaunti ya Nairobi Januari hii. Wote wanakaribishwa.
HEA_02363,Health,SHA (Social Health Authority) urges anyone struggling with their mental health in Lamu County to call the toll-free mental health helpline.,SHA (Huduma ya Afya ya Jamii) inawasihi kila mtu anayepambana na afya yao ya akili katika Kaunti ya Lamu apeleke simu ya bure ya msaada wa afya ya akili.
HEA_02364,Health,CDC reminds the public that free suicide prevention support is available through county health facilities in Garissa County.,CDC inakumbusha umma kwamba msaada wa bure wa kuzuia kujiua unapatikana kupitia vituo vya afya vya kaunti katika Kaunti ya Garissa.
HEA_02365,Health,Ministry of Health - Reproductive Health Unit reminds the public that free substance abuse recovery support is available through county health facilities in Kwale County.,Wizara ya Afya - Kitengo cha Afya ya Uzazi kinakumbusha umma kwamba msaada wa bure wa kupona matumizi mabaya ya dawa za kulevya unapatikana kupitia vituo vya afya vya kaunti katika Kaunti ya Kwale.
HEA_02366,Health,Ministry of Health encourages residents of Wajir County not to suffer in silence and to encourage a friend in distress to seek help.,Wizara ya Afya inawatia moyo wakazi wa Kaunti ya Wajir wasiteseke kwa utulivu na kumtia moyo rafiki aliye katika shida kutafuta msaada.
HEA_02367,Health,KEMSA encourages residents of Machakos County not to suffer in silence and to attend a free community counselling session.,KEMSA inawatia moyo wakazi wa Kaunti ya Machakos wasiteseke kwa utulivu na kuhudhuria kikao cha bure cha ushauri wa jamii.
HEA_02368,Health,SHA (Social Health Authority) encourages residents of Elgeyo-Marakwet County not to suffer in silence and to reach out to a trained counsellor.,Shirika la Afya ya Jamii (SHA) linawatia moyo wakazi wa Kaunti ya Elgeyo-Marakwet wasiteseke kwa utulivu na waende kwa mshauri aliyezoezwa.
HEA_02369,Health,KEMSA urges anyone struggling with their mental health in Homa Bay County to call the toll-free mental health helpline.,KEMSA inamhimiza mtu yeyote anayepambana na afya yao ya akili katika Kaunti ya Homa Bay apeleke simu kwenye simu ya bure ya afya ya akili.
HEA_02370,Health,Ministry of Health - Reproductive Health Unit urges anyone struggling with their mental health in Laikipia County to attend a free community counselling session.,Wizara ya Afya - Kitengo cha Afya ya Uzazi kinahimiza kila mtu anayepambana na afya yao ya akili katika Kaunti ya Laikipia kuhudhuria kikao cha ushauri wa jamii bila malipo.
HEA_02371,Health,Ministry of Health - Reproductive Health Unit reminds the public that free depression awareness support is available through county health facilities in West Pokot County.,Wizara ya Afya - Kitengo cha Afya ya Kuzaa kinakumbusha umma kwamba msaada wa bure wa ufahamu wa unyogovu unapatikana kupitia vituo vya afya vya kaunti katika Kaunti ya West Pokot.
HEA_02372,Health,Kenya Medical Association encourages residents of Kisii County not to suffer in silence and to encourage a friend in distress to seek help.,Shirika la Matibabu la Kenya linawatia moyo wakazi wa Kaunti ya Kisii wasiteseke kwa utulivu na kumtia moyo rafiki aliye katika dhiki atafute msaada.
HEA_02373,Health,Kenya Medical Association encourages residents of Marsabit County not to suffer in silence and to attend a free community counselling session.,Chama cha Matibabu cha Kenya kinawatia moyo wakazi wa Kaunti ya Marsabit wasiteseke kwa utulivu na kuhudhuria kikao cha ushauri wa jamii bila malipo.
HEA_02374,Health,SHA (Social Health Authority) encourages residents of Kakamega County not to suffer in silence and to reach out to a trained counsellor.,Shirika la Afya ya Jamii (SHA) linawatia moyo wakazi wa Kaunti ya Kakamega wasiteseke kwa utulivu na waende kwa mshauri aliyezoezwa.
HEA_02375,Health,Notice: Ministry of Health will hold a youth mental wellness forum in Kisumu County this November. All are welcome.,Taarifa: Wizara ya Afya itafanya mkutano wa afya ya akili ya vijana katika Kaunti ya Kisumu Novemba hii.
HEA_02376,Health,Ministry of Health encourages residents of Turkana County not to suffer in silence and to encourage a friend in distress to seek help.,Wizara ya Afya inawatia moyo wakazi wa Kaunti ya Turkana wasiteseke kwa utulivu na kumtia moyo rafiki aliye katika dhiki aombe msaada.
HEA_02377,Health,Kenya Red Cross encourages residents of Mombasa County not to suffer in silence and to attend a free community counselling session.,Msalaba Mwekundu wa Kenya unawatia moyo wakazi wa Kaunti ya Mombasa wasiteseke kwa utulivu na kuhudhuria kikao cha ushauri wa jamii bila malipo.
HEA_02378,Health,Division of Disease Surveillance and Response urges anyone struggling with their mental health in Nyamira County to encourage a friend in distress to seek help.,Idara ya Ufuatiliaji na Jibu la Magonjwa inahimiza mtu yeyote anayepambana na afya yao ya akili katika Kaunti ya Nyamira kumtia moyo rafiki aliye katika shida kutafuta msaada.
HEA_02379,Health,KEMSA reminds the public that free depression awareness support is available through county health facilities in Kisumu County.,KEMSA inakumbusha umma kwamba msaada wa bure wa ufahamu wa unyogovu unapatikana kupitia vituo vya afya vya kaunti katika Kaunti ya Kisumu.
HEA_02380,Health,Notice: Ministry of Health - Reproductive Health Unit will hold a depression awareness forum in Nyamira County this March. All are welcome.,Taarifa: Wizara ya Afya - Idara ya Afya ya Uzazi itafanya mkutano wa ufahamu wa unyogovu katika Kaunti ya Nyamira Machi hii.
HEA_02381,Health,Notice: Kenya Medical Association will hold a substance abuse recovery forum in Lamu County this November. All are welcome.,Taarifa: Chama cha Matibabu cha Kenya kitafanya mkutano wa kupona matumizi mabaya ya dawa katika Kaunti ya Lamu Novemba hii. Wote wanakaribishwa.
HEA_02382,Health,Ministry of Health - Reproductive Health Unit encourages residents of Bungoma County not to suffer in silence and to call the toll-free mental health helpline.,Wizara ya Afya - Kitengo cha Afya ya Kuzaliana kinawahimiza wakazi wa Kaunti ya Bungoma wasiteseke kwa utulivu na waite msaada wa bure wa afya ya akili.
HEA_02383,Health,Notice: KEMSA will hold a trauma counselling forum in Kisii County this June. All are welcome.,Taarifa: KEMSA itafanya mkutano wa ushauri wa majeraha katika Kaunti ya Kisii mwezi Juni huu.
HEA_02384,Health,Notice: Kenya Medical Association will hold a stress management forum in Lamu County this January. All are welcome.,Taarifa: Chama cha Matibabu cha Kenya kitafanya mkutano wa usimamizi wa mafadhaiko katika Kaunti ya Lamu Januari hii. Wote wanakaribishwa.
HEA_02385,Health,KEMRI urges anyone struggling with their mental health in Garissa County to reach out to a trained counsellor.,KEMRI inamhimiza mtu yeyote anayepambana na afya yake ya akili katika Kaunti ya Garissa aende kwa mshauri aliyezoezwa.
HEA_02386,Health,Ministry of Health - Reproductive Health Unit encourages residents of Murang'a County not to suffer in silence and to call the toll-free mental health helpline.,Wizara ya Afya - Kitengo cha Afya ya Kuzaliana kinawahimiza wakazi wa Kaunti ya Murang'a wasiteseke kwa utulivu na waite msaada wa bure wa afya ya akili.
HEA_02387,Health,KEMSA reminds the public that free substance abuse recovery support is available through county health facilities in Nairobi County.,KEMSA inawakumbusha umma kwamba msaada wa bure wa kupona matumizi mabaya ya dawa za kulevya unapatikana kupitia vituo vya afya vya kaunti katika Kaunti ya Nairobi.
HEA_02388,Health,Ministry of Health reminds the public that free stress management support is available through county health facilities in Busia County.,Wizara ya Afya inawakumbusha umma kwamba msaada wa bure wa usimamizi wa mafadhaiko unapatikana kupitia vituo vya afya vya kaunti katika Kaunti ya Busia.
HEA_02389,Health,SHA (Social Health Authority) reminds the public that free trauma counselling support is available through county health facilities in Nandi County.,SHA (Shirika la Afya ya Jamii) linawakumbusha umma kwamba msaada wa bure wa ushauri wa majeraha unapatikana kupitia vituo vya afya vya kaunti katika Kaunti ya Nandi.
HEA_02390,Health,Kenya Medical Association encourages residents of Mandera County not to suffer in silence and to call the toll-free mental health helpline.,Chama cha Matibabu cha Kenya kinawatia moyo wakazi wa Kaunti ya Mandera wasiteseke kwa utulivu na waite simu ya bure ya afya ya akili.
HEA_02391,Health,Kenya Red Cross urges anyone struggling with their mental health in Nakuru County to attend a free community counselling session.,Msalaba Mwekundu wa Kenya unamhimiza mtu yeyote anayepambana na afya yao ya akili katika Kaunti ya Nakuru kuhudhuria kikao cha ushauri wa jamii bila malipo.
HEA_02392,Health,KEMRI urges anyone struggling with their mental health in Isiolo County to call the toll-free mental health helpline.,KEMRI inamhimiza mtu yeyote anayepambana na afya yao ya akili katika Kaunti ya Isiolo apeleke simu ya bure ya afya ya akili.
HEA_02393,Health,Ministry of Health reminds the public that free stress management support is available through county health facilities in Siaya County.,Wizara ya Afya inawakumbusha umma kwamba msaada wa bure wa usimamizi wa mafadhaiko unapatikana kupitia vituo vya afya vya kaunti katika Kaunti ya Siaya.
HEA_02394,Health,Ministry of Health urges anyone struggling with their mental health in Mandera County to attend a free community counselling session.,Wizara ya Afya inamhimiza mtu yeyote anayepambana na afya yao ya akili katika Kaunti ya Mandera kuhudhuria kikao cha ushauri wa bure wa jamii.
HEA_02395,Health,CDC encourages residents of Lamu County not to suffer in silence and to call the toll-free mental health helpline.,CDC inawatia moyo wakazi wa Wilaya ya Lamu wasiteseke kwa utulivu na waite simu ya bure ya afya ya akili.
HEA_02396,Health,KEMRI encourages residents of Embu County not to suffer in silence and to encourage a friend in distress to seek help.,KEMRI inawatia moyo wakazi wa Kaunti ya Embu wasiteseke kwa utulivu na kumtia moyo rafiki aliye katika dhiki atafute msaada.
HEA_02397,Health,Notice: Division of Disease Surveillance and Response will hold a suicide prevention forum in Busia County this September. All are welcome.,Taarifa: Idara ya Ufuatiliaji na Majibu ya Magonjwa itafanya mkutano wa kuzuia kujiua katika Kaunti ya Busia mwezi Septemba.
HEA_02398,Health,Ministry of Health - Reproductive Health Unit reminds the public that free substance abuse recovery support is available through county health facilities in Elgeyo-Marakwet County.,Wizara ya Afya - Kitengo cha Afya ya Uzazi kinakumbusha umma kwamba msaada wa bure wa kupona matumizi mabaya ya dawa za kulevya unapatikana kupitia vituo vya afya vya kaunti katika Kaunti ya Elgeyo-Marakwet.
HEA_02399,Health,SHA (Social Health Authority) reminds the public that free depression awareness support is available through county health facilities in Mandera County.,SHA (Shirika la Afya ya Jamii) hukumbusha umma kwamba msaada wa bure wa ufahamu wa unyogovu unapatikana kupitia vituo vya afya vya kaunti katika Kaunti ya Mandera.
HEA_02400,Health,KEMRI reminds the public that free substance abuse recovery support is available through county health facilities in Taita-Taveta County.,KEMRI inawakumbusha umma kwamba msaada wa bure wa kupona matumizi mabaya ya dawa za kulevya unapatikana kupitia vituo vya afya vya kaunti katika Kaunti ya Taita-Taveta.
HEA_02401,Health,Kenya Medical Association urges anyone struggling with their mental health in Nairobi County to encourage a friend in distress to seek help.,Shirika la Matibabu la Kenya linahimiza mtu yeyote anayepambana na afya yake ya akili katika Kaunti ya Nairobi amtie moyo rafiki aliye katika dhiki amwombe msaada.
HEA_02402,Health,Ministry of Health urges anyone struggling with their mental health in Kwale County to encourage a friend in distress to seek help.,Wizara ya Afya inamhimiza mtu yeyote anayepambana na afya yao ya akili katika Kaunti ya Kwale kumtia moyo rafiki aliye katika shida kutafuta msaada.
HEA_02403,Health,CDC urges anyone struggling with their mental health in Nairobi County to call the toll-free mental health helpline.,CDC inahimiza mtu yeyote anayepambana na afya yao ya akili katika Kaunti ya Nairobi apeleke simu ya bure ya afya ya akili.
HEA_02404,Health,SHA (Social Health Authority) reminds the public that free youth mental wellness support is available through county health facilities in Siaya County.,Shirika la Afya ya Jamii (SHA) linakumbusha umma kwamba msaada wa bure wa afya ya akili ya vijana unapatikana kupitia vituo vya afya vya kaunti katika Kaunti ya Siaya.
HEA_02405,Health,SHA (Social Health Authority) encourages residents of Kirinyaga County not to suffer in silence and to call the toll-free mental health helpline.,Shirika la Afya ya Jamii (SHA) linawahimiza wakazi wa Kaunti ya Kirinyaga wasiteseke kwa utulivu na waite simu ya bure ya afya ya akili.
HEA_02406,Health,Ministry of Health encourages residents of Marsabit County not to suffer in silence and to call the toll-free mental health helpline.,Wizara ya Afya inawatia moyo wakazi wa Kaunti ya Marsabit wasihuzunike kwa utulivu na kupiga simu kwenye huduma ya bure ya afya ya akili.
HEA_02407,Health,Kenya Medical Association reminds the public that free suicide prevention support is available through county health facilities in Vihiga County.,Chama cha Matibabu cha Kenya kinakumbusha umma kwamba msaada wa bure wa kuzuia kujiua unapatikana kupitia vituo vya afya vya kaunti katika Kaunti ya Vihiga.
HEA_02408,Health,CDC urges anyone struggling with their mental health in Nandi County to reach out to a trained counsellor.,CDC inahimiza mtu yeyote anayepambana na afya yao ya akili katika Kaunti ya Nandi kuwasiliana na mshauri aliyezoezwa.
HEA_02409,Health,Division of Disease Surveillance and Response reminds the public that free stress management support is available through county health facilities in Elgeyo-Marakwet County.,Idara ya Ufuatiliaji na Jibu la Magonjwa inakumbusha umma kwamba msaada wa bure wa usimamizi wa mafadhaiko unapatikana kupitia vituo vya afya vya kaunti katika Kaunti ya Elgeyo-Marakwet.
HEA_02410,Health,Notice: CDC will hold a trauma counselling forum in Embu County this January. All are welcome.,Taarifa: CDC itafanya mkutano wa ushauri wa majeraha katika Kaunti ya Embu Januari hii. Wote wanakaribishwa.
HEA_02411,Health,KEMRI reminds the public that free depression awareness support is available through county health facilities in Kajiado County.,KEMRI inawakumbusha umma kwamba msaada wa bure wa ufahamu wa unyogovu unapatikana kupitia vituo vya afya vya kaunti katika Kajiado County.
HEA_02412,Health,KEMSA reminds the public that free youth mental wellness support is available through county health facilities in Marsabit County.,KEMSA inawakumbusha umma kwamba msaada wa bure wa afya ya akili ya vijana unapatikana kupitia vituo vya afya vya kaunti katika Kaunti ya Marsabit.
HEA_02413,Health,Kenya Red Cross encourages residents of Makueni County not to suffer in silence and to reach out to a trained counsellor.,Msalaba Mwekundu wa Kenya unawatia moyo wakazi wa Kaunti ya Makueni wasiteseke kwa utulivu na waende kwa mshauri aliyezoezwa.
HEA_02414,Health,SHA (Social Health Authority) urges anyone struggling with their mental health in Nakuru County to attend a free community counselling session.,Shirika la Afya ya Jamii (SHA) linahimiza mtu yeyote anayepambana na afya yake ya akili katika Kaunti ya Nakuru kuhudhuria kikao cha ushauri wa jamii bila malipo.
HEA_02415,Health,SHA (Social Health Authority) reminds the public that free trauma counselling support is available through county health facilities in Busia County.,SHA (Shirika la Afya ya Jamii) hukumbusha umma kwamba msaada wa bure wa ushauri wa majeraha unapatikana kupitia vituo vya afya vya kaunti katika Kaunti ya Busia.
HEA_02416,Health,Notice: Ministry of Health - Reproductive Health Unit will hold a depression awareness forum in Kwale County this August. All are welcome.,Taarifa: Wizara ya Afya - Idara ya Afya ya Uzazi itafanya mkutano wa ufahamu wa unyogovu katika Kaunti ya Kwale Agosti hii. Wote wanakaribishwa.
HEA_02417,Health,Notice: Ministry of Health - Reproductive Health Unit will hold a trauma counselling forum in Trans Nzoia County this May. All are welcome.,Taarifa: Wizara ya Afya - Idara ya Afya ya Uzazi itafanya mkutano wa ushauri wa majeraha katika Kaunti ya Trans Nzoia Mei hii. Wote wanakaribishwa.
HEA_02418,Health,Notice: KEMRI will hold a suicide prevention forum in Garissa County this May. All are welcome.,KEMRI itafanya mkutano wa kuzuia kujiua katika Kaunti ya Garissa Mei hii. Wote wanakaribishwa.
HEA_02419,Health,SHA (Social Health Authority) announces SHA registration for residents of Nakuru County starting this April.,Shirika la Afya ya Jamii (SHA) linatangaza usajili wa Shirika la Afya ya Jamii kwa wakazi wa Kaunti ya Nakuru kuanzia Aprili hii.
HEA_02420,Health,Notice: a free medical camp organised by Ministry of Health will be held in Kitui County this May.,Taarifa: kambi ya matibabu ya bure iliyoandaliwa na Wizara ya Afya itafanyika katika Kaunti ya Kitui Mei hii.
HEA_02421,Health,Notice: a free medical camp organised by Kenya Medical Association will be held in Nyamira County this June.,Taarifa: kambi ya matibabu ya bure iliyoandaliwa na Chama cha Matibabu cha Kenya itafanyika katika Kaunti ya Nyamira mwezi Juni huu.
HEA_02422,Health,KEMSA announces subsidised dialysis for residents of Nyeri County starting this February.,KEMSA inatangaza upasuaji wa dialysis uliofadhiliwa kwa wakazi wa Kaunti ya Nyeri kuanzia Februari hii.
HEA_02423,Health,CDC advises residents of Busia County to carry a valid national ID when seeking treatment to access subsidised healthcare.,CDC inashauri wakazi wa Kaunti ya Busia kubeba kitambulisho halali cha kitaifa wakati wa kutafuta matibabu ili kupata huduma ya afya ya ruzuku.
HEA_02424,Health,Ministry of Health reminds the public in Kericho County that access to SHA registration is now available at designated centres.,Wizara ya Afya inawakumbusha umma katika Kaunti ya Kericho kwamba upatikanaji wa usajili wa SHA sasa unapatikana katika vituo vilivyoainishwa.
HEA_02425,Health,Kenya Red Cross reminds the public in Kisumu County that access to SHA registration is now available at designated centres.,Msalaba Mwekundu wa Kenya unakumbusha umma katika Kaunti ya Kisumu kwamba upatikanaji wa usajili wa SHA sasa unapatikana katika vituo vilivyoainishwa.
HEA_02426,Health,Notice: a free medical camp organised by Kenya Medical Association will be held in Makueni County this April.,Taarifa: kambi ya matibabu ya bure iliyoandaliwa na Chama cha Matibabu cha Kenya itafanyika katika Kaunti ya Makueni Aprili hii.
HEA_02427,Health,Notice: a free medical camp organised by Ministry of Health will be held in Mandera County this April.,Taarifa: kambi ya matibabu ya bure iliyoandaliwa na Wizara ya Afya itafanyika katika Kaunti ya Mandera Aprili hii.
HEA_02428,Health,Notice: a free medical camp organised by Ministry of Health will be held in Machakos County this August.,Taarifa: kambi ya matibabu ya bure iliyoandaliwa na Wizara ya Afya itafanyika katika Kaunti ya Machakos Agosti hii.
HEA_02429,Health,Ministry of Health announces outpatient services for residents of Turkana County starting this February.,Wizara ya Afya yatangaza huduma za nje kwa wakazi wa Kaunti ya Turkana kuanzia Februari hii.
HEA_02430,Health,CDC announces NHIF/SHA claims support for residents of Laikipia County starting this March.,CDC inatangaza NHIF / SHA inadai msaada kwa wakazi wa Kaunti ya Laikipia kuanzia Machi hii.
HEA_02431,Health,SHA (Social Health Authority) announces subsidised dialysis for residents of Kilifi County starting this August.,Shirika la Afya ya Jamii (SHA) linatangaza kuwa wageni wa Wilaya ya Kilifi watapata dialysis ya ziada kuanzia Agosti hii.
HEA_02432,Health,Division of Disease Surveillance and Response advises residents of Elgeyo-Marakwet County to carry a valid national ID when seeking treatment to access subsidised healthcare.,Idara ya Ufuatiliaji na Jibu la Magonjwa inashauri wakazi wa Kaunti ya Elgeyo-Marakwet kubeba kitambulisho halali cha kitaifa wakati wa kutafuta matibabu ili kupata huduma ya afya ya ruzuku.
HEA_02433,Health,Ministry of Health advises residents of Tana River County to visit the nearest Huduma Centre for assistance to access subsidised healthcare.,Wizara ya Afya inawashauri wakazi wa Wilaya ya Tana River kutembelea Kituo cha Huduma kilicho karibu ili kupata msaada wa kupata huduma za afya zilizofadhiliwa.
HEA_02434,Health,Ministry of Health reminds the public in Bomet County that access to SHA registration is now available at designated centres.,Wizara ya Afya inawakumbusha umma katika Kaunti ya Bomet kwamba upatikanaji wa usajili wa SHA sasa unapatikana katika vituo vilivyoainishwa.
HEA_02435,Health,Kenya Medical Association reminds the public in Kisii County that access to outpatient services is now available at designated centres.,Chama cha Matibabu cha Kenya kinakumbusha umma katika Kaunti ya Kisii kwamba huduma za wagonjwa wa nje sasa zinapatikana katika vituo vilivyochaguliwa.
HEA_02436,Health,CDC reminds the public in Mandera County that access to outpatient services is now available at designated centres.,CDC inawakumbusha umma katika Kaunti ya Mandera kwamba huduma za wagonjwa wa nje sasa zinapatikana katika vituo vilivyoainishwa.
HEA_02437,Health,Division of Disease Surveillance and Response announces NHIF/SHA claims support for residents of Turkana County starting this April.,Idara ya Ufuatiliaji na Jibu la Magonjwa inatangaza msaada wa madai ya NHIF / SHA kwa wakazi wa Kaunti ya Turkana kuanzia Aprili hii.
HEA_02438,Health,Ministry of Health reminds the public in Machakos County that access to SHA registration is now available at designated centres.,Wizara ya Afya inawakumbusha umma katika Kaunti ya Machakos kwamba upatikanaji wa usajili wa SHA sasa unapatikana katika vituo vilivyoainishwa.
HEA_02439,Health,KEMRI announces subsidised dialysis for residents of Uasin Gishu County starting this December.,KEMRI inatangaza upasuaji wa dialysis wa ruzuku kwa wakazi wa Kaunti ya Uasin Gishu kuanzia Desemba hii.
HEA_02440,Health,Ministry of Health announces SHA registration for residents of Nairobi County starting this April.,Wizara ya Afya yatangaza usajili wa SHA kwa wakazi wa Kaunti ya Nairobi kuanzia Aprili hii.
HEA_02441,Health,Ministry of Health announces free medical camps for residents of Mandera County starting this August.,Wizara ya Afya yatangaza kambi za matibabu za bure kwa wakazi wa Kaunti ya Mandera kuanzia Agosti hii.
HEA_02442,Health,Notice: a free medical camp organised by Ministry of Health will be held in Murang'a County this June.,Taarifa: kambi ya matibabu ya bure iliyoandaliwa na Wizara ya Afya itafanyika katika Kaunti ya Murang'a mwezi Juni huu.
HEA_02443,Health,Kenya Red Cross advises residents of Mandera County to confirm their facility is accredited before visiting to access subsidised healthcare.,Msalaba Mwekundu wa Kenya unawashauri wakazi wa Kaunti ya Mandera kuthibitisha kuwa kituo chao kimeidhinishwa kabla ya kutembelea ili kupata huduma ya afya ya ruzuku.
HEA_02444,Health,SHA (Social Health Authority) reminds the public in Homa Bay County that access to SHA registration is now available at designated centres.,SHA (Shirika la Afya ya Jamii) hukumbusha umma katika Wilaya ya Homa Bay kwamba upatikanaji wa usajili wa SHA sasa unapatikana katika vituo vilivyochaguliwa.
HEA_02445,Health,Notice: a free medical camp organised by CDC will be held in Embu County this August.,Taarifa: kambi ya matibabu ya bure iliyoandaliwa na CDC itafanyika katika Kaunti ya Embu Agosti hii.
HEA_02446,Health,Notice: a free medical camp organised by KEMRI will be held in Nandi County this December.,Taarifa: kambi ya matibabu ya bure iliyoandaliwa na KEMRI itafanyika katika Kaunti ya Nandi Desemba hii.
HEA_02447,Health,Notice: a free medical camp organised by Division of Disease Surveillance and Response will be held in Bomet County this May.,Taarifa: kambi ya matibabu ya bure iliyoandaliwa na Idara ya Ufuatiliaji na Jibu la Magonjwa itafanyika katika Kaunti ya Bomet Mei hii.
HEA_02448,Health,CDC advises residents of Nyandarua County to register for their health insurance cover to access subsidised healthcare.,CDC inashauri wakazi wa Kaunti ya Nyandarua kujiandikisha kwa bima yao ya afya ili kupata huduma za afya zilizofadhiliwa.
HEA_02449,Health,Division of Disease Surveillance and Response announces subsidised dialysis for residents of Uasin Gishu County starting this December.,Idara ya Ufuatiliaji na Jibu la Magonjwa inatangaza upasuaji wa dialysis wa ruzuku kwa wakazi wa Kaunti ya Uasin Gishu kuanzia Desemba hii.
HEA_02450,Health,Kenya Red Cross reminds the public in Taita-Taveta County that access to free medical camps is now available at designated centres.,Msalaba Mwekundu wa Kenya unakumbusha umma katika Wilaya ya Taita-Taveta kwamba kufikia kambi za matibabu za bure sasa zinapatikana katika vituo vilivyochaguliwa.
HEA_02451,Health,Kenya Red Cross advises residents of Bomet County to register for their health insurance cover to access subsidised healthcare.,Kenya Red Cross inawashauri wakazi wa Wilaya ya Bomet kujiandikisha kwa bima yao ya afya ili kupata huduma za afya zilizofadhiliwa.
HEA_02452,Health,Notice: a free medical camp organised by KEMSA will be held in Kilifi County this April.,Taarifa: kambi ya matibabu ya bure iliyoandaliwa na KEMSA itafanyika katika Kaunti ya Kilifi Aprili hii.
HEA_02453,Health,Ministry of Health - Reproductive Health Unit reminds the public in Wajir County that access to outpatient services is now available at designated centres.,Wizara ya Afya - Kitengo cha Afya ya Kuzaa kinakumbusha umma katika Kaunti ya Wajir kwamba huduma za wagonjwa wa nje sasa zinapatikana katika vituo vilivyochaguliwa.
HEA_02454,Health,Kenya Red Cross announces outpatient services for residents of Nyandarua County starting this October.,Kenya Red Cross inatangaza huduma za nje kwa wakazi wa Kaunti ya Nyandarua kuanzia Oktoba hii.
HEA_02455,Health,Notice: a free medical camp organised by SHA (Social Health Authority) will be held in Tana River County this May.,Taarifa: kambi ya matibabu ya bure iliyoandaliwa na SHA (Huduma ya Afya ya Jamii) itafanyika katika Wilaya ya Tana River Mei hii.
HEA_02456,Health,Ministry of Health - Reproductive Health Unit reminds the public in Kwale County that access to outpatient services is now available at designated centres.,Wizara ya Afya - Kitengo cha Afya ya uzazi kinakumbusha umma katika Kaunti ya Kwale kwamba kufikia huduma za wagonjwa wa nje sasa zinapatikana katika vituo vilivyoainishwa.
HEA_02457,Health,Ministry of Health reminds the public in Kitui County that access to outpatient services is now available at designated centres.,Wizara ya Afya inawakumbusha umma katika Kaunti ya Kitui kwamba huduma za wagonjwa wa nje sasa zinapatikana katika vituo vilivyochaguliwa.
HEA_02458,Health,Kenya Medical Association advises residents of Kericho County to carry a valid national ID when seeking treatment to access subsidised healthcare.,Chama cha Matibabu cha Kenya kinashauri wakazi wa Kaunti ya Kericho kubeba kitambulisho halali cha kitaifa wakati wa kutafuta matibabu ili kupata huduma ya afya ya ruzuku.
HEA_02459,Health,CDC announces subsidised dialysis for residents of Turkana County starting this January.,CDC inatangaza upasuaji wa dialysis kwa wakazi wa Wilaya ya Turkana kuanzia Januari hii.
HEA_02460,Health,Notice: a free medical camp organised by Kenya Red Cross will be held in Vihiga County this April.,Taarifa: kambi ya matibabu ya bure iliyoandaliwa na Msalaba Mwekundu wa Kenya itafanyika katika Kaunti ya Vihiga Aprili hii.
HEA_02461,Health,Division of Disease Surveillance and Response announces outpatient services for residents of Nairobi County starting this October.,Idara ya Ufuatiliaji na Jibu la Magonjwa inatangaza huduma za nje kwa wakazi wa Kaunti ya Nairobi kuanzia Oktoba hii.
HEA_02462,Health,Ministry of Health reminds the public in Garissa County that access to outpatient services is now available at designated centres.,Wizara ya Afya inawakumbusha umma katika Kaunti ya Garissa kwamba huduma za wagonjwa wa nje sasa zinapatikana katika vituo vilivyochaguliwa.
HEA_02463,Health,Notice: a free medical camp organised by CDC will be held in Baringo County this July.,Taarifa: kambi ya matibabu ya bure iliyoandaliwa na CDC itafanyika katika Kaunti ya Baringo mwezi huu wa Julai.
HEA_02464,Health,Notice: a free medical camp organised by KEMSA will be held in Samburu County this August.,Taarifa: kambi ya matibabu ya bure iliyoandaliwa na KEMSA itafanyika katika Kaunti ya Samburu Agosti hii.
HEA_02465,Health,KEMSA advises residents of Mombasa County to carry a valid national ID when seeking treatment to access subsidised healthcare.,KEMSA inashauri wakazi wa Kaunti ya Mombasa kubeba kitambulisho halali cha kitaifa wakati wa kutafuta matibabu ili kupata huduma ya afya ya ruzuku.
HEA_02466,Health,KEMRI announces NHIF/SHA claims support for residents of Kericho County starting this May.,KEMRI inatangaza msaada wa madai ya NHIF / SHA kwa wakazi wa Kaunti ya Kericho kuanzia Mei hii.
HEA_02467,Health,Ministry of Health reminds the public in Busia County that access to NHIF/SHA claims support is now available at designated centres.,Wizara ya Afya inawakumbusha umma katika Kaunti ya Busia kwamba upatikanaji wa msaada wa madai ya NHIF/SHA sasa unapatikana katika vituo vilivyoainishwa.
HEA_02468,Health,Notice: a free medical camp organised by Kenya Red Cross will be held in Kisumu County this October.,Taarifa: kambi ya matibabu ya bure iliyoandaliwa na Msalaba Mwekundu wa Kenya itafanyika katika Kaunti ya Kisumu mwezi huu wa Oktoba.
HEA_02469,Health,SHA (Social Health Authority) announces eye and dental camps for residents of Kirinyaga County starting this October.,Shirika la Afya ya Jamii (SHA) linatangaza kambi za macho na meno kwa wakazi wa Kaunti ya Kirinyaga kuanzia Oktoba hii.
HEA_02470,Health,Notice: a free medical camp organised by Kenya Red Cross will be held in Meru County this August.,Taarifa: kambi ya matibabu ya bure iliyoandaliwa na Msalaba Mwekundu wa Kenya itafanyika katika Kaunti ya Meru Agosti hii.
HEA_02471,Health,Ministry of Health reminds the public in Nandi County that access to outpatient services is now available at designated centres.,Wizara ya Afya inawakumbusha umma katika Kaunti ya Nandi kwamba huduma za wagonjwa wa nje sasa zinapatikana katika vituo vilivyochaguliwa.
HEA_02472,Health,Division of Disease Surveillance and Response announces subsidised dialysis for residents of Laikipia County starting this November.,Idara ya Ufuatiliaji na Jibu la Magonjwa inatangaza upasuaji wa dialysis wa ruzuku kwa wakazi wa Kaunti ya Laikipia kuanzia Novemba hii.
HEA_02473,Health,Kenya Medical Association advises residents of Tana River County to register for their health insurance cover to access subsidised healthcare.,Chama cha Matibabu cha Kenya kinashauri wakazi wa Wilaya ya Tana River kujiandikisha kwa bima yao ya afya ili kupata huduma ya afya ya ruzuku.
HEA_02474,Health,Notice: a free medical camp organised by CDC will be held in Murang'a County this February.,Taarifa: kambi ya matibabu ya bure iliyoandaliwa na CDC itafanyika katika Kaunti ya Murang'a Februari hii.
HEA_02475,Health,KEMSA reminds the public in Makueni County that access to NHIF/SHA claims support is now available at designated centres.,KEMSA inawakumbusha umma katika Kaunti ya Makueni kwamba upatikanaji wa msaada wa madai ya NHIF/SHA sasa unapatikana katika vituo vilivyoainishwa.
HEA_02476,Health,KEMSA reminds the public in Kitui County that access to free medical camps is now available at designated centres.,KEMSA inawakumbusha umma katika Kaunti ya Kitui kwamba kufikia kambi za matibabu za bure sasa zinapatikana katika vituo vilivyochaguliwa.
HEA_02477,Health,Ministry of Health advises residents of Kitui County to register for their health insurance cover to access subsidised healthcare.,Wizara ya Afya inashauri wakazi wa Kaunti ya Kitui kujiandikisha kwa bima yao ya afya ili kupata huduma ya afya ya ruzuku.
HEA_02478,Health,CDC advises residents of Nandi County to carry a valid national ID when seeking treatment to access subsidised healthcare.,CDC inashauri wakazi wa Kaunti ya Nandi kubeba kitambulisho halali cha kitaifa wakati wa kutafuta matibabu ili kupata huduma za afya zilizofadhiliwa.
HEA_02479,Health,CDC announces SHA registration for residents of Nyamira County starting this April.,CDC inatangaza usajili wa SHA kwa wakazi wa Kaunti ya Nyamira kuanzia Aprili hii.
HEA_02480,Health,Notice: a free medical camp organised by Kenya Red Cross will be held in Kwale County this November.,Taarifa: kambi ya matibabu ya bure iliyoandaliwa na Msalaba Mwekundu wa Kenya itafanyika katika Kaunti ya Kwale mwezi huu wa Novemba.
HEA_02481,Health,Notice: a free medical camp organised by CDC will be held in Nyamira County this January.,Taarifa: kambi ya matibabu ya bure iliyoandaliwa na CDC itafanyika katika Kaunti ya Nyamira Januari hii.
HEA_02482,Health,Division of Disease Surveillance and Response advises residents of Garissa County to confirm their facility is accredited before visiting to access subsidised healthcare.,Idara ya Ufuatiliaji na Jibu la Magonjwa inashauri wakazi wa Kaunti ya Garissa kuthibitisha kuwa kituo chao kimeidhinishwa kabla ya kutembelea ili kupata huduma za afya zilizofadhiliwa.
HEA_02483,Health,CDC announces free medical camps for residents of Lamu County starting this April.,CDC inatangaza kambi za matibabu za bure kwa wakazi wa Wilaya ya Lamu kuanzia Aprili hii.
HEA_02484,Health,Notice: a free medical camp organised by Division of Disease Surveillance and Response will be held in Migori County this July.,Taarifa: kambi ya matibabu ya bure iliyoandaliwa na Idara ya Ufuatiliaji na Jibu la Magonjwa itafanyika katika Kaunti ya Migori Julai hii.
HEA_02485,Health,Kenya Medical Association announces SHA registration for residents of Nyeri County starting this March.,Chama cha Matibabu cha Kenya kinatangaza usajili wa SHA kwa wakazi wa Kaunti ya Nyeri kuanzia Machi hii.
HEA_02486,Health,Notice: a free medical camp organised by Division of Disease Surveillance and Response will be held in Kiambu County this July.,Taarifa: kambi ya matibabu ya bure iliyoandaliwa na Idara ya Ufuatiliaji na Jibu la Magonjwa itafanyika katika Kaunti ya Kiambu mwezi huu wa Julai.
HEA_02487,Health,Notice: a free medical camp organised by Ministry of Health - Reproductive Health Unit will be held in Nyeri County this October.,Taarifa: kambi ya matibabu ya bure iliyoandaliwa na Wizara ya Afya - Kitengo cha Afya ya Uzazi itafanyika katika Kaunti ya Nyeri mwezi huu wa Oktoba.
HEA_02488,Health,KEMSA announces NHIF/SHA claims support for residents of West Pokot County starting this January.,KEMSA inatangaza msaada wa madai ya NHIF/SHA kwa wakazi wa Kaunti ya West Pokot kuanzia Januari hii.
HEA_02489,Health,Ministry of Health advises residents of Garissa County to visit the nearest Huduma Centre for assistance to access subsidised healthcare.,Wizara ya Afya inawashauri wakazi wa Kaunti ya Garissa kutembelea Kituo cha Huduma kilicho karibu ili kupata msaada wa kupata huduma za afya zilizofadhiliwa.
HEA_02490,Health,Notice: a free medical camp organised by CDC will be held in Nyamira County this December.,Taarifa: kambi ya matibabu ya bure iliyoandaliwa na CDC itafanyika katika Kaunti ya Nyamira Desemba hii.
HEA_02491,Health,Notice: a free medical camp organised by KEMRI will be held in Samburu County this October.,Taarifa: kambi ya matibabu ya bure iliyoandaliwa na KEMRI itafanyika katika Kaunti ya Samburu mwezi huu wa Oktoba.
HEA_02492,Health,KEMSA announces SHA registration for residents of Samburu County starting this November.,KEMSA yatangaza usajili wa SHA kwa wakazi wa Kaunti ya Samburu kuanzia Novemba hii.
HEA_02493,Health,KEMRI announces subsidised dialysis for residents of Kakamega County starting this September.,KEMRI inatangaza upasuaji wa dialysis uliofadhiliwa kwa wakazi wa Kaunti ya Kakamega kuanzia Septemba hii.
HEA_02494,Health,CDC reminds the public in Nairobi County that access to subsidised dialysis is now available at designated centres.,CDC inakumbusha umma katika Kaunti ya Nairobi kwamba upatikanaji wa dialysis ya ruzuku sasa unapatikana katika vituo vilivyoainishwa.
HEA_02495,Health,Ministry of Health - Reproductive Health Unit announces subsidised dialysis for residents of Homa Bay County starting this September.,Wizara ya Afya - Kitengo cha Afya ya Kuzaliana kinatangaza upasuaji wa dialysis wa ruzuku kwa wakazi wa Kaunti ya Homa Bay kuanzia Septemba hii.
HEA_02496,Health,Division of Disease Surveillance and Response reminds the public in Nyandarua County that access to subsidised dialysis is now available at designated centres.,Idara ya Ufuatiliaji na Jibu la Magonjwa inakumbusha umma katika Kaunti ya Nyandarua kwamba upatikanaji wa dialysis ya ruzuku sasa unapatikana katika vituo vilivyochaguliwa.
HEA_02497,Health,Notice: a free medical camp organised by KEMRI will be held in Kiambu County this April.,Taarifa: kambi ya matibabu ya bure iliyoandaliwa na KEMRI itafanyika katika Kaunti ya Kiambu Aprili hii.
HEA_02498,Health,Notice: a free medical camp organised by KEMRI will be held in Baringo County this June.,Taarifa: kambi ya matibabu ya bure iliyoandaliwa na KEMRI itafanyika katika Kaunti ya Baringo mwezi huu wa Juni.
HEA_02499,Health,KEMRI announces outpatient services for residents of Nandi County starting this December.,KEMRI inatangaza huduma za nje kwa wakazi wa Kaunti ya Nandi kuanzia Desemba hii.
HEA_02500,Health,Notice: a free medical camp organised by SHA (Social Health Authority) will be held in Turkana County this September.,Taarifa: kambi ya matibabu ya bure iliyoandaliwa na Shirika la Afya ya Jamii (SHA) itafanyika katika Kaunti ya Turkana mwezi huu wa Septemba.
HEA_02501,Health,Division of Disease Surveillance and Response announces subsidised dialysis for residents of Kisumu County starting this August.,Idara ya Ufuatiliaji na Jibu la Magonjwa inatangaza upasuaji wa dialysis wa ruzuku kwa wakazi wa Kaunti ya Kisumu kuanzia Agosti hii.
HEA_02502,Health,Ministry of Health - Reproductive Health Unit advises residents of Uasin Gishu County to visit the nearest Huduma Centre for assistance to access subsidised healthcare.,Wizara ya Afya - Kitengo cha Afya ya Kuzaa kinashauri wakazi wa Kaunti ya Uasin Gishu kutembelea Kituo cha Huduma kilicho karibu zaidi ili kupata msaada wa kupata huduma za afya zilizofadhiliwa.
HEA_02503,Health,Kenya Medical Association advises residents of Migori County to visit the nearest Huduma Centre for assistance to access subsidised healthcare.,Chama cha Matibabu cha Kenya kinashauri wakazi wa Wilaya ya Migori kutembelea Kituo cha Huduma cha karibu ili kupata msaada wa kupata huduma za afya zilizofadhiliwa.
HEA_02504,Health,Notice: a free medical camp organised by Kenya Red Cross will be held in Kiambu County this June.,Taarifa: kambi ya matibabu ya bure iliyoandaliwa na Msalaba Mwekundu wa Kenya itafanyika katika Kaunti ya Kiambu mwezi Juni huu.
HEA_02505,Health,SHA (Social Health Authority) announces subsidised dialysis for residents of Uasin Gishu County starting this July.,Shirika la Afya ya Jamii (SHA) linatangaza kuwa wageni wa wilaya ya Uasin Gishu watapata matibabu ya dialysis ya ziada kuanzia Julai mwaka huu.
HEA_02506,Health,Ministry of Health - Reproductive Health Unit advises residents of Siaya County to visit the nearest Huduma Centre for assistance to access subsidised healthcare.,Wizara ya Afya - Kitengo cha Afya ya Kuzaliana kinashauri wakazi wa Kaunti ya Siaya kutembelea Kituo cha Huduma kilicho karibu zaidi kwa msaada wa kupata huduma za afya zilizofadhiliwa.
HEA_02507,Health,Ministry of Health reminds the public in Isiolo County that access to outpatient services is now available at designated centres.,Wizara ya Afya inawakumbusha umma katika Kaunti ya Isiolo kwamba huduma za wagonjwa wa nje sasa zinapatikana katika vituo vilivyochaguliwa.
HEA_02508,Health,Notice: a free medical camp organised by CDC will be held in Nyamira County this August.,Taarifa: kambi ya matibabu ya bure iliyoandaliwa na CDC itafanyika katika Kaunti ya Nyamira Agosti hii.
HEA_02509,Health,KEMSA announces SHA registration for residents of Kilifi County starting this July.,KEMSA inatangaza usajili wa SHA kwa wakazi wa Wilaya ya Kilifi kuanzia Julai hii.
HEA_02510,Health,SHA (Social Health Authority) advises residents of Mandera County to confirm their facility is accredited before visiting to access subsidised healthcare.,SHA (Shirika la Afya ya Jamii) linawashauri wakazi wa Kaunti ya Mandera kuthibitisha kuwa kituo chao kimeidhinishwa kabla ya kutembelea ili kupata huduma ya afya ya ruzuku.
HEA_02511,Health,Division of Disease Surveillance and Response reminds the public in Mandera County that access to eye and dental camps is now available at designated centres.,Idara ya Ufuatiliaji na Jibu la Magonjwa inakumbusha umma katika Kaunti ya Mandera kwamba kufikia kambi za macho na meno sasa zinapatikana katika vituo vilivyoainishwa.
HEA_02512,Health,Kenya Red Cross advises residents of Wajir County to carry a valid national ID when seeking treatment to access subsidised healthcare.,Msalaba Mwekundu wa Kenya unashauri wakazi wa Kaunti ya Wajir kubeba kitambulisho halali cha kitaifa wakati wa kutafuta matibabu ili kupata huduma ya afya ya ruzuku.
HEA_02513,Health,Ministry of Health announces NHIF/SHA claims support for residents of Lamu County starting this December.,Wizara ya Afya yatangaza madai ya NHIF/SHA ya msaada kwa wakazi wa Kaunti ya Lamu kuanzia Desemba hii.
HEA_02514,Health,Kenya Medical Association reminds the public in Siaya County that access to eye and dental camps is now available at designated centres.,Chama cha Matibabu cha Kenya kinakumbusha umma katika Kaunti ya Siaya kwamba kufikia kambi za macho na meno sasa zinapatikana katika vituo vilivyochaguliwa.
HEA_02515,Health,Kenya Red Cross reminds the public in Laikipia County that access to free medical camps is now available at designated centres.,Msalaba Mwekundu wa Kenya unakumbusha umma katika Kaunti ya Laikipia kwamba kufikia kambi za matibabu za bure sasa zinapatikana katika vituo vilivyochaguliwa.
HEA_02516,Health,CDC advises residents of Taita-Taveta County to register for their health insurance cover to access subsidised healthcare.,CDC inashauri wakazi wa Wilaya ya Taita-Taveta kujiandikisha kwa bima yao ya afya ili kupata huduma za afya zilizofadhiliwa.
HEA_02517,Health,Notice: a free medical camp organised by Ministry of Health - Reproductive Health Unit will be held in Samburu County this June.,Taarifa: kambi ya matibabu ya bure iliyoandaliwa na Wizara ya Afya - Kitengo cha Afya ya Uzazi itafanyika katika Kaunti ya Samburu mwezi Juni huu.
HEA_02518,Health,KEMSA reminds the public in Narok County that access to subsidised dialysis is now available at designated centres.,KEMSA inawakumbusha umma katika Kaunti ya Narok kwamba upatikanaji wa dialysis ya ruzuku sasa unapatikana katika vituo vilivyochaguliwa.
HEA_02519,Health,Notice: a free medical camp organised by SHA (Social Health Authority) will be held in Kitui County this May.,Taarifa: kambi ya matibabu ya bure iliyoandaliwa na SHA (Huduma ya Afya ya Jamii) itafanyika katika Kaunti ya Kitui Mei hii.
HEA_02520,Health,Division of Disease Surveillance and Response reminds the public in Tana River County that access to subsidised dialysis is now available at designated centres.,Idara ya Ufuatiliaji na Jibu la Magonjwa inakumbusha umma katika Wilaya ya Tana River kwamba upatikanaji wa dialysis ya ruzuku sasa unapatikana katika vituo vilivyochaguliwa.
HEA_02521,Health,Kenya Red Cross reminds the public in Murang'a County that access to NHIF/SHA claims support is now available at designated centres.,Msalaba Mwekundu wa Kenya unakumbusha umma katika Kaunti ya Murang'a kwamba upatikanaji wa msaada wa madai ya NHIF/SHA sasa unapatikana katika vituo vilivyoainishwa.
HEA_02522,Health,KEMSA advises residents of Kilifi County to visit the nearest Huduma Centre for assistance to access subsidised healthcare.,KEMSA inashauri wakazi wa Wilaya ya Kilifi kutembelea Kituo cha Huduma cha karibu ili kupata msaada wa kupata huduma za afya zilizofadhiliwa.
HEA_02523,Health,CDC reminds the public in Nyandarua County that access to subsidised dialysis is now available at designated centres.,CDC inakumbusha umma katika Kaunti ya Nyandarua kwamba upatikanaji wa dialysis ya ruzuku sasa unapatikana katika vituo vilivyochaguliwa.
HEA_02524,Health,Notice: a free medical camp organised by SHA (Social Health Authority) will be held in Turkana County this May.,Taarifa: kambi ya matibabu ya bure iliyoandaliwa na Shirika la Afya ya Jamii (SHA) itafanyika katika Kaunti ya Turkana Mei hii.
HEA_02525,Health,SHA (Social Health Authority) advises residents of Nyeri County to confirm their facility is accredited before visiting to access subsidised healthcare.,SHA (Shirika la Afya ya Jamii) linawashauri wakazi wa Kaunti ya Nyeri kuthibitisha kuwa kituo chao kimeidhinishwa kabla ya kutembelea ili kupata huduma ya afya ya ruzuku.
HEA_02526,Health,KEMRI reminds the public in Isiolo County that access to NHIF/SHA claims support is now available at designated centres.,KEMRI inawakumbusha umma katika Wilaya ya Isiolo kwamba upatikanaji wa msaada wa madai ya NHIF/SHA sasa unapatikana katika vituo vilivyochaguliwa.
HEA_02527,Health,KEMRI announces free medical camps for residents of Homa Bay County starting this May.,KEMRI inatangaza kambi za matibabu za bure kwa wakazi wa Wilaya ya Homa Bay kuanzia Mei hii.
HEA_02528,Health,KEMRI announces free medical camps for residents of Bomet County starting this September.,KEMRI inatangaza kambi za matibabu za bure kwa wakazi wa Kaunti ya Bomet kuanzia Septemba hii.
HEA_02529,Health,Ministry of Health announces free medical camps for residents of Kericho County starting this September.,Wizara ya Afya yatangaza kambi za matibabu za bure kwa wakazi wa Kaunti ya Kericho kuanzia Septemba hii.
HEA_02530,Health,Ministry of Health - Reproductive Health Unit announces free medical camps for residents of Kwale County starting this June.,Wizara ya Afya - Kitengo cha Afya ya uzazi kinatangaza kambi za matibabu za bure kwa wakazi wa Kaunti ya Kwale kuanzia Juni hii.
HEA_02531,Health,Notice: a free medical camp organised by Kenya Medical Association will be held in Nairobi County this August.,Taarifa: kambi ya matibabu ya bure iliyoandaliwa na Chama cha Matibabu cha Kenya itafanyika katika Kaunti ya Nairobi Agosti hii.
HEA_02532,Health,Ministry of Health - Reproductive Health Unit advises residents of Nyeri County to register for their health insurance cover to access subsidised healthcare.,Wizara ya Afya - Kitengo cha Afya ya Kuzaliana kinashauri wakazi wa Kaunti ya Nyeri kujiandikisha kwa bima yao ya afya ili kupata huduma ya afya ya ruzuku.
HEA_02533,Health,Kenya Medical Association reminds the public in Nakuru County that access to SHA registration is now available at designated centres.,Chama cha Matibabu cha Kenya kinakumbusha umma katika Kaunti ya Nakuru kwamba upatikanaji wa usajili wa SHA sasa unapatikana katika vituo vilivyoainishwa.
HEA_02534,Health,Kenya Red Cross advises residents of Nairobi County to register for their health insurance cover to access subsidised healthcare.,Msalaba Mwekundu wa Kenya unawashauri wakazi wa Kaunti ya Nairobi kujiandikisha kwa bima yao ya afya ili kupata huduma ya afya iliyosaidiwa.
HEA_02535,Health,Notice: a free medical camp organised by SHA (Social Health Authority) will be held in Kitui County this December.,Taarifa: kambi ya matibabu ya bure iliyoandaliwa na SHA (Huduma ya Afya ya Jamii) itafanyika katika Kaunti ya Kitui Desemba hii.
HEA_02536,Health,Division of Disease Surveillance and Response announces NHIF/SHA claims support for residents of Isiolo County starting this September.,Idara ya Ufuatiliaji na Jibu la Magonjwa inatangaza msaada wa madai ya NHIF / SHA kwa wakazi wa Kaunti ya Isiolo kuanzia Septemba hii.
HEA_02537,Health,Notice: a free medical camp organised by Ministry of Health - Reproductive Health Unit will be held in Siaya County this December.,Taarifa: kambi ya matibabu ya bure iliyoandaliwa na Wizara ya Afya - Kitengo cha Afya ya Uzazi itafanyika katika Kaunti ya Siaya Desemba hii.
HEA_02538,Health,Division of Disease Surveillance and Response announces SHA registration for residents of Kilifi County starting this July.,Idara ya Ufuatiliaji na Jibu la Magonjwa inatangaza usajili wa SHA kwa wakazi wa Kaunti ya Kilifi kuanzia Julai hii.
HEA_02539,Health,Notice: a free medical camp organised by KEMRI will be held in Bomet County this November.,Taarifa: kambi ya matibabu ya bure iliyoandaliwa na KEMRI itafanyika katika Kaunti ya Bomet mwezi huu wa Novemba.
HEA_02540,Health,Ministry of Health announces subsidised dialysis for residents of Machakos County starting this March.,Wizara ya Afya yatangaza matibabu ya dialysis ya ruzuku kwa wakazi wa Kaunti ya Machakos kuanzia Machi hii.
HEA_02541,Health,KEMRI reminds the public in Migori County that access to NHIF/SHA claims support is now available at designated centres.,KEMRI inawakumbusha umma katika Wilaya ya Migori kwamba upatikanaji wa msaada wa madai ya NHIF/SHA sasa unapatikana katika vituo vilivyoainishwa.
HEA_02542,Health,KEMSA reminds the public in Nakuru County that access to eye and dental camps is now available at designated centres.,KEMSA inawakumbusha umma katika Kaunti ya Nakuru kwamba kufikia kambi za macho na meno sasa zinapatikana katika vituo vilivyochaguliwa.
HEA_02543,Health,Kenya Red Cross reminds the public in Mandera County that access to eye and dental camps is now available at designated centres.,Msalaba Mwekundu wa Kenya unakumbusha umma katika Kaunti ya Mandera kwamba kufikia kambi za macho na meno sasa zinapatikana katika vituo vilivyochaguliwa.
HEA_02544,Health,CDC announces free medical camps for residents of Nairobi County starting this December.,CDC inatangaza kambi za matibabu za bure kwa wakazi wa Kaunti ya Nairobi kuanzia Desemba hii.
HEA_02545,Health,Kenya Medical Association announces subsidised dialysis for residents of Lamu County starting this August.,Chama cha Matibabu cha Kenya kinatangaza upasuaji wa dialysis uliofadhiliwa kwa wakazi wa Kaunti ya Lamu kuanzia Agosti hii.
HEA_02546,Health,KEMSA advises residents of Kilifi County to carry a valid national ID when seeking treatment to access subsidised healthcare.,KEMSA inashauri wakazi wa Wilaya ya Kilifi kubeba kitambulisho halali cha kitaifa wakati wa kutafuta matibabu ili kupata huduma ya afya ya ruzuku.
HEA_02547,Health,KEMRI reminds the public in Siaya County that access to outpatient services is now available at designated centres.,KEMRI inawakumbusha umma katika Kaunti ya Siaya kwamba huduma za wagonjwa wa nje sasa zinapatikana katika vituo vilivyochaguliwa.
HEA_02548,Health,Kenya Red Cross advises residents of Kitui County to confirm their facility is accredited before visiting to access subsidised healthcare.,Msalaba Mwekundu wa Kenya unawashauri wakazi wa Wilaya ya Kitui kuthibitisha kuwa kituo chao kimeidhinishwa kabla ya kutembelea ili kupata huduma ya afya iliyosaidiwa.
HEA_02549,Health,Kenya Medical Association reminds the public in Bungoma County that access to subsidised dialysis is now available at designated centres.,Chama cha Matibabu cha Kenya kinakumbusha umma katika Kaunti ya Bungoma kwamba upatikanaji wa dialysis ya ruzuku sasa unapatikana katika vituo vilivyochaguliwa.
HEA_02550,Health,Kenya Red Cross reminds the public in Garissa County that access to SHA registration is now available at designated centres.,Msalaba Mwekundu wa Kenya unakumbusha umma katika Kaunti ya Garissa kwamba upatikanaji wa usajili wa SHA sasa unapatikana katika vituo vilivyoainishwa.
HEA_02551,Health,Notice: a free medical camp organised by Kenya Medical Association will be held in Nandi County this June.,Taarifa: kambi ya matibabu ya bure iliyoandaliwa na Chama cha Matibabu cha Kenya itafanyika katika Kaunti ya Nandi mwezi Juni huu.
HEA_02552,Health,Kenya Medical Association advises residents of Wajir County to confirm their facility is accredited before visiting to access subsidised healthcare.,Chama cha Matibabu cha Kenya kinashauri wakazi wa Kaunti ya Wajir kuthibitisha kuwa kituo chao kimeidhinishwa kabla ya kutembelea ili kupata huduma ya afya ya ruzuku.
HEA_02553,Health,Notice: a free medical camp organised by SHA (Social Health Authority) will be held in Turkana County this December.,Taarifa: kambi ya matibabu ya bure iliyoandaliwa na SHA (Huduma ya Afya ya Jamii) itafanyika katika Kaunti ya Turkana Desemba hii.
HEA_02554,Health,KEMSA reminds the public in Laikipia County that access to subsidised dialysis is now available at designated centres.,KEMSA inawakumbusha umma katika Kaunti ya Laikipia kwamba upatikanaji wa dialysis ya ruzuku sasa unapatikana katika vituo vilivyochaguliwa.
HEA_02555,Health,KEMRI reminds the public in Kwale County that access to NHIF/SHA claims support is now available at designated centres.,KEMRI inawakumbusha umma katika Kaunti ya Kwale kwamba upatikanaji wa msaada wa madai ya NHIF/SHA sasa unapatikana katika vituo vilivyochaguliwa.
HEA_02556,Health,Kenya Medical Association advises residents of Tana River County to carry a valid national ID when seeking treatment to access subsidised healthcare.,Chama cha Matibabu cha Kenya kinashauri wakazi wa Wilaya ya Tana River kubeba kitambulisho halali cha kitaifa wakati wa kutafuta matibabu ili kupata huduma ya afya ya ruzuku.
HEA_02557,Health,Notice: a free medical camp organised by Division of Disease Surveillance and Response will be held in Uasin Gishu County this July.,Taarifa: kambi ya matibabu ya bure iliyoandaliwa na Idara ya Ufuatiliaji na Jibu la Magonjwa itafanyika katika Kaunti ya Uasin Gishu Julai hii.
HEA_02558,Health,Kenya Medical Association reminds the public in Trans Nzoia County that access to SHA registration is now available at designated centres.,Chama cha Matibabu cha Kenya kinakumbusha umma katika Kaunti ya Trans Nzoia kwamba upatikanaji wa usajili wa SHA sasa unapatikana katika vituo vilivyoainishwa.
HEA_02559,Health,Notice: a free medical camp organised by Ministry of Health - Reproductive Health Unit will be held in Nairobi County this April.,Taarifa: kambi ya matibabu ya bure iliyoandaliwa na Wizara ya Afya - Kitengo cha Afya ya Uzazi itafanyika katika Kaunti ya Nairobi Aprili hii.
HEA_02560,Health,Notice: a free medical camp organised by Ministry of Health will be held in Kirinyaga County this August.,Taarifa: kambi ya matibabu ya bure iliyoandaliwa na Wizara ya Afya itafanyika katika Kaunti ya Kirinyaga Agosti hii.
HEA_02561,Health,KEMRI reminds the public in Kakamega County that access to subsidised dialysis is now available at designated centres.,KEMRI inawakumbusha umma katika Kaunti ya Kakamega kwamba upatikanaji wa dialysis ya ruzuku sasa unapatikana katika vituo vilivyochaguliwa.
HEA_02562,Health,SHA (Social Health Authority) advises residents of Busia County to carry a valid national ID when seeking treatment to access subsidised healthcare.,SHA (Shirika la Afya ya Jamii) linawashauri wakazi wa Kaunti ya Busia kubeba kitambulisho halali cha kitaifa wakati wa kutafuta matibabu ili kupata huduma ya afya ya ruzuku.
HEA_02563,Health,CDC advises residents of Kwale County to register for their health insurance cover to access subsidised healthcare.,CDC inashauri wakazi wa Kaunti ya Kwale kujiandikisha kwa bima yao ya afya ili kupata huduma ya afya ya ruzuku.
HEA_02564,Health,SHA (Social Health Authority) reminds the public in Nyamira County that access to NHIF/SHA claims support is now available at designated centres.,SHA (Huduma ya Afya ya Jamii) inawakumbusha umma katika Kaunti ya Nyamira kwamba upatikanaji wa msaada wa madai ya NHIF/SHA sasa unapatikana katika vituo vilivyochaguliwa.
HEA_02565,Health,Ministry of Health announces NHIF/SHA claims support for residents of Kajiado County starting this April.,Wizara ya Afya yatangaza madai ya NHIF/SHA ya msaada kwa wakazi wa Kajiado County kuanzia Aprili hii.
HEA_02566,Health,KEMSA advises residents of Kericho County to visit the nearest Huduma Centre for assistance to access subsidised healthcare.,KEMSA inashauri wakazi wa Kaunti ya Kericho kutembelea Kituo cha Huduma cha karibu ili kupata msaada wa kupata huduma za afya zilizofadhiliwa.
HEA_02567,Health,Notice: a free medical camp organised by KEMSA will be held in West Pokot County this June.,Taarifa: kambi ya matibabu ya bure iliyoandaliwa na KEMSA itafanyika katika Kaunti ya Pokot Magharibi mwezi huu wa Juni.
HEA_02568,Health,KEMRI reminds the public in Bomet County that access to free medical camps is now available at designated centres.,KEMRI inawakumbusha umma katika Kaunti ya Bomet kwamba kufikia kambi za matibabu za bure sasa zinapatikana katika vituo vilivyoainishwa.
HEA_02569,Health,Ministry of Health announces SHA registration for residents of Kwale County starting this September.,Wizara ya Afya yatangaza usajili wa SHA kwa wakazi wa Kaunti ya Kwale kuanzia Septemba hii.
HEA_02570,Health,Ministry of Health - Reproductive Health Unit reminds the public in Kilifi County that access to NHIF/SHA claims support is now available at designated centres.,Wizara ya Afya - Kitengo cha Afya ya Kuzaliana kinakumbusha umma katika Kaunti ya Kilifi kwamba upatikanaji wa msaada wa madai ya NHIF/SHA sasa unapatikana katika vituo vilivyoainishwa.
HEA_02571,Health,Notice: a free medical camp organised by Ministry of Health will be held in Kitui County this November.,Taarifa: kambi ya matibabu ya bure iliyoandaliwa na Wizara ya Afya itafanyika katika Kaunti ya Kitui mwezi huu wa Novemba.
HEA_02572,Health,Ministry of Health advises residents of Nyandarua County to register for their health insurance cover to access subsidised healthcare.,Wizara ya Afya inawashauri wakazi wa Kaunti ya Nyandarua kujiandikisha kwa bima yao ya afya ili kupata huduma za afya zilizofadhiliwa.
HEA_02573,Health,Kenya Medical Association reminds the public in Mandera County that access to NHIF/SHA claims support is now available at designated centres.,Chama cha Matibabu cha Kenya kinakumbusha umma katika Kaunti ya Mandera kwamba upatikanaji wa msaada wa madai ya NHIF / SHA sasa unapatikana katika vituo vilivyoainishwa.
HEA_02574,Health,SHA (Social Health Authority) announces eye and dental camps for residents of Lamu County starting this September.,Shirika la Afya ya Jamii (SHA) linatangaza kambi za macho na meno kwa wakazi wa Kaunti ya Lamu kuanzia Septemba hii.
HEA_02575,Health,Ministry of Health reminds the public in Mombasa County that access to subsidised dialysis is now available at designated centres.,Wizara ya Afya inawakumbusha umma katika Kaunti ya Mombasa kwamba upatikanaji wa dialysis ya ruzuku sasa unapatikana katika vituo vilivyochaguliwa.
HEA_02576,Health,SHA (Social Health Authority) advises residents of Vihiga County to visit the nearest Huduma Centre for assistance to access subsidised healthcare.,SHA (Shirika la Afya ya Jamii) linawashauri wakazi wa Kaunti ya Vihiga kutembelea Kituo cha Huduma cha karibu ili kupata msaada wa kupata huduma za afya zilizofadhiliwa.
HEA_02577,Health,Notice: a free medical camp organised by Division of Disease Surveillance and Response will be held in Elgeyo-Marakwet County this September.,Taarifa: kambi ya matibabu ya bure iliyoandaliwa na Idara ya Ufuatiliaji na Jibu la Magonjwa itafanyika katika Kaunti ya Elgeyo-Marakwet mwezi huu wa Septemba.
HEA_02578,Health,Kenya Red Cross announces free medical camps for residents of Nyandarua County starting this August.,Kenya Red Cross inatangaza kambi za matibabu za bure kwa wakazi wa Kaunti ya Nyandarua kuanzia Agosti hii.
HEA_02579,Health,Kenya Red Cross announces outpatient services for residents of Kisumu County starting this October.,Kenya Red Cross inatangaza huduma za nje kwa wakazi wa Kaunti ya Kisumu kuanzia Oktoba hii.
HEA_02580,Health,Kenya Red Cross reminds the public in Elgeyo-Marakwet County that access to free medical camps is now available at designated centres.,Msalaba Mwekundu wa Kenya unakumbusha umma katika Kaunti ya Elgeyo-Marakwet kwamba kufikia kambi za matibabu za bure sasa zinapatikana katika vituo vilivyochaguliwa.
HEA_02581,Health,CDC reminds the public in Nyandarua County that access to NHIF/SHA claims support is now available at designated centres.,CDC inakumbusha umma katika Kaunti ya Nyandarua kwamba upatikanaji wa msaada wa madai ya NHIF / SHA sasa unapatikana katika vituo vilivyoainishwa.
HEA_02582,Health,Kenya Medical Association advises residents of Kwale County to confirm their facility is accredited before visiting to access subsidised healthcare.,Chama cha Matibabu cha Kenya kinashauri wakazi wa Kaunti ya Kwale kuthibitisha kuwa kituo chao kimeidhinishwa kabla ya kutembelea ili kupata huduma ya afya ya ruzuku.
HEA_02583,Health,Notice: a free medical camp organised by CDC will be held in Nyamira County this February.,Taarifa: kambi ya matibabu ya bure iliyoandaliwa na CDC itafanyika katika Kaunti ya Nyamira Februari hii.
HEA_02584,Health,KEMRI reminds the public in Kakamega County that access to outpatient services is now available at designated centres.,KEMRI inawakumbusha umma katika Kaunti ya Kakamega kwamba huduma za wagonjwa wa nje sasa zinapatikana katika vituo vilivyochaguliwa.
HEA_02585,Health,Ministry of Health - Reproductive Health Unit advises residents of West Pokot County to register for their health insurance cover to access subsidised healthcare.,Wizara ya Afya - Kitengo cha Afya ya Kuzaliana kinashauri wakazi wa Kaunti ya West Pokot kujiandikisha kwa bima yao ya afya ili kupata huduma za afya zilizofadhiliwa.
HEA_02586,Health,Notice: a free medical camp organised by Division of Disease Surveillance and Response will be held in Marsabit County this November.,Taarifa: kambi ya matibabu ya bure iliyoandaliwa na Idara ya Ufuatiliaji na Jibu la Magonjwa itafanyika katika Kaunti ya Marsabit mwezi huu wa Novemba.
HEA_02587,Health,SHA (Social Health Authority) announces free medical camps for residents of Bomet County starting this March.,Shirika la Afya ya Jamii (SHA) linatangaza kambi za matibabu za bure kwa wakazi wa Kaunti ya Bomet kuanzia Machi hii.
HEA_02588,Health,KEMRI reminds the public in Taita-Taveta County that access to outpatient services is now available at designated centres.,KEMRI inawakumbusha umma katika Wilaya ya Taita-Taveta kwamba huduma za wagonjwa wa nje sasa zinapatikana katika vituo vilivyochaguliwa.
HEA_02589,Health,CDC reminds the public in Nairobi County that access to free medical camps is now available at designated centres.,CDC inakumbusha umma katika Kaunti ya Nairobi kwamba upatikanaji wa kambi za matibabu za bure sasa zinapatikana katika vituo vilivyochaguliwa.
HEA_02590,Health,Ministry of Health - Reproductive Health Unit announces NHIF/SHA claims support for residents of Makueni County starting this July.,Wizara ya Afya - Kitengo cha Afya ya Uzazi kinatangaza kwamba NHIF/SHA inadai msaada kwa wakazi wa Kaunti ya Makueni kuanzia Julai hii.
HEA_02591,Health,Notice: a free medical camp organised by KEMSA will be held in Kilifi County this June.,Taarifa: kambi ya matibabu ya bure iliyoandaliwa na KEMSA itafanyika katika Kaunti ya Kilifi Juni hii.
HEA_02592,Health,Ministry of Health reminds the public in Nyandarua County that access to free medical camps is now available at designated centres.,Wizara ya Afya inawakumbusha umma katika Kaunti ya Nyandarua kwamba sasa upatikanaji wa kambi za matibabu za bure zinapatikana katika vituo vilivyochaguliwa.
HEA_02593,Health,CDC reminds the public in Nakuru County that access to eye and dental camps is now available at designated centres.,CDC inakumbusha umma katika Kaunti ya Nakuru kwamba upatikanaji wa kambi za macho na meno sasa unapatikana katika vituo vilivyoainishwa.
HEA_02594,Health,Division of Disease Surveillance and Response advises residents of Baringo County to confirm their facility is accredited before visiting to access subsidised healthcare.,Idara ya Ufuatiliaji na Jibu la Magonjwa inashauri wakazi wa Kaunti ya Baringo kuthibitisha kuwa kituo chao kimeidhinishwa kabla ya kutembelea ili kupata huduma ya afya ya ruzuku.
HEA_02595,Health,SHA (Social Health Authority) announces SHA registration for residents of Elgeyo-Marakwet County starting this December.,Shirika la Afya ya Jamii (SHA) linatangaza usajili wa Shirika la Afya ya Jamii kwa wakazi wa Kaunti ya Elgeyo-Marakwet kuanzia Desemba hii.
HEA_02596,Health,KEMSA reminds the public in Mombasa County that access to subsidised dialysis is now available at designated centres.,KEMSA inawakumbusha umma katika Kaunti ya Mombasa kwamba upatikanaji wa dialysis ya ruzuku sasa unapatikana katika vituo vilivyochaguliwa.
HEA_02597,Health,KEMSA announces SHA registration for residents of Tharaka-Nithi County starting this August.,KEMSA yatangaza usajili wa SHA kwa wakazi wa Kaunti ya Tharaka-Nithi kuanzia Agosti hii.
HEA_02598,Health,Kenya Medical Association announces eye and dental camps for residents of Nakuru County starting this March.,Chama cha Matibabu cha Kenya kinatangaza kambi za matibabu ya macho na meno kwa wakazi wa Kaunti ya Nakuru kuanzia Machi hii.
HEA_02599,Health,KEMSA reminds the public in Bomet County that access to outpatient services is now available at designated centres.,KEMSA inawakumbusha umma katika Kaunti ya Bomet kwamba kufikia huduma za wagonjwa wa nje sasa zinapatikana katika vituo vilivyochaguliwa.
HEA_02600,Health,Kenya Red Cross announces NHIF/SHA claims support for residents of Wajir County starting this July.,Kenya Red Cross inatangaza NHIF/SHA inadai msaada kwa wakazi wa Kaunti ya Wajir kuanzia Julai hii.
HEA_02601,Health,Notice: a free medical camp organised by CDC will be held in Murang'a County this October.,Taarifa: kambi ya matibabu ya bure iliyoandaliwa na CDC itafanyika katika Kaunti ya Murang'a mwezi huu wa Oktoba.
HEA_02602,Health,Notice: a free medical camp organised by KEMSA will be held in Marsabit County this May.,Taarifa: kambi ya matibabu ya bure iliyoandaliwa na KEMSA itafanyika katika Kaunti ya Marsabit Mei hii.
HEA_02603,Health,Division of Disease Surveillance and Response advises residents of Kajiado County to carry a valid national ID when seeking treatment to access subsidised healthcare.,Idara ya Ufuatiliaji na Jibu la Magonjwa inashauri wakazi wa Kajiado County kubeba kitambulisho halali cha kitaifa wakati wa kutafuta matibabu ili kupata huduma ya afya ya ruzuku.
HEA_02604,Health,Ministry of Health - Reproductive Health Unit reminds the public in Embu County that access to eye and dental camps is now available at designated centres.,Wizara ya Afya - Kitengo cha Afya ya Kuzaliana kinakumbusha umma katika Kaunti ya Embu kwamba kufikia kambi za macho na meno sasa zinapatikana katika vituo vilivyochaguliwa.
HEA_02605,Health,KEMSA advises residents of Kajiado County to confirm their facility is accredited before visiting to access subsidised healthcare.,KEMSA inashauri wakazi wa Kajiado County kuthibitisha kuwa kituo chao kimeidhinishwa kabla ya kutembelea ili kupata huduma ya afya ya ruzuku.
HEA_02606,Health,Division of Disease Surveillance and Response announces free medical camps for residents of Uasin Gishu County starting this March.,Idara ya Ufuatiliaji na Jibu la Magonjwa inatangaza kambi za matibabu za bure kwa wakazi wa Kaunti ya Uasin Gishu kuanzia Machi hii.
HEA_02607,Health,SHA (Social Health Authority) reminds the public in Mombasa County that access to eye and dental camps is now available at designated centres.,Shirika la Afya ya Jamii (SHA) linakumbusha umma katika Kaunti ya Mombasa kwamba kufikia kambi za macho na meno sasa zinapatikana katika vituo vilivyochaguliwa.
HEA_02608,Health,KEMRI advises residents of Kisii County to confirm their facility is accredited before visiting to access subsidised healthcare.,KEMRI inashauri wakazi wa Kaunti ya Kisii kuthibitisha kuwa kituo chao kimeidhinishwa kabla ya kutembelea ili kupata huduma ya afya ya ruzuku.
HEA_02609,Health,Notice: a free medical camp organised by SHA (Social Health Authority) will be held in Tana River County this October.,Taarifa: kambi ya matibabu ya bure iliyoandaliwa na SHA (Huduma ya Afya ya Jamii) itafanyika katika Wilaya ya Tana River mwezi huu wa Oktoba.
HEA_02610,Health,KEMSA reminds the public in Lamu County that access to eye and dental camps is now available at designated centres.,KEMSA inawakumbusha umma katika Kaunti ya Lamu kwamba upatikanaji wa kambi za macho na meno sasa unapatikana katika vituo vilivyochaguliwa.
HEA_02611,Health,Division of Disease Surveillance and Response advises residents of Siaya County to visit the nearest Huduma Centre for assistance to access subsidised healthcare.,Idara ya Ufuatiliaji na Jibu la Magonjwa inashauri wakazi wa Kaunti ya Siaya kutembelea Kituo cha Huduma cha karibu ili kupata msaada wa kupata huduma za afya zilizofadhiliwa.
HEA_02612,Health,Notice: a free medical camp organised by Kenya Red Cross will be held in Elgeyo-Marakwet County this October.,Taarifa: kambi ya matibabu ya bure iliyoandaliwa na Msalaba Mwekundu wa Kenya itafanyika katika Kaunti ya Elgeyo-Marakwet mwezi huu wa Oktoba.
HEA_02613,Health,Notice: a free medical camp organised by Division of Disease Surveillance and Response will be held in Busia County this July.,Taarifa: kambi ya matibabu ya bure iliyoandaliwa na Idara ya Ufuatiliaji na Jibu la Magonjwa itafanyika katika Kaunti ya Busia mwezi huu wa Julai.
HEA_02614,Health,Notice: a free medical camp organised by CDC will be held in Kericho County this November.,Taarifa: kambi ya matibabu ya bure iliyoandaliwa na CDC itafanyika katika Kaunti ya Kericho mwezi huu wa Novemba.
HEA_02615,Health,SHA (Social Health Authority) advises residents of Vihiga County to register for their health insurance cover to access subsidised healthcare.,SHA (Shirika la Afya ya Jamii) linawashauri wakazi wa Kaunti ya Vihiga kujiandikisha kwa bima yao ya afya ili kupata huduma ya afya ya ruzuku.
HEA_02616,Health,Kenya Red Cross advises residents of Meru County to register for their health insurance cover to access subsidised healthcare.,Kenya Red Cross inawashauri wakazi wa Kaunti ya Meru kujiandikisha kwa bima yao ya afya ili kupata huduma za afya zilizofadhiliwa.
HEA_02617,Health,CDC advises residents of Vihiga County to confirm their facility is accredited before visiting to access subsidised healthcare.,CDC inashauri wakazi wa Kaunti ya Vihiga kuthibitisha kuwa kituo chao kimeidhinishwa kabla ya kutembelea ili kupata huduma ya afya ya ruzuku.
HEA_02618,Health,Notice: a free medical camp organised by Kenya Red Cross will be held in Busia County this November.,Taarifa: kambi ya matibabu ya bure iliyoandaliwa na Msalaba Mwekundu wa Kenya itafanyika katika Kaunti ya Busia mwezi huu wa Novemba.
HEA_02619,Health,KEMRI reminds the public in Isiolo County that access to free medical camps is now available at designated centres.,KEMRI inawakumbusha umma katika Kaunti ya Isiolo kwamba kufikia kambi za matibabu za bure sasa zinapatikana katika vituo vilivyoainishwa.
HEA_02620,Health,SHA (Social Health Authority) advises residents of Busia County to visit the nearest Huduma Centre for assistance to access subsidised healthcare.,SHA (Shirika la Afya ya Jamii) linawashauri wakazi wa Kaunti ya Busia kutembelea Kituo cha Huduma kilicho karibu zaidi ili kupata msaada wa kupata huduma za afya zilizofadhiliwa.
HEA_02621,Health,Ministry of Health - Reproductive Health Unit advises residents of Mombasa County to register for their health insurance cover to access subsidised healthcare.,Wizara ya Afya - Kitengo cha Afya ya Kuzaliana kinashauri wakazi wa Kaunti ya Mombasa kujiandikisha kwa bima yao ya afya ili kupata huduma za afya zilizofadhiliwa.
HEA_02622,Health,KEMSA announces outpatient services for residents of Narok County starting this August.,KEMSA inatangaza huduma za nje kwa wakazi wa Kaunti ya Narok kuanzia Agosti hii.
HEA_02623,Health,Division of Disease Surveillance and Response reminds the public in Kirinyaga County that access to SHA registration is now available at designated centres.,Idara ya Ufuatiliaji na Jibu la Magonjwa inakumbusha umma katika Kaunti ya Kirinyaga kwamba upatikanaji wa usajili wa SHA sasa unapatikana katika vituo vilivyoainishwa.
HEA_02624,Health,CDC advises residents of Trans Nzoia County to confirm their facility is accredited before visiting to access subsidised healthcare.,CDC inashauri wakazi wa Kaunti ya Trans Nzoia kuthibitisha kuwa kituo chao kimeidhinishwa kabla ya kutembelea ili kupata huduma ya afya ya ruzuku.
HEA_02625,Health,Division of Disease Surveillance and Response reminds the public in Kirinyaga County that access to NHIF/SHA claims support is now available at designated centres.,Idara ya Ufuatiliaji na Jibu la Magonjwa inawakumbusha umma katika Kaunti ya Kirinyaga kwamba upatikanaji wa msaada wa madai ya NHIF / SHA sasa unapatikana katika vituo vilivyoainishwa.
HEA_02626,Health,KEMRI announces NHIF/SHA claims support for residents of Isiolo County starting this November.,KEMRI inatangaza msaada wa madai ya NHIF/SHA kwa wakazi wa Kaunti ya Isiolo kuanzia Novemba hii.
HEA_02627,Health,Kenya Medical Association advises residents of Bomet County to confirm their facility is accredited before visiting to access subsidised healthcare.,Chama cha Matibabu cha Kenya kinashauri wakazi wa Kaunti ya Bomet kuthibitisha kuwa kituo chao kimeidhinishwa kabla ya kutembelea ili kupata huduma ya afya ya ruzuku.
HEA_02628,Health,Notice: a free medical camp organised by SHA (Social Health Authority) will be held in Bomet County this July.,Taarifa: kambi ya matibabu ya bure iliyoandaliwa na SHA (Huduma ya Afya ya Jamii) itafanyika katika Kaunti ya Bomet mwezi huu wa Julai.
HEA_02629,Health,Notice: a free medical camp organised by KEMSA will be held in Kwale County this June.,Taarifa: kambi ya matibabu ya bure iliyoandaliwa na KEMSA itafanyika katika Kaunti ya Kwale mwezi Juni huu.
HEA_02630,Health,Division of Disease Surveillance and Response reminds the public in Nairobi County that access to free medical camps is now available at designated centres.,Idara ya Ufuatiliaji na Jibu la Magonjwa inawakumbusha umma katika Kaunti ya Nairobi kwamba kufikia kambi za matibabu za bure sasa zinapatikana katika vituo vilivyoainishwa.
HEA_02631,Health,Kenya Medical Association advises residents of West Pokot County to register for their health insurance cover to access subsidised healthcare.,Chama cha Matibabu cha Kenya kinashauri wakazi wa Kaunti ya West Pokot kujiandikisha kwa bima yao ya afya ili kupata huduma ya afya ya ruzuku.
HEA_02632,Health,Ministry of Health - Reproductive Health Unit advises residents of West Pokot County to visit the nearest Huduma Centre for assistance to access subsidised healthcare.,Wizara ya Afya - Kitengo cha Afya ya Kuzaa kinashauri wakazi wa Kaunti ya West Pokot watembelee Kituo cha Huduma kilicho karibu zaidi ili kupata msaada wa kupata huduma za afya zilizofadhiliwa.
HEA_02633,Health,Kenya Red Cross announces NHIF/SHA claims support for residents of Kiambu County starting this February.,Kenya Red Cross inatangaza NHIF/SHA inadai msaada kwa wakazi wa Kaunti ya Kiambu kuanzia Februari hii.
HEA_02634,Health,Notice: a free medical camp organised by CDC will be held in Mombasa County this October.,Taarifa: kambi ya matibabu ya bure iliyoandaliwa na CDC itafanyika katika Kaunti ya Mombasa mwezi huu wa Oktoba.
HEA_02635,Health,Notice: a free medical camp organised by Ministry of Health will be held in Kisumu County this May.,Taarifa: kambi ya matibabu ya bure iliyoandaliwa na Wizara ya Afya itafanyika katika Kaunti ya Kisumu Mei hii.
HEA_02636,Health,Kenya Medical Association reminds the public in Kilifi County that access to eye and dental camps is now available at designated centres.,Chama cha Matibabu cha Kenya kinakumbusha umma katika Kaunti ya Kilifi kwamba kufikia kambi za macho na meno sasa zinapatikana katika vituo vilivyochaguliwa.
HEA_02637,Health,Notice: a free medical camp organised by Kenya Red Cross will be held in Siaya County this January.,Taarifa: kambi ya matibabu ya bure iliyoandaliwa na Msalaba Mwekundu wa Kenya itafanyika katika Kaunti ya Siaya Januari hii.
HEA_02638,Health,Ministry of Health - Reproductive Health Unit announces outpatient services for residents of Bungoma County starting this November.,Wizara ya Afya - Kitengo cha Afya ya uzazi kinatangaza huduma za nje kwa wakazi wa Kaunti ya Bungoma kuanzia Novemba hii.
HEA_02639,Health,KEMSA reminds the public in Laikipia County that access to eye and dental camps is now available at designated centres.,KEMSA inawakumbusha umma katika Kaunti ya Laikipia kwamba upatikanaji wa kambi za macho na meno sasa unapatikana katika vituo vilivyochaguliwa.
HEA_02640,Health,Ministry of Health announces subsidised dialysis for residents of West Pokot County starting this January.,Wizara ya Afya yatangaza upasuaji wa dialysis wa ruzuku kwa wakazi wa Kaunti ya Pokot Magharibi kuanzia Januari hii.
HEA_02641,Health,KEMSA advises residents of Mandera County to confirm their facility is accredited before visiting to access subsidised healthcare.,KEMSA inashauri wakazi wa Kaunti ya Mandera kuthibitisha kuwa kituo chao kimeidhinishwa kabla ya kutembelea ili kupata huduma ya afya ya ruzuku.
HEA_02642,Health,Ministry of Health announces eye and dental camps for residents of Nandi County starting this November.,Wizara ya Afya yatangaza kambi za macho na meno kwa wakazi wa Kaunti ya Nandi kuanzia Novemba hii.
HEA_02643,Health,Division of Disease Surveillance and Response announces NHIF/SHA claims support for residents of Garissa County starting this September.,Idara ya Ufuatiliaji na Jibu la Magonjwa inatangaza msaada wa madai ya NHIF / SHA kwa wakazi wa Kaunti ya Garissa kuanzia Septemba hii.
HEA_02644,Health,Ministry of Health advises residents of Kiambu County to carry a valid national ID when seeking treatment to access subsidised healthcare.,Wizara ya Afya inashauri wakazi wa Kaunti ya Kiambu kubeba kitambulisho halali cha kitaifa wakati wa kutafuta matibabu ili kupata huduma ya afya ya ruzuku.
HEA_02645,Health,Division of Disease Surveillance and Response advises residents of Kajiado County to confirm their facility is accredited before visiting to access subsidised healthcare.,Idara ya Ufuatiliaji na Jibu la Magonjwa inashauri wakazi wa Kajiado County kuthibitisha kuwa kituo chao kimeidhinishwa kabla ya kutembelea ili kupata huduma ya afya ya ruzuku.
HEA_02646,Health,Ministry of Health reminds the public in Lamu County that access to subsidised dialysis is now available at designated centres.,Wizara ya Afya inawakumbusha umma katika Kaunti ya Lamu kwamba upatikanaji wa dialysis ya ruzuku sasa unapatikana katika vituo vilivyochaguliwa.
HEA_02647,Health,Kenya Red Cross advises residents of Taita-Taveta County to confirm their facility is accredited before visiting to access subsidised healthcare.,Msalaba Mwekundu wa Kenya unawashauri wakazi wa Wilaya ya Taita-Taveta kuthibitisha kuwa kituo chao kimeidhinishwa kabla ya kutembelea ili kupata huduma ya afya ya ruzuku.
HEA_02648,Health,Kenya Red Cross announces eye and dental camps for residents of Bungoma County starting this April.,Kenya Red Cross inatangaza kambi za macho na meno kwa wakazi wa Kaunti ya Bungoma kuanzia Aprili hii.
HEA_02649,Health,KEMSA reminds the public in Siaya County that access to SHA registration is now available at designated centres.,KEMSA inawakumbusha umma katika Kaunti ya Siaya kwamba upatikanaji wa usajili wa SHA sasa unapatikana katika vituo vilivyoainishwa.
HEA_02650,Health,Notice: a free medical camp organised by Kenya Red Cross will be held in Bomet County this June.,Taarifa: kambi ya matibabu ya bure iliyoandaliwa na Msalaba Mwekundu wa Kenya itafanyika katika Kaunti ya Bomet mwezi Juni huu.
HEA_02651,Health,Division of Disease Surveillance and Response announces eye and dental camps for residents of Baringo County starting this October.,Idara ya Ufuatiliaji na Jibu la Magonjwa inatangaza kambi za macho na meno kwa wakazi wa Kaunti ya Baringo kuanzia Oktoba hii.
HEA_02652,Health,Ministry of Health - Reproductive Health Unit announces SHA registration for residents of Taita-Taveta County starting this February.,Wizara ya Afya - Kitengo cha Afya ya Uzazi kinatangaza usajili wa SHA kwa wakazi wa Kaunti ya Taita-Taveta kuanzia Februari hii.
HEA_02653,Health,SHA (Social Health Authority) advises residents of Meru County to register for their health insurance cover to access subsidised healthcare.,SHA (Huduma ya Afya ya Jamii) inashauri wakazi wa Kaunti ya Meru kujiandikisha kwa bima yao ya afya ili kupata huduma ya afya ya ruzuku.
HEA_02654,Health,Ministry of Health advises residents of Embu County to carry a valid national ID when seeking treatment to access subsidised healthcare.,Wizara ya Afya inashauri wakazi wa Kaunti ya Embu kubeba kitambulisho halali cha kitaifa wakati wa kutafuta matibabu ili kupata huduma ya afya ya ruzuku.
HEA_02655,Health,SHA (Social Health Authority) reminds the public in Nairobi County that access to NHIF/SHA claims support is now available at designated centres.,SHA (Huduma ya Afya ya Jamii) inawakumbusha umma katika Kaunti ya Nairobi kwamba upatikanaji wa msaada wa madai ya NHIF/SHA sasa unapatikana katika vituo vilivyochaguliwa.
HEA_02656,Health,KEMSA advises residents of Kirinyaga County to confirm their facility is accredited before visiting to access subsidised healthcare.,KEMSA inashauri wakazi wa Kaunti ya Kirinyaga kuthibitisha kuwa kituo chao kimeidhinishwa kabla ya kutembelea ili kupata huduma ya afya ya ruzuku.
HEA_02657,Health,Notice: a free medical camp organised by KEMSA will be held in Nyandarua County this March.,Taarifa: kambi ya matibabu ya bure iliyoandaliwa na KEMSA itafanyika katika Kaunti ya Nyandarua Machi hii.
HEA_02658,Health,Notice: a free medical camp organised by Kenya Medical Association will be held in Kitui County this April.,Taarifa: kambi ya matibabu ya bure iliyoandaliwa na Chama cha Matibabu cha Kenya itafanyika katika Kaunti ya Kitui Aprili hii.
HEA_02659,Health,Notice: a free medical camp organised by KEMRI will be held in Meru County this May.,Taarifa: kambi ya matibabu ya bure iliyoandaliwa na KEMRI itafanyika katika Kaunti ya Meru Mei hii.
HEA_02660,Health,Notice: a free medical camp organised by Ministry of Health - Reproductive Health Unit will be held in Makueni County this February.,Taarifa: kambi ya matibabu ya bure iliyoandaliwa na Wizara ya Afya - Kitengo cha Afya ya Uzazi itafanyika katika Kaunti ya Makueni Februari hii.
HEA_02661,Health,Division of Disease Surveillance and Response reminds the public in Vihiga County that access to NHIF/SHA claims support is now available at designated centres.,Idara ya Ufuatiliaji na Jibu la Magonjwa inawakumbusha umma katika Kaunti ya Vihiga kwamba upatikanaji wa msaada wa madai ya NHIF / SHA sasa unapatikana katika vituo vilivyoainishwa.
HEA_02662,Health,KEMSA reminds the public in Kilifi County that access to outpatient services is now available at designated centres.,KEMSA inawakumbusha umma katika Kaunti ya Kilifi kwamba huduma za wagonjwa wa nje sasa zinapatikana katika vituo vilivyochaguliwa.
HEA_02663,Health,CDC advises residents of Kakamega County to confirm their facility is accredited before visiting to access subsidised healthcare.,CDC inashauri wakazi wa Kaunti ya Kakamega kuthibitisha kuwa kituo chao kimeidhinishwa kabla ya kutembelea ili kupata huduma ya afya ya ruzuku.
HEA_02664,Health,Notice: a free medical camp organised by Kenya Red Cross will be held in Embu County this June.,Taarifa: kambi ya matibabu ya bure iliyoandaliwa na Msalaba Mwekundu wa Kenya itafanyika katika Kaunti ya Embu mwezi Juni huu.
HEA_02665,Health,Notice: a free medical camp organised by SHA (Social Health Authority) will be held in Narok County this April.,Taarifa: kambi ya matibabu ya bure iliyoandaliwa na SHA (Huduma ya Afya ya Jamii) itafanyika katika Kaunti ya Narok Aprili hii.
HEA_02666,Health,Notice: a free medical camp organised by KEMRI will be held in Baringo County this May.,Taarifa: kambi ya matibabu ya bure iliyoandaliwa na KEMRI itafanyika katika Kaunti ya Baringo Mei hii.
HEA_02667,Health,SHA (Social Health Authority) announces eye and dental camps for residents of Kajiado County starting this November.,Shirika la Afya ya Jamii (SHA) linatangaza kambi za macho na meno kwa wakazi wa Kajiado County kuanzia Novemba hii.
HEA_02668,Health,Ministry of Health - Reproductive Health Unit advises residents of Mandera County to carry a valid national ID when seeking treatment to access subsidised healthcare.,Wizara ya Afya - Kitengo cha Afya ya Kuzaliana kinashauri wakazi wa Kaunti ya Mandera kubeba kitambulisho halali cha kitaifa wakati wa kutafuta matibabu ili kupata huduma za afya zilizofadhiliwa.
HEA_02669,Health,Notice: a free medical camp organised by Kenya Medical Association will be held in Homa Bay County this October.,Taarifa: kambi ya matibabu ya bure iliyoandaliwa na Chama cha Matibabu cha Kenya itafanyika katika Kaunti ya Homa Bay mwezi huu wa Oktoba.
HEA_02670,Health,Division of Disease Surveillance and Response announces eye and dental camps for residents of Kisii County starting this February.,Idara ya Ufuatiliaji na Jibu la Magonjwa inatangaza kambi za macho na meno kwa wakazi wa Kaunti ya Kisii kuanzia Februari hii.
HEA_02671,Health,Notice: a free medical camp organised by Ministry of Health will be held in Isiolo County this July.,Taarifa: kambi ya matibabu ya bure iliyoandaliwa na Wizara ya Afya itafanyika katika Wilaya ya Isiolo mwezi huu wa Julai.
HEA_02672,Health,Division of Disease Surveillance and Response reminds the public in Kiambu County that access to SHA registration is now available at designated centres.,Idara ya Ufuatiliaji na Jibu la Magonjwa inakumbusha umma katika Kaunti ya Kiambu kwamba upatikanaji wa usajili wa SHA sasa unapatikana katika vituo vilivyoainishwa.
HEA_02673,Health,Division of Disease Surveillance and Response advises residents of Kirinyaga County to confirm their facility is accredited before visiting to access subsidised healthcare.,Idara ya Ufuatiliaji na Jibu la Magonjwa inashauri wakazi wa Kaunti ya Kirinyaga kuthibitisha kuwa kituo chao kimeidhinishwa kabla ya kutembelea ili kupata huduma za afya zilizofadhiliwa.
HEA_02674,Health,Ministry of Health advises residents of Nandi County to confirm their facility is accredited before visiting to access subsidised healthcare.,Wizara ya Afya inawashauri wakazi wa Kaunti ya Nandi kuthibitisha kuwa kituo chao kimeidhinishwa kabla ya kutembelea ili kupata huduma za afya zilizofadhiliwa.
HEA_02675,Health,Kenya Medical Association reminds the public in Laikipia County that access to NHIF/SHA claims support is now available at designated centres.,Chama cha Matibabu cha Kenya kinakumbusha umma katika Kaunti ya Laikipia kwamba upatikanaji wa msaada wa madai ya NHIF / SHA sasa unapatikana katika vituo vilivyoainishwa.
HEA_02676,Health,Notice: a free medical camp organised by Division of Disease Surveillance and Response will be held in Laikipia County this November.,Taarifa: kambi ya matibabu ya bure iliyoandaliwa na Idara ya Ufuatiliaji na Jibu la Magonjwa itafanyika katika Kaunti ya Laikipia mwezi huu wa Novemba.
HEA_02677,Health,Kenya Red Cross reminds the public in Kilifi County that access to subsidised dialysis is now available at designated centres.,Msalaba Mwekundu wa Kenya unakumbusha umma katika Kaunti ya Kilifi kwamba upatikanaji wa dialysis ya ruzuku sasa unapatikana katika vituo vilivyochaguliwa.
HEA_02678,Health,Kenya Medical Association announces subsidised dialysis for residents of Elgeyo-Marakwet County starting this May.,Chama cha Matibabu cha Kenya kinatangaza upasuaji wa dialysis uliofadhiliwa kwa wakazi wa Kaunti ya Elgeyo-Marakwet kuanzia Mei hii.
HEA_02679,Health,Ministry of Health reminds the public in Isiolo County that access to free medical camps is now available at designated centres.,Wizara ya Afya inawakumbusha umma katika Kaunti ya Isiolo kwamba sasa upatikanaji wa kambi za matibabu za bure zinapatikana katika vituo vilivyochaguliwa.
HEA_02680,Health,Notice: a free medical camp organised by CDC will be held in Tharaka-Nithi County this October.,Taarifa: kambi ya matibabu ya bure iliyoandaliwa na CDC itafanyika katika Kaunti ya Tharaka-Nithi mwezi huu wa Oktoba.
HEA_02681,Health,KEMSA advises residents of Homa Bay County to register for their health insurance cover to access subsidised healthcare.,KEMSA inashauri wakazi wa Wilaya ya Homa Bay kujiandikisha kwa bima yao ya afya ili kupata huduma ya afya ya ruzuku.
HEA_02682,Health,Kenya Red Cross announces outpatient services for residents of Marsabit County starting this June.,Kenya Red Cross inatangaza huduma za nje kwa wakazi wa Kaunti ya Marsabit kuanzia Juni hii.
HEA_02683,Health,KEMSA reminds the public in Baringo County that access to eye and dental camps is now available at designated centres.,KEMSA inawakumbusha umma katika Kaunti ya Baringo kwamba upatikanaji wa kambi za macho na meno sasa unapatikana katika vituo vilivyochaguliwa.
HEA_02684,Health,KEMRI advises residents of Meru County to carry a valid national ID when seeking treatment to access subsidised healthcare.,KEMRI inashauri wakazi wa Kaunti ya Meru kubeba kitambulisho halali cha kitaifa wakati wa kutafuta matibabu ili kupata huduma ya afya ya ruzuku.
HEA_02685,Health,KEMSA announces outpatient services for residents of Machakos County starting this April.,KEMSA inatangaza huduma za nje kwa wakazi wa Kaunti ya Machakos kuanzia Aprili hii.
HEA_02686,Health,KEMRI announces subsidised dialysis for residents of Marsabit County starting this November.,KEMRI inatangaza upasuaji wa dialysis uliofadhiliwa kwa wakazi wa Kaunti ya Marsabit kuanzia Novemba hii.
HEA_02687,Health,Notice: a free medical camp organised by Ministry of Health will be held in Laikipia County this March.,Taarifa: kambi ya matibabu ya bure iliyoandaliwa na Wizara ya Afya itafanyika katika Kaunti ya Laikipia Machi hii.
HEA_02688,Health,Notice: a free medical camp organised by SHA (Social Health Authority) will be held in Laikipia County this September.,Taarifa: kambi ya matibabu ya bure iliyoandaliwa na SHA (Huduma ya Afya ya Jamii) itafanyika katika Kaunti ya Laikipia mwezi huu wa Septemba.
HEA_02689,Health,KEMRI reminds the public in Laikipia County that access to outpatient services is now available at designated centres.,KEMRI inawakumbusha umma katika Kaunti ya Laikipia kwamba huduma za wagonjwa wa nje sasa zinapatikana katika vituo vilivyochaguliwa.
HEA_02690,Health,KEMRI reminds the public in Garissa County that access to free medical camps is now available at designated centres.,KEMRI inawakumbusha umma katika Kaunti ya Garissa kwamba kufikia kambi za matibabu za bure sasa zinapatikana katika vituo vilivyochaguliwa.
HEA_02691,Health,Notice: a free medical camp organised by KEMSA will be held in Trans Nzoia County this June.,Taarifa: kambi ya matibabu ya bure iliyoandaliwa na KEMSA itafanyika katika Kaunti ya Trans Nzoia mwezi huu wa Juni.
HEA_02692,Health,Notice: a free medical camp organised by Kenya Medical Association will be held in Bungoma County this July.,Taarifa: kambi ya matibabu ya bure iliyoandaliwa na Chama cha Matibabu cha Kenya itafanyika katika Kaunti ya Bungoma mwezi huu wa Julai.
HEA_02693,Health,Division of Disease Surveillance and Response announces eye and dental camps for residents of Nakuru County starting this November.,Idara ya Ufuatiliaji na Jibu la Magonjwa inatangaza kambi za macho na meno kwa wakazi wa Kaunti ya Nakuru kuanzia Novemba hii.
HEA_02694,Health,KEMRI announces free medical camps for residents of Bungoma County starting this March.,KEMRI inatangaza kambi za matibabu za bure kwa wakazi wa Kaunti ya Bungoma kuanzia Machi hii.
HEA_02695,Health,Notice: a free medical camp organised by Division of Disease Surveillance and Response will be held in Kiambu County this September.,Taarifa: kambi ya matibabu ya bure iliyoandaliwa na Idara ya Ufuatiliaji na Jibu la Magonjwa itafanyika katika Kaunti ya Kiambu mwezi huu wa Septemba.
HEA_02696,Health,Kenya Medical Association announces free medical camps for residents of Lamu County starting this November.,Chama cha Matibabu cha Kenya kinatangaza kambi za matibabu za bure kwa wakazi wa Kaunti ya Lamu kuanzia Novemba hii.
HEA_02697,Health,Ministry of Health - Reproductive Health Unit advises residents of Tharaka-Nithi County to visit the nearest Huduma Centre for assistance to access subsidised healthcare.,Wizara ya Afya - Kitengo cha Afya ya Kuzaa kinashauri wakazi wa Kaunti ya Tharaka-Nithi kutembelea kituo cha Huduma kilicho karibu zaidi ili kupata msaada wa kupata huduma za afya zilizofadhiliwa.
HEA_02698,Health,Notice: a free medical camp organised by Kenya Medical Association will be held in Taita-Taveta County this June.,Taarifa: kambi ya matibabu ya bure iliyoandaliwa na Chama cha Matibabu cha Kenya itafanyika katika Wilaya ya Taita-Taveta mwezi huu Juni.
HEA_02699,Health,KEMSA reminds the public in Elgeyo-Marakwet County that access to NHIF/SHA claims support is now available at designated centres.,KEMSA inawakumbusha umma katika Kaunti ya Elgeyo-Marakwet kwamba upatikanaji wa msaada wa madai ya NHIF/SHA sasa unapatikana katika vituo vilivyochaguliwa.
HEA_02700,Health,Notice: a free medical camp organised by Kenya Medical Association will be held in Migori County this August.,Taarifa: kambi ya matibabu ya bure iliyoandaliwa na Chama cha Matibabu cha Kenya itafanyika katika Kaunti ya Migori Agosti hii.
HEA_02701,Health,Kenya Red Cross announces free medical camps for residents of Uasin Gishu County starting this March.,Kenya Red Cross inatangaza kambi za matibabu za bure kwa wakazi wa Wilaya ya Uasin Gishu kuanzia Machi hii.
HEA_02702,Health,CDC reminds the public in Garissa County that access to SHA registration is now available at designated centres.,CDC inakumbusha umma katika Kaunti ya Garissa kwamba upatikanaji wa usajili wa SHA sasa unapatikana katika vituo vilivyoainishwa.
HEA_02703,Health,Notice: a free medical camp organised by SHA (Social Health Authority) will be held in Kisumu County this July.,Taarifa: kambi ya matibabu ya bure iliyoandaliwa na SHA (Huduma ya Afya ya Jamii) itafanyika katika Kaunti ya Kisumu Julai hii.
HEA_02704,Health,KEMSA announces subsidised dialysis for residents of Murang'a County starting this March.,KEMSA inatangaza upasuaji wa dialysis uliofadhiliwa kwa wakazi wa Kaunti ya Murang'a kuanzia Machi hii.
HEA_02705,Health,Ministry of Health - Reproductive Health Unit reminds the public in Mombasa County that access to eye and dental camps is now available at designated centres.,Wizara ya Afya - Kitengo cha Afya ya Kuzaa kinakumbusha umma katika Kaunti ya Mombasa kwamba kufikia kambi za macho na meno sasa zinapatikana katika vituo vilivyochaguliwa.
HEA_02706,Health,Kenya Medical Association reminds the public in Tana River County that access to outpatient services is now available at designated centres.,Chama cha Matibabu cha Kenya kinakumbusha umma katika Wilaya ya Tana River kwamba huduma za wagonjwa wa nje sasa zinapatikana katika vituo vilivyoainishwa.
HEA_02707,Health,Notice: a free medical camp organised by SHA (Social Health Authority) will be held in Bungoma County this August.,Taarifa: kambi ya matibabu ya bure iliyoandaliwa na SHA (Huduma ya Afya ya Jamii) itafanyika katika Kaunti ya Bungoma Agosti hii.
HEA_02708,Health,Notice: a free medical camp organised by Ministry of Health - Reproductive Health Unit will be held in Nyamira County this June.,Taarifa: kambi ya matibabu ya bure iliyoandaliwa na Wizara ya Afya - Kitengo cha Afya ya Uzazi itafanyika katika Kaunti ya Nyamira mwezi Juni huu.
HEA_02709,Health,Notice: a free medical camp organised by SHA (Social Health Authority) will be held in Meru County this July.,Taarifa: kambi ya matibabu ya bure iliyoandaliwa na SHA (Huduma ya Afya ya Jamii) itafanyika katika Kaunti ya Meru mwezi huu wa Julai.
HEA_02710,Health,SHA (Social Health Authority) reminds the public in Marsabit County that access to NHIF/SHA claims support is now available at designated centres.,SHA (Shirika la Afya ya Jamii) hukumbusha umma katika Kaunti ya Marsabit kwamba upatikanaji wa msaada wa madai ya NHIF/SHA sasa unapatikana katika vituo vilivyochaguliwa.
HEA_02711,Health,Notice: a free medical camp organised by KEMRI will be held in Narok County this October.,Taarifa: kambi ya matibabu ya bure iliyoandaliwa na KEMRI itafanyika katika Kaunti ya Narok mwezi huu wa Oktoba.
HEA_02712,Health,Kenya Medical Association reminds the public in Tana River County that access to NHIF/SHA claims support is now available at designated centres.,Chama cha Matibabu cha Kenya kinakumbusha umma katika Wilaya ya Tana River kwamba upatikanaji wa msaada wa madai ya NHIF / SHA sasa unapatikana katika vituo vilivyoainishwa.
HEA_02713,Health,SHA (Social Health Authority) announces NHIF/SHA claims support for residents of Nakuru County starting this August.,SHA (Shirika la Afya ya Jamii) linatangaza kwamba NHIF/SHA inadai msaada kwa wakazi wa Kaunti ya Nakuru kuanzia Agosti hii.
HEA_02714,Health,Division of Disease Surveillance and Response announces NHIF/SHA claims support for residents of Makueni County starting this July.,Idara ya Ufuatiliaji na Jibu la Magonjwa inatangaza msaada wa madai ya NHIF / SHA kwa wakazi wa Kaunti ya Makueni kuanzia Julai hii.
HEA_02715,Health,Notice: a free medical camp organised by Ministry of Health will be held in Kericho County this May.,Taarifa: kambi ya matibabu ya bure iliyoandaliwa na Wizara ya Afya itafanyika katika Kaunti ya Kericho Mei hii.
HEA_02716,Health,Kenya Red Cross advises residents of Turkana County to register for their health insurance cover to access subsidised healthcare.,Kenya Red Cross inawashauri wakazi wa Wilaya ya Turkana kujiandikisha kwa bima yao ya afya ili kupata huduma za afya zilizofadhiliwa.
HEA_02717,Health,Division of Disease Surveillance and Response announces subsidised dialysis for residents of Nairobi County starting this January.,Idara ya Ufuatiliaji na Jibu la Magonjwa inatangaza upasuaji wa dialysis wa ruzuku kwa wakazi wa Kaunti ya Nairobi kuanzia Januari hii.
HEA_02718,Health,KEMRI reminds the public in Meru County that access to subsidised dialysis is now available at designated centres.,KEMRI inawakumbusha umma katika Kaunti ya Meru kwamba upatikanaji wa dialysis ya ruzuku sasa unapatikana katika vituo vilivyochaguliwa.
HEA_02719,Health,KEMSA announces eye and dental camps for residents of Nairobi County starting this March.,KEMSA inatangaza kambi za matibabu ya macho na meno kwa wakazi wa Kaunti ya Nairobi kuanzia Machi hii.
HEA_02720,Health,Kenya Medical Association reminds the public in Nyandarua County that access to outpatient services is now available at designated centres.,Chama cha Matibabu cha Kenya kinakumbusha umma katika Kaunti ya Nyandarua kwamba huduma za wagonjwa wa nje sasa zinapatikana katika vituo vilivyochaguliwa.
HEA_02721,Health,CDC advises residents of Kakamega County to register for their health insurance cover to access subsidised healthcare.,CDC inashauri wakazi wa Kaunti ya Kakamega kujiandikisha kwa bima yao ya afya ili kupata huduma za afya zilizofadhiliwa.
HEA_02722,Health,Division of Disease Surveillance and Response announces free medical camps for residents of West Pokot County starting this January.,Idara ya Ufuatiliaji na Jibu la Magonjwa inatangaza kambi za matibabu za bure kwa wakazi wa Kaunti ya West Pokot kuanzia Januari hii.
HEA_02723,Health,Kenya Medical Association announces SHA registration for residents of Narok County starting this December.,Chama cha Matibabu cha Kenya kinatangaza usajili wa SHA kwa wakazi wa Kaunti ya Narok kuanzia Desemba hii.
HEA_02724,Health,Notice: a free medical camp organised by Kenya Red Cross will be held in Elgeyo-Marakwet County this July.,Taarifa: kambi ya matibabu ya bure iliyoandaliwa na Msalaba Mwekundu wa Kenya itafanyika katika Kaunti ya Elgeyo-Marakwet mwezi huu wa Julai.
HEA_02725,Health,KEMSA announces eye and dental camps for residents of Makueni County starting this December.,KEMSA inatangaza kambi za macho na meno kwa wakazi wa Kaunti ya Makueni kuanzia Desemba hii.
HEA_02726,Health,Kenya Medical Association announces subsidised dialysis for residents of Wajir County starting this April.,Chama cha Matibabu cha Kenya kinatangaza upasuaji wa dialysis uliofadhiliwa kwa wakazi wa Kaunti ya Wajir kuanzia Aprili hii.
HEA_02727,Health,Notice: a free medical camp organised by Kenya Red Cross will be held in Busia County this September.,Taarifa: kambi ya matibabu ya bure iliyoandaliwa na Msalaba Mwekundu wa Kenya itafanyika katika Kaunti ya Busia mwezi huu wa Septemba.
HEA_02728,Health,Ministry of Health advises residents of West Pokot County to confirm their facility is accredited before visiting to access subsidised healthcare.,Wizara ya Afya inawashauri wakazi wa Wilaya ya Pokot Magharibi kuthibitisha kuwa kituo chao kimeidhinishwa kabla ya kutembelea ili kupata huduma za afya zilizofadhiliwa.
HEA_02729,Health,Kenya Medical Association advises residents of Nyandarua County to visit the nearest Huduma Centre for assistance to access subsidised healthcare.,Chama cha Matibabu cha Kenya kinashauri wakazi wa Kaunti ya Nyandarua kutembelea Kituo cha Huduma kilicho karibu zaidi ili kupata msaada wa kupata huduma za afya zilizofadhiliwa.
HEA_02730,Health,Notice: a free medical camp organised by CDC will be held in Homa Bay County this January.,Taarifa: kambi ya matibabu ya bure iliyoandaliwa na CDC itafanyika katika jimbo la Homa Bay Januari hii.
HEA_02731,Health,KEMSA reminds the public in Migori County that access to NHIF/SHA claims support is now available at designated centres.,KEMSA inawakumbusha umma katika Wilaya ya Migori kwamba upatikanaji wa msaada wa madai ya NHIF/SHA sasa unapatikana katika vituo vilivyoainishwa.
HEA_02732,Health,Kenya Medical Association announces outpatient services for residents of Embu County starting this January.,Chama cha Matibabu cha Kenya kinatangaza huduma za nje kwa wakazi wa Kaunti ya Embu kuanzia Januari hii.
HEA_02733,Health,Kenya Red Cross advises residents of Nyandarua County to carry a valid national ID when seeking treatment to access subsidised healthcare.,Msalaba Mwekundu wa Kenya unawashauri wakazi wa Kaunti ya Nyandarua kubeba kitambulisho halali cha kitaifa wakati wa kutafuta matibabu ili kupata huduma ya afya ya ruzuku.
HEA_02734,Health,KEMRI announces eye and dental camps for residents of Kitui County starting this January.,KEMRI inatangaza kambi za macho na meno kwa wakazi wa Wilaya ya Kitui kuanzia Januari hii.
HEA_02735,Health,Notice: a free medical camp organised by KEMRI will be held in Lamu County this October.,Taarifa: kambi ya matibabu ya bure iliyoandaliwa na KEMRI itafanyika katika Kaunti ya Lamu mwezi huu wa Oktoba.
HEA_02736,Health,Notice: a free medical camp organised by Ministry of Health - Reproductive Health Unit will be held in Vihiga County this July.,Taarifa: kambi ya matibabu ya bure iliyoandaliwa na Wizara ya Afya - Kitengo cha Afya ya Uzazi itafanyika katika Kaunti ya Vihiga Julai hii.
HEA_02737,Health,Notice: a free medical camp organised by CDC will be held in Samburu County this August.,Taarifa: kambi ya matibabu ya bure iliyoandaliwa na CDC itafanyika katika Kaunti ya Samburu Agosti hii.
HEA_02738,Health,Division of Disease Surveillance and Response announces NHIF/SHA claims support for residents of Kiambu County starting this June.,Idara ya Ufuatiliaji na Jibu la Magonjwa inatangaza msaada wa madai ya NHIF / SHA kwa wakazi wa Kaunti ya Kiambu kuanzia Juni hii.
HEA_02739,Health,KEMSA reminds the public in Baringo County that access to outpatient services is now available at designated centres.,KEMSA inawakumbusha umma katika Kaunti ya Baringo kwamba huduma za wagonjwa wa nje sasa zinapatikana katika vituo vilivyochaguliwa.
HEA_02740,Health,CDC advises residents of Kisii County to confirm their facility is accredited before visiting to access subsidised healthcare.,CDC inashauri wakazi wa Kaunti ya Kisii kuthibitisha kuwa kituo chao kimeidhinishwa kabla ya kutembelea ili kupata huduma ya afya ya ruzuku.
HEA_02741,Health,Notice: a free medical camp organised by Kenya Medical Association will be held in Kilifi County this November.,Taarifa: kambi ya matibabu ya bure iliyoandaliwa na Chama cha Matibabu cha Kenya itafanyika katika Kaunti ya Kilifi mwezi huu wa Novemba.
HEA_02742,Health,Ministry of Health - Reproductive Health Unit announces SHA registration for residents of Bomet County starting this June.,Wizara ya Afya - Kitengo cha Afya ya Uzazi kinatangaza usajili wa SHA kwa wakazi wa Kaunti ya Bomet kuanzia Juni hii.
HEA_02743,Health,CDC advises residents of West Pokot County to carry a valid national ID when seeking treatment to access subsidised healthcare.,CDC inashauri wakazi wa Wilaya ya West Pokot kubeba kitambulisho halali cha kitaifa wakati wa kutafuta matibabu ili kupata huduma ya afya ya ruzuku.
HEA_02744,Health,Notice: a free medical camp organised by Ministry of Health - Reproductive Health Unit will be held in Migori County this August.,Taarifa: kambi ya matibabu ya bure iliyoandaliwa na Wizara ya Afya - Kitengo cha Afya ya Uzazi itafanyika katika Kaunti ya Migori Agosti hii.
HEA_02745,Health,KEMSA announces free medical camps for residents of Busia County starting this October.,KEMSA inatangaza kambi za matibabu za bure kwa wakazi wa Kaunti ya Busia kuanzia Oktoba hii.
HEA_02746,Health,Notice: a free medical camp organised by Kenya Medical Association will be held in Uasin Gishu County this January.,Taarifa: kambi ya matibabu ya bure iliyoandaliwa na Chama cha Matibabu cha Kenya itafanyika katika Kaunti ya Uasin Gishu Januari hii.
HEA_02747,Health,Notice: a free medical camp organised by CDC will be held in Nakuru County this April.,Taarifa: kambi ya matibabu ya bure iliyoandaliwa na CDC itafanyika katika Kaunti ya Nakuru Aprili hii.
HEA_02748,Health,CDC reminds the public in Mandera County that access to subsidised dialysis is now available at designated centres.,CDC inakumbusha umma katika Kaunti ya Mandera kwamba upatikanaji wa dialysis ya ruzuku sasa unapatikana katika vituo vilivyochaguliwa.
HEA_02749,Health,SHA (Social Health Authority) announces free medical camps for residents of Trans Nzoia County starting this April.,Shirika la Afya ya Jamii (SHA) linatangaza kambi za matibabu za bure kwa wakazi wa Kaunti ya Trans Nzoia kuanzia Aprili hii.
HEA_02750,Health,Kenya Red Cross announces eye and dental camps for residents of Meru County starting this March.,Kenya Red Cross inatangaza kambi za matibabu ya macho na meno kwa wakazi wa Kaunti ya Meru kuanzia Machi hii.
HEA_02751,Health,CDC reminds the public in Uasin Gishu County that access to free medical camps is now available at designated centres.,CDC inawakumbusha umma katika Kaunti ya Uasin Gishu kwamba upatikanaji wa kambi za matibabu za bure sasa zinapatikana katika vituo vilivyochaguliwa.
HEA_02752,Health,Kenya Red Cross reminds the public in Murang'a County that access to eye and dental camps is now available at designated centres.,Msalaba Mwekundu wa Kenya unakumbusha umma katika Kaunti ya Murang'a kwamba kufikia kambi za macho na meno sasa zinapatikana katika vituo vilivyochaguliwa.
HEA_02753,Health,Division of Disease Surveillance and Response announces subsidised dialysis for residents of Narok County starting this September.,Idara ya Ufuatiliaji na Jibu la Magonjwa inatangaza upasuaji wa dialysis wa ruzuku kwa wakazi wa Kaunti ya Narok kuanzia Septemba hii.
HEA_02754,Health,KEMRI reminds the public in Trans Nzoia County that access to outpatient services is now available at designated centres.,KEMRI inawakumbusha umma katika Kaunti ya Trans Nzoia kwamba huduma za wagonjwa wa nje sasa zinapatikana katika vituo vilivyochaguliwa.
HEA_02755,Health,Notice: a free medical camp organised by Ministry of Health - Reproductive Health Unit will be held in Isiolo County this March.,Taarifa: kambi ya matibabu ya bure iliyoandaliwa na Wizara ya Afya - Kitengo cha Afya ya Uzazi itafanyika katika Kaunti ya Isiolo Machi hii.
HEA_02756,Health,Kenya Red Cross reminds the public in Mombasa County that access to NHIF/SHA claims support is now available at designated centres.,Msalaba Mwekundu wa Kenya unakumbusha umma katika Kaunti ya Mombasa kwamba upatikanaji wa msaada wa madai ya NHIF/SHA sasa unapatikana katika vituo vilivyochaguliwa.
HEA_02757,Health,KEMSA reminds the public in Migori County that access to outpatient services is now available at designated centres.,KEMSA inawakumbusha umma katika Kaunti ya Migori kwamba huduma za wagonjwa wa nje sasa zinapatikana katika vituo vilivyochaguliwa.
HEA_02758,Health,Kenya Medical Association reminds the public in Uasin Gishu County that access to eye and dental camps is now available at designated centres.,Chama cha Matibabu cha Kenya kinakumbusha umma katika Kaunti ya Uasin Gishu kwamba kufikia kambi za macho na meno sasa zinapatikana katika vituo vilivyoainishwa.
HEA_02759,Health,KEMRI announces subsidised dialysis for residents of Mandera County starting this October.,KEMRI inatangaza upasuaji wa dialysis uliofadhiliwa kwa wakazi wa Kaunti ya Mandera kuanzia Oktoba hii.
HEA_02760,Health,Kenya Medical Association announces subsidised dialysis for residents of Kwale County starting this June.,Chama cha Matibabu cha Kenya kinatangaza upasuaji wa dialysis uliofadhiliwa kwa wakazi wa Kaunti ya Kwale kuanzia Juni hii.
HEA_02761,Health,KEMSA advises residents of Kakamega County to confirm their facility is accredited before visiting to access subsidised healthcare.,KEMSA inashauri wakazi wa Kaunti ya Kakamega kuthibitisha kuwa kituo chao kimeidhinishwa kabla ya kutembelea ili kupata huduma ya afya iliyosaidiwa.
HEA_02762,Health,Division of Disease Surveillance and Response announces subsidised dialysis for residents of Kwale County starting this December.,Idara ya Ufuatiliaji na Jibu la Magonjwa inatangaza upasuaji wa dialysis wa ruzuku kwa wakazi wa Kaunti ya Kwale kuanzia Desemba hii.
HEA_02763,Health,CDC reminds the public in Narok County that access to free medical camps is now available at designated centres.,CDC inakumbusha umma katika Kaunti ya Narok kwamba upatikanaji wa kambi za matibabu za bure sasa zinapatikana katika vituo vilivyochaguliwa.
HEA_02764,Health,KEMRI reminds the public in Murang'a County that access to NHIF/SHA claims support is now available at designated centres.,KEMRI inawakumbusha umma katika Kaunti ya Murang'a kwamba upatikanaji wa msaada wa madai ya NHIF/SHA sasa unapatikana katika vituo vilivyoainishwa.
HEA_02765,Health,Ministry of Health announces outpatient services for residents of Embu County starting this October.,Wizara ya Afya yatangaza huduma za nje kwa wakazi wa Kaunti ya Embu kuanzia Oktoba hii.
HEA_02766,Health,KEMRI reminds the public in Migori County that access to outpatient services is now available at designated centres.,KEMRI inawakumbusha umma katika Kaunti ya Migori kwamba huduma za wagonjwa wa nje sasa zinapatikana katika vituo vilivyochaguliwa.
HEA_02767,Health,KEMSA advises residents of Baringo County to register for their health insurance cover to access subsidised healthcare.,KEMSA inashauri wakazi wa Kaunti ya Baringo kujiandikisha kwa bima yao ya afya ili kupata huduma ya afya ya ruzuku.
HEA_02768,Health,Notice: a free medical camp organised by KEMSA will be held in Machakos County this August.,Taarifa: kambi ya matibabu ya bure iliyoandaliwa na KEMSA itafanyika katika Kaunti ya Machakos Agosti hii.
HEA_02769,Health,Ministry of Health announces eye and dental camps for residents of Kilifi County starting this November.,Wizara ya Afya yatangaza kambi za macho na meno kwa wakazi wa Kaunti ya Kilifi kuanzia Novemba hii.
HEA_02770,Health,CDC reminds the public in Laikipia County that access to SHA registration is now available at designated centres.,CDC inakumbusha umma katika Kaunti ya Laikipia kwamba upatikanaji wa usajili wa SHA sasa unapatikana katika vituo vilivyoainishwa.
HEA_02771,Health,Kenya Red Cross reminds the public in Nyamira County that access to SHA registration is now available at designated centres.,Msalaba Mwekundu wa Kenya unakumbusha umma katika Kaunti ya Nyamira kwamba upatikanaji wa usajili wa SHA sasa unapatikana katika vituo vilivyoainishwa.
HEA_02772,Health,Ministry of Health - Reproductive Health Unit announces SHA registration for residents of Laikipia County starting this December.,Wizara ya Afya - Kitengo cha Afya ya Uzazi kinatangaza usajili wa SHA kwa wakazi wa Kaunti ya Laikipia kuanzia Desemba hii.
HEA_02773,Health,Notice: a free medical camp organised by Kenya Medical Association will be held in Nairobi County this January.,Taarifa: kambi ya matibabu ya bure iliyoandaliwa na Chama cha Matibabu cha Kenya itafanyika katika Kaunti ya Nairobi Januari hii.
HEA_02774,Health,Notice: a free medical camp organised by Kenya Medical Association will be held in Nyamira County this September.,Taarifa: kambi ya matibabu ya bure iliyoandaliwa na Chama cha Matibabu cha Kenya itafanyika katika Kaunti ya Nyamira mwezi huu wa Septemba.
HEA_02775,Health,Kenya Medical Association reminds the public in Wajir County that access to free medical camps is now available at designated centres.,Chama cha Matibabu cha Kenya kinakumbusha umma katika Kaunti ya Wajir kwamba kufikia kambi za matibabu za bure sasa zinapatikana katika vituo vilivyochaguliwa.
HEA_02776,Health,Notice: a free medical camp organised by SHA (Social Health Authority) will be held in Nairobi County this March.,Taarifa: kambi ya matibabu ya bure iliyoandaliwa na SHA (Huduma ya Afya ya Jamii) itafanyika katika Kaunti ya Nairobi mwezi huu wa Machi.
HEA_02777,Health,Notice: a free medical camp organised by Kenya Medical Association will be held in Homa Bay County this June.,Taarifa: kambi ya matibabu ya bure iliyoandaliwa na Chama cha Matibabu cha Kenya itafanyika katika Kaunti ya Homa Bay mwezi huu wa Juni.
HEA_02778,Health,KEMRI advises residents of Laikipia County to carry a valid national ID when seeking treatment to access subsidised healthcare.,KEMRI inashauri wakazi wa Kaunti ya Laikipia kubeba kitambulisho halali cha kitaifa wakati wa kutafuta matibabu ili kupata huduma ya afya ya ruzuku.
HEA_02779,Health,Division of Disease Surveillance and Response announces SHA registration for residents of Kisumu County starting this December.,Idara ya Ufuatiliaji na Jibu la Magonjwa inatangaza usajili wa SHA kwa wakazi wa Kaunti ya Kisumu kuanzia Desemba hii.
HEA_02780,Health,Ministry of Health - Reproductive Health Unit reminds the public in Machakos County that access to NHIF/SHA claims support is now available at designated centres.,Wizara ya Afya - Kitengo cha Afya ya Kuzaa kinakumbusha umma katika Kaunti ya Machakos kwamba upatikanaji wa msaada wa madai ya NHIF / SHA sasa unapatikana katika vituo vilivyoainishwa.
HEA_02781,Health,Notice: a free medical camp organised by Ministry of Health - Reproductive Health Unit will be held in Kiambu County this August.,Taarifa: kambi ya matibabu ya bure iliyoandaliwa na Wizara ya Afya - Kitengo cha Afya ya Uzazi itafanyika katika Kaunti ya Kiambu Agosti hii.
HEA_02782,Health,Notice: a free medical camp organised by Kenya Red Cross will be held in Bungoma County this January.,Taarifa: kambi ya matibabu ya bure iliyoandaliwa na Msalaba Mwekundu wa Kenya itafanyika katika Kaunti ya Bungoma Januari hii.
HEA_02783,Health,KEMSA advises residents of Kajiado County to register for their health insurance cover to access subsidised healthcare.,KEMSA inashauri wakazi wa Kajiado County kujiandikisha kwa bima yao ya afya ili kupata huduma za afya zilizofadhiliwa.
HEA_02784,Health,Division of Disease Surveillance and Response advises residents of Kakamega County to carry a valid national ID when seeking treatment to access subsidised healthcare.,Idara ya Ufuatiliaji na Jibu la Magonjwa inashauri wakazi wa Kaunti ya Kakamega kubeba kitambulisho halali cha kitaifa wakati wa kutafuta matibabu ili kupata huduma ya afya ya ruzuku.
HEA_02785,Health,Notice: a free medical camp organised by KEMSA will be held in Kakamega County this November.,Taarifa: kambi ya matibabu ya bure iliyoandaliwa na KEMSA itafanyika katika Kaunti ya Kakamega mwezi huu wa Novemba.
HEA_02786,Health,Notice: a free medical camp organised by Ministry of Health - Reproductive Health Unit will be held in Nyamira County this August.,Taarifa: kambi ya matibabu ya bure iliyoandaliwa na Wizara ya Afya - Kitengo cha Afya ya Uzazi itafanyika katika Kaunti ya Nyamira Agosti hii.
HEA_02787,Health,Notice: a free medical camp organised by KEMSA will be held in Kisii County this March.,Taarifa: kambi ya matibabu ya bure iliyoandaliwa na KEMSA itafanyika katika Kaunti ya Kisii Machi hii.
HEA_02788,Health,Kenya Red Cross advises residents of Samburu County to visit the nearest Huduma Centre for assistance to access subsidised healthcare.,Msalaba Mwekundu wa Kenya unawashauri wakazi wa Kaunti ya Samburu kutembelea Kituo cha Huduma kilicho karibu ili kupata msaada wa kupata huduma za afya zilizofadhiliwa.
HEA_02789,Health,KEMRI announces free medical camps for residents of Vihiga County starting this May.,KEMRI inatangaza kambi za matibabu za bure kwa wakazi wa Kaunti ya Vihiga kuanzia Mei hii.
HEA_02790,Health,Kenya Red Cross announces subsidised dialysis for residents of West Pokot County starting this December.,Msalaba Mwekundu wa Kenya unatangaza msaada wa dialysis kwa wakazi wa Wilaya ya West Pokot kuanzia Desemba hii.
HEA_02791,Health,Ministry of Health - Reproductive Health Unit reminds the public in Busia County that access to NHIF/SHA claims support is now available at designated centres.,Wizara ya Afya - Kitengo cha Afya ya Kuzaa kinakumbusha umma katika Kaunti ya Busia kwamba upatikanaji wa msaada wa madai ya NHIF / SHA sasa unapatikana katika vituo vilivyoainishwa.
HEA_02792,Health,CDC advises residents of Murang'a County to carry a valid national ID when seeking treatment to access subsidised healthcare.,CDC inashauri wakazi wa Kaunti ya Murang'a kubeba kitambulisho halali cha kitaifa wakati wa kutafuta matibabu ili kupata huduma ya afya ya ruzuku.
HEA_02793,Health,Ministry of Health - Reproductive Health Unit reminds the public in Kisumu County that access to subsidised dialysis is now available at designated centres.,Wizara ya Afya - Kitengo cha Afya ya Kuzaa kinakumbusha umma katika Kaunti ya Kisumu kwamba upatikanaji wa dialysis ya ruzuku sasa unapatikana katika vituo vilivyochaguliwa.
HEA_02794,Health,KEMSA reminds the public in Laikipia County that access to SHA registration is now available at designated centres.,KEMSA inawakumbusha umma katika Kaunti ya Laikipia kwamba upatikanaji wa usajili wa SHA sasa unapatikana katika vituo vilivyoainishwa.
HEA_02795,Health,Division of Disease Surveillance and Response announces free medical camps for residents of Kitui County starting this May.,Idara ya Ufuatiliaji na Jibu la Magonjwa inatangaza kambi za matibabu za bure kwa wakazi wa Kaunti ya Kitui kuanzia Mei hii.
HEA_02796,Health,KEMSA advises residents of Nyandarua County to register for their health insurance cover to access subsidised healthcare.,KEMSA inashauri wakazi wa Kaunti ya Nyandarua kujiandikisha kwa bima yao ya afya ili kupata huduma ya afya ya ruzuku.
HEA_02797,Health,Division of Disease Surveillance and Response advises residents of Nakuru County to register for their health insurance cover to access subsidised healthcare.,Idara ya Ufuatiliaji na Jibu la Magonjwa inashauri wakazi wa Kaunti ya Nakuru kujiandikisha kwa bima yao ya afya ili kupata huduma ya afya ya ruzuku.
HEA_02798,Health,KEMRI advises residents of West Pokot County to register for their health insurance cover to access subsidised healthcare.,KEMRI inashauri wakazi wa Wilaya ya West Pokot kujiandikisha kwa bima yao ya afya ili kupata huduma ya afya iliyosaidiwa.
HEA_02799,Health,SHA (Social Health Authority) reminds the public in Kiambu County that access to SHA registration is now available at designated centres.,SHA (Shirika la Afya ya Jamii) hukumbusha umma katika Kaunti ya Kiambu kwamba upatikanaji wa usajili wa SHA sasa unapatikana katika vituo vilivyochaguliwa.
HEA_02800,Health,Notice: a free medical camp organised by CDC will be held in Kericho County this December.,Taarifa: kambi ya matibabu ya bure iliyoandaliwa na CDC itafanyika katika Kaunti ya Kericho Desemba hii.
HEA_02801,Health,Ministry of Health announces subsidised dialysis for residents of Nandi County starting this October.,Wizara ya Afya inatangaza kutoa misaada kwa wakazi wa Kaunti ya Nandi kuanzia Oktoba hii.
HEA_02802,Health,KEMRI advises residents of Makueni County to visit the nearest Huduma Centre for assistance to access subsidised healthcare.,KEMRI inashauri wakazi wa Kaunti ya Makueni kutembelea Kituo cha Huduma cha karibu ili kupata msaada wa kupata huduma za afya zilizofadhiliwa.
HEA_02803,Health,Ministry of Health advises residents of Bungoma County to carry a valid national ID when seeking treatment to access subsidised healthcare.,Wizara ya Afya inawashauri wakazi wa Kaunti ya Bungoma kubeba kitambulisho halali cha kitaifa wakati wa kutafuta matibabu ili kupata huduma ya afya ya ruzuku.
HEA_02804,Health,KEMRI announces free medical camps for residents of Nairobi County starting this February.,KEMRI inatangaza kambi za matibabu za bure kwa wakazi wa Kaunti ya Nairobi kuanzia Februari hii.
HEA_02805,Health,Notice: a free medical camp organised by Ministry of Health will be held in Embu County this April.,Taarifa: kambi ya matibabu ya bure iliyoandaliwa na Wizara ya Afya itafanyika katika Kaunti ya Embu Aprili hii.
HEA_02806,Health,Ministry of Health - Reproductive Health Unit advises residents of Baringo County to register for their health insurance cover to access subsidised healthcare.,Wizara ya Afya - Kitengo cha Afya ya Kuzaliana kinashauri wakazi wa Kaunti ya Baringo kujiandikisha kwa bima yao ya afya ili kupata huduma za afya zilizofadhiliwa.
HEA_02807,Health,Notice: a free medical camp organised by SHA (Social Health Authority) will be held in Tharaka-Nithi County this August.,Taarifa: kambi ya matibabu ya bure iliyoandaliwa na SHA (Huduma ya Afya ya Jamii) itafanyika katika Kaunti ya Tharaka-Nithi Agosti hii.
HEA_02808,Health,Ministry of Health - Reproductive Health Unit announces free medical camps for residents of Taita-Taveta County starting this August.,Wizara ya Afya - Kitengo cha Afya ya uzazi kinatangaza kambi za matibabu za bure kwa wakazi wa Wilaya ya Taita-Taveta kuanzia Agosti hii.
HEA_02809,Health,CDC announces subsidised dialysis for residents of Vihiga County starting this April.,CDC inatangaza upasuaji wa dialysis kwa wakazi wa Wilaya ya Vihiga kuanzia Aprili hii.
HEA_02810,Health,Kenya Red Cross reminds the public in Kakamega County that access to subsidised dialysis is now available at designated centres.,Msalaba Mwekundu wa Kenya unakumbusha umma katika Kaunti ya Kakamega kwamba upatikanaji wa dialysis ya ruzuku sasa unapatikana katika vituo vilivyochaguliwa.
HEA_02811,Health,SHA (Social Health Authority) reminds the public in Nairobi County that access to eye and dental camps is now available at designated centres.,Shirika la Afya ya Jamii (SHA) linakumbusha umma katika Kaunti ya Nairobi kwamba kufikia kambi za macho na meno sasa zinapatikana katika vituo vilivyochaguliwa.
HEA_02812,Health,Ministry of Health - Reproductive Health Unit advises residents of Mombasa County to confirm their facility is accredited before visiting to access subsidised healthcare.,Wizara ya Afya - Kitengo cha Afya ya Kuzaa kinashauri wakazi wa Kaunti ya Mombasa kuthibitisha kuwa kituo chao kimeidhinishwa kabla ya kutembelea ili kupata huduma ya afya ya ruzuku.
HEA_02813,Health,Notice: a free medical camp organised by Ministry of Health - Reproductive Health Unit will be held in Siaya County this March.,Taarifa: kambi ya matibabu ya bure iliyoandaliwa na Wizara ya Afya - Kitengo cha Afya ya Uzazi itafanyika katika Kaunti ya Siaya Machi hii.
HEA_02814,Health,Notice: a free medical camp organised by CDC will be held in Laikipia County this September.,Taarifa: kambi ya matibabu ya bure iliyoandaliwa na CDC itafanyika katika Kaunti ya Laikipia mwezi huu wa Septemba.
HEA_02815,Health,Notice: a free medical camp organised by Kenya Red Cross will be held in Makueni County this September.,Taarifa: kambi ya matibabu ya bure iliyoandaliwa na Msalaba Mwekundu wa Kenya itafanyika katika Kaunti ya Makueni mwezi huu wa Septemba.
HEA_02816,Health,Division of Disease Surveillance and Response advises residents of Nyandarua County to carry a valid national ID when seeking treatment to access subsidised healthcare.,Idara ya Ufuatiliaji na Jibu la Magonjwa inashauri wakazi wa Kaunti ya Nyandarua kubeba kitambulisho halali cha kitaifa wakati wa kutafuta matibabu ili kupata huduma ya afya ya ruzuku.
HEA_02817,Health,SHA (Social Health Authority) reminds the public in Meru County that access to SHA registration is now available at designated centres.,SHA (Huduma ya Afya ya Jamii) inawakumbusha umma katika Kaunti ya Meru kwamba upatikanaji wa usajili wa SHA sasa unapatikana katika vituo vilivyochaguliwa.
HEA_02818,Health,Notice: a free medical camp organised by CDC will be held in Laikipia County this August.,Taarifa: kambi ya matibabu ya bure iliyoandaliwa na CDC itafanyika katika Kaunti ya Laikipia Agosti hii.
HEA_02819,Health,KEMSA advises residents of Lamu County to carry a valid national ID when seeking treatment to access subsidised healthcare.,KEMSA inashauri wakazi wa Kaunti ya Lamu kubeba kitambulisho halali cha kitaifa wakati wa kutafuta matibabu ili kupata huduma ya afya ya ruzuku.
HEA_02820,Health,Ministry of Health - Reproductive Health Unit announces eye and dental camps for residents of Kiambu County starting this November.,Wizara ya Afya - Kitengo cha Afya ya uzazi kinatangaza kambi za macho na meno kwa wakazi wa Kaunti ya Kiambu kuanzia Novemba hii.
HEA_02821,Health,KEMRI advises residents of Garissa County to visit the nearest Huduma Centre for assistance to access subsidised healthcare.,KEMRI inashauri wakazi wa Kaunti ya Garissa kutembelea Kituo cha Huduma cha karibu ili kupata msaada wa kupata huduma za afya zilizofadhiliwa.
HEA_02822,Health,Notice: a free medical camp organised by CDC will be held in Kirinyaga County this June.,Taarifa: kambi ya matibabu ya bure iliyoandaliwa na CDC itafanyika katika Kaunti ya Kirinyaga Juni hii.
HEA_02823,Health,SHA (Social Health Authority) reminds the public in Migori County that access to subsidised dialysis is now available at designated centres.,SHA (Shirika la Afya ya Jamii) linawakumbusha umma katika Kaunti ya Migori kwamba upatikanaji wa dialysis ya ruzuku sasa unapatikana katika vituo vilivyochaguliwa.
HEA_02824,Health,KEMSA advises residents of Murang'a County to visit the nearest Huduma Centre for assistance to access subsidised healthcare.,KEMSA inashauri wakazi wa Kaunti ya Murang'a kutembelea Kituo cha Huduma cha karibu ili kupata msaada wa kupata huduma za afya zilizofadhiliwa.
HEA_02825,Health,KEMSA reminds the public in Isiolo County that access to eye and dental camps is now available at designated centres.,KEMSA inawakumbusha umma katika Kaunti ya Isiolo kwamba kufikia kambi za macho na meno sasa zinapatikana katika vituo vilivyochaguliwa.
HEA_02826,Health,Notice: a free medical camp organised by KEMRI will be held in Makueni County this August.,Taarifa: kambi ya matibabu ya bure iliyoandaliwa na KEMRI itafanyika katika Kaunti ya Makueni Agosti hii.
HEA_02827,Health,Notice: a free medical camp organised by Division of Disease Surveillance and Response will be held in Marsabit County this May.,Taarifa: kambi ya matibabu ya bure iliyoandaliwa na Idara ya Ufuatiliaji na Jibu la Magonjwa itafanyika katika Kaunti ya Marsabit Mei hii.
HEA_02828,Health,Notice: a free medical camp organised by Division of Disease Surveillance and Response will be held in Murang'a County this August.,Taarifa: kambi ya matibabu ya bure iliyoandaliwa na Idara ya Ufuatiliaji na Jibu la Magonjwa itafanyika katika Kaunti ya Murang'a Agosti hii.
HEA_02829,Health,Notice: a free medical camp organised by Kenya Medical Association will be held in Kakamega County this July.,Taarifa: kambi ya matibabu ya bure iliyoandaliwa na Chama cha Matibabu cha Kenya itafanyika katika Kaunti ya Kakamega mwezi huu wa Julai.
HEA_02830,Health,Ministry of Health reminds the public in Trans Nzoia County that access to outpatient services is now available at designated centres.,Wizara ya Afya inawakumbusha umma katika Kaunti ya Trans Nzoia kwamba huduma za wagonjwa wa nje sasa zinapatikana katika vituo vilivyochaguliwa.
HEA_02831,Health,Notice: a free medical camp organised by KEMSA will be held in Baringo County this May.,Taarifa: kambi ya matibabu ya bure iliyoandaliwa na KEMSA itafanyika katika Kaunti ya Baringo Mei hii.
HEA_02832,Health,KEMRI announces eye and dental camps for residents of Embu County starting this November.,KEMRI inatangaza kambi za matibabu ya macho na meno kwa wakazi wa Kaunti ya Embu kuanzia Novemba hii.
HEA_02833,Health,Notice: a free medical camp organised by Kenya Red Cross will be held in West Pokot County this January.,Taarifa: kambi ya matibabu ya bure iliyoandaliwa na Msalaba Mwekundu wa Kenya itafanyika katika Kaunti ya Pokot Magharibi mwezi huu wa Januari.
HEA_02834,Health,Notice: a free medical camp organised by Kenya Medical Association will be held in Samburu County this June.,Taarifa: kambi ya matibabu ya bure iliyoandaliwa na Chama cha Matibabu cha Kenya itafanyika katika Kaunti ya Samburu mwezi Juni huu.
HEA_02835,Health,KEMRI advises residents of Busia County to confirm their facility is accredited before visiting to access subsidised healthcare.,KEMRI inashauri wakazi wa Kaunti ya Busia kuthibitisha kuwa kituo chao kimeidhinishwa kabla ya kutembelea ili kupata huduma ya afya ya ruzuku.
HEA_02836,Health,Notice: a free medical camp organised by SHA (Social Health Authority) will be held in Lamu County this April.,Taarifa: kambi ya matibabu ya bure iliyoandaliwa na SHA (Huduma ya Afya ya Jamii) itafanyika katika Kaunti ya Lamu Aprili hii.
HEA_02837,Health,Division of Disease Surveillance and Response advises residents of Nairobi County to confirm their facility is accredited before visiting to access subsidised healthcare.,Idara ya Ufuatiliaji na Jibu la Magonjwa inashauri wakazi wa Kaunti ya Nairobi kuthibitisha kuwa kituo chao kimeidhinishwa kabla ya kutembelea ili kupata huduma ya afya iliyosaidiwa.
HEA_02838,Health,Kenya Medical Association announces outpatient services for residents of Kisii County starting this December.,Chama cha Matibabu cha Kenya kinatangaza huduma za nje kwa wakazi wa Kaunti ya Kisii kuanzia Desemba hii.
HEA_02839,Health,Kenya Red Cross advises residents of Bungoma County to confirm their facility is accredited before visiting to access subsidised healthcare.,Msalaba Mwekundu wa Kenya unawashauri wakazi wa Kaunti ya Bungoma kuthibitisha kuwa kituo chao kimeidhinishwa kabla ya kutembelea ili kupata huduma ya afya ya ruzuku.
HEA_02840,Health,SHA (Social Health Authority) announces NHIF/SHA claims support for residents of Tana River County starting this November.,SHA (Shirika la Afya ya Jamii) linatangaza kwamba NHIF/SHA inadai msaada kwa wakazi wa Wilaya ya Tana River kuanzia Novemba hii.
HEA_02841,Health,Notice: a free medical camp organised by CDC will be held in West Pokot County this August.,Taarifa: kambi ya matibabu ya bure iliyoandaliwa na CDC itafanyika katika Kaunti ya West Pokot Agosti hii.
HEA_02842,Health,Notice: a free medical camp organised by SHA (Social Health Authority) will be held in Laikipia County this March.,Taarifa: kambi ya matibabu ya bure iliyoandaliwa na SHA (Huduma ya Afya ya Jamii) itafanyika katika Kaunti ya Laikipia Machi hii.
HEA_02843,Health,Division of Disease Surveillance and Response announces free medical camps for residents of Nairobi County starting this July.,Idara ya Ufuatiliaji na Jibu la Magonjwa inatangaza kambi za matibabu za bure kwa wakazi wa Kaunti ya Nairobi kuanzia Julai hii.
HEA_02844,Health,Kenya Red Cross advises residents of Kakamega County to register for their health insurance cover to access subsidised healthcare.,Msalaba Mwekundu wa Kenya unawashauri wakazi wa Kaunti ya Kakamega kujiandikisha kwa bima yao ya afya ili kupata huduma ya afya iliyosaidiwa.
HEA_02845,Health,KEMRI reminds the public in Murang'a County that access to subsidised dialysis is now available at designated centres.,KEMRI inawakumbusha umma katika Kaunti ya Murang'a kwamba upatikanaji wa dialysis ya ruzuku sasa unapatikana katika vituo vilivyochaguliwa.
HEA_02846,Health,Notice: a free medical camp organised by CDC will be held in Kajiado County this May.,Taarifa: kambi ya matibabu ya bure iliyoandaliwa na CDC itafanyika Kajiado County Mei hii.
HEA_02847,Health,KEMSA announces eye and dental camps for residents of Lamu County starting this December.,KEMSA inatangaza kambi za macho na meno kwa wakazi wa Kaunti ya Lamu kuanzia Desemba hii.
HEA_02848,Health,Notice: a free medical camp organised by Division of Disease Surveillance and Response will be held in Nandi County this December.,Taarifa: kambi ya matibabu ya bure iliyoandaliwa na Idara ya Ufuatiliaji na Jibu la Magonjwa itafanyika katika Kaunti ya Nandi Desemba hii.
HEA_02849,Health,Division of Disease Surveillance and Response reminds the public in Kiambu County that access to eye and dental camps is now available at designated centres.,Idara ya Ufuatiliaji na Jibu la Magonjwa inawakumbusha umma katika Kaunti ya Kiambu kwamba kufikia kambi za macho na meno sasa zinapatikana katika vituo vilivyoainishwa.
HEA_02850,Health,Notice: a free medical camp organised by Kenya Red Cross will be held in Bungoma County this December.,Taarifa: kambi ya matibabu ya bure iliyoandaliwa na Msalaba Mwekundu wa Kenya itafanyika katika Kaunti ya Bungoma Desemba hii.
HEA_02851,Health,KEMSA announces outpatient services for residents of Wajir County starting this November.,KEMSA inatangaza huduma za nje kwa wakazi wa Kaunti ya Wajir kuanzia Novemba hii.
HEA_02852,Health,Kenya Medical Association reminds the public in Nakuru County that access to subsidised dialysis is now available at designated centres.,Chama cha Matibabu cha Kenya kinakumbusha umma katika Kaunti ya Nakuru kwamba upatikanaji wa dialysis ya ruzuku sasa unapatikana katika vituo vilivyochaguliwa.
HEA_02853,Health,CDC announces subsidised dialysis for residents of West Pokot County starting this January.,CDC inatangaza msaada wa dialysis kwa wakazi wa Wilaya ya West Pokot kuanzia Januari hii.
HEA_02854,Health,Ministry of Health reminds the public in Narok County that access to subsidised dialysis is now available at designated centres.,Wizara ya Afya inawakumbusha umma katika Kaunti ya Narok kwamba upatikanaji wa dialysis ya ruzuku sasa unapatikana katika vituo vilivyochaguliwa.
HEA_02855,Health,Kenya Red Cross reminds the public in Kakamega County that access to eye and dental camps is now available at designated centres.,Msalaba Mwekundu wa Kenya unakumbusha umma katika Kaunti ya Kakamega kwamba kufikia kambi za macho na meno sasa zinapatikana katika vituo vilivyoainishwa.
HEA_02856,Health,SHA (Social Health Authority) announces subsidised dialysis for residents of Kakamega County starting this February.,Shirika la Afya ya Jamii (SHA) linatangaza kuwa wageni wa Kaunti ya Kakamega watapata dialysis ya ziada kuanzia Februari hii.
HEA_02857,Health,CDC announces SHA registration for residents of Isiolo County starting this September.,CDC inatangaza usajili wa SHA kwa wakazi wa Wilaya ya Isiolo kuanzia Septemba hii.
HEA_02858,Health,KEMRI reminds the public in Lamu County that access to outpatient services is now available at designated centres.,KEMRI inawakumbusha umma katika Kaunti ya Lamu kwamba huduma za wagonjwa wa nje sasa zinapatikana katika vituo vilivyochaguliwa.
HEA_02859,Health,Notice: a free medical camp organised by Ministry of Health - Reproductive Health Unit will be held in Nandi County this December.,Taarifa: kambi ya matibabu ya bure iliyoandaliwa na Wizara ya Afya - Kitengo cha Afya ya Uzazi itafanyika katika Kaunti ya Nandi Desemba hii.
HEA_02860,Health,Division of Disease Surveillance and Response advises residents of Lamu County to carry a valid national ID when seeking treatment to access subsidised healthcare.,Idara ya Ufuatiliaji na Jibu la Magonjwa inashauri wakazi wa Kaunti ya Lamu kubeba kitambulisho halali cha kitaifa wakati wa kutafuta matibabu ili kupata huduma ya afya ya ruzuku.
HEA_02861,Health,CDC reminds the public in Kisii County that access to outpatient services is now available at designated centres.,CDC inakumbusha umma katika Kaunti ya Kisii kwamba huduma za wagonjwa wa nje sasa zinapatikana katika vituo vilivyoainishwa.
HEA_02862,Health,Kenya Medical Association announces SHA registration for residents of Kakamega County starting this May.,Chama cha Matibabu cha Kenya kinatangaza usajili wa SHA kwa wakazi wa Kaunti ya Kakamega kuanzia Mei hii.
HEA_02863,Health,Ministry of Health reminds the public in Mombasa County that access to NHIF/SHA claims support is now available at designated centres.,Wizara ya Afya inawakumbusha umma katika Kaunti ya Mombasa kwamba upatikanaji wa msaada wa madai ya NHIF/SHA sasa unapatikana katika vituo vilivyoainishwa.
HEA_02864,Health,KEMSA reminds the public in Makueni County that access to subsidised dialysis is now available at designated centres.,KEMSA inawakumbusha umma katika Kaunti ya Makueni kwamba upatikanaji wa dialysis ya ruzuku sasa unapatikana katika vituo vilivyochaguliwa.
HEA_02865,Health,Notice: a free medical camp organised by CDC will be held in Baringo County this November.,Taarifa: kambi ya matibabu ya bure iliyoandaliwa na CDC itafanyika katika Kaunti ya Baringo mwezi huu wa Novemba.
HEA_02866,Health,Division of Disease Surveillance and Response advises residents of Nyamira County to visit the nearest Huduma Centre for assistance to access subsidised healthcare.,Idara ya Ufuatiliaji na Jibu la Magonjwa inashauri wakazi wa Kaunti ya Nyamira kutembelea Kituo cha Huduma cha karibu ili kupata msaada wa kupata huduma za afya zilizofadhiliwa.
HEA_02867,Health,KEMSA advises residents of Embu County to visit the nearest Huduma Centre for assistance to access subsidised healthcare.,KEMSA inashauri wakazi wa Kaunti ya Embu kutembelea Kituo cha Huduma kilicho karibu ili kupata msaada wa kupata huduma za afya zilizofadhiliwa.
HEA_02868,Health,Ministry of Health announces SHA registration for residents of Kericho County starting this October.,Wizara ya Afya yatangaza usajili wa SHA kwa wakazi wa Kaunti ya Kericho kuanzia Oktoba hii.
HEA_02869,Health,CDC advises residents of Turkana County to carry a valid national ID when seeking treatment to access subsidised healthcare.,CDC inashauri wakazi wa Wilaya ya Turkana kubeba kitambulisho halali cha kitaifa wakati wa kutafuta matibabu ili kupata huduma ya afya ya ruzuku.
HEA_02870,Health,Notice: a free medical camp organised by KEMRI will be held in Homa Bay County this April.,Taarifa: kambi ya matibabu ya bure iliyoandaliwa na KEMRI itafanyika Homa Bay County Aprili hii.
HEA_02871,Health,Kenya Red Cross advises residents of Isiolo County to carry a valid national ID when seeking treatment to access subsidised healthcare.,Msalaba Mwekundu wa Kenya unashauri wakazi wa Wilaya ya Isiolo kubeba kitambulisho halali cha kitaifa wakati wa kutafuta matibabu ili kupata huduma ya afya ya ruzuku.
HEA_02872,Health,KEMRI advises residents of Turkana County to visit the nearest Huduma Centre for assistance to access subsidised healthcare.,KEMRI inashauri wakazi wa Wilaya ya Turkana kutembelea Kituo cha Huduma cha karibu ili kupata msaada wa kupata huduma za afya zilizofadhiliwa.
HEA_02873,Health,SHA (Social Health Authority) reminds the public in Samburu County that access to outpatient services is now available at designated centres.,Shirika la Afya ya Jamii (SHA) linakumbusha umma katika Kaunti ya Samburu kwamba huduma za wagonjwa wa nje sasa zinapatikana katika vituo vilivyochaguliwa.
HEA_02874,Health,Kenya Medical Association advises residents of Tana River County to confirm their facility is accredited before visiting to access subsidised healthcare.,Chama cha Matibabu cha Kenya kinashauri wakazi wa Wilaya ya Tana River kuthibitisha kuwa kituo chao kimeidhinishwa kabla ya kutembelea ili kupata huduma ya afya ya ruzuku.
HEA_02875,Health,KEMRI reminds the public in Embu County that access to subsidised dialysis is now available at designated centres.,KEMRI inawakumbusha umma katika Kaunti ya Embu kwamba upatikanaji wa dialysis ya ruzuku sasa unapatikana katika vituo vilivyochaguliwa.
HEA_02876,Health,SHA (Social Health Authority) announces subsidised dialysis for residents of Meru County starting this September.,Shirika la Afya ya Jamii (SHA) linatangaza kuwa wageni wa Kaunti ya Meru watapata matibabu ya dialysis ya ziada kuanzia Septemba mwaka huu.
HEA_02877,Health,KEMSA announces outpatient services for residents of Embu County starting this February.,KEMSA inatangaza huduma za nje kwa wakazi wa Kaunti ya Embu kuanzia Februari hii.
HEA_02878,Health,Notice: a free medical camp organised by Division of Disease Surveillance and Response will be held in Uasin Gishu County this April.,Taarifa: kambi ya matibabu ya bure iliyoandaliwa na Idara ya Ufuatiliaji na Jibu la Magonjwa itafanyika katika Kaunti ya Uasin Gishu Aprili hii.
HEA_02879,Health,SHA (Social Health Authority) advises residents of Narok County to confirm their facility is accredited before visiting to access subsidised healthcare.,SHA (Shirika la Afya ya Jamii) linawashauri wakazi wa Kaunti ya Narok kuthibitisha kuwa kituo chao kimeidhinishwa kabla ya kutembelea ili kupata huduma za afya zilizofadhiliwa.
HEA_02880,Health,Notice: a free medical camp organised by CDC will be held in Wajir County this August.,Taarifa: kambi ya matibabu ya bure iliyoandaliwa na CDC itafanyika katika Kaunti ya Wajir Agosti hii.
HEA_02881,Health,Ministry of Health announces outpatient services for residents of Samburu County starting this July.,Wizara ya Afya yatangaza huduma za nje kwa wakazi wa Kaunti ya Samburu kuanzia Julai hii.
HEA_02882,Health,Division of Disease Surveillance and Response announces SHA registration for residents of West Pokot County starting this May.,Idara ya Ufuatiliaji na Jibu la Magonjwa inatangaza usajili wa SHA kwa wakazi wa Kaunti ya Pokot Magharibi kuanzia Mei hii.
HEA_02883,Health,Kenya Red Cross reminds the public in Kitui County that access to SHA registration is now available at designated centres.,Msalaba Mwekundu wa Kenya unakumbusha umma katika Kaunti ya Kitui kwamba upatikanaji wa usajili wa SHA sasa unapatikana katika vituo vilivyoainishwa.
HEA_02884,Health,Ministry of Health - Reproductive Health Unit reminds the public in Kwale County that access to eye and dental camps is now available at designated centres.,Wizara ya Afya - Kitengo cha Afya ya Kuzaa kinakumbusha umma katika Kaunti ya Kwale kwamba kufikia kambi za macho na meno sasa zinapatikana katika vituo vilivyoainishwa.
HEA_02885,Health,Notice: a free medical camp organised by Ministry of Health will be held in Marsabit County this April.,Taarifa: kambi ya matibabu ya bure iliyoandaliwa na Wizara ya Afya itafanyika katika Kaunti ya Marsabit Aprili hii.
HEA_02886,Health,Ministry of Health advises residents of Mandera County to visit the nearest Huduma Centre for assistance to access subsidised healthcare.,Wizara ya Afya inawashauri wakazi wa Kaunti ya Mandera watembelee Kituo cha Huduma kilicho karibu zaidi kwa msaada wa kupata huduma za afya zilizofadhiliwa.
HEA_02887,Health,Ministry of Health - Reproductive Health Unit advises residents of Kilifi County to visit the nearest Huduma Centre for assistance to access subsidised healthcare.,Wizara ya Afya - Kitengo cha Afya ya Kuzaa kinashauri wakazi wa Kaunti ya Kilifi kutembelea Kituo cha Huduma kilicho karibu zaidi kwa msaada wa kupata huduma za afya zilizofadhiliwa.
HEA_02888,Health,Kenya Medical Association advises residents of Meru County to visit the nearest Huduma Centre for assistance to access subsidised healthcare.,Chama cha Matibabu cha Kenya kinashauri wakazi wa Kaunti ya Meru kutembelea Kituo cha Huduma cha karibu ili kupata msaada wa kupata huduma za afya zilizofadhiliwa.
HEA_02889,Health,Division of Disease Surveillance and Response advises residents of Wajir County to register for their health insurance cover to access subsidised healthcare.,Idara ya Ufuatiliaji na Jibu la Magonjwa inashauri wakazi wa Kaunti ya Wajir kujiandikisha kwa bima yao ya afya ili kupata huduma ya afya ya ruzuku.
HEA_02890,Health,KEMRI reminds the public in Kirinyaga County that access to eye and dental camps is now available at designated centres.,KEMRI inawakumbusha umma katika Kaunti ya Kirinyaga kwamba kufikia kambi za macho na meno sasa zinapatikana katika vituo vilivyochaguliwa.
HEA_02891,Health,Notice: a free medical camp organised by Kenya Red Cross will be held in Busia County this June.,Taarifa: kambi ya matibabu ya bure iliyoandaliwa na Msalaba Mwekundu wa Kenya itafanyika katika Kaunti ya Busia mwezi Juni huu.
HEA_02892,Health,Ministry of Health announces outpatient services for residents of Kiambu County starting this January.,Wizara ya Afya yatangaza huduma za nje kwa wakazi wa Kaunti ya Kiambu kuanzia Januari hii.
HEA_02893,Health,KEMSA announces subsidised dialysis for residents of Uasin Gishu County starting this January.,KEMSA inatangaza upasuaji wa dialysis wa ruzuku kwa wakazi wa Kaunti ya Uasin Gishu kuanzia Januari hii.
HEA_02894,Health,CDC reminds the public in Isiolo County that access to SHA registration is now available at designated centres.,CDC inakumbusha umma katika Wilaya ya Isiolo kwamba upatikanaji wa usajili wa SHA sasa unapatikana katika vituo vilivyoainishwa.
HEA_02895,Health,Division of Disease Surveillance and Response announces outpatient services for residents of Kitui County starting this February.,Idara ya Ufuatiliaji na Jibu la Magonjwa inatangaza huduma za nje kwa wakazi wa Kaunti ya Kitui kuanzia Februari hii.
HEA_02896,Health,SHA (Social Health Authority) announces outpatient services for residents of Laikipia County starting this August.,Shirika la Afya ya Jamii (SHA) linatangaza huduma za nje kwa wakazi wa Kaunti ya Laikipia kuanzia Agosti hii.
HEA_02897,Health,KEMSA reminds the public in Bungoma County that access to SHA registration is now available at designated centres.,KEMSA inawakumbusha umma katika Kaunti ya Bungoma kwamba upatikanaji wa usajili wa SHA sasa unapatikana katika vituo vilivyoainishwa.
HEA_02898,Health,Notice: a free medical camp organised by Ministry of Health - Reproductive Health Unit will be held in Laikipia County this May.,Taarifa: kambi ya matibabu ya bure iliyoandaliwa na Wizara ya Afya - Kitengo cha Afya ya Uzazi itafanyika katika Kaunti ya Laikipia Mei hii.
HEA_02899,Health,Division of Disease Surveillance and Response advises residents of Homa Bay County to carry a valid national ID when seeking treatment to access subsidised healthcare.,Idara ya Ufuatiliaji na Jibu la Magonjwa inashauri wakazi wa Kaunti ya Homa Bay kubeba kitambulisho halali cha kitaifa wakati wa kutafuta matibabu ili kupata huduma ya afya ya ruzuku.
HEA_02900,Health,Ministry of Health - Reproductive Health Unit announces subsidised dialysis for residents of Nakuru County starting this December.,Wizara ya Afya - Kitengo cha Afya ya Kuzaliana kinatangaza upasuaji wa dialysis wa ruzuku kwa wakazi wa Kaunti ya Nakuru kuanzia Desemba hii.
HEA_02901,Health,KEMSA advises residents of Kitui County to visit the nearest Huduma Centre for assistance to access subsidised healthcare.,KEMSA inashauri wakazi wa Wilaya ya Kitui kutembelea Kituo cha Huduma cha karibu ili kupata msaada wa kupata huduma za afya zilizofadhiliwa.
HEA_02902,Health,KEMRI advises residents of Homa Bay County to register for their health insurance cover to access subsidised healthcare.,KEMRI inashauri wakazi wa Wilaya ya Homa Bay kujiandikisha kwa bima yao ya afya ili kupata huduma ya afya ya ruzuku.
HEA_02903,Health,Kenya Red Cross reminds the public in Busia County that access to free medical camps is now available at designated centres.,Msalaba Mwekundu wa Kenya unakumbusha umma katika Kaunti ya Busia kwamba upatikanaji wa kambi za matibabu za bure sasa zinapatikana katika vituo vilivyochaguliwa.
HEA_02904,Health,Kenya Red Cross advises residents of Meru County to carry a valid national ID when seeking treatment to access subsidised healthcare.,Msalaba Mwekundu wa Kenya unawashauri wakazi wa Kaunti ya Meru kubeba kitambulisho halali cha kitaifa wakati wa kutafuta matibabu ili kupata huduma ya afya ya ruzuku.
HEA_02905,Health,Notice: a free medical camp organised by Ministry of Health - Reproductive Health Unit will be held in Homa Bay County this October.,Taarifa: kambi ya matibabu ya bure iliyoandaliwa na Wizara ya Afya - Kitengo cha Afya ya Uzazi itafanyika katika Kaunti ya Homa Bay mwezi huu wa Oktoba.
HEA_02906,Health,Notice: a free medical camp organised by KEMSA will be held in Murang'a County this July.,Taarifa: kambi ya matibabu ya bure iliyoandaliwa na KEMSA itafanyika katika Kaunti ya Murang'a mwezi huu wa Julai.
HEA_02907,Health,Notice: a free medical camp organised by KEMSA will be held in Vihiga County this December.,Taarifa: kambi ya matibabu ya bure iliyoandaliwa na KEMSA itafanyika katika Kaunti ya Vihiga Desemba hii.
HEA_02908,Health,Kenya Medical Association announces free medical camps for residents of Siaya County starting this January.,Chama cha Matibabu cha Kenya kinatangaza kambi za matibabu za bure kwa wakazi wa Kaunti ya Siaya kuanzia Januari hii.
HEA_02909,Health,Ministry of Health advises residents of Marsabit County to register for their health insurance cover to access subsidised healthcare.,Wizara ya Afya inawashauri wakazi wa Kaunti ya Marsabit kujiandikisha kwa bima yao ya afya ili kupata huduma ya afya ya ruzuku.
HEA_02910,Health,KEMSA advises residents of Trans Nzoia County to register for their health insurance cover to access subsidised healthcare.,KEMSA inashauri wakazi wa Kaunti ya Trans Nzoia kujiandikisha kwa bima yao ya afya ili kupata huduma ya afya ya ruzuku.
HEA_02911,Health,Ministry of Health - Reproductive Health Unit reminds the public in Turkana County that access to eye and dental camps is now available at designated centres.,Wizara ya Afya - Kitengo cha Afya ya Kuzaliana kinakumbusha umma katika Kaunti ya Turkana kwamba kufikia kambi za macho na meno sasa zinapatikana katika vituo vilivyoainishwa.
HEA_02912,Health,Ministry of Health - Reproductive Health Unit reminds the public in Embu County that access to subsidised dialysis is now available at designated centres.,Wizara ya Afya - Kitengo cha Afya ya Kuzaa kinakumbusha umma katika Kaunti ya Embu kwamba upatikanaji wa dialysis ya ruzuku sasa unapatikana katika vituo vilivyochaguliwa.
HEA_02913,Health,Notice: a free medical camp organised by CDC will be held in Nandi County this February.,Taarifa: kambi ya matibabu ya bure iliyoandaliwa na CDC itafanyika katika Kaunti ya Nandi Februari hii.
HEA_02914,Health,Notice: a free medical camp organised by CDC will be held in Kiambu County this June.,Taarifa: kambi ya matibabu ya bure iliyoandaliwa na CDC itafanyika katika Kaunti ya Kiambu mwezi huu wa Juni.
HEA_02915,Health,Kenya Red Cross advises residents of Kiambu County to confirm their facility is accredited before visiting to access subsidised healthcare.,Msalaba Mwekundu wa Kenya unawashauri wakazi wa Kaunti ya Kiambu kuthibitisha kuwa kituo chao kimeidhinishwa kabla ya kutembelea ili kupata huduma ya afya ya ruzuku.
HEA_02916,Health,Division of Disease Surveillance and Response announces SHA registration for residents of Kajiado County starting this May.,Idara ya Ufuatiliaji na Jibu la Magonjwa inatangaza usajili wa SHA kwa wakazi wa Kajiado County kuanzia Mei hii.
HEA_02917,Health,Notice: a free medical camp organised by Kenya Medical Association will be held in Kisumu County this January.,Taarifa: kambi ya matibabu ya bure iliyoandaliwa na Chama cha Matibabu cha Kenya itafanyika katika Kaunti ya Kisumu Januari hii.
HEA_02918,Health,SHA (Social Health Authority) advises residents of Kitui County to register for their health insurance cover to access subsidised healthcare.,SHA (Sheria ya Afya ya Jamii) inashauri wakazi wa Wilaya ya Kitui kujiandikisha kwa bima yao ya afya ili kupata huduma ya afya ya ruzuku.
HEA_02919,Health,CDC announces free medical camps for residents of Nyamira County starting this May.,CDC inatangaza kambi za matibabu za bure kwa wakazi wa Kaunti ya Nyamira kuanzia Mei hii.
HEA_02920,Health,Notice: a free medical camp organised by Kenya Red Cross will be held in Nandi County this July.,Taarifa: kambi ya matibabu ya bure iliyoandaliwa na Msalaba Mwekundu wa Kenya itafanyika katika Kaunti ya Nandi mwezi huu wa Julai.
HEA_02921,Health,CDC announces subsidised dialysis for residents of Meru County starting this July.,CDC inatangaza upasuaji wa dialysis kwa wakazi wa Kaunti ya Meru kuanzia Julai hii.
HEA_02922,Health,KEMSA advises residents of Migori County to register for their health insurance cover to access subsidised healthcare.,KEMSA inashauri wakazi wa Wilaya ya Migori kujiandikisha kwa bima yao ya afya ili kupata huduma ya afya ya ruzuku.
HEA_02923,Health,Division of Disease Surveillance and Response advises residents of Kajiado County to visit the nearest Huduma Centre for assistance to access subsidised healthcare.,Idara ya Ufuatiliaji na Jibu la Magonjwa inashauri wakazi wa Kajiado County kutembelea Kituo cha Huduma cha karibu ili kupata msaada wa kupata huduma za afya zilizofadhiliwa.
HEA_02924,Health,CDC announces free medical camps for residents of West Pokot County starting this September.,CDC inatangaza kambi za matibabu za bure kwa wakazi wa Wilaya ya West Pokot kuanzia Septemba hii.
HEA_02925,Health,Division of Disease Surveillance and Response advises residents of Isiolo County to visit the nearest Huduma Centre for assistance to access subsidised healthcare.,Idara ya Ufuatiliaji na Jibu la Magonjwa inashauri wakazi wa Kaunti ya Isiolo kutembelea Kituo cha Huduma cha karibu ili kupata msaada wa kupata huduma za afya zilizofadhiliwa.
HEA_02926,Health,KEMSA advises residents of Kericho County to confirm their facility is accredited before visiting to access subsidised healthcare.,KEMSA inashauri wakazi wa Kaunti ya Kericho kuthibitisha kuwa kituo chao kimeidhinishwa kabla ya kutembelea ili kupata huduma za afya zilizofadhiliwa.
HEA_02927,Health,Kenya Red Cross advises residents of Tana River County to carry a valid national ID when seeking treatment to access subsidised healthcare.,Msalaba Mwekundu wa Kenya unashauri wakazi wa Wilaya ya Tana River kubeba kitambulisho halali cha kitaifa wakati wa kutafuta matibabu ili kupata huduma ya afya ya ruzuku.
HEA_02928,Health,CDC reminds the public in Uasin Gishu County that access to outpatient services is now available at designated centres.,CDC inawakumbusha umma katika Kaunti ya Uasin Gishu kwamba huduma za wagonjwa wa nje sasa zinapatikana katika vituo vilivyoainishwa.
HEA_02929,Health,Notice: a free medical camp organised by KEMSA will be held in Nairobi County this May.,Taarifa: kambi ya matibabu ya bure iliyoandaliwa na KEMSA itafanyika katika Kaunti ya Nairobi Mei hii.
HEA_02930,Health,SHA (Social Health Authority) announces subsidised dialysis for residents of Makueni County starting this December.,Shirika la Afya ya Jamii (SHA) linatangaza kuwa wageni wa Wilaya ya Makueni watapata matibabu ya dialysis ya ziada kuanzia Desemba mwaka huu.
HEA_02931,Health,Notice: a free medical camp organised by KEMRI will be held in Nairobi County this October.,Taarifa: kambi ya matibabu ya bure iliyoandaliwa na KEMRI itafanyika katika Kaunti ya Nairobi mwezi huu wa Oktoba.
HEA_02932,Health,Ministry of Health announces free medical camps for residents of Uasin Gishu County starting this March.,Wizara ya Afya yatangaza kambi za matibabu za bure kwa wakazi wa Kaunti ya Uasin Gishu kuanzia Machi hii.
HEA_02933,Health,KEMSA reminds the public in Machakos County that access to free medical camps is now available at designated centres.,KEMSA inawakumbusha umma katika Kaunti ya Machakos kwamba kufikia kambi za matibabu za bure sasa zinapatikana katika vituo vilivyochaguliwa.
HEA_02934,Health,Kenya Medical Association reminds the public in Vihiga County that access to free medical camps is now available at designated centres.,Chama cha Matibabu cha Kenya kinakumbusha umma katika Kaunti ya Vihiga kwamba kufikia kambi za matibabu za bure sasa zinapatikana katika vituo vilivyochaguliwa.
HEA_02935,Health,Kenya Medical Association advises residents of Wajir County to visit the nearest Huduma Centre for assistance to access subsidised healthcare.,Chama cha Matibabu cha Kenya kinashauri wakazi wa Kaunti ya Wajir kutembelea Kituo cha Huduma cha karibu ili kupata msaada wa kupata huduma za afya zilizofadhiliwa.
HEA_02936,Health,Ministry of Health - Reproductive Health Unit advises residents of Marsabit County to carry a valid national ID when seeking treatment to access subsidised healthcare.,Wizara ya Afya - Kitengo cha Afya ya Kuzaliana kinashauri wakazi wa Kaunti ya Marsabit kubeba kitambulisho halali cha kitaifa wakati wa kutafuta matibabu ili kupata huduma za afya zilizofadhiliwa.
HEA_02937,Health,Notice: a free medical camp organised by Ministry of Health will be held in Siaya County this February.,Taarifa: kambi ya matibabu ya bure iliyoandaliwa na Wizara ya Afya itafanyika katika Kaunti ya Siaya Februari hii.
HEA_02938,Health,Notice: a free medical camp organised by CDC will be held in Garissa County this November.,Taarifa: kambi ya matibabu ya bure iliyoandaliwa na CDC itafanyika katika Kaunti ya Garissa mwezi huu wa Novemba.
HEA_02939,Health,KEMRI reminds the public in Homa Bay County that access to NHIF/SHA claims support is now available at designated centres.,KEMRI inawakumbusha umma katika Kaunti ya Homa Bay kwamba upatikanaji wa msaada wa madai ya NHIF/SHA sasa unapatikana katika vituo vilivyoainishwa.
HEA_02940,Health,CDC announces free medical camps for residents of Busia County starting this August.,CDC inatangaza kambi za matibabu za bure kwa wakazi wa Kaunti ya Busia kuanzia Agosti hii.
HEA_02941,Health,Division of Disease Surveillance and Response announces outpatient services for residents of Nyandarua County starting this January.,Idara ya Ufuatiliaji na Jibu la Magonjwa inatangaza huduma za nje kwa wakazi wa Kaunti ya Nyandarua kuanzia Januari hii.
HEA_02942,Health,Notice: a free medical camp organised by SHA (Social Health Authority) will be held in Siaya County this August.,Taarifa: kambi ya matibabu ya bure iliyoandaliwa na SHA (Huduma ya Afya ya Jamii) itafanyika katika Kaunti ya Siaya Agosti hii.
HEA_02943,Health,KEMSA reminds the public in Nyamira County that access to outpatient services is now available at designated centres.,KEMSA inawakumbusha umma katika Kaunti ya Nyamira kwamba huduma za wagonjwa wa nje sasa zinapatikana katika vituo vilivyoainishwa.
HEA_02944,Health,Notice: a free medical camp organised by KEMRI will be held in Kajiado County this February.,Taarifa: kambi ya matibabu ya bure iliyoandaliwa na KEMRI itafanyika katika Kajiado County Februari hii.
HEA_02945,Health,Division of Disease Surveillance and Response announces outpatient services for residents of Machakos County starting this November.,Idara ya Ufuatiliaji na Jibu la Magonjwa inatangaza huduma za nje kwa wakazi wa Kaunti ya Machakos kuanzia Novemba hii.
HEA_02946,Health,Kenya Medical Association reminds the public in Tana River County that access to SHA registration is now available at designated centres.,Chama cha Matibabu cha Kenya kinakumbusha umma katika Wilaya ya Tana River kwamba upatikanaji wa usajili wa SHA sasa unapatikana katika vituo vilivyoainishwa.
HEA_02947,Health,Notice: a free medical camp organised by Kenya Red Cross will be held in Makueni County this November.,Taarifa: kambi ya matibabu ya bure iliyoandaliwa na Msalaba Mwekundu wa Kenya itafanyika katika Kaunti ya Makueni mwezi huu wa Novemba.
HEA_02948,Health,Notice: a free medical camp organised by Kenya Medical Association will be held in Homa Bay County this May.,Taarifa: kambi ya matibabu ya bure iliyoandaliwa na Chama cha Matibabu cha Kenya itafanyika katika Kaunti ya Homa Bay mwezi Mei huu.
HEA_02949,Health,Notice: a free medical camp organised by SHA (Social Health Authority) will be held in Mombasa County this February.,Taarifa: kambi ya matibabu ya bure iliyoandaliwa na SHA (Huduma ya Afya ya Jamii) itafanyika katika Kaunti ya Mombasa Februari hii.
HEA_02950,Health,KEMRI reminds the public in Vihiga County that access to free medical camps is now available at designated centres.,KEMRI inawakumbusha umma katika Kaunti ya Vihiga kwamba kufikia kambi za matibabu za bure sasa zinapatikana katika vituo vilivyoainishwa.
HEA_02951,Health,Kenya Red Cross reminds the public in Garissa County that access to outpatient services is now available at designated centres.,Msalaba Mwekundu wa Kenya unakumbusha umma katika Kaunti ya Garissa kwamba huduma za wagonjwa wa nje sasa zinapatikana katika vituo vilivyochaguliwa.
HEA_02952,Health,CDC reminds the public in Homa Bay County that access to SHA registration is now available at designated centres.,CDC inawakumbusha umma katika Wilaya ya Homa Bay kwamba upatikanaji wa usajili wa SHA sasa unapatikana katika vituo vilivyoainishwa.
HEA_02953,Health,SHA (Social Health Authority) announces SHA registration for residents of Kakamega County starting this February.,Shirika la Afya ya Jamii (SHA) linatangaza usajili wa Shirika la Afya ya Jamii kwa wakazi wa Kaunti ya Kakamega kuanzia Februari hii.
HEA_02954,Health,Division of Disease Surveillance and Response advises residents of Vihiga County to confirm their facility is accredited before visiting to access subsidised healthcare.,Idara ya Ufuatiliaji na Jibu la Magonjwa inawashauri wakazi wa Kaunti ya Vihiga kuthibitisha kuwa kituo chao kimeidhinishwa kabla ya kutembelea ili kupata huduma ya afya ya ruzuku.
HEA_02955,Health,Ministry of Health reminds the public in Turkana County that access to outpatient services is now available at designated centres.,Wizara ya Afya inawakumbusha umma katika Kaunti ya Turkana kwamba huduma za wagonjwa wa nje sasa zinapatikana katika vituo vilivyochaguliwa.
HEA_02956,Health,CDC reminds the public in Kilifi County that access to eye and dental camps is now available at designated centres.,CDC inawakumbusha umma katika Kaunti ya Kilifi kwamba upatikanaji wa kambi za macho na meno sasa unapatikana katika vituo vilivyoainishwa.
HEA_02957,Health,Ministry of Health reminds the public in Embu County that access to free medical camps is now available at designated centres.,Wizara ya Afya inawakumbusha umma katika Kaunti ya Embu kwamba kufikia kambi za matibabu za bure sasa zinapatikana katika vituo vilivyochaguliwa.
HEA_02958,Health,Division of Disease Surveillance and Response announces outpatient services for residents of Garissa County starting this May.,Idara ya Ufuatiliaji na Jibu la Magonjwa inatangaza huduma za nje kwa wakazi wa Kaunti ya Garissa kuanzia Mei hii.
HEA_02959,Health,Ministry of Health - Reproductive Health Unit announces eye and dental camps for residents of Makueni County starting this June.,Wizara ya Afya - Kitengo cha Afya ya uzazi kinatangaza kambi za macho na meno kwa wakazi wa Kaunti ya Makueni kuanzia Juni hii.
HEA_02960,Health,Notice: a free medical camp organised by Division of Disease Surveillance and Response will be held in Machakos County this May.,Taarifa: kambi ya matibabu ya bure iliyoandaliwa na Idara ya Ufuatiliaji na Jibu la Magonjwa itafanyika katika Kaunti ya Machakos Mei hii.
HEA_02961,Health,Ministry of Health reminds the public in Murang'a County that access to eye and dental camps is now available at designated centres.,Wizara ya Afya inawakumbusha umma katika Kaunti ya Murang'a kwamba kufikia kambi za macho na meno sasa zinapatikana katika vituo vilivyochaguliwa.
HEA_02962,Health,Notice: a free medical camp organised by KEMSA will be held in Embu County this September.,Taarifa: kambi ya matibabu ya bure iliyoandaliwa na KEMSA itafanyika katika Kaunti ya Embu mwezi huu wa Septemba.
HEA_02963,Health,Notice: a free medical camp organised by Kenya Medical Association will be held in Turkana County this March.,Taarifa: kambi ya matibabu ya bure iliyoandaliwa na Chama cha Matibabu cha Kenya itafanyika katika Kaunti ya Turkana mwezi huu wa Machi.
HEA_02964,Health,SHA (Social Health Authority) reminds the public in Kiambu County that access to subsidised dialysis is now available at designated centres.,SHA (Shirika la Afya ya Jamii) hukumbusha umma katika Kaunti ya Kiambu kwamba upatikanaji wa dialysis ya ruzuku sasa unapatikana katika vituo vilivyochaguliwa.
HEA_02965,Health,Division of Disease Surveillance and Response advises residents of Kirinyaga County to register for their health insurance cover to access subsidised healthcare.,Idara ya Ufuatiliaji na Jibu la Magonjwa inashauri wakazi wa Kaunti ya Kirinyaga kujiandikisha kwa bima yao ya afya ili kupata huduma ya afya ya ruzuku.
HEA_02966,Health,Division of Disease Surveillance and Response reminds the public in Busia County that access to eye and dental camps is now available at designated centres.,Idara ya Ufuatiliaji na Jibu la Magonjwa inakumbusha umma katika Kaunti ya Busia kwamba upatikanaji wa kambi za macho na meno sasa unapatikana katika vituo vilivyoainishwa.
HEA_02967,Health,Kenya Medical Association advises residents of Tharaka-Nithi County to confirm their facility is accredited before visiting to access subsidised healthcare.,Chama cha Matibabu cha Kenya kinashauri wakazi wa Kaunti ya Tharaka-Nithi kuthibitisha kuwa kituo chao kimeidhinishwa kabla ya kutembelea ili kupata huduma ya afya ya ruzuku.
HEA_02968,Health,Notice: a free medical camp organised by Division of Disease Surveillance and Response will be held in Nandi County this June.,Taarifa: kambi ya matibabu ya bure iliyoandaliwa na Idara ya Ufuatiliaji na Jibu la Magonjwa itafanyika katika Kaunti ya Nandi Juni hii.
HEA_02969,Health,KEMSA advises residents of Murang'a County to register for their health insurance cover to access subsidised healthcare.,KEMSA inashauri wakazi wa Kaunti ya Murang'a kujiandikisha kwa bima yao ya afya ili kupata huduma ya afya ya ruzuku.
HEA_02970,Health,Kenya Red Cross advises residents of Narok County to carry a valid national ID when seeking treatment to access subsidised healthcare.,Msalaba Mwekundu wa Kenya unashauri wakazi wa Kaunti ya Narok kubeba kitambulisho halali cha kitaifa wakati wa kutafuta matibabu ili kupata huduma ya afya ya ruzuku.
HEA_02971,Health,Kenya Medical Association advises residents of Busia County to register for their health insurance cover to access subsidised healthcare.,Chama cha Matibabu cha Kenya kinashauri wakazi wa Kaunti ya Busia kujiandikisha kwa bima yao ya afya ili kupata huduma ya afya iliyosaidiwa.
HEA_02972,Health,SHA (Social Health Authority) advises residents of Taita-Taveta County to confirm their facility is accredited before visiting to access subsidised healthcare.,SHA (Shirika la Afya ya Jamii) linawashauri wakazi wa Wilaya ya Taita-Taveta kuthibitisha kuwa kituo chao kimeidhinishwa kabla ya kutembelea ili kupata huduma ya afya ya ruzuku.
HEA_02973,Health,Notice: a free medical camp organised by KEMSA will be held in Nyamira County this June.,Taarifa: kambi ya matibabu ya bure iliyoandaliwa na KEMSA itafanyika katika Kaunti ya Nyamira mwezi Juni huu.
HEA_02974,Health,Notice: a free medical camp organised by Kenya Medical Association will be held in Mandera County this July.,Taarifa: kambi ya matibabu ya bure iliyoandaliwa na Chama cha Matibabu cha Kenya itafanyika katika Kaunti ya Mandera mwezi huu wa Julai.
HEA_02975,Health,Kenya Red Cross announces SHA registration for residents of Busia County starting this October.,Kenya Red Cross inatangaza usajili wa SHA kwa wakazi wa Kaunti ya Busia kuanzia Oktoba hii.
HEA_02976,Health,Notice: a free medical camp organised by KEMRI will be held in Nandi County this January.,Taarifa: kambi ya matibabu ya bure iliyoandaliwa na KEMRI itafanyika katika Kaunti ya Nandi Januari hii.
HEA_02977,Health,CDC advises residents of Marsabit County to carry a valid national ID when seeking treatment to access subsidised healthcare.,CDC inashauri wakazi wa Kaunti ya Marsabit kubeba kitambulisho halali cha kitaifa wakati wa kutafuta matibabu ili kupata huduma ya afya ya ruzuku.
HEA_02978,Health,Ministry of Health - Reproductive Health Unit announces free medical camps for residents of Kitui County starting this December.,Wizara ya Afya - Kituo cha Afya ya Kuzaa kinatangaza kambi za matibabu za bure kwa wakazi wa Kaunti ya Kitui kuanzia Desemba hii.
HEA_02979,Health,KEMRI advises residents of Nandi County to visit the nearest Huduma Centre for assistance to access subsidised healthcare.,KEMRI inawashauri wakazi wa Kaunti ya Nandi watembelee Kituo cha Huduma kilicho karibu zaidi ili kupata msaada wa kupata huduma za afya zilizofadhiliwa.
HEA_02980,Health,Ministry of Health advises residents of Nyeri County to register for their health insurance cover to access subsidised healthcare.,Wizara ya Afya inashauri wakazi wa Kaunti ya Nyeri wajiandikishe kwa bima yao ya afya ili kupata huduma za afya zilizofadhiliwa.
HEA_02981,Health,Ministry of Health - Reproductive Health Unit reminds the public in Uasin Gishu County that access to subsidised dialysis is now available at designated centres.,Wizara ya Afya - Kitengo cha Afya ya Kuzaa kinakumbusha umma katika Kaunti ya Uasin Gishu kwamba upatikanaji wa dialysis ya ruzuku sasa unapatikana katika vituo vilivyochaguliwa.
HEA_02982,Health,Kenya Medical Association advises residents of Meru County to confirm their facility is accredited before visiting to access subsidised healthcare.,Chama cha Matibabu cha Kenya kinashauri wakazi wa Kaunti ya Meru kuthibitisha kuwa kituo chao kimeidhinishwa kabla ya kutembelea ili kupata huduma ya afya ya ruzuku.
HEA_02983,Health,Kenya Red Cross reminds the public in Nyamira County that access to NHIF/SHA claims support is now available at designated centres.,Msalaba Mwekundu wa Kenya unakumbusha umma katika Kaunti ya Nyamira kwamba upatikanaji wa msaada wa madai ya NHIF/SHA sasa unapatikana katika vituo vilivyochaguliwa.
HEA_02984,Health,Division of Disease Surveillance and Response reminds the public in West Pokot County that access to NHIF/SHA claims support is now available at designated centres.,Idara ya Ufuatiliaji na Jibu la Magonjwa inawakumbusha umma katika Kaunti ya West Pokot kwamba upatikanaji wa msaada wa madai ya NHIF / SHA sasa unapatikana katika vituo vilivyoainishwa.
HEA_02985,Health,Notice: a free medical camp organised by SHA (Social Health Authority) will be held in Kisii County this March.,Taarifa: kambi ya matibabu ya bure iliyoandaliwa na SHA (Huduma ya Afya ya Jamii) itafanyika katika Kaunti ya Kisii Machi hii.
HEA_02986,Health,Notice: a free medical camp organised by KEMRI will be held in Kericho County this October.,Taarifa: kambi ya matibabu ya bure iliyoandaliwa na KEMRI itafanyika katika Kaunti ya Kericho mwezi huu wa Oktoba.
HEA_02987,Health,Notice: a free medical camp organised by SHA (Social Health Authority) will be held in Bungoma County this April.,Taarifa: kambi ya matibabu ya bure iliyoandaliwa na SHA (Huduma ya Afya ya Jamii) itafanyika katika Kaunti ya Bungoma Aprili hii.
HEA_02988,Health,Notice: a free medical camp organised by CDC will be held in Kitui County this August.,Taarifa: kambi ya matibabu ya bure iliyoandaliwa na CDC itafanyika katika Kaunti ya Kitui Agosti hii.
HEA_02989,Health,Notice: a free medical camp organised by Ministry of Health will be held in Baringo County this October.,Taarifa: kambi ya matibabu ya bure iliyoandaliwa na Wizara ya Afya itafanyika katika Kaunti ya Baringo mwezi huu wa Oktoba.
HEA_02990,Health,Ministry of Health - Reproductive Health Unit reminds the public in Vihiga County that access to SHA registration is now available at designated centres.,Wizara ya Afya - Kitengo cha Afya ya Kuzaa kinakumbusha umma katika Kaunti ya Vihiga kwamba upatikanaji wa usajili wa SHA sasa unapatikana katika vituo vilivyoainishwa.
HEA_02991,Health,Ministry of Health advises residents of Bomet County to register for their health insurance cover to access subsidised healthcare.,Wizara ya Afya inawashauri wakazi wa Kaunti ya Bomet kujiandikisha kwa bima yao ya afya ili kupata huduma ya afya ya ruzuku.
HEA_02992,Health,Notice: a free medical camp organised by Ministry of Health - Reproductive Health Unit will be held in Nyamira County this March.,Taarifa: kambi ya matibabu ya bure iliyoandaliwa na Wizara ya Afya - Kitengo cha Afya ya Uzazi itafanyika katika Kaunti ya Nyamira Machi hii.
HEA_02993,Health,Division of Disease Surveillance and Response announces NHIF/SHA claims support for residents of Lamu County starting this December.,Idara ya Ufuatiliaji na Jibu la Magonjwa inatangaza msaada wa madai ya NHIF / SHA kwa wakazi wa Kaunti ya Lamu kuanzia Desemba hii.
HEA_02994,Health,Notice: a free medical camp organised by Ministry of Health will be held in Nyamira County this October.,Taarifa: kambi ya matibabu ya bure iliyoandaliwa na Wizara ya Afya itafanyika katika Kaunti ya Nyamira mwezi huu wa Oktoba.
HEA_02995,Health,Kenya Medical Association reminds the public in Nyamira County that access to outpatient services is now available at designated centres.,Chama cha Matibabu cha Kenya kinakumbusha umma katika Kaunti ya Nyamira kwamba huduma za wagonjwa wa nje sasa zinapatikana katika vituo vilivyochaguliwa.
HEA_02996,Health,Ministry of Health - Reproductive Health Unit advises residents of Kirinyaga County to carry a valid national ID when seeking treatment to access subsidised healthcare.,Wizara ya Afya - Kitengo cha Afya ya Kuzaliana kinashauri wakazi wa Kaunti ya Kirinyaga kubeba kitambulisho halali cha kitaifa wakati wa kutafuta matibabu ili kupata huduma za afya zilizofadhiliwa.
HEA_02997,Health,Notice: a free medical camp organised by KEMRI will be held in Kakamega County this September.,Taarifa: kambi ya matibabu ya bure iliyoandaliwa na KEMRI itafanyika katika Kaunti ya Kakamega mwezi huu wa Septemba.
HEA_02998,Health,KEMSA reminds the public in Kericho County that access to subsidised dialysis is now available at designated centres.,KEMSA inawakumbusha umma katika Kaunti ya Kericho kwamba upatikanaji wa dialysis ya ruzuku sasa unapatikana katika vituo vilivyochaguliwa.
HEA_02999,Health,Notice: a free medical camp organised by Ministry of Health will be held in Busia County this January.,Taarifa: kambi ya matibabu ya bure iliyoandaliwa na Wizara ya Afya itafanyika katika Kaunti ya Busia Januari hii.
HEA_03000,Health,Notice: a free medical camp organised by SHA (Social Health Authority) will be held in Lamu County this October.,Taarifa: kambi ya matibabu ya bure iliyoandaliwa na SHA (Huduma ya Afya ya Jamii) itafanyika katika Kaunti ya Lamu mwezi huu wa Oktoba.
HEA_03001,Health,CDC announces free medical camps for residents of Uasin Gishu County starting this December.,CDC inatangaza kambi za matibabu za bure kwa wakazi wa Wilaya ya Uasin Gishu kuanzia Desemba hii.
HEA_03002,Health,KEMRI advises residents of Bungoma County to visit the nearest Huduma Centre for assistance to access subsidised healthcare.,KEMRI inashauri wakazi wa Kaunti ya Bungoma kutembelea Kituo cha Huduma kilicho karibu ili kupata msaada wa kupata huduma za afya zilizofadhiliwa.
HEA_03003,Health,Ministry of Health - Reproductive Health Unit announces NHIF/SHA claims support for residents of Nairobi County starting this February.,Wizara ya Afya - Kitengo cha Afya ya Uzazi kinatangaza kwamba NHIF/SHA inadai msaada kwa wakazi wa Kaunti ya Nairobi kuanzia Februari hii.
HEA_03004,Health,SHA (Social Health Authority) announces eye and dental camps for residents of Trans Nzoia County starting this October.,Shirika la Afya ya Jamii (SHA) linatangaza kambi za macho na meno kwa wakazi wa Kaunti ya Trans Nzoia kuanzia Oktoba hii.
HEA_03005,Health,Kenya Medical Association reminds the public in Samburu County that access to outpatient services is now available at designated centres.,Chama cha Matibabu cha Kenya kinakumbusha umma katika Kaunti ya Samburu kwamba huduma za wagonjwa wa nje sasa zinapatikana katika vituo vilivyochaguliwa.
HEA_03006,Health,Division of Disease Surveillance and Response advises residents of Meru County to carry a valid national ID when seeking treatment to access subsidised healthcare.,Idara ya Ufuatiliaji na Jibu la Magonjwa inashauri wakazi wa Kaunti ya Meru kubeba kitambulisho halali cha kitaifa wakati wa kutafuta matibabu ili kupata huduma ya afya ya ruzuku.
HEA_03007,Health,Notice: a free medical camp organised by KEMSA will be held in Nyamira County this July.,Taarifa: kambi ya matibabu ya bure iliyoandaliwa na KEMSA itafanyika katika Kaunti ya Nyamira mwezi huu wa Julai.
HEA_03008,Health,Notice: a free medical camp organised by Ministry of Health - Reproductive Health Unit will be held in Taita-Taveta County this March.,Taarifa: kambi ya matibabu ya bure iliyoandaliwa na Wizara ya Afya - Kitengo cha Afya ya Uzazi itafanyika katika Wilaya ya Taita-Taveta Machi hii.
HEA_03009,Health,Notice: a free medical camp organised by Kenya Medical Association will be held in Tharaka-Nithi County this April.,Taarifa: kambi ya matibabu ya bure iliyoandaliwa na Chama cha Matibabu cha Kenya itafanyika katika Kaunti ya Tharaka-Nithi Aprili hii.
HEA_03010,Health,Notice: a free medical camp organised by SHA (Social Health Authority) will be held in Kiambu County this August.,Taarifa: kambi ya matibabu ya bure iliyoandaliwa na SHA (Huduma ya Afya ya Jamii) itafanyika katika Kaunti ya Kiambu Agosti hii.
HEA_03011,Health,CDC announces subsidised dialysis for residents of Makueni County starting this January.,CDC inatangaza upasuaji wa dialysis kwa wakazi wa Kaunti ya Makueni kuanzia Januari hii.
HEA_03012,Health,CDC announces NHIF/SHA claims support for residents of Tana River County starting this November.,CDC inatangaza NHIF / SHA inadai msaada kwa wakazi wa Wilaya ya Tana River kuanzia Novemba hii.
HEA_03013,Health,KEMSA announces SHA registration for residents of Mombasa County starting this September.,KEMSA inatangaza usajili wa SHA kwa wakazi wa Kaunti ya Mombasa kuanzia Septemba hii.
HEA_03014,Health,Division of Disease Surveillance and Response announces SHA registration for residents of Samburu County starting this May.,Idara ya Ufuatiliaji na Jibu la Magonjwa inatangaza usajili wa SHA kwa wakazi wa Kaunti ya Samburu kuanzia Mei hii.
HEA_03015,Health,Notice: a free medical camp organised by SHA (Social Health Authority) will be held in Meru County this April.,Taarifa: kambi ya matibabu ya bure iliyoandaliwa na SHA (Huduma ya Afya ya Jamii) itafanyika katika Kaunti ya Meru Aprili hii.
HEA_03016,Health,KEMSA reminds the public in Kericho County that access to NHIF/SHA claims support is now available at designated centres.,KEMSA inawakumbusha umma katika Kaunti ya Kericho kwamba upatikanaji wa msaada wa madai ya NHIF/SHA sasa unapatikana katika vituo vilivyoainishwa.
HEA_03017,Health,KEMSA announces subsidised dialysis for residents of Bungoma County starting this June.,KEMSA inatangaza upasuaji wa dialysis uliofadhiliwa kwa wakazi wa Kaunti ya Bungoma kuanzia Juni hii.
HEA_03018,Health,Ministry of Health - Reproductive Health Unit advises residents of Nyamira County to visit the nearest Huduma Centre for assistance to access subsidised healthcare.,Wizara ya Afya - Kitengo cha Afya ya Kuzaliana kinashauri wakazi wa Kaunti ya Nyamira kutembelea Kituo cha Huduma kilicho karibu zaidi kwa msaada wa kupata huduma za afya zilizofadhiliwa.
