PSA_ID,Domain,English,English_sw
EDU_00001,Education,KICD reminds parents in Kisumu County that bursary allocation registration is open this March.,
EDU_00002,Education,State Department for TVET reminds parents in Kiambu County that free day secondary education registration is open this October.,
EDU_00003,Education,Notice: TSC announces free primary education enrollment dates for schools in Kilifi County.,
EDU_00004,Education,IEBC encourages out-of-school children in Migori County to register their children at the nearest public school under school feeding programme.,
EDU_00005,Education,Universities Fund reminds parents in Nandi County that free day secondary education registration is open this March.,
EDU_00006,Education,KNEC urges residents of Laikipia County to register their children at the nearest public school to benefit from school feeding programme.,
EDU_00007,Education,TSC reminds parents in Kericho County that bursary allocation registration is open this February.,
EDU_00008,Education,KICD encourages out-of-school children in Tana River County to enroll in the adult literacy programme under adult literacy classes.,
EDU_00009,Education,Universities Fund encourages out-of-school children in Busia County to enroll in the adult literacy programme under school feeding programme.,
EDU_00010,Education,Notice: KMTC announces adult literacy classes enrollment dates for schools in Kakamega County.,
EDU_00011,Education,TVET encourages out-of-school children in Bungoma County to register their children at the nearest public school under adult literacy classes.,
EDU_00012,Education,TSC urges residents of Nakuru County to apply for the bursary before the deadline to benefit from free primary education.,
EDU_00013,Education,Teachers Service Commission encourages out-of-school children in Kiambu County to enroll in the adult literacy programme under adult literacy classes.,
EDU_00014,Education,Universities Fund reminds parents in Busia County that free primary education registration is open this September.,
EDU_00015,Education,State Department for TVET reminds parents in Lamu County that free day secondary education registration is open this August.,
EDU_00016,Education,Notice: State Department for TVET announces bursary allocation enrollment dates for schools in Machakos County.,
EDU_00017,Education,KMTC urges residents of Garissa County to apply for the bursary before the deadline to benefit from school feeding programme.,
EDU_00018,Education,Notice: KMTC announces free day secondary education enrollment dates for schools in Turkana County.,
EDU_00019,Education,TSC encourages out-of-school children in Uasin Gishu County to enroll in the adult literacy programme under adult literacy classes.,
EDU_00020,Education,HELB encourages out-of-school children in Nakuru County to register their children at the nearest public school under school feeding programme.,
EDU_00021,Education,TVET reminds parents in Embu County that school feeding programme registration is open this September.,
EDU_00022,Education,State Department for TVET reminds parents in Kajiado County that free primary education registration is open this March.,
EDU_00023,Education,Teachers Service Commission reminds parents in Embu County that free primary education registration is open this November.,
EDU_00024,Education,TSC encourages out-of-school children in Elgeyo-Marakwet County to register their children at the nearest public school under adult literacy classes.,
EDU_00025,Education,TSC urges residents of Samburu County to apply for the bursary before the deadline to benefit from free day secondary education.,
EDU_00026,Education,Teachers Service Commission reminds parents in Machakos County that bursary allocation registration is open this February.,
EDU_00027,Education,Notice: KNEC announces free primary education enrollment dates for schools in Vihiga County.,
EDU_00028,Education,Notice: IEBC announces free day secondary education enrollment dates for schools in Bungoma County.,
EDU_00029,Education,KICD encourages out-of-school children in Isiolo County to enroll in the adult literacy programme under adult literacy classes.,
EDU_00030,Education,Notice: State Department for Basic Education announces school feeding programme enrollment dates for schools in Kajiado County.,
EDU_00031,Education,State Department for Basic Education urges residents of Kisii County to enroll in the adult literacy programme to benefit from free day secondary education.,
EDU_00032,Education,KUCCPS reminds parents in Laikipia County that free day secondary education registration is open this May.,
EDU_00033,Education,KUCCPS urges residents of Murang'a County to apply for the bursary before the deadline to benefit from free primary education.,
EDU_00034,Education,Notice: TSC announces free day secondary education enrollment dates for schools in Bungoma County.,
EDU_00035,Education,Notice: Universities Fund announces adult literacy classes enrollment dates for schools in Lamu County.,
EDU_00036,Education,KMTC encourages out-of-school children in Uasin Gishu County to enroll in the adult literacy programme under free primary education.,
EDU_00037,Education,IEBC urges residents of Tharaka-Nithi County to register their children at the nearest public school to benefit from free primary education.,
EDU_00038,Education,HELB encourages out-of-school children in Kakamega County to apply for the bursary before the deadline under adult literacy classes.,
EDU_00039,Education,Notice: TSC announces school feeding programme enrollment dates for schools in Embu County.,
EDU_00040,Education,Notice: State Department for Basic Education announces adult literacy classes enrollment dates for schools in Kitui County.,
EDU_00041,Education,HELB encourages out-of-school children in Tana River County to register their children at the nearest public school under free day secondary education.,
EDU_00042,Education,TVET encourages out-of-school children in Trans Nzoia County to enroll in the adult literacy programme under adult literacy classes.,
EDU_00043,Education,KICD reminds parents in Vihiga County that adult literacy classes registration is open this July.,
EDU_00044,Education,Notice: Teachers Service Commission announces bursary allocation enrollment dates for schools in Vihiga County.,
EDU_00045,Education,KICD urges residents of Nyandarua County to enroll in the adult literacy programme to benefit from free primary education.,
EDU_00046,Education,IEBC urges residents of Garissa County to enroll in the adult literacy programme to benefit from bursary allocation.,
EDU_00047,Education,State Department for Basic Education urges residents of Kisumu County to apply for the bursary before the deadline to benefit from bursary allocation.,
EDU_00048,Education,TSC reminds parents in Embu County that school feeding programme registration is open this April.,
EDU_00049,Education,HELB encourages out-of-school children in Elgeyo-Marakwet County to apply for the bursary before the deadline under free primary education.,
EDU_00050,Education,TSC urges residents of Laikipia County to enroll in the adult literacy programme to benefit from free day secondary education.,
EDU_00051,Education,Notice: Ministry of Education announces adult literacy classes enrollment dates for schools in Nyamira County.,
EDU_00052,Education,KICD urges residents of Isiolo County to enroll in the adult literacy programme to benefit from free day secondary education.,
EDU_00053,Education,Notice: TSC announces school feeding programme enrollment dates for schools in Kisii County.,
EDU_00054,Education,Teachers Service Commission urges residents of Tana River County to register their children at the nearest public school to benefit from free day secondary education.,
EDU_00055,Education,State Department for TVET urges residents of Murang'a County to register their children at the nearest public school to benefit from free primary education.,
EDU_00056,Education,KICD reminds parents in Kirinyaga County that adult literacy classes registration is open this May.,
EDU_00057,Education,KNEC urges residents of Bomet County to enroll in the adult literacy programme to benefit from free day secondary education.,
EDU_00058,Education,KUCCPS reminds parents in Kisii County that free day secondary education registration is open this May.,
EDU_00059,Education,Notice: Ministry of Education announces adult literacy classes enrollment dates for schools in Kisii County.,
EDU_00060,Education,State Department for TVET encourages out-of-school children in Turkana County to register their children at the nearest public school under free primary education.,
EDU_00061,Education,KICD encourages out-of-school children in Lamu County to apply for the bursary before the deadline under bursary allocation.,
EDU_00062,Education,TVET reminds parents in Kakamega County that free primary education registration is open this May.,
EDU_00063,Education,Notice: Kenya Institute of Curriculum Development announces school feeding programme enrollment dates for schools in Turkana County.,
EDU_00064,Education,HELB reminds parents in Baringo County that adult literacy classes registration is open this January.,
EDU_00065,Education,Notice: KMTC announces adult literacy classes enrollment dates for schools in Siaya County.,
EDU_00066,Education,Notice: TSC announces school feeding programme enrollment dates for schools in Migori County.,
EDU_00067,Education,Universities Fund reminds parents in Meru County that free primary education registration is open this July.,
EDU_00068,Education,Ministry of Education reminds parents in Kisumu County that adult literacy classes registration is open this April.,
EDU_00069,Education,State Department for Basic Education encourages out-of-school children in Busia County to enroll in the adult literacy programme under free day secondary education.,
EDU_00070,Education,Ministry of Education urges residents of Siaya County to apply for the bursary before the deadline to benefit from free day secondary education.,
EDU_00071,Education,IEBC encourages out-of-school children in Samburu County to enroll in the adult literacy programme under school feeding programme.,
EDU_00072,Education,TVET encourages out-of-school children in Meru County to apply for the bursary before the deadline under school feeding programme.,
EDU_00073,Education,HELB urges residents of Kericho County to enroll in the adult literacy programme to benefit from free primary education.,
EDU_00074,Education,Notice: TSC announces school feeding programme enrollment dates for schools in Lamu County.,
EDU_00075,Education,TVET urges residents of Migori County to register their children at the nearest public school to benefit from school feeding programme.,
EDU_00076,Education,Notice: KUCCPS announces free day secondary education enrollment dates for schools in Nyandarua County.,
EDU_00077,Education,Notice: Ministry of Education announces free day secondary education enrollment dates for schools in Samburu County.,
EDU_00078,Education,KNEC urges residents of Uasin Gishu County to apply for the bursary before the deadline to benefit from free day secondary education.,
EDU_00079,Education,HELB urges residents of Makueni County to apply for the bursary before the deadline to benefit from bursary allocation.,
EDU_00080,Education,IEBC reminds parents in Kajiado County that bursary allocation registration is open this July.,
EDU_00081,Education,Notice: IEBC announces bursary allocation enrollment dates for schools in Kilifi County.,
EDU_00082,Education,Notice: Teachers Service Commission announces adult literacy classes enrollment dates for schools in Nyeri County.,
EDU_00083,Education,IEBC urges residents of Bomet County to enroll in the adult literacy programme to benefit from bursary allocation.,
EDU_00084,Education,Universities Fund urges residents of Kiambu County to apply for the bursary before the deadline to benefit from free primary education.,
EDU_00085,Education,Notice: HELB announces school feeding programme enrollment dates for schools in Kiambu County.,
EDU_00086,Education,Notice: KUCCPS announces school feeding programme enrollment dates for schools in Bomet County.,
EDU_00087,Education,Notice: TVET announces free primary education enrollment dates for schools in Nyandarua County.,
EDU_00088,Education,TVET urges residents of Elgeyo-Marakwet County to apply for the bursary before the deadline to benefit from bursary allocation.,
EDU_00089,Education,Notice: HELB announces free primary education enrollment dates for schools in Murang'a County.,
EDU_00090,Education,State Department for TVET encourages out-of-school children in Kiambu County to apply for the bursary before the deadline under adult literacy classes.,
EDU_00091,Education,Teachers Service Commission reminds parents in Bomet County that free day secondary education registration is open this September.,
EDU_00092,Education,Ministry of Education reminds parents in Vihiga County that adult literacy classes registration is open this October.,
EDU_00093,Education,Notice: KUCCPS announces bursary allocation enrollment dates for schools in Bomet County.,
EDU_00094,Education,KNEC urges residents of Nyeri County to enroll in the adult literacy programme to benefit from school feeding programme.,
EDU_00095,Education,KICD encourages out-of-school children in Samburu County to apply for the bursary before the deadline under bursary allocation.,
EDU_00096,Education,TVET encourages out-of-school children in Kericho County to apply for the bursary before the deadline under school feeding programme.,
EDU_00097,Education,Ministry of Education encourages out-of-school children in Uasin Gishu County to apply for the bursary before the deadline under free primary education.,
EDU_00098,Education,KMTC reminds parents in Elgeyo-Marakwet County that free primary education registration is open this October.,
EDU_00099,Education,KMTC reminds parents in Makueni County that bursary allocation registration is open this October.,
EDU_00100,Education,TSC reminds parents in Kwale County that school feeding programme registration is open this April.,
EDU_00101,Education,Notice: Teachers Service Commission announces free primary education enrollment dates for schools in Nyamira County.,
EDU_00102,Education,Notice: State Department for TVET announces bursary allocation enrollment dates for schools in Laikipia County.,
EDU_00103,Education,IEBC encourages out-of-school children in Murang'a County to register their children at the nearest public school under adult literacy classes.,
EDU_00104,Education,Ministry of Education encourages out-of-school children in Migori County to apply for the bursary before the deadline under bursary allocation.,
EDU_00105,Education,Notice: KNEC announces free day secondary education enrollment dates for schools in Kakamega County.,
EDU_00106,Education,KNEC urges residents of Kisii County to enroll in the adult literacy programme to benefit from adult literacy classes.,
EDU_00107,Education,TVET encourages out-of-school children in Kajiado County to apply for the bursary before the deadline under free primary education.,
EDU_00108,Education,Notice: Teachers Service Commission announces adult literacy classes enrollment dates for schools in Kwale County.,
EDU_00109,Education,State Department for TVET encourages out-of-school children in Nyamira County to apply for the bursary before the deadline under free day secondary education.,
EDU_00110,Education,Notice: KNEC announces adult literacy classes enrollment dates for schools in Kilifi County.,
EDU_00111,Education,Teachers Service Commission urges residents of Bomet County to apply for the bursary before the deadline to benefit from free primary education.,
EDU_00112,Education,State Department for Basic Education urges residents of Nandi County to register their children at the nearest public school to benefit from adult literacy classes.,
EDU_00113,Education,State Department for Basic Education urges residents of Tana River County to enroll in the adult literacy programme to benefit from free day secondary education.,
EDU_00114,Education,Notice: KMTC announces bursary allocation enrollment dates for schools in Nyamira County.,
EDU_00115,Education,Teachers Service Commission urges residents of Samburu County to register their children at the nearest public school to benefit from school feeding programme.,
EDU_00116,Education,Teachers Service Commission encourages out-of-school children in Machakos County to enroll in the adult literacy programme under adult literacy classes.,
EDU_00117,Education,Teachers Service Commission urges residents of Uasin Gishu County to enroll in the adult literacy programme to benefit from free primary education.,
EDU_00118,Education,HELB encourages out-of-school children in Murang'a County to register their children at the nearest public school under adult literacy classes.,
EDU_00119,Education,IEBC reminds parents in Taita-Taveta County that free primary education registration is open this January.,
EDU_00120,Education,Kenya Institute of Curriculum Development urges residents of Bomet County to enroll in the adult literacy programme to benefit from bursary allocation.,
EDU_00121,Education,Notice: TSC announces free day secondary education enrollment dates for schools in Busia County.,
EDU_00122,Education,Teachers Service Commission reminds parents in Nyeri County that school feeding programme registration is open this November.,
EDU_00123,Education,Notice: KUCCPS announces bursary allocation enrollment dates for schools in Nyamira County.,
EDU_00124,Education,Notice: Universities Fund announces free primary education enrollment dates for schools in Samburu County.,
EDU_00125,Education,State Department for TVET urges residents of Murang'a County to register their children at the nearest public school to benefit from free day secondary education.,
EDU_00126,Education,IEBC urges residents of Elgeyo-Marakwet County to apply for the bursary before the deadline to benefit from adult literacy classes.,
EDU_00127,Education,Notice: HELB announces adult literacy classes enrollment dates for schools in Siaya County.,
EDU_00128,Education,Universities Fund encourages out-of-school children in Bungoma County to register their children at the nearest public school under free day secondary education.,
EDU_00129,Education,Universities Fund reminds parents in Lamu County that free day secondary education registration is open this November.,
EDU_00130,Education,HELB urges residents of West Pokot County to register their children at the nearest public school to benefit from bursary allocation.,
EDU_00131,Education,IEBC encourages out-of-school children in Tana River County to register their children at the nearest public school under free day secondary education.,
EDU_00132,Education,KNEC encourages out-of-school children in Nyandarua County to apply for the bursary before the deadline under bursary allocation.,
EDU_00133,Education,KUCCPS encourages out-of-school children in Migori County to apply for the bursary before the deadline under free day secondary education.,
EDU_00134,Education,State Department for TVET urges residents of Nandi County to enroll in the adult literacy programme to benefit from adult literacy classes.,
EDU_00135,Education,Universities Fund reminds parents in Busia County that school feeding programme registration is open this September.,
EDU_00136,Education,KMTC encourages out-of-school children in Nakuru County to apply for the bursary before the deadline under bursary allocation.,
EDU_00137,Education,Notice: KICD announces free day secondary education enrollment dates for schools in Nyeri County.,
EDU_00138,Education,Notice: KMTC announces adult literacy classes enrollment dates for schools in Narok County.,
EDU_00139,Education,TVET urges residents of Turkana County to enroll in the adult literacy programme to benefit from bursary allocation.,
EDU_00140,Education,Teachers Service Commission encourages out-of-school children in Makueni County to apply for the bursary before the deadline under free day secondary education.,
EDU_00141,Education,Kenya Institute of Curriculum Development encourages out-of-school children in Uasin Gishu County to apply for the bursary before the deadline under bursary allocation.,
EDU_00142,Education,KNEC reminds parents in Marsabit County that bursary allocation registration is open this January.,
EDU_00143,Education,Kenya Institute of Curriculum Development encourages out-of-school children in Turkana County to enroll in the adult literacy programme under adult literacy classes.,
EDU_00144,Education,State Department for Basic Education encourages out-of-school children in Tharaka-Nithi County to register their children at the nearest public school under free primary education.,
EDU_00145,Education,Notice: Teachers Service Commission announces free day secondary education enrollment dates for schools in Laikipia County.,
EDU_00146,Education,TVET reminds parents in Vihiga County that free primary education registration is open this January.,
EDU_00147,Education,TVET reminds parents in Nyandarua County that free primary education registration is open this December.,
EDU_00148,Education,State Department for Basic Education encourages out-of-school children in Trans Nzoia County to register their children at the nearest public school under school feeding programme.,
EDU_00149,Education,IEBC urges residents of Nyeri County to apply for the bursary before the deadline to benefit from adult literacy classes.,
EDU_00150,Education,Universities Fund urges residents of Kiambu County to apply for the bursary before the deadline to benefit from bursary allocation.,
EDU_00151,Education,State Department for Basic Education urges residents of Meru County to apply for the bursary before the deadline to benefit from free day secondary education.,
EDU_00152,Education,Ministry of Education encourages out-of-school children in Siaya County to register their children at the nearest public school under free primary education.,
EDU_00153,Education,Notice: Kenya Institute of Curriculum Development announces free primary education enrollment dates for schools in Kwale County.,
EDU_00154,Education,Ministry of Education reminds parents in Machakos County that school feeding programme registration is open this May.,
EDU_00155,Education,Notice: KMTC announces free primary education enrollment dates for schools in Uasin Gishu County.,
EDU_00156,Education,KMTC encourages out-of-school children in Murang'a County to enroll in the adult literacy programme under free primary education.,
EDU_00157,Education,KICD reminds parents in Murang'a County that free day secondary education registration is open this September.,
EDU_00158,Education,Teachers Service Commission encourages out-of-school children in Nyandarua County to register their children at the nearest public school under bursary allocation.,
EDU_00159,Education,Notice: IEBC announces bursary allocation enrollment dates for schools in Kirinyaga County.,
EDU_00160,Education,TSC encourages out-of-school children in Narok County to enroll in the adult literacy programme under bursary allocation.,
EDU_00161,Education,KICD encourages out-of-school children in Mombasa County to enroll in the adult literacy programme under bursary allocation.,
EDU_00162,Education,State Department for TVET encourages out-of-school children in Homa Bay County to enroll in the adult literacy programme under bursary allocation.,
EDU_00163,Education,IEBC urges residents of Busia County to enroll in the adult literacy programme to benefit from adult literacy classes.,
EDU_00164,Education,State Department for Basic Education urges residents of Trans Nzoia County to enroll in the adult literacy programme to benefit from school feeding programme.,
EDU_00165,Education,Notice: Ministry of Education announces school feeding programme enrollment dates for schools in Kajiado County.,
EDU_00166,Education,KNEC reminds parents in Nyamira County that free day secondary education registration is open this March.,
EDU_00167,Education,Ministry of Education urges residents of Nairobi County to enroll in the adult literacy programme to benefit from school feeding programme.,
EDU_00168,Education,Kenya Institute of Curriculum Development urges residents of Elgeyo-Marakwet County to apply for the bursary before the deadline to benefit from free primary education.,
EDU_00169,Education,Notice: KMTC announces free day secondary education enrollment dates for schools in Laikipia County.,
EDU_00170,Education,KUCCPS encourages out-of-school children in Marsabit County to register their children at the nearest public school under adult literacy classes.,
EDU_00171,Education,State Department for TVET encourages out-of-school children in Kilifi County to apply for the bursary before the deadline under bursary allocation.,
EDU_00172,Education,KMTC encourages out-of-school children in Machakos County to enroll in the adult literacy programme under school feeding programme.,
EDU_00173,Education,KNEC reminds parents in Baringo County that school feeding programme registration is open this December.,
EDU_00174,Education,Notice: KUCCPS announces adult literacy classes enrollment dates for schools in Makueni County.,
EDU_00175,Education,Notice: KMTC announces free day secondary education enrollment dates for schools in Mandera County.,
EDU_00176,Education,Notice: TVET announces free primary education enrollment dates for schools in Makueni County.,
EDU_00177,Education,IEBC reminds parents in Migori County that free day secondary education registration is open this March.,
EDU_00178,Education,KICD encourages out-of-school children in Kitui County to enroll in the adult literacy programme under free primary education.,
EDU_00179,Education,State Department for TVET encourages out-of-school children in Kirinyaga County to apply for the bursary before the deadline under bursary allocation.,
EDU_00180,Education,HELB reminds parents in Taita-Taveta County that adult literacy classes registration is open this April.,
EDU_00181,Education,Universities Fund reminds parents in Migori County that free primary education registration is open this April.,
EDU_00182,Education,State Department for Basic Education urges residents of Narok County to apply for the bursary before the deadline to benefit from free day secondary education.,
EDU_00183,Education,Teachers Service Commission encourages out-of-school children in Murang'a County to apply for the bursary before the deadline under free primary education.,
EDU_00184,Education,TVET urges residents of Kajiado County to enroll in the adult literacy programme to benefit from adult literacy classes.,
EDU_00185,Education,IEBC urges residents of Wajir County to enroll in the adult literacy programme to benefit from school feeding programme.,
EDU_00186,Education,Notice: State Department for Basic Education announces free primary education enrollment dates for schools in Busia County.,
EDU_00187,Education,Notice: IEBC announces free day secondary education enrollment dates for schools in Migori County.,
EDU_00188,Education,State Department for Basic Education encourages out-of-school children in West Pokot County to apply for the bursary before the deadline under free primary education.,
EDU_00189,Education,KMTC urges residents of Garissa County to apply for the bursary before the deadline to benefit from free day secondary education.,
EDU_00190,Education,Universities Fund reminds parents in Nyamira County that free primary education registration is open this January.,
EDU_00191,Education,Universities Fund urges residents of Lamu County to register their children at the nearest public school to benefit from bursary allocation.,
EDU_00192,Education,Notice: KUCCPS announces free day secondary education enrollment dates for schools in Nyamira County.,
EDU_00193,Education,Notice: KUCCPS announces school feeding programme enrollment dates for schools in Garissa County.,
EDU_00194,Education,Notice: TVET announces free day secondary education enrollment dates for schools in Baringo County.,
EDU_00195,Education,KMTC reminds parents in Vihiga County that free primary education registration is open this December.,
EDU_00196,Education,TSC urges residents of Narok County to apply for the bursary before the deadline to benefit from free day secondary education.,
EDU_00197,Education,KNEC urges residents of Taita-Taveta County to enroll in the adult literacy programme to benefit from adult literacy classes.,
EDU_00198,Education,TSC encourages out-of-school children in Tharaka-Nithi County to apply for the bursary before the deadline under free primary education.,
EDU_00199,Education,Notice: State Department for Basic Education announces free primary education enrollment dates for schools in Tharaka-Nithi County.,
EDU_00200,Education,Notice: HELB announces free primary education enrollment dates for schools in Kilifi County.,
EDU_00201,Education,Notice: KNEC announces bursary allocation enrollment dates for schools in Mombasa County.,
EDU_00202,Education,KICD reminds parents in Nyamira County that free primary education registration is open this February.,
EDU_00203,Education,State Department for Basic Education encourages out-of-school children in Busia County to enroll in the adult literacy programme under adult literacy classes.,
EDU_00204,Education,Notice: State Department for Basic Education announces bursary allocation enrollment dates for schools in Baringo County.,
EDU_00205,Education,IEBC urges residents of Kirinyaga County to register their children at the nearest public school to benefit from adult literacy classes.,
EDU_00206,Education,TVET urges residents of Vihiga County to apply for the bursary before the deadline to benefit from free day secondary education.,
EDU_00207,Education,Notice: State Department for Basic Education announces bursary allocation enrollment dates for schools in Marsabit County.,
EDU_00208,Education,Notice: KICD announces free primary education enrollment dates for schools in Taita-Taveta County.,
EDU_00209,Education,State Department for TVET reminds parents in Garissa County that bursary allocation registration is open this December.,
EDU_00210,Education,IEBC encourages out-of-school children in Busia County to register their children at the nearest public school under free primary education.,
EDU_00211,Education,KUCCPS urges residents of Homa Bay County to enroll in the adult literacy programme to benefit from free day secondary education.,
EDU_00212,Education,State Department for TVET reminds parents in Kericho County that bursary allocation registration is open this March.,
EDU_00213,Education,KUCCPS urges residents of Migori County to apply for the bursary before the deadline to benefit from bursary allocation.,
EDU_00214,Education,KUCCPS encourages out-of-school children in Kisumu County to enroll in the adult literacy programme under school feeding programme.,
EDU_00215,Education,KUCCPS encourages out-of-school children in Kwale County to enroll in the adult literacy programme under free day secondary education.,
EDU_00216,Education,Notice: Kenya Institute of Curriculum Development announces free primary education enrollment dates for schools in Kakamega County.,
EDU_00217,Education,Ministry of Education reminds parents in Turkana County that free day secondary education registration is open this October.,
EDU_00218,Education,KICD urges residents of Siaya County to apply for the bursary before the deadline to benefit from adult literacy classes.,
EDU_00219,Education,Teachers Service Commission urges residents of Mandera County to register their children at the nearest public school to benefit from bursary allocation.,
EDU_00220,Education,KUCCPS urges residents of Marsabit County to enroll in the adult literacy programme to benefit from free primary education.,
EDU_00221,Education,KMTC encourages out-of-school children in Nyandarua County to enroll in the adult literacy programme under adult literacy classes.,
EDU_00222,Education,IEBC encourages out-of-school children in Mandera County to enroll in the adult literacy programme under free day secondary education.,
EDU_00223,Education,TSC encourages out-of-school children in Marsabit County to register their children at the nearest public school under adult literacy classes.,
EDU_00224,Education,Notice: State Department for Basic Education announces free primary education enrollment dates for schools in Meru County.,
EDU_00225,Education,Notice: KICD announces free primary education enrollment dates for schools in Narok County.,
EDU_00226,Education,KICD urges residents of Kajiado County to apply for the bursary before the deadline to benefit from free primary education.,
EDU_00227,Education,KNEC reminds parents in Bomet County that free day secondary education registration is open this January.,
EDU_00228,Education,KNEC urges residents of Mombasa County to apply for the bursary before the deadline to benefit from adult literacy classes.,
EDU_00229,Education,KNEC encourages out-of-school children in Nandi County to apply for the bursary before the deadline under school feeding programme.,
EDU_00230,Education,IEBC reminds parents in Vihiga County that adult literacy classes registration is open this January.,
EDU_00231,Education,KICD reminds parents in Narok County that school feeding programme registration is open this December.,
EDU_00232,Education,Notice: State Department for TVET announces adult literacy classes enrollment dates for schools in Trans Nzoia County.,
EDU_00233,Education,Ministry of Education urges residents of Garissa County to enroll in the adult literacy programme to benefit from adult literacy classes.,
EDU_00234,Education,Notice: State Department for TVET announces school feeding programme enrollment dates for schools in Mandera County.,
EDU_00235,Education,Universities Fund encourages out-of-school children in Narok County to enroll in the adult literacy programme under bursary allocation.,
EDU_00236,Education,State Department for Basic Education encourages out-of-school children in Elgeyo-Marakwet County to enroll in the adult literacy programme under school feeding programme.,
EDU_00237,Education,TSC urges residents of Embu County to apply for the bursary before the deadline to benefit from free primary education.,
EDU_00238,Education,KUCCPS urges residents of Vihiga County to register their children at the nearest public school to benefit from free primary education.,
EDU_00239,Education,Universities Fund urges residents of Samburu County to apply for the bursary before the deadline to benefit from adult literacy classes.,
EDU_00240,Education,Notice: KICD announces school feeding programme enrollment dates for schools in Nandi County.,
EDU_00241,Education,HELB reminds parents in Narok County that free day secondary education registration is open this January.,
EDU_00242,Education,Notice: TSC announces adult literacy classes enrollment dates for schools in Nairobi County.,
EDU_00243,Education,Notice: IEBC announces free day secondary education enrollment dates for schools in Machakos County.,
EDU_00244,Education,Notice: KNEC announces free primary education enrollment dates for schools in Lamu County.,
EDU_00245,Education,Notice: HELB announces free day secondary education enrollment dates for schools in Kirinyaga County.,
EDU_00246,Education,TVET urges residents of Turkana County to apply for the bursary before the deadline to benefit from bursary allocation.,
EDU_00247,Education,KICD urges residents of Tana River County to enroll in the adult literacy programme to benefit from adult literacy classes.,
EDU_00248,Education,KUCCPS urges residents of Homa Bay County to apply for the bursary before the deadline to benefit from bursary allocation.,
EDU_00249,Education,Teachers Service Commission reminds parents in Bomet County that school feeding programme registration is open this May.,
EDU_00250,Education,KMTC encourages out-of-school children in Siaya County to apply for the bursary before the deadline under bursary allocation.,
EDU_00251,Education,IEBC encourages out-of-school children in Homa Bay County to register their children at the nearest public school under school feeding programme.,
EDU_00252,Education,Notice: Teachers Service Commission announces school feeding programme enrollment dates for schools in Homa Bay County.,
EDU_00253,Education,KMTC urges residents of Isiolo County to enroll in the adult literacy programme to benefit from free day secondary education.,
EDU_00254,Education,Teachers Service Commission reminds parents in Wajir County that free day secondary education registration is open this September.,
EDU_00255,Education,HELB urges residents of West Pokot County to apply for the bursary before the deadline to benefit from free primary education.,
EDU_00256,Education,Notice: State Department for TVET announces adult literacy classes enrollment dates for schools in Kericho County.,
EDU_00257,Education,Kenya Institute of Curriculum Development encourages out-of-school children in Uasin Gishu County to enroll in the adult literacy programme under bursary allocation.,
EDU_00258,Education,TVET reminds parents in Trans Nzoia County that adult literacy classes registration is open this May.,
EDU_00259,Education,Kenya Institute of Curriculum Development urges residents of Nyandarua County to enroll in the adult literacy programme to benefit from adult literacy classes.,
EDU_00260,Education,TSC urges residents of Kitui County to register their children at the nearest public school to benefit from free day secondary education.,
EDU_00261,Education,State Department for Basic Education encourages out-of-school children in Turkana County to enroll in the adult literacy programme under adult literacy classes.,
EDU_00262,Education,Universities Fund urges residents of Kisii County to apply for the bursary before the deadline to benefit from bursary allocation.,
EDU_00263,Education,KNEC encourages out-of-school children in Taita-Taveta County to enroll in the adult literacy programme under free primary education.,
EDU_00264,Education,Notice: Universities Fund announces free day secondary education enrollment dates for schools in Samburu County.,
EDU_00265,Education,Kenya Institute of Curriculum Development encourages out-of-school children in Murang'a County to enroll in the adult literacy programme under free primary education.,
EDU_00266,Education,State Department for TVET encourages out-of-school children in Makueni County to apply for the bursary before the deadline under free day secondary education.,
EDU_00267,Education,State Department for Basic Education encourages out-of-school children in Murang'a County to enroll in the adult literacy programme under adult literacy classes.,
EDU_00268,Education,KNEC encourages out-of-school children in Wajir County to apply for the bursary before the deadline under bursary allocation.,
EDU_00269,Education,HELB encourages out-of-school children in Nairobi County to enroll in the adult literacy programme under free primary education.,
EDU_00270,Education,State Department for Basic Education urges residents of Narok County to register their children at the nearest public school to benefit from free primary education.,
EDU_00271,Education,Teachers Service Commission encourages out-of-school children in Tharaka-Nithi County to enroll in the adult literacy programme under free primary education.,
EDU_00272,Education,Notice: TVET announces free day secondary education enrollment dates for schools in Laikipia County.,
EDU_00273,Education,KNEC urges residents of Marsabit County to apply for the bursary before the deadline to benefit from school feeding programme.,
EDU_00274,Education,KNEC urges residents of Homa Bay County to apply for the bursary before the deadline to benefit from free day secondary education.,
EDU_00275,Education,State Department for TVET encourages out-of-school children in Bomet County to enroll in the adult literacy programme under school feeding programme.,
EDU_00276,Education,Notice: State Department for TVET announces free primary education enrollment dates for schools in Kisumu County.,
EDU_00277,Education,Teachers Service Commission reminds parents in Siaya County that free primary education registration is open this September.,
EDU_00278,Education,Notice: Ministry of Education announces adult literacy classes enrollment dates for schools in Embu County.,
EDU_00279,Education,TSC reminds parents in Kiambu County that bursary allocation registration is open this April.,
EDU_00280,Education,State Department for Basic Education urges residents of Kajiado County to enroll in the adult literacy programme to benefit from bursary allocation.,
EDU_00281,Education,TSC encourages out-of-school children in Turkana County to apply for the bursary before the deadline under adult literacy classes.,
EDU_00282,Education,Ministry of Education encourages out-of-school children in Turkana County to register their children at the nearest public school under school feeding programme.,
EDU_00283,Education,Ministry of Education encourages out-of-school children in Busia County to apply for the bursary before the deadline under bursary allocation.,
EDU_00284,Education,KICD encourages out-of-school children in Kisii County to register their children at the nearest public school under bursary allocation.,
EDU_00285,Education,KICD reminds parents in Kiambu County that free day secondary education registration is open this December.,
EDU_00286,Education,IEBC encourages out-of-school children in Kirinyaga County to register their children at the nearest public school under school feeding programme.,
EDU_00287,Education,TVET reminds parents in Kisii County that school feeding programme registration is open this March.,
EDU_00288,Education,Notice: State Department for TVET announces free day secondary education enrollment dates for schools in Nandi County.,
EDU_00289,Education,Notice: IEBC announces free primary education enrollment dates for schools in Kilifi County.,
EDU_00290,Education,Notice: State Department for Basic Education announces free day secondary education enrollment dates for schools in Nairobi County.,
EDU_00291,Education,KMTC urges residents of Kwale County to apply for the bursary before the deadline to benefit from bursary allocation.,
EDU_00292,Education,Notice: KMTC announces free day secondary education enrollment dates for schools in Murang'a County.,
EDU_00293,Education,KUCCPS reminds parents in Samburu County that bursary allocation registration is open this March.,
EDU_00294,Education,Notice: HELB announces bursary allocation enrollment dates for schools in Bungoma County.,
EDU_00295,Education,KICD encourages out-of-school children in Narok County to enroll in the adult literacy programme under adult literacy classes.,
EDU_00296,Education,Ministry of Education encourages out-of-school children in Nandi County to register their children at the nearest public school under school feeding programme.,
EDU_00297,Education,KMTC encourages out-of-school children in Kiambu County to enroll in the adult literacy programme under school feeding programme.,
EDU_00298,Education,TVET reminds parents in Narok County that bursary allocation registration is open this February.,
EDU_00299,Education,State Department for Basic Education encourages out-of-school children in West Pokot County to enroll in the adult literacy programme under free day secondary education.,
EDU_00300,Education,Notice: KNEC announces school feeding programme enrollment dates for schools in Garissa County.,
EDU_00301,Education,State Department for Basic Education urges residents of Embu County to apply for the bursary before the deadline to benefit from free primary education.,
EDU_00302,Education,Notice: TVET announces school feeding programme enrollment dates for schools in Kericho County.,
EDU_00303,Education,Universities Fund urges residents of Kisumu County to apply for the bursary before the deadline to benefit from school feeding programme.,
EDU_00304,Education,Notice: Kenya Institute of Curriculum Development announces adult literacy classes enrollment dates for schools in Nandi County.,
EDU_00305,Education,State Department for Basic Education reminds parents in Murang'a County that school feeding programme registration is open this May.,
EDU_00306,Education,Notice: KICD announces adult literacy classes enrollment dates for schools in Nyamira County.,
EDU_00307,Education,Teachers Service Commission urges residents of Elgeyo-Marakwet County to enroll in the adult literacy programme to benefit from bursary allocation.,
EDU_00308,Education,TSC encourages out-of-school children in Kiambu County to register their children at the nearest public school under school feeding programme.,
EDU_00309,Education,IEBC urges residents of Mombasa County to enroll in the adult literacy programme to benefit from adult literacy classes.,
EDU_00310,Education,Kenya Institute of Curriculum Development reminds parents in Trans Nzoia County that free day secondary education registration is open this December.,
EDU_00311,Education,Notice: KMTC announces free day secondary education enrollment dates for schools in Wajir County.,
EDU_00312,Education,Notice: TVET announces free primary education enrollment dates for schools in Baringo County.,
EDU_00313,Education,KICD reminds parents in Tana River County that free primary education registration is open this February.,
EDU_00314,Education,Notice: KICD announces bursary allocation enrollment dates for schools in Makueni County.,
EDU_00315,Education,Teachers Service Commission urges residents of Nyeri County to register their children at the nearest public school to benefit from adult literacy classes.,
EDU_00316,Education,KMTC reminds parents in Homa Bay County that school feeding programme registration is open this May.,
EDU_00317,Education,KUCCPS encourages out-of-school children in Meru County to apply for the bursary before the deadline under adult literacy classes.,
EDU_00318,Education,Notice: State Department for TVET announces free day secondary education enrollment dates for schools in Makueni County.,
EDU_00319,Education,Notice: KNEC announces bursary allocation enrollment dates for schools in Kisumu County.,
EDU_00320,Education,Notice: TSC announces adult literacy classes enrollment dates for schools in Trans Nzoia County.,
EDU_00321,Education,Notice: Kenya Institute of Curriculum Development announces adult literacy classes enrollment dates for schools in Embu County.,
EDU_00322,Education,HELB urges residents of Marsabit County to apply for the bursary before the deadline to benefit from adult literacy classes.,
EDU_00323,Education,Notice: Universities Fund announces school feeding programme enrollment dates for schools in Kwale County.,
EDU_00324,Education,Notice: Kenya Institute of Curriculum Development announces bursary allocation enrollment dates for schools in Bungoma County.,
EDU_00325,Education,Notice: Universities Fund announces bursary allocation enrollment dates for schools in Garissa County.,
EDU_00326,Education,Ministry of Education encourages out-of-school children in Marsabit County to enroll in the adult literacy programme under adult literacy classes.,
EDU_00327,Education,Teachers Service Commission reminds parents in Tharaka-Nithi County that free day secondary education registration is open this July.,
EDU_00328,Education,HELB urges residents of Kisumu County to apply for the bursary before the deadline to benefit from adult literacy classes.,
EDU_00329,Education,KNEC reminds parents in Kwale County that free primary education registration is open this August.,
EDU_00330,Education,Notice: State Department for TVET announces free primary education enrollment dates for schools in Vihiga County.,
EDU_00331,Education,Notice: IEBC announces school feeding programme enrollment dates for schools in Nakuru County.,
EDU_00332,Education,IEBC encourages out-of-school children in Kisii County to register their children at the nearest public school under adult literacy classes.,
EDU_00333,Education,Notice: IEBC announces adult literacy classes enrollment dates for schools in Murang'a County.,
EDU_00334,Education,Universities Fund reminds parents in Nyamira County that bursary allocation registration is open this April.,
EDU_00335,Education,Notice: State Department for Basic Education announces free primary education enrollment dates for schools in Nyamira County.,
EDU_00336,Education,Kenya Institute of Curriculum Development reminds parents in Kwale County that school feeding programme registration is open this April.,
EDU_00337,Education,TSC encourages out-of-school children in Kwale County to apply for the bursary before the deadline under bursary allocation.,
EDU_00338,Education,KICD reminds parents in Kilifi County that bursary allocation registration is open this February.,
EDU_00339,Education,State Department for TVET reminds parents in Baringo County that adult literacy classes registration is open this October.,
EDU_00340,Education,Kenya Institute of Curriculum Development reminds parents in Kericho County that school feeding programme registration is open this July.,
EDU_00341,Education,Universities Fund urges residents of Murang'a County to apply for the bursary before the deadline to benefit from free primary education.,
EDU_00342,Education,TSC urges residents of West Pokot County to enroll in the adult literacy programme to benefit from free day secondary education.,
EDU_00343,Education,Kenya Institute of Curriculum Development encourages out-of-school children in Trans Nzoia County to apply for the bursary before the deadline under free day secondary education.,
EDU_00344,Education,Teachers Service Commission urges residents of Elgeyo-Marakwet County to apply for the bursary before the deadline to benefit from free day secondary education.,
EDU_00345,Education,Notice: IEBC announces bursary allocation enrollment dates for schools in Kajiado County.,
EDU_00346,Education,Kenya Institute of Curriculum Development reminds parents in Tana River County that free day secondary education registration is open this August.,
EDU_00347,Education,Universities Fund urges residents of Kericho County to register their children at the nearest public school to benefit from adult literacy classes.,
EDU_00348,Education,HELB urges residents of Turkana County to enroll in the adult literacy programme to benefit from free day secondary education.,
EDU_00349,Education,TSC reminds parents in Nyandarua County that free primary education registration is open this April.,
EDU_00350,Education,KMTC encourages out-of-school children in Kirinyaga County to enroll in the adult literacy programme under bursary allocation.,
EDU_00351,Education,Notice: TVET announces bursary allocation enrollment dates for schools in Kitui County.,
EDU_00352,Education,State Department for Basic Education urges residents of Laikipia County to apply for the bursary before the deadline to benefit from school feeding programme.,
EDU_00353,Education,Teachers Service Commission encourages out-of-school children in Lamu County to enroll in the adult literacy programme under adult literacy classes.,
EDU_00354,Education,HELB reminds parents in Nyamira County that free primary education registration is open this November.,
EDU_00355,Education,Kenya Institute of Curriculum Development reminds parents in Migori County that free day secondary education registration is open this December.,
EDU_00356,Education,Notice: Teachers Service Commission announces adult literacy classes enrollment dates for schools in Siaya County.,
EDU_00357,Education,State Department for TVET urges residents of Kwale County to apply for the bursary before the deadline to benefit from free day secondary education.,
EDU_00358,Education,KICD urges residents of Uasin Gishu County to enroll in the adult literacy programme to benefit from bursary allocation.,
EDU_00359,Education,Notice: IEBC announces school feeding programme enrollment dates for schools in Lamu County.,
EDU_00360,Education,State Department for TVET encourages out-of-school children in Vihiga County to register their children at the nearest public school under free primary education.,
EDU_00361,Education,HELB urges residents of Isiolo County to enroll in the adult literacy programme to benefit from adult literacy classes.,
EDU_00362,Education,State Department for Basic Education urges residents of Isiolo County to register their children at the nearest public school to benefit from free primary education.,
EDU_00363,Education,Teachers Service Commission encourages out-of-school children in Kisumu County to register their children at the nearest public school under school feeding programme.,
EDU_00364,Education,Notice: Teachers Service Commission announces bursary allocation enrollment dates for schools in Busia County.,
EDU_00365,Education,Notice: Kenya Institute of Curriculum Development announces adult literacy classes enrollment dates for schools in Makueni County.,
EDU_00366,Education,State Department for Basic Education encourages out-of-school children in Kisii County to apply for the bursary before the deadline under free day secondary education.,
EDU_00367,Education,Notice: KNEC announces free primary education enrollment dates for schools in Nyeri County.,
EDU_00368,Education,Teachers Service Commission reminds parents in Kisii County that adult literacy classes registration is open this September.,
EDU_00369,Education,HELB reminds parents in Samburu County that free day secondary education registration is open this August.,
EDU_00370,Education,KICD reminds parents in Kiambu County that free primary education registration is open this March.,
EDU_00371,Education,Universities Fund urges residents of Kisumu County to register their children at the nearest public school to benefit from school feeding programme.,
EDU_00372,Education,Kenya Institute of Curriculum Development urges residents of Nairobi County to apply for the bursary before the deadline to benefit from school feeding programme.,
EDU_00373,Education,Universities Fund reminds parents in Nyandarua County that free primary education registration is open this August.,
EDU_00374,Education,Notice: State Department for TVET announces free day secondary education enrollment dates for schools in Homa Bay County.,
EDU_00375,Education,TSC reminds parents in Makueni County that school feeding programme registration is open this November.,
EDU_00376,Education,HELB urges residents of Machakos County to register their children at the nearest public school to benefit from adult literacy classes.,
EDU_00377,Education,TSC reminds parents in Meru County that free day secondary education registration is open this August.,
EDU_00378,Education,State Department for TVET urges residents of Mombasa County to enroll in the adult literacy programme to benefit from free primary education.,
EDU_00379,Education,Teachers Service Commission encourages out-of-school children in Trans Nzoia County to apply for the bursary before the deadline under bursary allocation.,
EDU_00380,Education,IEBC reminds parents in Kakamega County that bursary allocation registration is open this January.,
EDU_00381,Education,State Department for TVET encourages out-of-school children in Garissa County to apply for the bursary before the deadline under free day secondary education.,
EDU_00382,Education,KUCCPS encourages out-of-school children in Bungoma County to apply for the bursary before the deadline under free primary education.,
EDU_00383,Education,KICD encourages out-of-school children in Laikipia County to enroll in the adult literacy programme under free primary education.,
EDU_00384,Education,KUCCPS encourages out-of-school children in Garissa County to register their children at the nearest public school under free day secondary education.,
EDU_00385,Education,Notice: Universities Fund announces bursary allocation enrollment dates for schools in Kajiado County.,
EDU_00386,Education,KICD reminds parents in Kirinyaga County that school feeding programme registration is open this February.,
EDU_00387,Education,KMTC encourages out-of-school children in Kakamega County to register their children at the nearest public school under free primary education.,
EDU_00388,Education,State Department for TVET urges residents of Kirinyaga County to apply for the bursary before the deadline to benefit from adult literacy classes.,
EDU_00389,Education,Notice: TVET announces adult literacy classes enrollment dates for schools in Elgeyo-Marakwet County.,
EDU_00390,Education,TVET reminds parents in Busia County that bursary allocation registration is open this February.,
EDU_00391,Education,State Department for Basic Education reminds parents in Nyamira County that free day secondary education registration is open this November.,
EDU_00392,Education,State Department for TVET reminds parents in Makueni County that free primary education registration is open this October.,
EDU_00393,Education,KICD encourages out-of-school children in Mombasa County to register their children at the nearest public school under adult literacy classes.,
EDU_00394,Education,Notice: KMTC announces school feeding programme enrollment dates for schools in Homa Bay County.,
EDU_00395,Education,KICD encourages out-of-school children in Tana River County to register their children at the nearest public school under school feeding programme.,
EDU_00396,Education,Notice: Universities Fund announces free day secondary education enrollment dates for schools in Kakamega County.,
EDU_00397,Education,Universities Fund encourages out-of-school children in Marsabit County to apply for the bursary before the deadline under bursary allocation.,
EDU_00398,Education,Kenya Institute of Curriculum Development reminds parents in Nyandarua County that free primary education registration is open this March.,
EDU_00399,Education,Notice: HELB announces free day secondary education enrollment dates for schools in Lamu County.,
EDU_00400,Education,IEBC encourages out-of-school children in Mandera County to apply for the bursary before the deadline under free day secondary education.,
EDU_00401,Education,KUCCPS reminds parents in Meru County that bursary allocation registration is open this February.,
EDU_00402,Education,Universities Fund reminds parents in Nyamira County that bursary allocation registration is open this September.,
EDU_00403,Education,Notice: Teachers Service Commission announces free primary education enrollment dates for schools in Nyandarua County.,
EDU_00404,Education,KMTC urges residents of Bungoma County to apply for the bursary before the deadline to benefit from free day secondary education.,
EDU_00405,Education,Teachers Service Commission urges residents of Narok County to enroll in the adult literacy programme to benefit from free day secondary education.,
EDU_00406,Education,Ministry of Education reminds parents in Uasin Gishu County that bursary allocation registration is open this June.,
EDU_00407,Education,Teachers Service Commission urges residents of Murang'a County to apply for the bursary before the deadline to benefit from bursary allocation.,
EDU_00408,Education,Notice: KNEC announces free day secondary education enrollment dates for schools in Samburu County.,
EDU_00409,Education,Notice: TSC announces free primary education enrollment dates for schools in Kwale County.,
EDU_00410,Education,Notice: Ministry of Education announces school feeding programme enrollment dates for schools in Taita-Taveta County.,
EDU_00411,Education,HELB urges residents of Taita-Taveta County to apply for the bursary before the deadline to benefit from adult literacy classes.,
EDU_00412,Education,TVET encourages out-of-school children in Vihiga County to apply for the bursary before the deadline under free day secondary education.,
EDU_00413,Education,TSC encourages out-of-school children in Nakuru County to apply for the bursary before the deadline under free primary education.,
EDU_00414,Education,HELB reminds parents in Kilifi County that bursary allocation registration is open this June.,
EDU_00415,Education,Ministry of Education encourages out-of-school children in Kakamega County to register their children at the nearest public school under free primary education.,
EDU_00416,Education,Notice: IEBC announces adult literacy classes enrollment dates for schools in Samburu County.,
EDU_00417,Education,State Department for TVET reminds parents in Makueni County that free day secondary education registration is open this September.,
EDU_00418,Education,Notice: HELB announces bursary allocation enrollment dates for schools in Machakos County.,
EDU_00419,Education,Notice: TSC announces bursary allocation enrollment dates for schools in Bomet County.,
EDU_00420,Education,Kenya Institute of Curriculum Development encourages out-of-school children in Homa Bay County to register their children at the nearest public school under free primary education.,
EDU_00421,Education,KNEC encourages out-of-school children in Kitui County to enroll in the adult literacy programme under adult literacy classes.,
EDU_00422,Education,KICD encourages out-of-school children in Siaya County to register their children at the nearest public school under free day secondary education.,
EDU_00423,Education,Teachers Service Commission encourages out-of-school children in Machakos County to register their children at the nearest public school under free day secondary education.,
EDU_00424,Education,KNEC urges residents of Vihiga County to apply for the bursary before the deadline to benefit from bursary allocation.,
EDU_00425,Education,KNEC encourages out-of-school children in Kiambu County to apply for the bursary before the deadline under free primary education.,
EDU_00426,Education,Notice: Universities Fund announces adult literacy classes enrollment dates for schools in Kilifi County.,
EDU_00427,Education,IEBC encourages out-of-school children in Embu County to register their children at the nearest public school under school feeding programme.,
EDU_00428,Education,Notice: State Department for TVET announces adult literacy classes enrollment dates for schools in Kwale County.,
EDU_00429,Education,Kenya Institute of Curriculum Development urges residents of Tana River County to enroll in the adult literacy programme to benefit from school feeding programme.,
EDU_00430,Education,Notice: KMTC announces adult literacy classes enrollment dates for schools in Vihiga County.,
EDU_00431,Education,State Department for TVET encourages out-of-school children in Wajir County to register their children at the nearest public school under free primary education.,
EDU_00432,Education,TVET encourages out-of-school children in Laikipia County to apply for the bursary before the deadline under adult literacy classes.,
EDU_00433,Education,Notice: KNEC announces adult literacy classes enrollment dates for schools in Migori County.,
EDU_00434,Education,State Department for Basic Education encourages out-of-school children in Baringo County to enroll in the adult literacy programme under school feeding programme.,
EDU_00435,Education,KUCCPS encourages out-of-school children in Isiolo County to register their children at the nearest public school under school feeding programme.,
EDU_00436,Education,Notice: Universities Fund announces free primary education enrollment dates for schools in Kiambu County.,
EDU_00437,Education,TVET urges residents of Mombasa County to apply for the bursary before the deadline to benefit from school feeding programme.,
EDU_00438,Education,Universities Fund encourages out-of-school children in Turkana County to register their children at the nearest public school under bursary allocation.,
EDU_00439,Education,State Department for TVET encourages out-of-school children in Nairobi County to register their children at the nearest public school under school feeding programme.,
EDU_00440,Education,TSC encourages out-of-school children in Embu County to apply for the bursary before the deadline under free day secondary education.,
EDU_00441,Education,TVET encourages out-of-school children in West Pokot County to enroll in the adult literacy programme under free primary education.,
EDU_00442,Education,TVET urges residents of Kakamega County to apply for the bursary before the deadline to benefit from free day secondary education.,
EDU_00443,Education,Kenya Institute of Curriculum Development urges residents of Baringo County to enroll in the adult literacy programme to benefit from free day secondary education.,
EDU_00444,Education,TSC encourages out-of-school children in Homa Bay County to apply for the bursary before the deadline under free primary education.,
EDU_00445,Education,State Department for Basic Education urges residents of Wajir County to enroll in the adult literacy programme to benefit from school feeding programme.,
EDU_00446,Education,KUCCPS encourages out-of-school children in Meru County to apply for the bursary before the deadline under free primary education.,
EDU_00447,Education,KNEC urges residents of Tharaka-Nithi County to register their children at the nearest public school to benefit from free day secondary education.,
EDU_00448,Education,Ministry of Education urges residents of Marsabit County to enroll in the adult literacy programme to benefit from school feeding programme.,
EDU_00449,Education,KNEC urges residents of Nyandarua County to apply for the bursary before the deadline to benefit from free primary education.,
EDU_00450,Education,KMTC reminds parents in Samburu County that adult literacy classes registration is open this October.,
EDU_00451,Education,KICD urges residents of Mombasa County to apply for the bursary before the deadline to benefit from school feeding programme.,
EDU_00452,Education,HELB urges residents of Kiambu County to apply for the bursary before the deadline to benefit from school feeding programme.,
EDU_00453,Education,Notice: Teachers Service Commission announces adult literacy classes enrollment dates for schools in Mandera County.,
EDU_00454,Education,KUCCPS reminds parents in Narok County that free day secondary education registration is open this June.,
EDU_00455,Education,IEBC encourages out-of-school children in Tana River County to apply for the bursary before the deadline under bursary allocation.,
EDU_00456,Education,Notice: Universities Fund announces adult literacy classes enrollment dates for schools in Bomet County.,
EDU_00457,Education,Teachers Service Commission encourages out-of-school children in Kiambu County to register their children at the nearest public school under free primary education.,
EDU_00458,Education,KNEC reminds parents in Isiolo County that adult literacy classes registration is open this June.,
EDU_00459,Education,Notice: KUCCPS announces adult literacy classes enrollment dates for schools in Kajiado County.,
EDU_00460,Education,Kenya Institute of Curriculum Development urges residents of Uasin Gishu County to apply for the bursary before the deadline to benefit from free day secondary education.,
EDU_00461,Education,Notice: Teachers Service Commission announces school feeding programme enrollment dates for schools in Kwale County.,
EDU_00462,Education,Universities Fund encourages out-of-school children in Kajiado County to enroll in the adult literacy programme under bursary allocation.,
EDU_00463,Education,Ministry of Education encourages out-of-school children in Migori County to register their children at the nearest public school under free primary education.,
EDU_00464,Education,KUCCPS urges residents of Wajir County to apply for the bursary before the deadline to benefit from free primary education.,
EDU_00465,Education,TSC reminds parents in Busia County that adult literacy classes registration is open this December.,
EDU_00466,Education,State Department for TVET encourages out-of-school children in Embu County to enroll in the adult literacy programme under school feeding programme.,
EDU_00467,Education,Universities Fund urges residents of Laikipia County to apply for the bursary before the deadline to benefit from school feeding programme.,
EDU_00468,Education,Universities Fund urges residents of Nakuru County to apply for the bursary before the deadline to benefit from free primary education.,
EDU_00469,Education,Teachers Service Commission urges residents of Kirinyaga County to apply for the bursary before the deadline to benefit from adult literacy classes.,
EDU_00470,Education,TVET urges residents of Wajir County to apply for the bursary before the deadline to benefit from school feeding programme.,
EDU_00471,Education,Notice: KNEC announces free primary education enrollment dates for schools in Wajir County.,
EDU_00472,Education,HELB urges residents of Meru County to enroll in the adult literacy programme to benefit from school feeding programme.,
EDU_00473,Education,Kenya Institute of Curriculum Development reminds parents in Mombasa County that adult literacy classes registration is open this January.,
EDU_00474,Education,IEBC reminds parents in Kilifi County that school feeding programme registration is open this March.,
EDU_00475,Education,KNEC encourages out-of-school children in Kiambu County to register their children at the nearest public school under free primary education.,
EDU_00476,Education,KUCCPS reminds parents in Migori County that free primary education registration is open this March.,
EDU_00477,Education,IEBC reminds parents in Nakuru County that adult literacy classes registration is open this June.,
EDU_00478,Education,Notice: KNEC announces adult literacy classes enrollment dates for schools in Lamu County.,
EDU_00479,Education,TVET encourages out-of-school children in Mandera County to register their children at the nearest public school under free primary education.,
EDU_00480,Education,Notice: State Department for TVET announces bursary allocation enrollment dates for schools in Uasin Gishu County.,
EDU_00481,Education,Notice: KICD announces adult literacy classes enrollment dates for schools in Kwale County.,
EDU_00482,Education,State Department for TVET urges residents of Migori County to apply for the bursary before the deadline to benefit from school feeding programme.,
EDU_00483,Education,Notice: KNEC announces free day secondary education enrollment dates for schools in Isiolo County.,
EDU_00484,Education,Ministry of Education encourages out-of-school children in Laikipia County to apply for the bursary before the deadline under adult literacy classes.,
EDU_00485,Education,HELB urges residents of Mombasa County to enroll in the adult literacy programme to benefit from adult literacy classes.,
EDU_00486,Education,KUCCPS encourages out-of-school children in Machakos County to register their children at the nearest public school under school feeding programme.,
EDU_00487,Education,Universities Fund encourages out-of-school children in Nyamira County to apply for the bursary before the deadline under free primary education.,
EDU_00488,Education,Teachers Service Commission reminds parents in Taita-Taveta County that adult literacy classes registration is open this May.,
EDU_00489,Education,TVET encourages out-of-school children in Marsabit County to apply for the bursary before the deadline under free day secondary education.,
EDU_00490,Education,TSC encourages out-of-school children in Nyandarua County to apply for the bursary before the deadline under school feeding programme.,
EDU_00491,Education,TVET reminds parents in Siaya County that free primary education registration is open this August.,
EDU_00492,Education,State Department for Basic Education reminds parents in Kilifi County that free primary education registration is open this December.,
EDU_00493,Education,Kenya Institute of Curriculum Development encourages out-of-school children in Bungoma County to register their children at the nearest public school under free day secondary education.,
EDU_00494,Education,State Department for Basic Education urges residents of Lamu County to register their children at the nearest public school to benefit from free day secondary education.,
EDU_00495,Education,KMTC reminds parents in Bomet County that school feeding programme registration is open this March.,
EDU_00496,Education,Notice: KUCCPS announces free day secondary education enrollment dates for schools in Machakos County.,
EDU_00497,Education,KMTC encourages out-of-school children in Mombasa County to enroll in the adult literacy programme under school feeding programme.,
EDU_00498,Education,Teachers Service Commission urges residents of Laikipia County to enroll in the adult literacy programme to benefit from adult literacy classes.,
EDU_00499,Education,TVET urges residents of Garissa County to enroll in the adult literacy programme to benefit from school feeding programme.,
EDU_00500,Education,Notice: State Department for Basic Education announces bursary allocation enrollment dates for schools in Wajir County.,
EDU_00501,Education,Teachers Service Commission urges residents of Bungoma County to register their children at the nearest public school to benefit from bursary allocation.,
EDU_00502,Education,Notice: TVET announces bursary allocation enrollment dates for schools in Isiolo County.,
EDU_00503,Education,Notice: KMTC announces free primary education enrollment dates for schools in Baringo County.,
EDU_00504,Education,Notice: KUCCPS announces bursary allocation enrollment dates for schools in Kirinyaga County.,
EDU_00505,Education,TVET urges residents of Uasin Gishu County to register their children at the nearest public school to benefit from bursary allocation.,
EDU_00506,Education,Notice: TVET announces school feeding programme enrollment dates for schools in Taita-Taveta County.,
EDU_00507,Education,IEBC urges residents of Lamu County to enroll in the adult literacy programme to benefit from adult literacy classes.,
EDU_00508,Education,IEBC encourages out-of-school children in Nandi County to enroll in the adult literacy programme under bursary allocation.,
EDU_00509,Education,Kenya Institute of Curriculum Development encourages out-of-school children in Isiolo County to register their children at the nearest public school under adult literacy classes.,
EDU_00510,Education,Universities Fund encourages out-of-school children in Nakuru County to apply for the bursary before the deadline under school feeding programme.,
EDU_00511,Education,Notice: Kenya Institute of Curriculum Development announces bursary allocation enrollment dates for schools in Wajir County.,
EDU_00512,Education,Notice: HELB announces free primary education enrollment dates for schools in Kajiado County.,
EDU_00513,Education,KICD reminds parents in Nyeri County that adult literacy classes registration is open this March.,
EDU_00514,Education,TVET encourages out-of-school children in Uasin Gishu County to enroll in the adult literacy programme under free primary education.,
EDU_00515,Education,TVET reminds parents in Nyeri County that school feeding programme registration is open this January.,
EDU_00516,Education,State Department for TVET reminds parents in Kisii County that bursary allocation registration is open this June.,
EDU_00517,Education,Kenya Institute of Curriculum Development urges residents of Uasin Gishu County to register their children at the nearest public school to benefit from adult literacy classes.,
EDU_00518,Education,State Department for TVET encourages out-of-school children in Kisii County to register their children at the nearest public school under free day secondary education.,
EDU_00519,Education,Notice: KNEC announces free primary education enrollment dates for schools in Bungoma County.,
EDU_00520,Education,State Department for TVET urges residents of Bungoma County to enroll in the adult literacy programme to benefit from free primary education.,
EDU_00521,Education,IEBC reminds parents in Nyandarua County that free primary education registration is open this November.,
EDU_00522,Education,KICD reminds parents in Kiambu County that bursary allocation registration is open this March.,
EDU_00523,Education,TSC urges residents of Nyamira County to register their children at the nearest public school to benefit from bursary allocation.,
EDU_00524,Education,Notice: State Department for TVET announces free primary education enrollment dates for schools in Kakamega County.,
EDU_00525,Education,Universities Fund reminds parents in Nyandarua County that school feeding programme registration is open this March.,
EDU_00526,Education,HELB urges residents of Kiambu County to enroll in the adult literacy programme to benefit from school feeding programme.,
EDU_00527,Education,Notice: Kenya Institute of Curriculum Development announces free day secondary education enrollment dates for schools in Kirinyaga County.,
EDU_00528,Education,KMTC urges residents of Kisumu County to apply for the bursary before the deadline to benefit from school feeding programme.,
EDU_00529,Education,IEBC encourages out-of-school children in Laikipia County to apply for the bursary before the deadline under free primary education.,
EDU_00530,Education,KMTC urges residents of Bungoma County to register their children at the nearest public school to benefit from free day secondary education.,
EDU_00531,Education,Teachers Service Commission encourages out-of-school children in Isiolo County to apply for the bursary before the deadline under adult literacy classes.,
EDU_00532,Education,State Department for TVET urges residents of Murang'a County to enroll in the adult literacy programme to benefit from free primary education.,
EDU_00533,Education,KUCCPS urges residents of Bungoma County to enroll in the adult literacy programme to benefit from free primary education.,
EDU_00534,Education,IEBC reminds parents in Siaya County that bursary allocation registration is open this January.,
EDU_00535,Education,Notice: KNEC announces school feeding programme enrollment dates for schools in Marsabit County.,
EDU_00536,Education,HELB encourages out-of-school children in Nyamira County to apply for the bursary before the deadline under adult literacy classes.,
EDU_00537,Education,IEBC reminds parents in Nyeri County that free day secondary education registration is open this March.,
EDU_00538,Education,State Department for TVET reminds parents in Busia County that school feeding programme registration is open this August.,
EDU_00539,Education,IEBC urges residents of Nyamira County to enroll in the adult literacy programme to benefit from free primary education.,
EDU_00540,Education,Kenya Institute of Curriculum Development encourages out-of-school children in West Pokot County to register their children at the nearest public school under school feeding programme.,
EDU_00541,Education,KNEC urges residents of Kitui County to apply for the bursary before the deadline to benefit from school feeding programme.,
EDU_00542,Education,KNEC reminds parents in Murang'a County that school feeding programme registration is open this April.,
EDU_00543,Education,Teachers Service Commission urges residents of Kisii County to enroll in the adult literacy programme to benefit from free day secondary education.,
EDU_00544,Education,Universities Fund encourages out-of-school children in Kisii County to apply for the bursary before the deadline under adult literacy classes.,
EDU_00545,Education,HELB urges residents of Narok County to register their children at the nearest public school to benefit from free day secondary education.,
EDU_00546,Education,Kenya Institute of Curriculum Development reminds parents in Kitui County that adult literacy classes registration is open this May.,
EDU_00547,Education,KICD urges residents of Migori County to register their children at the nearest public school to benefit from free primary education.,
EDU_00548,Education,State Department for TVET urges residents of Kirinyaga County to register their children at the nearest public school to benefit from free day secondary education.,
EDU_00549,Education,Notice: Teachers Service Commission announces free primary education enrollment dates for schools in Laikipia County.,
EDU_00550,Education,Notice: HELB announces free day secondary education enrollment dates for schools in Nyamira County.,
EDU_00551,Education,HELB reminds parents in Kitui County that free primary education registration is open this June.,
EDU_00552,Education,Notice: TSC announces free day secondary education enrollment dates for schools in Trans Nzoia County.,
EDU_00553,Education,KMTC urges residents of Mandera County to register their children at the nearest public school to benefit from free primary education.,
EDU_00554,Education,IEBC encourages out-of-school children in Taita-Taveta County to apply for the bursary before the deadline under adult literacy classes.,
EDU_00555,Education,Ministry of Education encourages out-of-school children in Vihiga County to apply for the bursary before the deadline under free primary education.,
EDU_00556,Education,KUCCPS urges residents of Kisumu County to apply for the bursary before the deadline to benefit from adult literacy classes.,
EDU_00557,Education,KNEC encourages out-of-school children in Lamu County to enroll in the adult literacy programme under school feeding programme.,
EDU_00558,Education,State Department for Basic Education urges residents of West Pokot County to apply for the bursary before the deadline to benefit from free day secondary education.,
EDU_00559,Education,Universities Fund urges residents of Kilifi County to register their children at the nearest public school to benefit from school feeding programme.,
EDU_00560,Education,KMTC reminds parents in Machakos County that adult literacy classes registration is open this December.,
EDU_00561,Education,State Department for Basic Education reminds parents in Nyamira County that free day secondary education registration is open this December.,
EDU_00562,Education,Notice: TVET announces school feeding programme enrollment dates for schools in Makueni County.,
EDU_00563,Education,TSC encourages out-of-school children in Kiambu County to apply for the bursary before the deadline under bursary allocation.,
EDU_00564,Education,KUCCPS urges residents of Narok County to apply for the bursary before the deadline to benefit from free day secondary education.,
EDU_00565,Education,HELB encourages out-of-school children in Kwale County to enroll in the adult literacy programme under free primary education.,
EDU_00566,Education,KUCCPS encourages out-of-school children in Lamu County to enroll in the adult literacy programme under school feeding programme.,
EDU_00567,Education,Notice: IEBC announces adult literacy classes enrollment dates for schools in Elgeyo-Marakwet County.,
EDU_00568,Education,Ministry of Education urges residents of Mombasa County to register their children at the nearest public school to benefit from bursary allocation.,
EDU_00569,Education,Notice: Ministry of Education announces free primary education enrollment dates for schools in Nyeri County.,
EDU_00570,Education,Notice: TVET announces bursary allocation enrollment dates for schools in Bomet County.,
EDU_00571,Education,Notice: KICD announces school feeding programme enrollment dates for schools in Kisumu County.,
EDU_00572,Education,Kenya Institute of Curriculum Development encourages out-of-school children in Lamu County to enroll in the adult literacy programme under free day secondary education.,
EDU_00573,Education,IEBC urges residents of Elgeyo-Marakwet County to register their children at the nearest public school to benefit from school feeding programme.,
EDU_00574,Education,TSC reminds parents in Kilifi County that adult literacy classes registration is open this February.,
EDU_00575,Education,IEBC encourages out-of-school children in Garissa County to enroll in the adult literacy programme under free day secondary education.,
EDU_00576,Education,Kenya Institute of Curriculum Development urges residents of Narok County to enroll in the adult literacy programme to benefit from school feeding programme.,
EDU_00577,Education,Universities Fund reminds parents in Bungoma County that free primary education registration is open this April.,
EDU_00578,Education,Notice: Teachers Service Commission announces free primary education enrollment dates for schools in Trans Nzoia County.,
EDU_00579,Education,HELB encourages out-of-school children in Bomet County to apply for the bursary before the deadline under free primary education.,
EDU_00580,Education,IEBC encourages out-of-school children in Kericho County to register their children at the nearest public school under adult literacy classes.,
EDU_00581,Education,Notice: State Department for TVET announces adult literacy classes enrollment dates for schools in Bungoma County.,
EDU_00582,Education,Teachers Service Commission encourages out-of-school children in Bomet County to apply for the bursary before the deadline under free day secondary education.,
EDU_00583,Education,KUCCPS encourages out-of-school children in Kajiado County to apply for the bursary before the deadline under free primary education.,
EDU_00584,Education,IEBC urges residents of Nakuru County to enroll in the adult literacy programme to benefit from free primary education.,
EDU_00585,Education,KICD reminds parents in Homa Bay County that bursary allocation registration is open this May.,
EDU_00586,Education,KICD urges residents of Tharaka-Nithi County to apply for the bursary before the deadline to benefit from free day secondary education.,
EDU_00587,Education,KNEC encourages out-of-school children in Kwale County to register their children at the nearest public school under school feeding programme.,
EDU_00588,Education,Universities Fund reminds parents in Kitui County that bursary allocation registration is open this January.,
EDU_00589,Education,Universities Fund encourages out-of-school children in Bungoma County to apply for the bursary before the deadline under school feeding programme.,
EDU_00590,Education,KICD reminds parents in Makueni County that adult literacy classes registration is open this June.,
EDU_00591,Education,State Department for TVET urges residents of Baringo County to apply for the bursary before the deadline to benefit from adult literacy classes.,
EDU_00592,Education,KNEC encourages out-of-school children in Kakamega County to apply for the bursary before the deadline under bursary allocation.,
EDU_00593,Education,Kenya Institute of Curriculum Development encourages out-of-school children in West Pokot County to apply for the bursary before the deadline under school feeding programme.,
EDU_00594,Education,TSC encourages out-of-school children in Taita-Taveta County to apply for the bursary before the deadline under adult literacy classes.,
EDU_00595,Education,Ministry of Education encourages out-of-school children in Turkana County to apply for the bursary before the deadline under school feeding programme.,
EDU_00596,Education,HELB encourages out-of-school children in Kirinyaga County to enroll in the adult literacy programme under free primary education.,
EDU_00597,Education,KICD reminds parents in Kisumu County that free day secondary education registration is open this August.,
EDU_00598,Education,Ministry of Education urges residents of Nairobi County to apply for the bursary before the deadline to benefit from free day secondary education.,
EDU_00599,Education,Notice: State Department for TVET announces free day secondary education enrollment dates for schools in Kiambu County.,
EDU_00600,Education,IEBC encourages out-of-school children in Laikipia County to register their children at the nearest public school under free day secondary education.,
EDU_00601,Education,TSC advises applicants in Samburu County to register before the intake closes for the upcoming intake.,
EDU_00602,Education,TSC reminds youth in Vihiga County that HELB funding is available for motor vehicle mechanics training.,
EDU_00603,Education,State Department for Basic Education invites youth in Nyeri County to enroll for motor vehicle mechanics training this September.,
EDU_00604,Education,Ministry of Education advises applicants in Garissa County to visit the nearest vocational training centre for the upcoming intake.,
EDU_00605,Education,KUCCPS invites youth in West Pokot County to enroll for catering and hospitality training this May.,
EDU_00606,Education,Notice: Ministry of Education opens a new catering and hospitality programme at the vocational centre in Homa Bay County.,
EDU_00607,Education,Notice: TVET opens a new welding and fabrication programme at the vocational centre in Kilifi County.,
EDU_00608,Education,KICD invites youth in Kakamega County to enroll for ICT skills training this October.,
EDU_00609,Education,TVET advises applicants in Nakuru County to register before the intake closes for the upcoming intake.,
EDU_00610,Education,HELB reminds youth in Kajiado County that HELB funding is available for motor vehicle mechanics training.,
EDU_00611,Education,KNEC advises applicants in Samburu County to visit the nearest vocational training centre for the upcoming intake.,
EDU_00612,Education,Ministry of Education advises applicants in Tharaka-Nithi County to apply for TVET placement through KUCCPS for the upcoming intake.,
EDU_00613,Education,Teachers Service Commission advises applicants in Homa Bay County to apply for TVET placement through KUCCPS for the upcoming intake.,
EDU_00614,Education,TVET invites youth in Taita-Taveta County to enroll for tailoring and design training this May.,
EDU_00615,Education,Notice: KUCCPS opens a new ICT skills programme at the vocational centre in Busia County.,
EDU_00616,Education,Ministry of Education advises applicants in Nakuru County to register before the intake closes for the upcoming intake.,
EDU_00617,Education,Notice: TSC opens a new ICT skills programme at the vocational centre in Nandi County.,
EDU_00618,Education,State Department for Basic Education reminds youth in Nyandarua County that HELB funding is available for motor vehicle mechanics training.,
EDU_00619,Education,Universities Fund advises applicants in Busia County to register before the intake closes for the upcoming intake.,
EDU_00620,Education,State Department for Basic Education advises applicants in Garissa County to register before the intake closes for the upcoming intake.,
EDU_00621,Education,KUCCPS reminds youth in Marsabit County that HELB funding is available for tailoring and design training.,
EDU_00622,Education,Teachers Service Commission reminds youth in Murang'a County that HELB funding is available for motor vehicle mechanics training.,
EDU_00623,Education,Ministry of Education invites youth in Isiolo County to enroll for tailoring and design training this March.,
EDU_00624,Education,KUCCPS invites youth in Kitui County to enroll for electrical installation training this May.,
EDU_00625,Education,Notice: State Department for TVET opens a new electrical installation programme at the vocational centre in Baringo County.,
EDU_00626,Education,State Department for Basic Education advises applicants in Taita-Taveta County to visit the nearest vocational training centre for the upcoming intake.,
EDU_00627,Education,KMTC invites youth in Makueni County to enroll for ICT skills training this February.,
EDU_00628,Education,Teachers Service Commission advises applicants in Narok County to visit the nearest vocational training centre for the upcoming intake.,
EDU_00629,Education,State Department for TVET invites youth in Trans Nzoia County to enroll for electrical installation training this July.,
EDU_00630,Education,KMTC invites youth in Meru County to enroll for ICT skills training this April.,
EDU_00631,Education,Kenya Institute of Curriculum Development advises applicants in Kajiado County to visit the nearest vocational training centre for the upcoming intake.,
EDU_00632,Education,Notice: Kenya Institute of Curriculum Development opens a new electrical installation programme at the vocational centre in Siaya County.,
EDU_00633,Education,Teachers Service Commission reminds youth in Tharaka-Nithi County that HELB funding is available for electrical installation training.,
EDU_00634,Education,Notice: KUCCPS opens a new ICT skills programme at the vocational centre in Laikipia County.,
EDU_00635,Education,Notice: KMTC opens a new catering and hospitality programme at the vocational centre in Bomet County.,
EDU_00636,Education,Notice: KUCCPS opens a new tailoring and design programme at the vocational centre in Mombasa County.,
EDU_00637,Education,Notice: IEBC opens a new catering and hospitality programme at the vocational centre in Bomet County.,
EDU_00638,Education,HELB reminds youth in Nairobi County that HELB funding is available for tailoring and design training.,
EDU_00639,Education,HELB reminds youth in Baringo County that HELB funding is available for catering and hospitality training.,
EDU_00640,Education,Notice: Ministry of Education opens a new electrical installation programme at the vocational centre in Kitui County.,
EDU_00641,Education,IEBC invites youth in Marsabit County to enroll for welding and fabrication training this July.,
EDU_00642,Education,KICD reminds youth in Vihiga County that HELB funding is available for catering and hospitality training.,
EDU_00643,Education,TVET invites youth in Machakos County to enroll for ICT skills training this November.,
EDU_00644,Education,Ministry of Education reminds youth in Samburu County that HELB funding is available for electrical installation training.,
EDU_00645,Education,Notice: Kenya Institute of Curriculum Development opens a new ICT skills programme at the vocational centre in Taita-Taveta County.,
EDU_00646,Education,KMTC invites youth in Garissa County to enroll for ICT skills training this October.,
EDU_00647,Education,IEBC advises applicants in Murang'a County to register before the intake closes for the upcoming intake.,
EDU_00648,Education,KNEC advises applicants in Nairobi County to visit the nearest vocational training centre for the upcoming intake.,
EDU_00649,Education,KNEC advises applicants in Lamu County to apply for TVET placement through KUCCPS for the upcoming intake.,
EDU_00650,Education,Notice: TSC opens a new tailoring and design programme at the vocational centre in Nyandarua County.,
EDU_00651,Education,Universities Fund invites youth in Garissa County to enroll for ICT skills training this February.,
EDU_00652,Education,KNEC invites youth in Mombasa County to enroll for electrical installation training this June.,
EDU_00653,Education,KUCCPS advises applicants in Murang'a County to apply for TVET placement through KUCCPS for the upcoming intake.,
EDU_00654,Education,KMTC reminds youth in Vihiga County that HELB funding is available for electrical installation training.,
EDU_00655,Education,Notice: KNEC opens a new ICT skills programme at the vocational centre in Nandi County.,
EDU_00656,Education,Notice: State Department for TVET opens a new welding and fabrication programme at the vocational centre in Mombasa County.,
EDU_00657,Education,Notice: Teachers Service Commission opens a new motor vehicle mechanics programme at the vocational centre in Tana River County.,
EDU_00658,Education,KNEC invites youth in Homa Bay County to enroll for motor vehicle mechanics training this September.,
EDU_00659,Education,TSC advises applicants in Kwale County to apply for TVET placement through KUCCPS for the upcoming intake.,
EDU_00660,Education,Notice: Teachers Service Commission opens a new catering and hospitality programme at the vocational centre in Turkana County.,
EDU_00661,Education,Notice: Kenya Institute of Curriculum Development opens a new motor vehicle mechanics programme at the vocational centre in Mandera County.,
EDU_00662,Education,Notice: KICD opens a new catering and hospitality programme at the vocational centre in Laikipia County.,
EDU_00663,Education,Kenya Institute of Curriculum Development invites youth in Nairobi County to enroll for electrical installation training this May.,
EDU_00664,Education,HELB advises applicants in Nandi County to visit the nearest vocational training centre for the upcoming intake.,
EDU_00665,Education,Ministry of Education reminds youth in Bungoma County that HELB funding is available for tailoring and design training.,
EDU_00666,Education,IEBC invites youth in Kitui County to enroll for welding and fabrication training this July.,
EDU_00667,Education,Notice: TSC opens a new motor vehicle mechanics programme at the vocational centre in Meru County.,
EDU_00668,Education,Notice: TSC opens a new electrical installation programme at the vocational centre in Mombasa County.,
EDU_00669,Education,KUCCPS advises applicants in Elgeyo-Marakwet County to visit the nearest vocational training centre for the upcoming intake.,
EDU_00670,Education,TSC advises applicants in Kisii County to register before the intake closes for the upcoming intake.,
EDU_00671,Education,State Department for Basic Education invites youth in Nakuru County to enroll for tailoring and design training this July.,
EDU_00672,Education,KICD invites youth in Kilifi County to enroll for electrical installation training this February.,
EDU_00673,Education,KICD reminds youth in Kiambu County that HELB funding is available for motor vehicle mechanics training.,
EDU_00674,Education,KUCCPS invites youth in Murang'a County to enroll for motor vehicle mechanics training this April.,
EDU_00675,Education,State Department for TVET invites youth in Nyeri County to enroll for electrical installation training this January.,
EDU_00676,Education,Notice: Kenya Institute of Curriculum Development opens a new motor vehicle mechanics programme at the vocational centre in Nyeri County.,
EDU_00677,Education,TVET reminds youth in Kirinyaga County that HELB funding is available for motor vehicle mechanics training.,
EDU_00678,Education,Notice: Universities Fund opens a new electrical installation programme at the vocational centre in Makueni County.,
EDU_00679,Education,Ministry of Education reminds youth in Kisumu County that HELB funding is available for motor vehicle mechanics training.,
EDU_00680,Education,Ministry of Education invites youth in Tana River County to enroll for motor vehicle mechanics training this August.,
EDU_00681,Education,Teachers Service Commission invites youth in Lamu County to enroll for motor vehicle mechanics training this August.,
EDU_00682,Education,KICD advises applicants in Laikipia County to register before the intake closes for the upcoming intake.,
EDU_00683,Education,Notice: TVET opens a new electrical installation programme at the vocational centre in Tharaka-Nithi County.,
EDU_00684,Education,Universities Fund reminds youth in Garissa County that HELB funding is available for electrical installation training.,
EDU_00685,Education,TSC reminds youth in Kakamega County that HELB funding is available for motor vehicle mechanics training.,
EDU_00686,Education,Ministry of Education invites youth in Nyandarua County to enroll for electrical installation training this October.,
EDU_00687,Education,TSC advises applicants in Nyandarua County to visit the nearest vocational training centre for the upcoming intake.,
EDU_00688,Education,Teachers Service Commission invites youth in Turkana County to enroll for ICT skills training this June.,
EDU_00689,Education,Kenya Institute of Curriculum Development reminds youth in Nyandarua County that HELB funding is available for tailoring and design training.,
EDU_00690,Education,KICD advises applicants in Homa Bay County to visit the nearest vocational training centre for the upcoming intake.,
EDU_00691,Education,IEBC reminds youth in Kiambu County that HELB funding is available for tailoring and design training.,
EDU_00692,Education,TVET advises applicants in Garissa County to register before the intake closes for the upcoming intake.,
EDU_00693,Education,KMTC invites youth in Embu County to enroll for tailoring and design training this December.,
EDU_00694,Education,Notice: HELB opens a new catering and hospitality programme at the vocational centre in Mombasa County.,
EDU_00695,Education,State Department for TVET advises applicants in Siaya County to visit the nearest vocational training centre for the upcoming intake.,
EDU_00696,Education,IEBC advises applicants in Samburu County to apply for TVET placement through KUCCPS for the upcoming intake.,
EDU_00697,Education,KICD reminds youth in Baringo County that HELB funding is available for electrical installation training.,
EDU_00698,Education,HELB reminds youth in Kakamega County that HELB funding is available for motor vehicle mechanics training.,
EDU_00699,Education,KNEC advises applicants in Narok County to register before the intake closes for the upcoming intake.,
EDU_00700,Education,HELB advises applicants in Bomet County to register before the intake closes for the upcoming intake.,
EDU_00701,Education,KMTC reminds youth in Kiambu County that HELB funding is available for tailoring and design training.,
EDU_00702,Education,KMTC advises applicants in Laikipia County to visit the nearest vocational training centre for the upcoming intake.,
EDU_00703,Education,KICD reminds youth in Taita-Taveta County that HELB funding is available for welding and fabrication training.,
EDU_00704,Education,HELB invites youth in Nyandarua County to enroll for tailoring and design training this October.,
EDU_00705,Education,Teachers Service Commission invites youth in Laikipia County to enroll for motor vehicle mechanics training this October.,
EDU_00706,Education,Ministry of Education reminds youth in Elgeyo-Marakwet County that HELB funding is available for catering and hospitality training.,
EDU_00707,Education,Notice: Universities Fund opens a new motor vehicle mechanics programme at the vocational centre in Kisumu County.,
EDU_00708,Education,KMTC advises applicants in Murang'a County to register before the intake closes for the upcoming intake.,
EDU_00709,Education,TSC advises applicants in Nyamira County to visit the nearest vocational training centre for the upcoming intake.,
EDU_00710,Education,State Department for Basic Education advises applicants in Kwale County to register before the intake closes for the upcoming intake.,
EDU_00711,Education,State Department for Basic Education advises applicants in Makueni County to visit the nearest vocational training centre for the upcoming intake.,
EDU_00712,Education,HELB reminds youth in Vihiga County that HELB funding is available for welding and fabrication training.,
EDU_00713,Education,Ministry of Education reminds youth in Garissa County that HELB funding is available for welding and fabrication training.,
EDU_00714,Education,Notice: State Department for Basic Education opens a new tailoring and design programme at the vocational centre in Nakuru County.,
EDU_00715,Education,KNEC advises applicants in Homa Bay County to visit the nearest vocational training centre for the upcoming intake.,
EDU_00716,Education,IEBC invites youth in Kericho County to enroll for motor vehicle mechanics training this July.,
EDU_00717,Education,State Department for Basic Education advises applicants in Murang'a County to register before the intake closes for the upcoming intake.,
EDU_00718,Education,State Department for Basic Education invites youth in Kwale County to enroll for tailoring and design training this October.,
EDU_00719,Education,Ministry of Education reminds youth in Mombasa County that HELB funding is available for welding and fabrication training.,
EDU_00720,Education,Teachers Service Commission invites youth in Wajir County to enroll for welding and fabrication training this November.,
EDU_00721,Education,TSC invites youth in Murang'a County to enroll for electrical installation training this July.,
EDU_00722,Education,TSC reminds youth in Vihiga County that HELB funding is available for tailoring and design training.,
EDU_00723,Education,Notice: Teachers Service Commission opens a new ICT skills programme at the vocational centre in Makueni County.,
EDU_00724,Education,KUCCPS invites youth in Taita-Taveta County to enroll for electrical installation training this April.,
EDU_00725,Education,KICD invites youth in Bomet County to enroll for tailoring and design training this September.,
EDU_00726,Education,Universities Fund advises applicants in Kirinyaga County to visit the nearest vocational training centre for the upcoming intake.,
EDU_00727,Education,Teachers Service Commission invites youth in Migori County to enroll for welding and fabrication training this November.,
EDU_00728,Education,Kenya Institute of Curriculum Development reminds youth in Mandera County that HELB funding is available for welding and fabrication training.,
EDU_00729,Education,TSC advises applicants in Tana River County to register before the intake closes for the upcoming intake.,
EDU_00730,Education,Notice: Universities Fund opens a new welding and fabrication programme at the vocational centre in Wajir County.,
EDU_00731,Education,KICD reminds youth in Machakos County that HELB funding is available for motor vehicle mechanics training.,
EDU_00732,Education,Notice: State Department for Basic Education opens a new electrical installation programme at the vocational centre in Nairobi County.,
EDU_00733,Education,KUCCPS advises applicants in Lamu County to register before the intake closes for the upcoming intake.,
EDU_00734,Education,KUCCPS advises applicants in Kwale County to apply for TVET placement through KUCCPS for the upcoming intake.,
EDU_00735,Education,Universities Fund invites youth in Nairobi County to enroll for catering and hospitality training this July.,
EDU_00736,Education,Kenya Institute of Curriculum Development invites youth in Samburu County to enroll for welding and fabrication training this February.,
EDU_00737,Education,KMTC advises applicants in Kwale County to apply for TVET placement through KUCCPS for the upcoming intake.,
EDU_00738,Education,KNEC reminds youth in Wajir County that HELB funding is available for welding and fabrication training.,
EDU_00739,Education,TVET reminds youth in Machakos County that HELB funding is available for ICT skills training.,
EDU_00740,Education,State Department for Basic Education advises applicants in Siaya County to register before the intake closes for the upcoming intake.,
EDU_00741,Education,State Department for TVET invites youth in Baringo County to enroll for catering and hospitality training this July.,
EDU_00742,Education,KMTC invites youth in Machakos County to enroll for tailoring and design training this March.,
EDU_00743,Education,IEBC invites youth in Kakamega County to enroll for tailoring and design training this December.,
EDU_00744,Education,State Department for Basic Education advises applicants in Mandera County to apply for TVET placement through KUCCPS for the upcoming intake.,
EDU_00745,Education,Teachers Service Commission reminds youth in Baringo County that HELB funding is available for tailoring and design training.,
EDU_00746,Education,Notice: TVET opens a new catering and hospitality programme at the vocational centre in Busia County.,
EDU_00747,Education,KUCCPS advises applicants in Murang'a County to register before the intake closes for the upcoming intake.,
EDU_00748,Education,Teachers Service Commission reminds youth in Makueni County that HELB funding is available for catering and hospitality training.,
EDU_00749,Education,Notice: Teachers Service Commission opens a new welding and fabrication programme at the vocational centre in Machakos County.,
EDU_00750,Education,Teachers Service Commission reminds youth in Nyamira County that HELB funding is available for ICT skills training.,
EDU_00751,Education,Universities Fund reminds youth in Wajir County that HELB funding is available for electrical installation training.,
EDU_00752,Education,Notice: Teachers Service Commission opens a new electrical installation programme at the vocational centre in Kitui County.,
EDU_00753,Education,KNEC reminds youth in Kwale County that HELB funding is available for welding and fabrication training.,
EDU_00754,Education,State Department for Basic Education invites youth in Bomet County to enroll for motor vehicle mechanics training this August.,
EDU_00755,Education,KMTC invites youth in Kiambu County to enroll for welding and fabrication training this June.,
EDU_00756,Education,Notice: TVET opens a new welding and fabrication programme at the vocational centre in Migori County.,
EDU_00757,Education,Teachers Service Commission invites youth in Siaya County to enroll for welding and fabrication training this July.,
EDU_00758,Education,Teachers Service Commission advises applicants in Laikipia County to visit the nearest vocational training centre for the upcoming intake.,
EDU_00759,Education,KUCCPS invites youth in Turkana County to enroll for electrical installation training this October.,
EDU_00760,Education,Ministry of Education advises applicants in Nyamira County to visit the nearest vocational training centre for the upcoming intake.,
EDU_00761,Education,HELB reminds youth in Baringo County that HELB funding is available for electrical installation training.,
EDU_00762,Education,KUCCPS reminds youth in Nairobi County that HELB funding is available for motor vehicle mechanics training.,
EDU_00763,Education,HELB invites youth in Marsabit County to enroll for catering and hospitality training this April.,
EDU_00764,Education,Notice: TSC opens a new tailoring and design programme at the vocational centre in Kericho County.,
EDU_00765,Education,Notice: State Department for Basic Education opens a new ICT skills programme at the vocational centre in Homa Bay County.,
EDU_00766,Education,Kenya Institute of Curriculum Development reminds youth in Kitui County that HELB funding is available for motor vehicle mechanics training.,
EDU_00767,Education,TVET advises applicants in Turkana County to register before the intake closes for the upcoming intake.,
EDU_00768,Education,Notice: Teachers Service Commission opens a new ICT skills programme at the vocational centre in Turkana County.,
EDU_00769,Education,TSC invites youth in Lamu County to enroll for welding and fabrication training this August.,
EDU_00770,Education,State Department for TVET advises applicants in Baringo County to apply for TVET placement through KUCCPS for the upcoming intake.,
EDU_00771,Education,KUCCPS reminds youth in Turkana County that HELB funding is available for welding and fabrication training.,
EDU_00772,Education,KMTC reminds youth in Elgeyo-Marakwet County that HELB funding is available for electrical installation training.,
EDU_00773,Education,State Department for Basic Education advises applicants in Bomet County to register before the intake closes for the upcoming intake.,
EDU_00774,Education,HELB advises applicants in Embu County to apply for TVET placement through KUCCPS for the upcoming intake.,
EDU_00775,Education,State Department for Basic Education invites youth in Trans Nzoia County to enroll for electrical installation training this April.,
EDU_00776,Education,TVET advises applicants in Isiolo County to visit the nearest vocational training centre for the upcoming intake.,
EDU_00777,Education,Universities Fund advises applicants in Baringo County to apply for TVET placement through KUCCPS for the upcoming intake.,
EDU_00778,Education,Ministry of Education invites youth in Laikipia County to enroll for welding and fabrication training this November.,
EDU_00779,Education,TSC advises applicants in Isiolo County to visit the nearest vocational training centre for the upcoming intake.,
EDU_00780,Education,IEBC advises applicants in Elgeyo-Marakwet County to visit the nearest vocational training centre for the upcoming intake.,
EDU_00781,Education,Notice: KUCCPS opens a new motor vehicle mechanics programme at the vocational centre in Meru County.,
EDU_00782,Education,Ministry of Education advises applicants in Lamu County to visit the nearest vocational training centre for the upcoming intake.,
EDU_00783,Education,Universities Fund invites youth in Nyeri County to enroll for ICT skills training this March.,
EDU_00784,Education,KNEC reminds youth in Migori County that HELB funding is available for motor vehicle mechanics training.,
EDU_00785,Education,Kenya Institute of Curriculum Development advises applicants in Busia County to visit the nearest vocational training centre for the upcoming intake.,
EDU_00786,Education,KICD advises applicants in Trans Nzoia County to apply for TVET placement through KUCCPS for the upcoming intake.,
EDU_00787,Education,TVET advises applicants in Nairobi County to visit the nearest vocational training centre for the upcoming intake.,
EDU_00788,Education,Notice: State Department for Basic Education opens a new welding and fabrication programme at the vocational centre in Taita-Taveta County.,
EDU_00789,Education,Ministry of Education invites youth in West Pokot County to enroll for electrical installation training this February.,
EDU_00790,Education,TVET invites youth in Kirinyaga County to enroll for ICT skills training this December.,
EDU_00791,Education,Notice: IEBC opens a new motor vehicle mechanics programme at the vocational centre in Mandera County.,
EDU_00792,Education,HELB advises applicants in Kisii County to apply for TVET placement through KUCCPS for the upcoming intake.,
EDU_00793,Education,State Department for TVET advises applicants in Mombasa County to apply for TVET placement through KUCCPS for the upcoming intake.,
EDU_00794,Education,HELB advises applicants in Murang'a County to apply for TVET placement through KUCCPS for the upcoming intake.,
EDU_00795,Education,Ministry of Education advises applicants in Nyamira County to register before the intake closes for the upcoming intake.,
EDU_00796,Education,Notice: KICD opens a new catering and hospitality programme at the vocational centre in Marsabit County.,
EDU_00797,Education,Kenya Institute of Curriculum Development advises applicants in Kiambu County to register before the intake closes for the upcoming intake.,
EDU_00798,Education,State Department for TVET invites youth in Kakamega County to enroll for ICT skills training this March.,
EDU_00799,Education,KMTC invites youth in Bungoma County to enroll for motor vehicle mechanics training this February.,
EDU_00800,Education,HELB reminds youth in Wajir County that HELB funding is available for motor vehicle mechanics training.,
EDU_00801,Education,KMTC reminds youth in Bomet County that HELB funding is available for welding and fabrication training.,
EDU_00802,Education,Notice: Ministry of Education opens a new electrical installation programme at the vocational centre in Machakos County.,
EDU_00803,Education,Notice: State Department for Basic Education opens a new electrical installation programme at the vocational centre in Nyandarua County.,
EDU_00804,Education,State Department for TVET invites youth in Garissa County to enroll for motor vehicle mechanics training this July.,
EDU_00805,Education,Notice: TVET opens a new electrical installation programme at the vocational centre in Baringo County.,
EDU_00806,Education,Notice: KNEC opens a new electrical installation programme at the vocational centre in Kiambu County.,
EDU_00807,Education,State Department for Basic Education invites youth in Nairobi County to enroll for electrical installation training this November.,
EDU_00808,Education,State Department for TVET reminds youth in Kirinyaga County that HELB funding is available for ICT skills training.,
EDU_00809,Education,KMTC reminds youth in Kisii County that HELB funding is available for ICT skills training.,
EDU_00810,Education,TVET invites youth in Mandera County to enroll for electrical installation training this May.,
EDU_00811,Education,State Department for Basic Education invites youth in Mombasa County to enroll for electrical installation training this June.,
EDU_00812,Education,TVET reminds youth in Kakamega County that HELB funding is available for motor vehicle mechanics training.,
EDU_00813,Education,IEBC invites youth in Nairobi County to enroll for electrical installation training this April.,
EDU_00814,Education,Notice: KMTC opens a new catering and hospitality programme at the vocational centre in Isiolo County.,
EDU_00815,Education,Notice: KUCCPS opens a new welding and fabrication programme at the vocational centre in Kisii County.,
EDU_00816,Education,KUCCPS advises applicants in Homa Bay County to apply for TVET placement through KUCCPS for the upcoming intake.,
EDU_00817,Education,Notice: Universities Fund opens a new motor vehicle mechanics programme at the vocational centre in Bomet County.,
EDU_00818,Education,KICD reminds youth in Kirinyaga County that HELB funding is available for catering and hospitality training.,
EDU_00819,Education,Notice: IEBC opens a new welding and fabrication programme at the vocational centre in Tana River County.,
EDU_00820,Education,Notice: Kenya Institute of Curriculum Development opens a new catering and hospitality programme at the vocational centre in Trans Nzoia County.,
EDU_00821,Education,TVET advises applicants in West Pokot County to apply for TVET placement through KUCCPS for the upcoming intake.,
EDU_00822,Education,TSC invites youth in Kiambu County to enroll for catering and hospitality training this March.,
EDU_00823,Education,Notice: Universities Fund opens a new tailoring and design programme at the vocational centre in Migori County.,
EDU_00824,Education,Kenya Institute of Curriculum Development reminds youth in Nyamira County that HELB funding is available for ICT skills training.,
EDU_00825,Education,State Department for TVET advises applicants in Kilifi County to apply for TVET placement through KUCCPS for the upcoming intake.,
EDU_00826,Education,KNEC reminds youth in Kericho County that HELB funding is available for electrical installation training.,
EDU_00827,Education,Ministry of Education advises applicants in Makueni County to register before the intake closes for the upcoming intake.,
EDU_00828,Education,IEBC invites youth in Vihiga County to enroll for electrical installation training this August.,
EDU_00829,Education,TSC reminds youth in Kirinyaga County that HELB funding is available for tailoring and design training.,
EDU_00830,Education,State Department for Basic Education advises applicants in Kisii County to register before the intake closes for the upcoming intake.,
EDU_00831,Education,Notice: KICD opens a new ICT skills programme at the vocational centre in Nairobi County.,
EDU_00832,Education,Ministry of Education advises applicants in Murang'a County to visit the nearest vocational training centre for the upcoming intake.,
EDU_00833,Education,Kenya Institute of Curriculum Development reminds youth in Murang'a County that HELB funding is available for motor vehicle mechanics training.,
EDU_00834,Education,TSC invites youth in Migori County to enroll for motor vehicle mechanics training this April.,
EDU_00835,Education,State Department for TVET reminds youth in Marsabit County that HELB funding is available for catering and hospitality training.,
EDU_00836,Education,Notice: Teachers Service Commission opens a new electrical installation programme at the vocational centre in Migori County.,
EDU_00837,Education,Ministry of Education reminds youth in Bomet County that HELB funding is available for catering and hospitality training.,
EDU_00838,Education,KUCCPS advises applicants in Wajir County to apply for TVET placement through KUCCPS for the upcoming intake.,
EDU_00839,Education,IEBC reminds youth in Kajiado County that HELB funding is available for motor vehicle mechanics training.,
EDU_00840,Education,Ministry of Education invites youth in Narok County to enroll for catering and hospitality training this April.,
EDU_00841,Education,State Department for TVET reminds youth in Migori County that HELB funding is available for electrical installation training.,
EDU_00842,Education,KICD advises applicants in Narok County to register before the intake closes for the upcoming intake.,
EDU_00843,Education,Ministry of Education advises applicants in Migori County to visit the nearest vocational training centre for the upcoming intake.,
EDU_00844,Education,TSC reminds youth in Wajir County that HELB funding is available for tailoring and design training.,
EDU_00845,Education,TVET reminds youth in Bungoma County that HELB funding is available for motor vehicle mechanics training.,
EDU_00846,Education,KICD invites youth in Kiambu County to enroll for motor vehicle mechanics training this December.,
EDU_00847,Education,Teachers Service Commission invites youth in Kitui County to enroll for ICT skills training this April.,
EDU_00848,Education,IEBC reminds youth in Kericho County that HELB funding is available for welding and fabrication training.,
EDU_00849,Education,Notice: KMTC opens a new catering and hospitality programme at the vocational centre in Marsabit County.,
EDU_00850,Education,Universities Fund reminds youth in Kisumu County that HELB funding is available for ICT skills training.,
EDU_00851,Education,Notice: Teachers Service Commission opens a new motor vehicle mechanics programme at the vocational centre in Machakos County.,
EDU_00852,Education,IEBC reminds youth in Machakos County that HELB funding is available for welding and fabrication training.,
EDU_00853,Education,KICD invites youth in Mombasa County to enroll for tailoring and design training this August.,
EDU_00854,Education,TVET reminds youth in Nyeri County that HELB funding is available for ICT skills training.,
EDU_00855,Education,Notice: Teachers Service Commission opens a new motor vehicle mechanics programme at the vocational centre in Nyandarua County.,
EDU_00856,Education,Notice: KMTC opens a new electrical installation programme at the vocational centre in Kirinyaga County.,
EDU_00857,Education,Kenya Institute of Curriculum Development invites youth in Trans Nzoia County to enroll for tailoring and design training this October.,
EDU_00858,Education,KUCCPS reminds youth in Samburu County that HELB funding is available for catering and hospitality training.,
EDU_00859,Education,Notice: KICD opens a new motor vehicle mechanics programme at the vocational centre in Kitui County.,
EDU_00860,Education,Notice: TVET opens a new motor vehicle mechanics programme at the vocational centre in Garissa County.,
EDU_00861,Education,Teachers Service Commission invites youth in Nairobi County to enroll for tailoring and design training this May.,
EDU_00862,Education,Notice: TVET opens a new tailoring and design programme at the vocational centre in Kisumu County.,
EDU_00863,Education,Notice: KICD opens a new ICT skills programme at the vocational centre in Siaya County.,
EDU_00864,Education,Kenya Institute of Curriculum Development invites youth in Bungoma County to enroll for ICT skills training this December.,
EDU_00865,Education,State Department for Basic Education reminds youth in Narok County that HELB funding is available for motor vehicle mechanics training.,
EDU_00866,Education,KICD advises applicants in Nakuru County to visit the nearest vocational training centre for the upcoming intake.,
EDU_00867,Education,State Department for TVET invites youth in Laikipia County to enroll for catering and hospitality training this September.,
EDU_00868,Education,KNEC advises applicants in Migori County to visit the nearest vocational training centre for the upcoming intake.,
EDU_00869,Education,Ministry of Education advises applicants in Nandi County to register before the intake closes for the upcoming intake.,
EDU_00870,Education,Teachers Service Commission invites youth in Migori County to enroll for motor vehicle mechanics training this August.,
EDU_00871,Education,TSC reminds youth in Migori County that HELB funding is available for tailoring and design training.,
EDU_00872,Education,Notice: KICD opens a new welding and fabrication programme at the vocational centre in Kwale County.,
EDU_00873,Education,Kenya Institute of Curriculum Development invites youth in Narok County to enroll for tailoring and design training this September.,
EDU_00874,Education,TVET reminds youth in Isiolo County that HELB funding is available for tailoring and design training.,
EDU_00875,Education,IEBC advises applicants in Nyamira County to visit the nearest vocational training centre for the upcoming intake.,
EDU_00876,Education,Notice: Ministry of Education opens a new motor vehicle mechanics programme at the vocational centre in Machakos County.,
EDU_00877,Education,Notice: KUCCPS opens a new welding and fabrication programme at the vocational centre in Bomet County.,
EDU_00878,Education,IEBC invites youth in Meru County to enroll for electrical installation training this April.,
EDU_00879,Education,KMTC advises applicants in Migori County to visit the nearest vocational training centre for the upcoming intake.,
EDU_00880,Education,KUCCPS advises applicants in Baringo County to visit the nearest vocational training centre for the upcoming intake.,
EDU_00881,Education,Notice: Teachers Service Commission opens a new ICT skills programme at the vocational centre in Wajir County.,
EDU_00882,Education,KUCCPS reminds youth in Makueni County that HELB funding is available for welding and fabrication training.,
EDU_00883,Education,HELB invites youth in Mandera County to enroll for tailoring and design training this March.,
EDU_00884,Education,Notice: Kenya Institute of Curriculum Development opens a new catering and hospitality programme at the vocational centre in Nakuru County.,
EDU_00885,Education,Teachers Service Commission reminds youth in Busia County that HELB funding is available for electrical installation training.,
EDU_00886,Education,IEBC advises applicants in Turkana County to visit the nearest vocational training centre for the upcoming intake.,
EDU_00887,Education,Notice: IEBC opens a new tailoring and design programme at the vocational centre in Nandi County.,
EDU_00888,Education,Ministry of Education invites youth in Uasin Gishu County to enroll for motor vehicle mechanics training this February.,
EDU_00889,Education,Notice: TSC opens a new catering and hospitality programme at the vocational centre in Tharaka-Nithi County.,
EDU_00890,Education,Notice: Teachers Service Commission opens a new catering and hospitality programme at the vocational centre in West Pokot County.,
EDU_00891,Education,Teachers Service Commission reminds youth in Trans Nzoia County that HELB funding is available for tailoring and design training.,
EDU_00892,Education,Universities Fund invites youth in Kakamega County to enroll for welding and fabrication training this April.,
EDU_00893,Education,KICD invites youth in Marsabit County to enroll for welding and fabrication training this August.,
EDU_00894,Education,KMTC invites youth in Uasin Gishu County to enroll for electrical installation training this June.,
EDU_00895,Education,IEBC reminds youth in Trans Nzoia County that HELB funding is available for tailoring and design training.,
EDU_00896,Education,KMTC advises applicants in Marsabit County to register before the intake closes for the upcoming intake.,
EDU_00897,Education,KICD advises applicants in Nyamira County to apply for TVET placement through KUCCPS for the upcoming intake.,
EDU_00898,Education,Notice: State Department for TVET opens a new motor vehicle mechanics programme at the vocational centre in Nyeri County.,
EDU_00899,Education,Notice: HELB opens a new catering and hospitality programme at the vocational centre in Homa Bay County.,
EDU_00900,Education,Notice: State Department for Basic Education opens a new ICT skills programme at the vocational centre in Murang'a County.,
EDU_00901,Education,Notice: Ministry of Education opens a new tailoring and design programme at the vocational centre in Mandera County.,
EDU_00902,Education,Notice: State Department for TVET opens a new motor vehicle mechanics programme at the vocational centre in Mombasa County.,
EDU_00903,Education,Teachers Service Commission reminds youth in Kericho County that HELB funding is available for welding and fabrication training.,
EDU_00904,Education,Notice: Teachers Service Commission opens a new welding and fabrication programme at the vocational centre in Embu County.,
EDU_00905,Education,Kenya Institute of Curriculum Development advises applicants in Uasin Gishu County to register before the intake closes for the upcoming intake.,
EDU_00906,Education,KNEC invites youth in Migori County to enroll for electrical installation training this July.,
EDU_00907,Education,Universities Fund invites youth in Meru County to enroll for welding and fabrication training this December.,
EDU_00908,Education,State Department for TVET advises applicants in Kakamega County to register before the intake closes for the upcoming intake.,
EDU_00909,Education,State Department for TVET advises applicants in Kakamega County to apply for TVET placement through KUCCPS for the upcoming intake.,
EDU_00910,Education,KUCCPS advises applicants in Tana River County to visit the nearest vocational training centre for the upcoming intake.,
EDU_00911,Education,Notice: State Department for Basic Education opens a new motor vehicle mechanics programme at the vocational centre in Migori County.,
EDU_00912,Education,Kenya Institute of Curriculum Development invites youth in Bungoma County to enroll for motor vehicle mechanics training this January.,
EDU_00913,Education,Ministry of Education reminds youth in Nairobi County that HELB funding is available for catering and hospitality training.,
EDU_00914,Education,KUCCPS invites youth in Kilifi County to enroll for tailoring and design training this January.,
EDU_00915,Education,KNEC advises applicants in Kirinyaga County to apply for TVET placement through KUCCPS for the upcoming intake.,
EDU_00916,Education,State Department for TVET reminds youth in Bungoma County that HELB funding is available for tailoring and design training.,
EDU_00917,Education,State Department for TVET invites youth in Meru County to enroll for electrical installation training this December.,
EDU_00918,Education,KICD advises applicants in Machakos County to apply for TVET placement through KUCCPS for the upcoming intake.,
EDU_00919,Education,IEBC invites youth in Bungoma County to enroll for ICT skills training this March.,
EDU_00920,Education,Teachers Service Commission reminds youth in Kisumu County that HELB funding is available for tailoring and design training.,
EDU_00921,Education,Ministry of Education invites youth in Kiambu County to enroll for electrical installation training this April.,
EDU_00922,Education,TSC reminds youth in Isiolo County that HELB funding is available for motor vehicle mechanics training.,
EDU_00923,Education,KMTC invites youth in Tana River County to enroll for tailoring and design training this September.,
EDU_00924,Education,Universities Fund advises applicants in Kitui County to visit the nearest vocational training centre for the upcoming intake.,
EDU_00925,Education,IEBC reminds youth in Nyandarua County that HELB funding is available for motor vehicle mechanics training.,
EDU_00926,Education,State Department for Basic Education invites youth in Nyeri County to enroll for ICT skills training this October.,
EDU_00927,Education,Notice: Kenya Institute of Curriculum Development opens a new motor vehicle mechanics programme at the vocational centre in Kericho County.,
EDU_00928,Education,Universities Fund advises applicants in Marsabit County to visit the nearest vocational training centre for the upcoming intake.,
EDU_00929,Education,KUCCPS advises applicants in Isiolo County to register before the intake closes for the upcoming intake.,
EDU_00930,Education,TSC invites youth in Isiolo County to enroll for ICT skills training this July.,
EDU_00931,Education,KNEC invites youth in Makueni County to enroll for welding and fabrication training this July.,
EDU_00932,Education,State Department for Basic Education reminds youth in Narok County that HELB funding is available for catering and hospitality training.,
EDU_00933,Education,IEBC advises applicants in Nyandarua County to visit the nearest vocational training centre for the upcoming intake.,
EDU_00934,Education,KMTC invites youth in Kakamega County to enroll for welding and fabrication training this July.,
EDU_00935,Education,KICD invites youth in Elgeyo-Marakwet County to enroll for motor vehicle mechanics training this May.,
EDU_00936,Education,IEBC advises applicants in Siaya County to visit the nearest vocational training centre for the upcoming intake.,
EDU_00937,Education,State Department for Basic Education advises applicants in Baringo County to visit the nearest vocational training centre for the upcoming intake.,
EDU_00938,Education,IEBC reminds youth in Makueni County that HELB funding is available for motor vehicle mechanics training.,
EDU_00939,Education,Notice: Ministry of Education opens a new welding and fabrication programme at the vocational centre in Nandi County.,
EDU_00940,Education,Notice: State Department for TVET opens a new motor vehicle mechanics programme at the vocational centre in Murang'a County.,
EDU_00941,Education,Teachers Service Commission reminds youth in Tana River County that HELB funding is available for electrical installation training.,
EDU_00942,Education,TVET advises applicants in Narok County to register before the intake closes for the upcoming intake.,
EDU_00943,Education,KUCCPS reminds youth in Kericho County that HELB funding is available for tailoring and design training.,
EDU_00944,Education,Universities Fund reminds youth in Tana River County that HELB funding is available for tailoring and design training.,
EDU_00945,Education,State Department for TVET advises applicants in Migori County to apply for TVET placement through KUCCPS for the upcoming intake.,
EDU_00946,Education,KNEC reminds youth in Wajir County that HELB funding is available for electrical installation training.,
EDU_00947,Education,State Department for Basic Education invites youth in Tharaka-Nithi County to enroll for electrical installation training this August.,
EDU_00948,Education,Ministry of Education reminds youth in Kiambu County that HELB funding is available for welding and fabrication training.,
EDU_00949,Education,Universities Fund reminds youth in Narok County that HELB funding is available for tailoring and design training.,
EDU_00950,Education,IEBC invites youth in Kisumu County to enroll for motor vehicle mechanics training this July.,
EDU_00951,Education,Notice: Kenya Institute of Curriculum Development opens a new welding and fabrication programme at the vocational centre in Kakamega County.,
EDU_00952,Education,KUCCPS invites youth in Baringo County to enroll for ICT skills training this October.,
EDU_00953,Education,TSC advises applicants in Meru County to apply for TVET placement through KUCCPS for the upcoming intake.,
EDU_00954,Education,Notice: HELB opens a new welding and fabrication programme at the vocational centre in West Pokot County.,
EDU_00955,Education,Notice: TSC opens a new electrical installation programme at the vocational centre in Trans Nzoia County.,
EDU_00956,Education,TVET invites youth in Bomet County to enroll for catering and hospitality training this November.,
EDU_00957,Education,Universities Fund invites youth in Nandi County to enroll for welding and fabrication training this January.,
EDU_00958,Education,Kenya Institute of Curriculum Development invites youth in Mombasa County to enroll for ICT skills training this December.,
EDU_00959,Education,Kenya Institute of Curriculum Development reminds youth in Garissa County that HELB funding is available for tailoring and design training.,
EDU_00960,Education,Kenya Institute of Curriculum Development invites youth in Baringo County to enroll for electrical installation training this November.,
EDU_00961,Education,Kenya Institute of Curriculum Development invites youth in Nyeri County to enroll for catering and hospitality training this January.,
EDU_00962,Education,HELB advises applicants in Elgeyo-Marakwet County to register before the intake closes for the upcoming intake.,
EDU_00963,Education,Notice: IEBC opens a new motor vehicle mechanics programme at the vocational centre in Nandi County.,
EDU_00964,Education,IEBC reminds youth in Marsabit County that HELB funding is available for catering and hospitality training.,
EDU_00965,Education,TSC reminds youth in Homa Bay County that HELB funding is available for catering and hospitality training.,
EDU_00966,Education,TSC invites youth in Kilifi County to enroll for electrical installation training this October.,
EDU_00967,Education,KICD invites youth in Laikipia County to enroll for electrical installation training this January.,
EDU_00968,Education,Universities Fund reminds youth in West Pokot County that HELB funding is available for welding and fabrication training.,
EDU_00969,Education,Ministry of Education advises applicants in West Pokot County to apply for TVET placement through KUCCPS for the upcoming intake.,
EDU_00970,Education,Notice: KICD opens a new motor vehicle mechanics programme at the vocational centre in Nyeri County.,
EDU_00971,Education,KICD advises applicants in Siaya County to register before the intake closes for the upcoming intake.,
EDU_00972,Education,Ministry of Education advises applicants in Taita-Taveta County to register before the intake closes for the upcoming intake.,
EDU_00973,Education,TVET advises applicants in Laikipia County to register before the intake closes for the upcoming intake.,
EDU_00974,Education,KNEC reminds youth in Kisumu County that HELB funding is available for welding and fabrication training.,
EDU_00975,Education,Notice: TVET opens a new catering and hospitality programme at the vocational centre in Nandi County.,
EDU_00976,Education,Notice: KMTC opens a new tailoring and design programme at the vocational centre in Isiolo County.,
EDU_00977,Education,KICD reminds youth in Migori County that HELB funding is available for ICT skills training.,
EDU_00978,Education,Notice: KICD opens a new electrical installation programme at the vocational centre in Kisumu County.,
EDU_00979,Education,Notice: Teachers Service Commission opens a new motor vehicle mechanics programme at the vocational centre in Nairobi County.,
EDU_00980,Education,Notice: Ministry of Education opens a new electrical installation programme at the vocational centre in Migori County.,
EDU_00981,Education,HELB advises applicants in Baringo County to apply for TVET placement through KUCCPS for the upcoming intake.,
EDU_00982,Education,Teachers Service Commission reminds youth in Elgeyo-Marakwet County that HELB funding is available for welding and fabrication training.,
EDU_00983,Education,State Department for TVET reminds youth in Kericho County that HELB funding is available for welding and fabrication training.,
EDU_00984,Education,Teachers Service Commission reminds youth in Mombasa County that HELB funding is available for catering and hospitality training.,
EDU_00985,Education,Notice: Kenya Institute of Curriculum Development opens a new catering and hospitality programme at the vocational centre in Taita-Taveta County.,
EDU_00986,Education,Teachers Service Commission invites youth in West Pokot County to enroll for catering and hospitality training this September.,
EDU_00987,Education,Universities Fund reminds youth in Narok County that HELB funding is available for catering and hospitality training.,
EDU_00988,Education,Notice: TVET opens a new ICT skills programme at the vocational centre in Busia County.,
EDU_00989,Education,HELB invites youth in Kiambu County to enroll for motor vehicle mechanics training this September.,
EDU_00990,Education,KNEC advises applicants in Kilifi County to visit the nearest vocational training centre for the upcoming intake.,
EDU_00991,Education,KNEC reminds youth in Makueni County that HELB funding is available for electrical installation training.,
EDU_00992,Education,HELB reminds youth in Meru County that HELB funding is available for catering and hospitality training.,
EDU_00993,Education,State Department for Basic Education advises applicants in Marsabit County to register before the intake closes for the upcoming intake.,
EDU_00994,Education,TSC invites youth in Wajir County to enroll for welding and fabrication training this February.,
EDU_00995,Education,IEBC invites youth in Kajiado County to enroll for welding and fabrication training this June.,
EDU_00996,Education,Universities Fund invites youth in Makueni County to enroll for welding and fabrication training this July.,
EDU_00997,Education,Universities Fund reminds youth in Busia County that HELB funding is available for welding and fabrication training.,
EDU_00998,Education,Notice: TVET opens a new electrical installation programme at the vocational centre in Kitui County.,
EDU_00999,Education,State Department for Basic Education advises applicants in Kakamega County to apply for TVET placement through KUCCPS for the upcoming intake.,
EDU_01000,Education,Ministry of Education advises applicants in Homa Bay County to register before the intake closes for the upcoming intake.,
EDU_01001,Education,KICD advises applicants in Nyandarua County to register before the intake closes for the upcoming intake.,
EDU_01002,Education,Teachers Service Commission invites youth in Kilifi County to enroll for tailoring and design training this March.,
EDU_01003,Education,KNEC reminds youth in Marsabit County that HELB funding is available for ICT skills training.,
EDU_01004,Education,KICD reminds youth in Mandera County that HELB funding is available for catering and hospitality training.,
EDU_01005,Education,Notice: KNEC opens a new ICT skills programme at the vocational centre in Kericho County.,
EDU_01006,Education,Teachers Service Commission reminds youth in Bomet County that HELB funding is available for welding and fabrication training.,
EDU_01007,Education,TSC advises applicants in Nyeri County to register before the intake closes for the upcoming intake.,
EDU_01008,Education,Notice: TVET opens a new catering and hospitality programme at the vocational centre in Nairobi County.,
EDU_01009,Education,KNEC reminds youth in Samburu County that HELB funding is available for catering and hospitality training.,
EDU_01010,Education,TVET advises applicants in Machakos County to apply for TVET placement through KUCCPS for the upcoming intake.,
EDU_01011,Education,IEBC reminds youth in Bomet County that HELB funding is available for welding and fabrication training.,
EDU_01012,Education,Teachers Service Commission reminds youth in Meru County that HELB funding is available for catering and hospitality training.,
EDU_01013,Education,TSC reminds youth in Baringo County that HELB funding is available for motor vehicle mechanics training.,
EDU_01014,Education,Notice: Universities Fund opens a new catering and hospitality programme at the vocational centre in Tana River County.,
EDU_01015,Education,TVET advises applicants in Meru County to visit the nearest vocational training centre for the upcoming intake.,
EDU_01016,Education,TVET reminds youth in Narok County that HELB funding is available for welding and fabrication training.,
EDU_01017,Education,TVET reminds youth in Kericho County that HELB funding is available for motor vehicle mechanics training.,
EDU_01018,Education,State Department for Basic Education reminds youth in Nyeri County that HELB funding is available for catering and hospitality training.,
EDU_01019,Education,Notice: Kenya Institute of Curriculum Development opens a new tailoring and design programme at the vocational centre in Nyeri County.,
EDU_01020,Education,Notice: Ministry of Education opens a new tailoring and design programme at the vocational centre in Wajir County.,
EDU_01021,Education,State Department for TVET advises applicants in Mombasa County to visit the nearest vocational training centre for the upcoming intake.,
EDU_01022,Education,KUCCPS reminds youth in Kisii County that HELB funding is available for catering and hospitality training.,
EDU_01023,Education,IEBC invites youth in Vihiga County to enroll for catering and hospitality training this April.,
EDU_01024,Education,HELB reminds youth in Kajiado County that HELB funding is available for electrical installation training.,
EDU_01025,Education,KUCCPS invites youth in Nyandarua County to enroll for catering and hospitality training this September.,
EDU_01026,Education,Notice: Kenya Institute of Curriculum Development opens a new motor vehicle mechanics programme at the vocational centre in Bungoma County.,
EDU_01027,Education,Notice: State Department for TVET opens a new catering and hospitality programme at the vocational centre in Wajir County.,
EDU_01028,Education,Universities Fund reminds youth in Trans Nzoia County that HELB funding is available for welding and fabrication training.,
EDU_01029,Education,IEBC advises applicants in Machakos County to visit the nearest vocational training centre for the upcoming intake.,
EDU_01030,Education,KICD invites youth in Uasin Gishu County to enroll for ICT skills training this June.,
EDU_01031,Education,Notice: Universities Fund opens a new tailoring and design programme at the vocational centre in Kwale County.,
EDU_01032,Education,State Department for TVET invites youth in Kilifi County to enroll for welding and fabrication training this March.,
EDU_01033,Education,Kenya Institute of Curriculum Development advises applicants in Siaya County to apply for TVET placement through KUCCPS for the upcoming intake.,
EDU_01034,Education,Ministry of Education advises applicants in Embu County to register before the intake closes for the upcoming intake.,
EDU_01035,Education,Teachers Service Commission advises applicants in Kisumu County to visit the nearest vocational training centre for the upcoming intake.,
EDU_01036,Education,Universities Fund invites youth in Uasin Gishu County to enroll for welding and fabrication training this November.,
EDU_01037,Education,KNEC advises applicants in Kirinyaga County to visit the nearest vocational training centre for the upcoming intake.,
EDU_01038,Education,HELB reminds youth in Lamu County that HELB funding is available for tailoring and design training.,
EDU_01039,Education,HELB invites youth in Kericho County to enroll for electrical installation training this December.,
EDU_01040,Education,Universities Fund reminds youth in Meru County that HELB funding is available for motor vehicle mechanics training.,
EDU_01041,Education,State Department for TVET invites youth in Uasin Gishu County to enroll for catering and hospitality training this February.,
EDU_01042,Education,Notice: State Department for Basic Education opens a new catering and hospitality programme at the vocational centre in Busia County.,
EDU_01043,Education,State Department for TVET reminds youth in Kitui County that HELB funding is available for motor vehicle mechanics training.,
EDU_01044,Education,Notice: IEBC opens a new ICT skills programme at the vocational centre in Nyeri County.,
EDU_01045,Education,KUCCPS invites youth in Siaya County to enroll for welding and fabrication training this September.,
EDU_01046,Education,State Department for TVET reminds youth in Vihiga County that HELB funding is available for catering and hospitality training.,
EDU_01047,Education,Notice: State Department for TVET opens a new ICT skills programme at the vocational centre in Vihiga County.,
EDU_01048,Education,Notice: KUCCPS opens a new tailoring and design programme at the vocational centre in Kericho County.,
EDU_01049,Education,Notice: Kenya Institute of Curriculum Development opens a new tailoring and design programme at the vocational centre in Kilifi County.,
EDU_01050,Education,HELB invites youth in Taita-Taveta County to enroll for tailoring and design training this November.,
EDU_01051,Education,KMTC advises applicants in Busia County to register before the intake closes for the upcoming intake.,
EDU_01052,Education,TSC reminds youth in Nairobi County that HELB funding is available for tailoring and design training.,
EDU_01053,Education,Ministry of Education advises applicants in Embu County to visit the nearest vocational training centre for the upcoming intake.,
EDU_01054,Education,KNEC reminds youth in Mandera County that HELB funding is available for welding and fabrication training.,
EDU_01055,Education,Universities Fund reminds youth in Samburu County that HELB funding is available for motor vehicle mechanics training.,
EDU_01056,Education,IEBC reminds youth in Samburu County that HELB funding is available for welding and fabrication training.,
EDU_01057,Education,KUCCPS advises applicants in Mombasa County to visit the nearest vocational training centre for the upcoming intake.,
EDU_01058,Education,Universities Fund reminds youth in Kitui County that HELB funding is available for motor vehicle mechanics training.,
EDU_01059,Education,IEBC invites youth in Mombasa County to enroll for tailoring and design training this July.,
EDU_01060,Education,KMTC advises applicants in Kitui County to register before the intake closes for the upcoming intake.,
EDU_01061,Education,Notice: KMTC opens a new catering and hospitality programme at the vocational centre in Siaya County.,
EDU_01062,Education,HELB reminds youth in Kiambu County that HELB funding is available for tailoring and design training.,
EDU_01063,Education,KICD advises applicants in Mandera County to visit the nearest vocational training centre for the upcoming intake.,
EDU_01064,Education,Ministry of Education invites youth in Makueni County to enroll for tailoring and design training this June.,
EDU_01065,Education,Notice: Universities Fund opens a new ICT skills programme at the vocational centre in Turkana County.,
EDU_01066,Education,HELB reminds youth in Tana River County that HELB funding is available for motor vehicle mechanics training.,
EDU_01067,Education,IEBC advises applicants in Siaya County to apply for TVET placement through KUCCPS for the upcoming intake.,
EDU_01068,Education,Universities Fund advises applicants in Turkana County to apply for TVET placement through KUCCPS for the upcoming intake.,
EDU_01069,Education,Notice: IEBC opens a new electrical installation programme at the vocational centre in Isiolo County.,
EDU_01070,Education,State Department for Basic Education advises applicants in Kiambu County to visit the nearest vocational training centre for the upcoming intake.,
EDU_01071,Education,Universities Fund reminds youth in Bungoma County that HELB funding is available for welding and fabrication training.,
EDU_01072,Education,TVET advises applicants in Nandi County to register before the intake closes for the upcoming intake.,
EDU_01073,Education,KNEC invites youth in Garissa County to enroll for motor vehicle mechanics training this February.,
EDU_01074,Education,Universities Fund reminds youth in Kericho County that HELB funding is available for catering and hospitality training.,
EDU_01075,Education,KICD reminds youth in Nyeri County that HELB funding is available for welding and fabrication training.,
EDU_01076,Education,HELB reminds youth in Kajiado County that HELB funding is available for catering and hospitality training.,
EDU_01077,Education,TVET reminds youth in Mombasa County that HELB funding is available for catering and hospitality training.,
EDU_01078,Education,Notice: IEBC opens a new motor vehicle mechanics programme at the vocational centre in Homa Bay County.,
EDU_01079,Education,HELB advises applicants in Meru County to apply for TVET placement through KUCCPS for the upcoming intake.,
EDU_01080,Education,IEBC invites youth in Isiolo County to enroll for ICT skills training this May.,
EDU_01081,Education,Notice: State Department for Basic Education opens a new welding and fabrication programme at the vocational centre in Kericho County.,
EDU_01082,Education,Ministry of Education reminds youth in Mombasa County that HELB funding is available for motor vehicle mechanics training.,
EDU_01083,Education,HELB advises applicants in Migori County to visit the nearest vocational training centre for the upcoming intake.,
EDU_01084,Education,Notice: TVET opens a new catering and hospitality programme at the vocational centre in Vihiga County.,
EDU_01085,Education,State Department for TVET advises applicants in Nyandarua County to visit the nearest vocational training centre for the upcoming intake.,
EDU_01086,Education,Ministry of Education reminds youth in Siaya County that HELB funding is available for ICT skills training.,
EDU_01087,Education,Notice: HELB opens a new tailoring and design programme at the vocational centre in Tana River County.,
EDU_01088,Education,HELB invites youth in Machakos County to enroll for ICT skills training this October.,
EDU_01089,Education,IEBC invites youth in Wajir County to enroll for welding and fabrication training this April.,
EDU_01090,Education,TSC reminds youth in Samburu County that HELB funding is available for ICT skills training.,
EDU_01091,Education,HELB advises applicants in Turkana County to register before the intake closes for the upcoming intake.,
EDU_01092,Education,State Department for Basic Education invites youth in Bomet County to enroll for electrical installation training this February.,
EDU_01093,Education,TSC invites youth in West Pokot County to enroll for tailoring and design training this April.,
EDU_01094,Education,KNEC reminds youth in Tharaka-Nithi County that HELB funding is available for motor vehicle mechanics training.,
EDU_01095,Education,Ministry of Education reminds youth in Mandera County that HELB funding is available for welding and fabrication training.,
EDU_01096,Education,Kenya Institute of Curriculum Development reminds youth in Isiolo County that HELB funding is available for motor vehicle mechanics training.,
EDU_01097,Education,State Department for Basic Education invites youth in Samburu County to enroll for ICT skills training this June.,
EDU_01098,Education,KICD reminds youth in Busia County that HELB funding is available for motor vehicle mechanics training.,
EDU_01099,Education,Notice: State Department for Basic Education opens a new ICT skills programme at the vocational centre in Nakuru County.,
EDU_01100,Education,Notice: TVET opens a new catering and hospitality programme at the vocational centre in Kakamega County.,
EDU_01101,Education,State Department for Basic Education invites youth in Murang'a County to enroll for tailoring and design training this November.,
EDU_01102,Education,KUCCPS reminds youth in Kakamega County that HELB funding is available for welding and fabrication training.,
EDU_01103,Education,Kenya Institute of Curriculum Development invites youth in Wajir County to enroll for ICT skills training this May.,
EDU_01104,Education,Notice: KMTC opens a new ICT skills programme at the vocational centre in Nyeri County.,
EDU_01105,Education,Notice: KUCCPS opens a new tailoring and design programme at the vocational centre in Homa Bay County.,
EDU_01106,Education,Kenya Institute of Curriculum Development invites youth in Homa Bay County to enroll for welding and fabrication training this September.,
EDU_01107,Education,Teachers Service Commission advises applicants in Lamu County to register before the intake closes for the upcoming intake.,
EDU_01108,Education,Notice: TSC opens a new welding and fabrication programme at the vocational centre in Lamu County.,
EDU_01109,Education,TSC advises applicants in Kirinyaga County to visit the nearest vocational training centre for the upcoming intake.,
EDU_01110,Education,Notice: IEBC opens a new tailoring and design programme at the vocational centre in Nyeri County.,
EDU_01111,Education,Teachers Service Commission invites youth in Embu County to enroll for welding and fabrication training this January.,
EDU_01112,Education,Kenya Institute of Curriculum Development advises applicants in Siaya County to register before the intake closes for the upcoming intake.,
EDU_01113,Education,Notice: Kenya Institute of Curriculum Development opens a new ICT skills programme at the vocational centre in Tharaka-Nithi County.,
EDU_01114,Education,KNEC advises applicants in Tana River County to register before the intake closes for the upcoming intake.,
EDU_01115,Education,Notice: KICD opens a new welding and fabrication programme at the vocational centre in Machakos County.,
EDU_01116,Education,Teachers Service Commission invites youth in Isiolo County to enroll for catering and hospitality training this December.,
EDU_01117,Education,Notice: Ministry of Education opens a new ICT skills programme at the vocational centre in Kisii County.,
EDU_01118,Education,Teachers Service Commission advises applicants in Elgeyo-Marakwet County to visit the nearest vocational training centre for the upcoming intake.,
EDU_01119,Education,TVET invites youth in Makueni County to enroll for tailoring and design training this February.,
EDU_01120,Education,KMTC invites youth in Bomet County to enroll for catering and hospitality training this January.,
EDU_01121,Education,State Department for Basic Education advises applicants in Laikipia County to visit the nearest vocational training centre for the upcoming intake.,
EDU_01122,Education,IEBC invites youth in Kwale County to enroll for motor vehicle mechanics training this May.,
EDU_01123,Education,Notice: TSC opens a new tailoring and design programme at the vocational centre in Mandera County.,
EDU_01124,Education,State Department for Basic Education advises applicants in Kirinyaga County to apply for TVET placement through KUCCPS for the upcoming intake.,
EDU_01125,Education,Universities Fund invites youth in Bungoma County to enroll for electrical installation training this February.,
EDU_01126,Education,Teachers Service Commission advises applicants in Kirinyaga County to register before the intake closes for the upcoming intake.,
EDU_01127,Education,KNEC advises applicants in Narok County to visit the nearest vocational training centre for the upcoming intake.,
EDU_01128,Education,TSC reminds youth in Tharaka-Nithi County that HELB funding is available for ICT skills training.,
EDU_01129,Education,IEBC reminds youth in Meru County that HELB funding is available for motor vehicle mechanics training.,
EDU_01130,Education,TSC reminds youth in Meru County that HELB funding is available for tailoring and design training.,
EDU_01131,Education,Notice: KMTC opens a new electrical installation programme at the vocational centre in Mandera County.,
EDU_01132,Education,Ministry of Education advises applicants in Isiolo County to apply for TVET placement through KUCCPS for the upcoming intake.,
EDU_01133,Education,Universities Fund advises applicants in Taita-Taveta County to apply for TVET placement through KUCCPS for the upcoming intake.,
EDU_01134,Education,KNEC invites youth in Vihiga County to enroll for ICT skills training this May.,
EDU_01135,Education,KUCCPS invites youth in Busia County to enroll for ICT skills training this September.,
EDU_01136,Education,Universities Fund invites youth in Kericho County to enroll for ICT skills training this November.,
EDU_01137,Education,TVET invites youth in Samburu County to enroll for motor vehicle mechanics training this November.,
EDU_01138,Education,Notice: Teachers Service Commission opens a new tailoring and design programme at the vocational centre in West Pokot County.,
EDU_01139,Education,KMTC invites youth in Kakamega County to enroll for welding and fabrication training this February.,
EDU_01140,Education,Universities Fund invites youth in Marsabit County to enroll for welding and fabrication training this February.,
EDU_01141,Education,HELB advises applicants in Murang'a County to register before the intake closes for the upcoming intake.,
EDU_01142,Education,TSC advises applicants in Nandi County to apply for TVET placement through KUCCPS for the upcoming intake.,
EDU_01143,Education,KMTC reminds youth in Siaya County that HELB funding is available for motor vehicle mechanics training.,
EDU_01144,Education,KNEC invites youth in Nyamira County to enroll for electrical installation training this December.,
EDU_01145,Education,TSC reminds youth in Mombasa County that HELB funding is available for tailoring and design training.,
EDU_01146,Education,TVET invites youth in Wajir County to enroll for motor vehicle mechanics training this September.,
EDU_01147,Education,Notice: Ministry of Education opens a new electrical installation programme at the vocational centre in Murang'a County.,
EDU_01148,Education,IEBC advises applicants in Embu County to apply for TVET placement through KUCCPS for the upcoming intake.,
EDU_01149,Education,KNEC advises applicants in Makueni County to visit the nearest vocational training centre for the upcoming intake.,
EDU_01150,Education,Ministry of Education reminds youth in Nakuru County that HELB funding is available for catering and hospitality training.,
EDU_01151,Education,Teachers Service Commission reminds youth in Trans Nzoia County that HELB funding is available for electrical installation training.,
EDU_01152,Education,Kenya Institute of Curriculum Development reminds youth in Turkana County that HELB funding is available for tailoring and design training.,
EDU_01153,Education,Notice: IEBC opens a new tailoring and design programme at the vocational centre in Kisumu County.,
EDU_01154,Education,TSC advises applicants in Samburu County to apply for TVET placement through KUCCPS for the upcoming intake.,
EDU_01155,Education,State Department for TVET invites youth in Kwale County to enroll for welding and fabrication training this April.,
EDU_01156,Education,KICD reminds youth in Narok County that HELB funding is available for electrical installation training.,
EDU_01157,Education,KICD invites youth in Homa Bay County to enroll for electrical installation training this December.,
EDU_01158,Education,Notice: Teachers Service Commission opens a new electrical installation programme at the vocational centre in Kisii County.,
EDU_01159,Education,Teachers Service Commission advises applicants in Kakamega County to visit the nearest vocational training centre for the upcoming intake.,
EDU_01160,Education,Ministry of Education advises applicants in Elgeyo-Marakwet County to visit the nearest vocational training centre for the upcoming intake.,
EDU_01161,Education,Ministry of Education invites youth in Turkana County to enroll for ICT skills training this October.,
EDU_01162,Education,Notice: State Department for TVET opens a new motor vehicle mechanics programme at the vocational centre in Bungoma County.,
EDU_01163,Education,KMTC advises applicants in Nyamira County to apply for TVET placement through KUCCPS for the upcoming intake.,
EDU_01164,Education,IEBC advises applicants in Baringo County to apply for TVET placement through KUCCPS for the upcoming intake.,
EDU_01165,Education,TSC reminds youth in Migori County that HELB funding is available for ICT skills training.,
EDU_01166,Education,Teachers Service Commission invites youth in Kwale County to enroll for motor vehicle mechanics training this October.,
EDU_01167,Education,KNEC invites youth in Kisumu County to enroll for ICT skills training this January.,
EDU_01168,Education,HELB reminds youth in Machakos County that HELB funding is available for tailoring and design training.,
EDU_01169,Education,Notice: HELB opens a new catering and hospitality programme at the vocational centre in Kwale County.,
EDU_01170,Education,KNEC reminds youth in Nyeri County that HELB funding is available for ICT skills training.,
EDU_01171,Education,TVET advises applicants in Kisumu County to apply for TVET placement through KUCCPS for the upcoming intake.,
EDU_01172,Education,State Department for Basic Education reminds youth in Bungoma County that HELB funding is available for electrical installation training.,
EDU_01173,Education,KUCCPS reminds youth in Marsabit County that HELB funding is available for catering and hospitality training.,
EDU_01174,Education,KICD advises applicants in West Pokot County to visit the nearest vocational training centre for the upcoming intake.,
EDU_01175,Education,Notice: State Department for Basic Education opens a new tailoring and design programme at the vocational centre in Murang'a County.,
EDU_01176,Education,TVET invites youth in Uasin Gishu County to enroll for tailoring and design training this January.,
EDU_01177,Education,Notice: Universities Fund opens a new motor vehicle mechanics programme at the vocational centre in Isiolo County.,
EDU_01178,Education,Universities Fund reminds youth in Bomet County that HELB funding is available for ICT skills training.,
EDU_01179,Education,HELB reminds youth in Trans Nzoia County that HELB funding is available for welding and fabrication training.,
EDU_01180,Education,KUCCPS advises applicants in Machakos County to apply for TVET placement through KUCCPS for the upcoming intake.,
EDU_01181,Education,KNEC invites youth in Kisii County to enroll for motor vehicle mechanics training this April.,
EDU_01182,Education,Notice: Kenya Institute of Curriculum Development opens a new catering and hospitality programme at the vocational centre in West Pokot County.,
EDU_01183,Education,State Department for TVET reminds youth in Nyandarua County that HELB funding is available for motor vehicle mechanics training.,
EDU_01184,Education,Kenya Institute of Curriculum Development advises applicants in Taita-Taveta County to apply for TVET placement through KUCCPS for the upcoming intake.,
EDU_01185,Education,HELB reminds youth in Garissa County that HELB funding is available for catering and hospitality training.,
EDU_01186,Education,Notice: KUCCPS opens a new motor vehicle mechanics programme at the vocational centre in Kakamega County.,
EDU_01187,Education,Ministry of Education reminds youth in Wajir County that HELB funding is available for catering and hospitality training.,
EDU_01188,Education,Notice: Ministry of Education opens a new electrical installation programme at the vocational centre in Narok County.,
EDU_01189,Education,Notice: KNEC opens a new motor vehicle mechanics programme at the vocational centre in Taita-Taveta County.,
EDU_01190,Education,Universities Fund advises applicants in Wajir County to visit the nearest vocational training centre for the upcoming intake.,
EDU_01191,Education,Universities Fund reminds youth in Samburu County that HELB funding is available for electrical installation training.,
EDU_01192,Education,Notice: State Department for TVET opens a new motor vehicle mechanics programme at the vocational centre in Kwale County.,
EDU_01193,Education,TSC invites youth in Kajiado County to enroll for tailoring and design training this October.,
EDU_01194,Education,IEBC reminds youth in Kwale County that HELB funding is available for catering and hospitality training.,
EDU_01195,Education,Notice: IEBC opens a new motor vehicle mechanics programme at the vocational centre in Siaya County.,
EDU_01196,Education,Notice: KNEC opens a new motor vehicle mechanics programme at the vocational centre in Meru County.,
EDU_01197,Education,State Department for TVET advises applicants in Narok County to apply for TVET placement through KUCCPS for the upcoming intake.,
EDU_01198,Education,Kenya Institute of Curriculum Development reminds youth in Taita-Taveta County that HELB funding is available for electrical installation training.,
EDU_01199,Education,KNEC advises applicants in Migori County to register before the intake closes for the upcoming intake.,
EDU_01200,Education,Notice: KNEC opens a new catering and hospitality programme at the vocational centre in Kiambu County.,
EDU_01201,Education,Teachers Service Commission urges youth in Elgeyo-Marakwet County to attend the civic education forum ahead of upcoming civic activities.,
EDU_01202,Education,Ministry of Education encourages residents of Taita-Taveta County to verify their voter registration details to stay informed on the role of the ombudsman.,
EDU_01203,Education,KUCCPS encourages residents of Nakuru County to participate in the county public forum to stay informed on constitutional rights.,
EDU_01204,Education,Teachers Service Commission urges youth in Vihiga County to verify their voter registration details ahead of upcoming civic activities.,
EDU_01205,Education,IEBC encourages residents of Garissa County to participate in the county public forum to stay informed on public participation in county budgets.,
EDU_01206,Education,State Department for TVET encourages residents of Kajiado County to verify their voter registration details to stay informed on the role of the ombudsman.,
EDU_01207,Education,TVET conducts a civic education forum on public participation in county budgets in Murang'a County this November.,
EDU_01208,Education,Teachers Service Commission conducts a civic education forum on devolution in Vihiga County this April.,
EDU_01209,Education,Teachers Service Commission conducts a civic education forum on the role of the ombudsman in Nyamira County this October.,
EDU_01210,Education,State Department for TVET conducts a civic education forum on voter registration in Migori County this June.,
EDU_01211,Education,TSC conducts a civic education forum on devolution in Tharaka-Nithi County this July.,
EDU_01212,Education,HELB conducts a civic education forum on devolution in Nyandarua County this September.,
EDU_01213,Education,Notice: HELB reminds citizens in Laikipia County about their rights regarding voter registration.,
EDU_01214,Education,IEBC conducts a civic education forum on public participation in county budgets in Uasin Gishu County this March.,
EDU_01215,Education,Notice: IEBC reminds citizens in Homa Bay County about their rights regarding devolution.,
EDU_01216,Education,KNEC conducts a civic education forum on devolution in Meru County this October.,
EDU_01217,Education,Notice: KNEC reminds citizens in Busia County about their rights regarding public participation in county budgets.,
EDU_01218,Education,TVET urges youth in Kiambu County to attend the civic education forum ahead of upcoming civic activities.,
EDU_01219,Education,IEBC conducts a civic education forum on devolution in Kisii County this August.,
EDU_01220,Education,KUCCPS urges youth in Laikipia County to attend the civic education forum ahead of upcoming civic activities.,
EDU_01221,Education,Ministry of Education conducts a civic education forum on voter registration in Wajir County this July.,
EDU_01222,Education,HELB urges youth in Nyandarua County to verify their voter registration details ahead of upcoming civic activities.,
EDU_01223,Education,Notice: IEBC reminds citizens in Murang'a County about their rights regarding constitutional rights.,
EDU_01224,Education,State Department for Basic Education encourages residents of Migori County to participate in the county public forum to stay informed on public participation in county budgets.,
EDU_01225,Education,Universities Fund encourages residents of Kitui County to verify their voter registration details to stay informed on public participation in county budgets.,
EDU_01226,Education,IEBC urges youth in Taita-Taveta County to participate in the county public forum ahead of upcoming civic activities.,
EDU_01227,Education,Ministry of Education conducts a civic education forum on voter registration in Taita-Taveta County this August.,
EDU_01228,Education,Universities Fund urges youth in Garissa County to participate in the county public forum ahead of upcoming civic activities.,
EDU_01229,Education,Notice: KICD reminds citizens in Kisumu County about their rights regarding public participation in county budgets.,
EDU_01230,Education,TSC urges youth in Machakos County to verify their voter registration details ahead of upcoming civic activities.,
EDU_01231,Education,Notice: Universities Fund reminds citizens in Nyeri County about their rights regarding devolution.,
EDU_01232,Education,KICD encourages residents of Nyamira County to verify their voter registration details to stay informed on constitutional rights.,
EDU_01233,Education,Notice: Teachers Service Commission reminds citizens in Marsabit County about their rights regarding constitutional rights.,
EDU_01234,Education,Kenya Institute of Curriculum Development encourages residents of Isiolo County to verify their voter registration details to stay informed on the role of the ombudsman.,
EDU_01235,Education,Notice: KMTC reminds citizens in Trans Nzoia County about their rights regarding public participation in county budgets.,
EDU_01236,Education,KICD conducts a civic education forum on constitutional rights in Embu County this January.,
EDU_01237,Education,State Department for Basic Education urges youth in Samburu County to participate in the county public forum ahead of upcoming civic activities.,
EDU_01238,Education,IEBC urges youth in Laikipia County to attend the civic education forum ahead of upcoming civic activities.,
EDU_01239,Education,Notice: Universities Fund reminds citizens in Bomet County about their rights regarding voter registration.,
EDU_01240,Education,Ministry of Education urges youth in Migori County to participate in the county public forum ahead of upcoming civic activities.,
EDU_01241,Education,Notice: TSC reminds citizens in Nairobi County about their rights regarding public participation in county budgets.,
EDU_01242,Education,TSC conducts a civic education forum on voter registration in Uasin Gishu County this February.,
EDU_01243,Education,Notice: State Department for TVET reminds citizens in Makueni County about their rights regarding public participation in county budgets.,
EDU_01244,Education,TSC conducts a civic education forum on constitutional rights in Vihiga County this September.,
EDU_01245,Education,Teachers Service Commission conducts a civic education forum on devolution in Kakamega County this August.,
EDU_01246,Education,Notice: KUCCPS reminds citizens in Nairobi County about their rights regarding public participation in county budgets.,
EDU_01247,Education,IEBC encourages residents of Homa Bay County to participate in the county public forum to stay informed on the role of the ombudsman.,
EDU_01248,Education,Notice: IEBC reminds citizens in Meru County about their rights regarding public participation in county budgets.,
EDU_01249,Education,KNEC urges youth in Bomet County to participate in the county public forum ahead of upcoming civic activities.,
EDU_01250,Education,Kenya Institute of Curriculum Development urges youth in Mombasa County to verify their voter registration details ahead of upcoming civic activities.,
EDU_01251,Education,KICD conducts a civic education forum on constitutional rights in Marsabit County this June.,
EDU_01252,Education,State Department for Basic Education encourages residents of Garissa County to participate in the county public forum to stay informed on voter registration.,
EDU_01253,Education,Universities Fund conducts a civic education forum on public participation in county budgets in Isiolo County this March.,
EDU_01254,Education,TVET urges youth in Vihiga County to participate in the county public forum ahead of upcoming civic activities.,
EDU_01255,Education,KICD urges youth in Trans Nzoia County to participate in the county public forum ahead of upcoming civic activities.,
EDU_01256,Education,KUCCPS conducts a civic education forum on devolution in Kericho County this July.,
EDU_01257,Education,Universities Fund encourages residents of Embu County to verify their voter registration details to stay informed on devolution.,
EDU_01258,Education,State Department for TVET conducts a civic education forum on the role of the ombudsman in Kirinyaga County this July.,
EDU_01259,Education,TSC encourages residents of Nyamira County to attend the civic education forum to stay informed on voter registration.,
EDU_01260,Education,Ministry of Education urges youth in Vihiga County to verify their voter registration details ahead of upcoming civic activities.,
EDU_01261,Education,Teachers Service Commission conducts a civic education forum on the role of the ombudsman in Machakos County this August.,
EDU_01262,Education,Universities Fund conducts a civic education forum on public participation in county budgets in Siaya County this September.,
EDU_01263,Education,Teachers Service Commission urges youth in Vihiga County to attend the civic education forum ahead of upcoming civic activities.,
EDU_01264,Education,Kenya Institute of Curriculum Development conducts a civic education forum on the role of the ombudsman in Nyamira County this January.,
EDU_01265,Education,KNEC encourages residents of Narok County to attend the civic education forum to stay informed on the role of the ombudsman.,
EDU_01266,Education,Kenya Institute of Curriculum Development urges youth in Nairobi County to participate in the county public forum ahead of upcoming civic activities.,
EDU_01267,Education,KMTC urges youth in Uasin Gishu County to attend the civic education forum ahead of upcoming civic activities.,
EDU_01268,Education,State Department for Basic Education urges youth in Tana River County to verify their voter registration details ahead of upcoming civic activities.,
EDU_01269,Education,Notice: Teachers Service Commission reminds citizens in Kiambu County about their rights regarding devolution.,
EDU_01270,Education,KUCCPS urges youth in Elgeyo-Marakwet County to verify their voter registration details ahead of upcoming civic activities.,
EDU_01271,Education,Notice: KICD reminds citizens in Nyandarua County about their rights regarding the role of the ombudsman.,
EDU_01272,Education,Universities Fund encourages residents of Garissa County to verify their voter registration details to stay informed on the role of the ombudsman.,
EDU_01273,Education,Kenya Institute of Curriculum Development urges youth in Kakamega County to attend the civic education forum ahead of upcoming civic activities.,
EDU_01274,Education,HELB conducts a civic education forum on constitutional rights in Kirinyaga County this June.,
EDU_01275,Education,Ministry of Education encourages residents of Meru County to verify their voter registration details to stay informed on constitutional rights.,
EDU_01276,Education,Ministry of Education encourages residents of Embu County to participate in the county public forum to stay informed on public participation in county budgets.,
EDU_01277,Education,Notice: State Department for Basic Education reminds citizens in Isiolo County about their rights regarding public participation in county budgets.,
EDU_01278,Education,HELB encourages residents of Mombasa County to verify their voter registration details to stay informed on voter registration.,
EDU_01279,Education,Notice: Teachers Service Commission reminds citizens in Kilifi County about their rights regarding public participation in county budgets.,
EDU_01280,Education,State Department for Basic Education encourages residents of Taita-Taveta County to verify their voter registration details to stay informed on the role of the ombudsman.,
EDU_01281,Education,KICD encourages residents of Marsabit County to verify their voter registration details to stay informed on public participation in county budgets.,
EDU_01282,Education,State Department for Basic Education urges youth in Wajir County to verify their voter registration details ahead of upcoming civic activities.,
EDU_01283,Education,Kenya Institute of Curriculum Development encourages residents of Siaya County to attend the civic education forum to stay informed on the role of the ombudsman.,
EDU_01284,Education,IEBC conducts a civic education forum on public participation in county budgets in Turkana County this April.,
EDU_01285,Education,TVET urges youth in Embu County to attend the civic education forum ahead of upcoming civic activities.,
EDU_01286,Education,State Department for TVET urges youth in Kitui County to verify their voter registration details ahead of upcoming civic activities.,
EDU_01287,Education,KUCCPS encourages residents of Kericho County to attend the civic education forum to stay informed on public participation in county budgets.,
EDU_01288,Education,Kenya Institute of Curriculum Development encourages residents of Mandera County to participate in the county public forum to stay informed on public participation in county budgets.,
EDU_01289,Education,KUCCPS encourages residents of Kiambu County to attend the civic education forum to stay informed on constitutional rights.,
EDU_01290,Education,HELB conducts a civic education forum on public participation in county budgets in Kitui County this December.,
EDU_01291,Education,Ministry of Education conducts a civic education forum on the role of the ombudsman in Kericho County this December.,
EDU_01292,Education,Notice: KUCCPS reminds citizens in Kisumu County about their rights regarding devolution.,
EDU_01293,Education,HELB conducts a civic education forum on devolution in Nandi County this January.,
EDU_01294,Education,HELB encourages residents of Kitui County to participate in the county public forum to stay informed on voter registration.,
EDU_01295,Education,Universities Fund encourages residents of Nyandarua County to participate in the county public forum to stay informed on public participation in county budgets.,
EDU_01296,Education,KUCCPS conducts a civic education forum on public participation in county budgets in West Pokot County this November.,
EDU_01297,Education,KNEC conducts a civic education forum on public participation in county budgets in Baringo County this April.,
EDU_01298,Education,TVET conducts a civic education forum on devolution in Kajiado County this December.,
EDU_01299,Education,Kenya Institute of Curriculum Development conducts a civic education forum on public participation in county budgets in Uasin Gishu County this October.,
EDU_01300,Education,KICD conducts a civic education forum on devolution in Siaya County this July.,
EDU_01301,Education,Notice: KMTC reminds citizens in Nyamira County about their rights regarding devolution.,
EDU_01302,Education,Notice: IEBC reminds citizens in Kisii County about their rights regarding voter registration.,
EDU_01303,Education,Notice: Kenya Institute of Curriculum Development reminds citizens in Homa Bay County about their rights regarding the role of the ombudsman.,
EDU_01304,Education,Kenya Institute of Curriculum Development encourages residents of Busia County to verify their voter registration details to stay informed on constitutional rights.,
EDU_01305,Education,Notice: Ministry of Education reminds citizens in Murang'a County about their rights regarding constitutional rights.,
EDU_01306,Education,HELB urges youth in Kisumu County to verify their voter registration details ahead of upcoming civic activities.,
EDU_01307,Education,Notice: TVET reminds citizens in Embu County about their rights regarding constitutional rights.,
EDU_01308,Education,KICD encourages residents of Kakamega County to participate in the county public forum to stay informed on constitutional rights.,
EDU_01309,Education,TVET urges youth in Bungoma County to participate in the county public forum ahead of upcoming civic activities.,
EDU_01310,Education,KICD encourages residents of Embu County to attend the civic education forum to stay informed on devolution.,
EDU_01311,Education,KUCCPS encourages residents of Garissa County to verify their voter registration details to stay informed on the role of the ombudsman.,
EDU_01312,Education,State Department for Basic Education urges youth in West Pokot County to participate in the county public forum ahead of upcoming civic activities.,
EDU_01313,Education,KUCCPS conducts a civic education forum on public participation in county budgets in Kiambu County this January.,
EDU_01314,Education,State Department for TVET urges youth in Kisumu County to verify their voter registration details ahead of upcoming civic activities.,
EDU_01315,Education,State Department for TVET conducts a civic education forum on constitutional rights in Kisumu County this August.,
EDU_01316,Education,Notice: Kenya Institute of Curriculum Development reminds citizens in Uasin Gishu County about their rights regarding voter registration.,
EDU_01317,Education,Notice: KMTC reminds citizens in Kakamega County about their rights regarding the role of the ombudsman.,
EDU_01318,Education,HELB urges youth in Marsabit County to participate in the county public forum ahead of upcoming civic activities.,
EDU_01319,Education,Notice: IEBC reminds citizens in Busia County about their rights regarding voter registration.,
EDU_01320,Education,Universities Fund encourages residents of Kiambu County to attend the civic education forum to stay informed on devolution.,
EDU_01321,Education,State Department for TVET urges youth in Isiolo County to attend the civic education forum ahead of upcoming civic activities.,
EDU_01322,Education,Notice: State Department for Basic Education reminds citizens in Kakamega County about their rights regarding constitutional rights.,
EDU_01323,Education,KNEC urges youth in Embu County to participate in the county public forum ahead of upcoming civic activities.,
EDU_01324,Education,HELB urges youth in Bungoma County to verify their voter registration details ahead of upcoming civic activities.,
EDU_01325,Education,Notice: TVET reminds citizens in Nyeri County about their rights regarding constitutional rights.,
EDU_01326,Education,Notice: State Department for Basic Education reminds citizens in Nyeri County about their rights regarding devolution.,
EDU_01327,Education,Teachers Service Commission urges youth in Homa Bay County to verify their voter registration details ahead of upcoming civic activities.,
EDU_01328,Education,TSC encourages residents of Laikipia County to verify their voter registration details to stay informed on the role of the ombudsman.,
EDU_01329,Education,Ministry of Education encourages residents of Tana River County to attend the civic education forum to stay informed on voter registration.,
EDU_01330,Education,IEBC encourages residents of Baringo County to participate in the county public forum to stay informed on public participation in county budgets.,
EDU_01331,Education,HELB urges youth in Migori County to attend the civic education forum ahead of upcoming civic activities.,
EDU_01332,Education,Notice: IEBC reminds citizens in Samburu County about their rights regarding public participation in county budgets.,
EDU_01333,Education,IEBC encourages residents of Nyamira County to participate in the county public forum to stay informed on constitutional rights.,
EDU_01334,Education,KNEC encourages residents of Narok County to participate in the county public forum to stay informed on devolution.,
EDU_01335,Education,TVET encourages residents of Lamu County to attend the civic education forum to stay informed on public participation in county budgets.,
EDU_01336,Education,TVET conducts a civic education forum on the role of the ombudsman in Wajir County this January.,
EDU_01337,Education,KNEC conducts a civic education forum on public participation in county budgets in Bomet County this September.,
EDU_01338,Education,IEBC urges youth in Nairobi County to participate in the county public forum ahead of upcoming civic activities.,
EDU_01339,Education,HELB urges youth in Marsabit County to verify their voter registration details ahead of upcoming civic activities.,
EDU_01340,Education,Notice: Teachers Service Commission reminds citizens in Nandi County about their rights regarding the role of the ombudsman.,
EDU_01341,Education,KICD encourages residents of Laikipia County to participate in the county public forum to stay informed on devolution.,
EDU_01342,Education,Notice: KICD reminds citizens in Nyandarua County about their rights regarding public participation in county budgets.,
EDU_01343,Education,Teachers Service Commission urges youth in Tana River County to participate in the county public forum ahead of upcoming civic activities.,
EDU_01344,Education,TVET conducts a civic education forum on voter registration in Tharaka-Nithi County this August.,
EDU_01345,Education,KNEC urges youth in Nyamira County to participate in the county public forum ahead of upcoming civic activities.,
EDU_01346,Education,Notice: KICD reminds citizens in Bomet County about their rights regarding voter registration.,
EDU_01347,Education,Notice: State Department for Basic Education reminds citizens in Nakuru County about their rights regarding devolution.,
EDU_01348,Education,State Department for TVET urges youth in Kakamega County to verify their voter registration details ahead of upcoming civic activities.,
EDU_01349,Education,Teachers Service Commission urges youth in Embu County to attend the civic education forum ahead of upcoming civic activities.,
EDU_01350,Education,Teachers Service Commission urges youth in Bomet County to participate in the county public forum ahead of upcoming civic activities.,
EDU_01351,Education,Notice: KUCCPS reminds citizens in Narok County about their rights regarding voter registration.,
EDU_01352,Education,Notice: State Department for TVET reminds citizens in Elgeyo-Marakwet County about their rights regarding voter registration.,
EDU_01353,Education,Kenya Institute of Curriculum Development encourages residents of Kericho County to verify their voter registration details to stay informed on public participation in county budgets.,
EDU_01354,Education,TVET conducts a civic education forum on the role of the ombudsman in Kajiado County this September.,
EDU_01355,Education,Kenya Institute of Curriculum Development encourages residents of Nyandarua County to verify their voter registration details to stay informed on devolution.,
EDU_01356,Education,TVET conducts a civic education forum on devolution in Trans Nzoia County this September.,
EDU_01357,Education,Universities Fund encourages residents of Kilifi County to participate in the county public forum to stay informed on constitutional rights.,
EDU_01358,Education,Notice: Ministry of Education reminds citizens in Marsabit County about their rights regarding voter registration.,
EDU_01359,Education,KNEC urges youth in Trans Nzoia County to participate in the county public forum ahead of upcoming civic activities.,
EDU_01360,Education,KNEC encourages residents of Kitui County to verify their voter registration details to stay informed on constitutional rights.,
EDU_01361,Education,Notice: Universities Fund reminds citizens in Trans Nzoia County about their rights regarding devolution.,
EDU_01362,Education,TSC encourages residents of Meru County to verify their voter registration details to stay informed on devolution.,
EDU_01363,Education,KMTC conducts a civic education forum on public participation in county budgets in Machakos County this September.,
EDU_01364,Education,Ministry of Education conducts a civic education forum on voter registration in Kajiado County this September.,
EDU_01365,Education,State Department for Basic Education encourages residents of Kirinyaga County to verify their voter registration details to stay informed on the role of the ombudsman.,
EDU_01366,Education,State Department for TVET urges youth in Mombasa County to participate in the county public forum ahead of upcoming civic activities.,
EDU_01367,Education,HELB conducts a civic education forum on devolution in Laikipia County this July.,
EDU_01368,Education,KNEC urges youth in Baringo County to participate in the county public forum ahead of upcoming civic activities.,
EDU_01369,Education,KICD conducts a civic education forum on voter registration in Taita-Taveta County this July.,
EDU_01370,Education,KUCCPS encourages residents of Wajir County to attend the civic education forum to stay informed on voter registration.,
EDU_01371,Education,IEBC urges youth in Murang'a County to participate in the county public forum ahead of upcoming civic activities.,
EDU_01372,Education,IEBC urges youth in Narok County to participate in the county public forum ahead of upcoming civic activities.,
EDU_01373,Education,KICD conducts a civic education forum on voter registration in Kakamega County this November.,
EDU_01374,Education,Teachers Service Commission conducts a civic education forum on devolution in Kirinyaga County this February.,
EDU_01375,Education,HELB encourages residents of Embu County to participate in the county public forum to stay informed on constitutional rights.,
EDU_01376,Education,IEBC urges youth in Nyamira County to verify their voter registration details ahead of upcoming civic activities.,
EDU_01377,Education,TSC conducts a civic education forum on devolution in Kitui County this September.,
EDU_01378,Education,Notice: IEBC reminds citizens in Mombasa County about their rights regarding constitutional rights.,
EDU_01379,Education,Notice: Teachers Service Commission reminds citizens in Laikipia County about their rights regarding the role of the ombudsman.,
EDU_01380,Education,TSC conducts a civic education forum on constitutional rights in Kwale County this February.,
EDU_01381,Education,Notice: Teachers Service Commission reminds citizens in Turkana County about their rights regarding voter registration.,
EDU_01382,Education,State Department for Basic Education conducts a civic education forum on public participation in county budgets in Bomet County this January.,
EDU_01383,Education,TVET conducts a civic education forum on the role of the ombudsman in Nyeri County this October.,
EDU_01384,Education,HELB conducts a civic education forum on devolution in Trans Nzoia County this November.,
EDU_01385,Education,State Department for Basic Education conducts a civic education forum on the role of the ombudsman in Kiambu County this February.,
EDU_01386,Education,KICD conducts a civic education forum on the role of the ombudsman in Vihiga County this April.,
EDU_01387,Education,Universities Fund urges youth in Nandi County to participate in the county public forum ahead of upcoming civic activities.,
EDU_01388,Education,Teachers Service Commission urges youth in Homa Bay County to attend the civic education forum ahead of upcoming civic activities.,
EDU_01389,Education,Ministry of Education urges youth in Kericho County to participate in the county public forum ahead of upcoming civic activities.,
EDU_01390,Education,Notice: TVET reminds citizens in Marsabit County about their rights regarding constitutional rights.,
EDU_01391,Education,Teachers Service Commission encourages residents of Bomet County to attend the civic education forum to stay informed on devolution.,
EDU_01392,Education,IEBC urges youth in Garissa County to verify their voter registration details ahead of upcoming civic activities.,
EDU_01393,Education,KUCCPS conducts a civic education forum on constitutional rights in Vihiga County this April.,
EDU_01394,Education,TSC encourages residents of Tharaka-Nithi County to verify their voter registration details to stay informed on the role of the ombudsman.,
EDU_01395,Education,KUCCPS encourages residents of Kilifi County to attend the civic education forum to stay informed on devolution.,
EDU_01396,Education,KMTC conducts a civic education forum on voter registration in Embu County this August.,
EDU_01397,Education,Kenya Institute of Curriculum Development urges youth in West Pokot County to participate in the county public forum ahead of upcoming civic activities.,
EDU_01398,Education,Notice: State Department for TVET reminds citizens in Marsabit County about their rights regarding public participation in county budgets.,
EDU_01399,Education,Notice: Universities Fund reminds citizens in Mombasa County about their rights regarding public participation in county budgets.,
EDU_01400,Education,TSC conducts a civic education forum on public participation in county budgets in Kisii County this March.,
EDU_01401,Education,IEBC encourages residents of Kilifi County to attend the civic education forum to stay informed on constitutional rights.,
EDU_01402,Education,TVET urges youth in West Pokot County to verify their voter registration details ahead of upcoming civic activities.,
EDU_01403,Education,Notice: Kenya Institute of Curriculum Development reminds citizens in Migori County about their rights regarding constitutional rights.,
EDU_01404,Education,TSC conducts a civic education forum on voter registration in Bomet County this July.,
EDU_01405,Education,Universities Fund conducts a civic education forum on constitutional rights in Taita-Taveta County this February.,
EDU_01406,Education,KMTC encourages residents of Migori County to attend the civic education forum to stay informed on the role of the ombudsman.,
EDU_01407,Education,Ministry of Education encourages residents of Meru County to participate in the county public forum to stay informed on devolution.,
EDU_01408,Education,TVET urges youth in Nairobi County to attend the civic education forum ahead of upcoming civic activities.,
EDU_01409,Education,Teachers Service Commission urges youth in Marsabit County to attend the civic education forum ahead of upcoming civic activities.,
EDU_01410,Education,Notice: KMTC reminds citizens in Homa Bay County about their rights regarding the role of the ombudsman.,
EDU_01411,Education,Universities Fund urges youth in Homa Bay County to participate in the county public forum ahead of upcoming civic activities.,
EDU_01412,Education,KMTC conducts a civic education forum on public participation in county budgets in Kwale County this October.,
EDU_01413,Education,TVET conducts a civic education forum on voter registration in Trans Nzoia County this September.,
EDU_01414,Education,Notice: State Department for Basic Education reminds citizens in Kwale County about their rights regarding constitutional rights.,
EDU_01415,Education,TSC conducts a civic education forum on constitutional rights in Marsabit County this January.,
EDU_01416,Education,Ministry of Education urges youth in Kajiado County to verify their voter registration details ahead of upcoming civic activities.,
EDU_01417,Education,Notice: Teachers Service Commission reminds citizens in Garissa County about their rights regarding the role of the ombudsman.,
EDU_01418,Education,KNEC conducts a civic education forum on public participation in county budgets in Makueni County this December.,
EDU_01419,Education,Universities Fund conducts a civic education forum on the role of the ombudsman in Kisii County this February.,
EDU_01420,Education,TSC urges youth in Makueni County to participate in the county public forum ahead of upcoming civic activities.,
EDU_01421,Education,KNEC encourages residents of Elgeyo-Marakwet County to verify their voter registration details to stay informed on devolution.,
EDU_01422,Education,Notice: TVET reminds citizens in Turkana County about their rights regarding public participation in county budgets.,
EDU_01423,Education,TVET conducts a civic education forum on devolution in Migori County this December.,
EDU_01424,Education,State Department for TVET conducts a civic education forum on public participation in county budgets in Mandera County this December.,
EDU_01425,Education,Notice: State Department for Basic Education reminds citizens in Trans Nzoia County about their rights regarding the role of the ombudsman.,
EDU_01426,Education,KICD encourages residents of Busia County to verify their voter registration details to stay informed on the role of the ombudsman.,
EDU_01427,Education,Kenya Institute of Curriculum Development conducts a civic education forum on the role of the ombudsman in Makueni County this March.,
EDU_01428,Education,Notice: TSC reminds citizens in Kirinyaga County about their rights regarding the role of the ombudsman.,
EDU_01429,Education,KNEC conducts a civic education forum on public participation in county budgets in Busia County this June.,
EDU_01430,Education,State Department for TVET urges youth in Meru County to attend the civic education forum ahead of upcoming civic activities.,
EDU_01431,Education,Notice: Kenya Institute of Curriculum Development reminds citizens in Trans Nzoia County about their rights regarding the role of the ombudsman.,
EDU_01432,Education,TVET conducts a civic education forum on voter registration in Turkana County this April.,
EDU_01433,Education,State Department for TVET conducts a civic education forum on constitutional rights in Nyeri County this August.,
EDU_01434,Education,TSC urges youth in Laikipia County to participate in the county public forum ahead of upcoming civic activities.,
EDU_01435,Education,Universities Fund urges youth in Murang'a County to attend the civic education forum ahead of upcoming civic activities.,
EDU_01436,Education,Teachers Service Commission encourages residents of Migori County to participate in the county public forum to stay informed on constitutional rights.,
EDU_01437,Education,State Department for TVET urges youth in Taita-Taveta County to verify their voter registration details ahead of upcoming civic activities.,
EDU_01438,Education,KUCCPS urges youth in Nairobi County to verify their voter registration details ahead of upcoming civic activities.,
EDU_01439,Education,Ministry of Education urges youth in Tharaka-Nithi County to participate in the county public forum ahead of upcoming civic activities.,
EDU_01440,Education,KNEC encourages residents of Trans Nzoia County to participate in the county public forum to stay informed on the role of the ombudsman.,
EDU_01441,Education,Kenya Institute of Curriculum Development urges youth in Kisumu County to attend the civic education forum ahead of upcoming civic activities.,
EDU_01442,Education,State Department for Basic Education urges youth in Samburu County to verify their voter registration details ahead of upcoming civic activities.,
EDU_01443,Education,KMTC urges youth in Migori County to attend the civic education forum ahead of upcoming civic activities.,
EDU_01444,Education,TSC encourages residents of West Pokot County to attend the civic education forum to stay informed on constitutional rights.,
EDU_01445,Education,IEBC conducts a civic education forum on constitutional rights in Marsabit County this June.,
EDU_01446,Education,Notice: KUCCPS reminds citizens in Tharaka-Nithi County about their rights regarding constitutional rights.,
EDU_01447,Education,Notice: KMTC reminds citizens in Samburu County about their rights regarding voter registration.,
EDU_01448,Education,Notice: IEBC reminds citizens in Kajiado County about their rights regarding devolution.,
EDU_01449,Education,TSC urges youth in Nandi County to attend the civic education forum ahead of upcoming civic activities.,
EDU_01450,Education,Notice: KMTC reminds citizens in Tana River County about their rights regarding constitutional rights.,
EDU_01451,Education,KICD conducts a civic education forum on constitutional rights in West Pokot County this December.,
EDU_01452,Education,Notice: HELB reminds citizens in Taita-Taveta County about their rights regarding voter registration.,
EDU_01453,Education,Notice: State Department for Basic Education reminds citizens in Uasin Gishu County about their rights regarding devolution.,
EDU_01454,Education,KNEC encourages residents of Homa Bay County to attend the civic education forum to stay informed on constitutional rights.,
EDU_01455,Education,IEBC encourages residents of Nyamira County to attend the civic education forum to stay informed on voter registration.,
EDU_01456,Education,KUCCPS conducts a civic education forum on devolution in Vihiga County this May.,
EDU_01457,Education,IEBC encourages residents of Garissa County to verify their voter registration details to stay informed on voter registration.,
EDU_01458,Education,Teachers Service Commission conducts a civic education forum on the role of the ombudsman in Kericho County this August.,
EDU_01459,Education,KNEC encourages residents of Kisii County to verify their voter registration details to stay informed on public participation in county budgets.,
EDU_01460,Education,IEBC encourages residents of Kirinyaga County to attend the civic education forum to stay informed on constitutional rights.,
EDU_01461,Education,State Department for TVET conducts a civic education forum on constitutional rights in Kajiado County this March.,
EDU_01462,Education,HELB conducts a civic education forum on the role of the ombudsman in Nakuru County this October.,
EDU_01463,Education,Universities Fund conducts a civic education forum on voter registration in Garissa County this November.,
EDU_01464,Education,Teachers Service Commission conducts a civic education forum on public participation in county budgets in Migori County this October.,
EDU_01465,Education,KMTC encourages residents of Kirinyaga County to verify their voter registration details to stay informed on public participation in county budgets.,
EDU_01466,Education,Universities Fund urges youth in Busia County to attend the civic education forum ahead of upcoming civic activities.,
EDU_01467,Education,Notice: State Department for Basic Education reminds citizens in Narok County about their rights regarding public participation in county budgets.,
EDU_01468,Education,Notice: Teachers Service Commission reminds citizens in Turkana County about their rights regarding public participation in county budgets.,
EDU_01469,Education,Teachers Service Commission encourages residents of Kisii County to participate in the county public forum to stay informed on the role of the ombudsman.,
EDU_01470,Education,HELB encourages residents of Nakuru County to verify their voter registration details to stay informed on constitutional rights.,
EDU_01471,Education,Notice: KNEC reminds citizens in Meru County about their rights regarding devolution.,
EDU_01472,Education,State Department for Basic Education encourages residents of Wajir County to participate in the county public forum to stay informed on public participation in county budgets.,
EDU_01473,Education,Universities Fund encourages residents of Kwale County to attend the civic education forum to stay informed on voter registration.,
EDU_01474,Education,Notice: State Department for Basic Education reminds citizens in West Pokot County about their rights regarding the role of the ombudsman.,
EDU_01475,Education,Universities Fund encourages residents of Laikipia County to verify their voter registration details to stay informed on voter registration.,
EDU_01476,Education,State Department for TVET urges youth in Laikipia County to verify their voter registration details ahead of upcoming civic activities.,
EDU_01477,Education,IEBC urges youth in Kilifi County to attend the civic education forum ahead of upcoming civic activities.,
EDU_01478,Education,KNEC urges youth in Murang'a County to participate in the county public forum ahead of upcoming civic activities.,
EDU_01479,Education,TSC urges youth in Nairobi County to attend the civic education forum ahead of upcoming civic activities.,
EDU_01480,Education,KICD conducts a civic education forum on constitutional rights in Laikipia County this June.,
EDU_01481,Education,KICD conducts a civic education forum on public participation in county budgets in Embu County this December.,
EDU_01482,Education,Notice: TVET reminds citizens in Tharaka-Nithi County about their rights regarding devolution.,
EDU_01483,Education,State Department for TVET encourages residents of Mandera County to verify their voter registration details to stay informed on voter registration.,
EDU_01484,Education,Notice: IEBC reminds citizens in Taita-Taveta County about their rights regarding devolution.,
EDU_01485,Education,Ministry of Education encourages residents of Siaya County to verify their voter registration details to stay informed on voter registration.,
EDU_01486,Education,KNEC conducts a civic education forum on constitutional rights in Nyeri County this June.,
EDU_01487,Education,KNEC urges youth in Turkana County to verify their voter registration details ahead of upcoming civic activities.,
EDU_01488,Education,Notice: KNEC reminds citizens in Embu County about their rights regarding voter registration.,
EDU_01489,Education,TSC urges youth in Wajir County to verify their voter registration details ahead of upcoming civic activities.,
EDU_01490,Education,HELB encourages residents of Machakos County to verify their voter registration details to stay informed on the role of the ombudsman.,
EDU_01491,Education,TVET encourages residents of Elgeyo-Marakwet County to attend the civic education forum to stay informed on public participation in county budgets.,
EDU_01492,Education,Ministry of Education conducts a civic education forum on constitutional rights in Kilifi County this December.,
EDU_01493,Education,Notice: HELB reminds citizens in Nyeri County about their rights regarding the role of the ombudsman.,
EDU_01494,Education,State Department for Basic Education urges youth in Nyamira County to participate in the county public forum ahead of upcoming civic activities.,
EDU_01495,Education,Notice: KMTC reminds citizens in Bomet County about their rights regarding public participation in county budgets.,
EDU_01496,Education,IEBC conducts a civic education forum on the role of the ombudsman in Kajiado County this September.,
EDU_01497,Education,KMTC conducts a civic education forum on public participation in county budgets in Laikipia County this September.,
EDU_01498,Education,IEBC conducts a civic education forum on devolution in Mandera County this February.,
EDU_01499,Education,Kenya Institute of Curriculum Development encourages residents of Bungoma County to verify their voter registration details to stay informed on constitutional rights.,
EDU_01500,Education,HELB urges youth in Narok County to verify their voter registration details ahead of upcoming civic activities.,
EDU_01501,Education,Notice: TVET reminds citizens in Kilifi County about their rights regarding constitutional rights.,
EDU_01502,Education,KUCCPS conducts a civic education forum on constitutional rights in Isiolo County this March.,
EDU_01503,Education,Notice: KNEC reminds citizens in Bomet County about their rights regarding public participation in county budgets.,
EDU_01504,Education,KNEC conducts a civic education forum on voter registration in Nandi County this April.,
EDU_01505,Education,Notice: IEBC reminds citizens in Kajiado County about their rights regarding public participation in county budgets.,
EDU_01506,Education,KNEC urges youth in Mombasa County to attend the civic education forum ahead of upcoming civic activities.,
EDU_01507,Education,State Department for TVET encourages residents of Samburu County to verify their voter registration details to stay informed on devolution.,
EDU_01508,Education,Ministry of Education conducts a civic education forum on public participation in county budgets in Migori County this August.,
EDU_01509,Education,KUCCPS encourages residents of Bomet County to attend the civic education forum to stay informed on voter registration.,
EDU_01510,Education,TSC encourages residents of Vihiga County to verify their voter registration details to stay informed on the role of the ombudsman.,
EDU_01511,Education,Kenya Institute of Curriculum Development encourages residents of Bomet County to attend the civic education forum to stay informed on public participation in county budgets.,
EDU_01512,Education,HELB encourages residents of Mombasa County to participate in the county public forum to stay informed on devolution.,
EDU_01513,Education,TVET urges youth in Isiolo County to attend the civic education forum ahead of upcoming civic activities.,
EDU_01514,Education,State Department for TVET urges youth in Homa Bay County to attend the civic education forum ahead of upcoming civic activities.,
EDU_01515,Education,Notice: Universities Fund reminds citizens in Turkana County about their rights regarding voter registration.,
EDU_01516,Education,HELB encourages residents of Makueni County to attend the civic education forum to stay informed on devolution.,
EDU_01517,Education,Notice: Universities Fund reminds citizens in Nairobi County about their rights regarding the role of the ombudsman.,
EDU_01518,Education,TSC conducts a civic education forum on devolution in Kajiado County this November.,
EDU_01519,Education,State Department for Basic Education urges youth in Garissa County to verify their voter registration details ahead of upcoming civic activities.,
EDU_01520,Education,TSC encourages residents of Kwale County to verify their voter registration details to stay informed on constitutional rights.,
EDU_01521,Education,Kenya Institute of Curriculum Development conducts a civic education forum on devolution in Nyamira County this January.,
EDU_01522,Education,Teachers Service Commission encourages residents of Samburu County to attend the civic education forum to stay informed on the role of the ombudsman.,
EDU_01523,Education,IEBC conducts a civic education forum on devolution in Uasin Gishu County this December.,
EDU_01524,Education,Notice: State Department for Basic Education reminds citizens in Bomet County about their rights regarding devolution.,
EDU_01525,Education,Notice: KUCCPS reminds citizens in Lamu County about their rights regarding constitutional rights.,
EDU_01526,Education,TVET urges youth in Tharaka-Nithi County to attend the civic education forum ahead of upcoming civic activities.,
EDU_01527,Education,HELB urges youth in Kisii County to verify their voter registration details ahead of upcoming civic activities.,
EDU_01528,Education,KUCCPS urges youth in Nakuru County to verify their voter registration details ahead of upcoming civic activities.,
EDU_01529,Education,Universities Fund urges youth in Nakuru County to verify their voter registration details ahead of upcoming civic activities.,
EDU_01530,Education,Notice: TVET reminds citizens in Embu County about their rights regarding the role of the ombudsman.,
EDU_01531,Education,TSC urges youth in Embu County to attend the civic education forum ahead of upcoming civic activities.,
EDU_01532,Education,KNEC urges youth in Bungoma County to participate in the county public forum ahead of upcoming civic activities.,
EDU_01533,Education,Notice: HELB reminds citizens in Bomet County about their rights regarding the role of the ombudsman.,
EDU_01534,Education,Notice: KUCCPS reminds citizens in Elgeyo-Marakwet County about their rights regarding constitutional rights.,
EDU_01535,Education,HELB encourages residents of Bungoma County to participate in the county public forum to stay informed on voter registration.,
EDU_01536,Education,KMTC urges youth in Trans Nzoia County to verify their voter registration details ahead of upcoming civic activities.,
EDU_01537,Education,Ministry of Education conducts a civic education forum on voter registration in Garissa County this February.,
EDU_01538,Education,TVET encourages residents of Garissa County to participate in the county public forum to stay informed on devolution.,
EDU_01539,Education,KNEC conducts a civic education forum on constitutional rights in Nyeri County this March.,
EDU_01540,Education,KNEC urges youth in Nakuru County to attend the civic education forum ahead of upcoming civic activities.,
EDU_01541,Education,KNEC conducts a civic education forum on voter registration in Vihiga County this October.,
EDU_01542,Education,Ministry of Education conducts a civic education forum on public participation in county budgets in Nairobi County this September.,
EDU_01543,Education,Teachers Service Commission conducts a civic education forum on public participation in county budgets in Samburu County this May.,
EDU_01544,Education,KNEC conducts a civic education forum on the role of the ombudsman in Siaya County this November.,
EDU_01545,Education,State Department for Basic Education conducts a civic education forum on the role of the ombudsman in Laikipia County this April.,
EDU_01546,Education,State Department for TVET conducts a civic education forum on the role of the ombudsman in Baringo County this October.,
EDU_01547,Education,Kenya Institute of Curriculum Development urges youth in Homa Bay County to verify their voter registration details ahead of upcoming civic activities.,
EDU_01548,Education,KUCCPS urges youth in Kilifi County to participate in the county public forum ahead of upcoming civic activities.,
EDU_01549,Education,TSC urges youth in Kilifi County to attend the civic education forum ahead of upcoming civic activities.,
EDU_01550,Education,KUCCPS urges youth in Elgeyo-Marakwet County to attend the civic education forum ahead of upcoming civic activities.,
EDU_01551,Education,Ministry of Education encourages residents of West Pokot County to participate in the county public forum to stay informed on public participation in county budgets.,
EDU_01552,Education,KUCCPS urges youth in Nyandarua County to participate in the county public forum ahead of upcoming civic activities.,
EDU_01553,Education,TSC urges youth in Homa Bay County to verify their voter registration details ahead of upcoming civic activities.,
EDU_01554,Education,Notice: KICD reminds citizens in Nandi County about their rights regarding constitutional rights.,
EDU_01555,Education,Teachers Service Commission encourages residents of Nakuru County to attend the civic education forum to stay informed on voter registration.,
EDU_01556,Education,KICD conducts a civic education forum on the role of the ombudsman in Kiambu County this May.,
EDU_01557,Education,KMTC conducts a civic education forum on public participation in county budgets in Baringo County this November.,
EDU_01558,Education,KICD encourages residents of Meru County to attend the civic education forum to stay informed on public participation in county budgets.,
EDU_01559,Education,Universities Fund urges youth in Kiambu County to participate in the county public forum ahead of upcoming civic activities.,
EDU_01560,Education,Teachers Service Commission urges youth in Lamu County to participate in the county public forum ahead of upcoming civic activities.,
EDU_01561,Education,Notice: KICD reminds citizens in Bungoma County about their rights regarding constitutional rights.,
EDU_01562,Education,Notice: Universities Fund reminds citizens in Samburu County about their rights regarding the role of the ombudsman.,
EDU_01563,Education,Notice: KMTC reminds citizens in Embu County about their rights regarding constitutional rights.,
EDU_01564,Education,KNEC urges youth in Nyandarua County to attend the civic education forum ahead of upcoming civic activities.,
EDU_01565,Education,State Department for TVET encourages residents of Tharaka-Nithi County to verify their voter registration details to stay informed on public participation in county budgets.,
EDU_01566,Education,KICD urges youth in Elgeyo-Marakwet County to participate in the county public forum ahead of upcoming civic activities.,
EDU_01567,Education,Teachers Service Commission urges youth in Makueni County to verify their voter registration details ahead of upcoming civic activities.,
EDU_01568,Education,KICD urges youth in Samburu County to participate in the county public forum ahead of upcoming civic activities.,
EDU_01569,Education,Notice: KMTC reminds citizens in Vihiga County about their rights regarding devolution.,
EDU_01570,Education,IEBC urges youth in Taita-Taveta County to verify their voter registration details ahead of upcoming civic activities.,
EDU_01571,Education,KNEC encourages residents of Nandi County to participate in the county public forum to stay informed on devolution.,
EDU_01572,Education,IEBC conducts a civic education forum on devolution in Siaya County this March.,
EDU_01573,Education,Teachers Service Commission conducts a civic education forum on public participation in county budgets in West Pokot County this April.,
EDU_01574,Education,KUCCPS urges youth in Bungoma County to attend the civic education forum ahead of upcoming civic activities.,
EDU_01575,Education,Notice: KICD reminds citizens in Kajiado County about their rights regarding public participation in county budgets.,
EDU_01576,Education,Notice: HELB reminds citizens in Kisumu County about their rights regarding devolution.,
EDU_01577,Education,Notice: Ministry of Education reminds citizens in Machakos County about their rights regarding devolution.,
EDU_01578,Education,Notice: Universities Fund reminds citizens in Kilifi County about their rights regarding the role of the ombudsman.,
EDU_01579,Education,State Department for Basic Education conducts a civic education forum on constitutional rights in Kitui County this September.,
EDU_01580,Education,IEBC encourages residents of Kericho County to participate in the county public forum to stay informed on public participation in county budgets.,
EDU_01581,Education,KUCCPS encourages residents of Nairobi County to attend the civic education forum to stay informed on voter registration.,
EDU_01582,Education,TVET urges youth in Samburu County to participate in the county public forum ahead of upcoming civic activities.,
EDU_01583,Education,IEBC conducts a civic education forum on public participation in county budgets in Nyandarua County this January.,
EDU_01584,Education,Kenya Institute of Curriculum Development encourages residents of Embu County to attend the civic education forum to stay informed on devolution.,
EDU_01585,Education,Notice: Ministry of Education reminds citizens in Nairobi County about their rights regarding constitutional rights.,
EDU_01586,Education,Teachers Service Commission encourages residents of Nyamira County to verify their voter registration details to stay informed on voter registration.,
EDU_01587,Education,Ministry of Education conducts a civic education forum on devolution in Marsabit County this July.,
EDU_01588,Education,KMTC encourages residents of Kericho County to verify their voter registration details to stay informed on the role of the ombudsman.,
EDU_01589,Education,HELB encourages residents of Nyeri County to verify their voter registration details to stay informed on public participation in county budgets.,
EDU_01590,Education,KNEC urges youth in Kisii County to verify their voter registration details ahead of upcoming civic activities.,
EDU_01591,Education,HELB conducts a civic education forum on public participation in county budgets in Embu County this March.,
EDU_01592,Education,KMTC encourages residents of Kakamega County to verify their voter registration details to stay informed on public participation in county budgets.,
EDU_01593,Education,State Department for Basic Education conducts a civic education forum on voter registration in Bungoma County this March.,
EDU_01594,Education,Notice: KMTC reminds citizens in Lamu County about their rights regarding voter registration.,
EDU_01595,Education,KUCCPS conducts a civic education forum on public participation in county budgets in Siaya County this August.,
EDU_01596,Education,Kenya Institute of Curriculum Development conducts a civic education forum on the role of the ombudsman in Kericho County this February.,
EDU_01597,Education,Notice: TSC reminds citizens in Trans Nzoia County about their rights regarding the role of the ombudsman.,
EDU_01598,Education,Notice: TVET reminds citizens in Baringo County about their rights regarding the role of the ombudsman.,
EDU_01599,Education,HELB urges youth in Kajiado County to attend the civic education forum ahead of upcoming civic activities.,
EDU_01600,Education,State Department for TVET conducts a civic education forum on devolution in Taita-Taveta County this May.,
EDU_01601,Education,State Department for Basic Education encourages residents of Nandi County to verify their voter registration details to stay informed on devolution.,
EDU_01602,Education,Universities Fund urges youth in Vihiga County to verify their voter registration details ahead of upcoming civic activities.,
EDU_01603,Education,Teachers Service Commission conducts a civic education forum on constitutional rights in Turkana County this November.,
EDU_01604,Education,Ministry of Education urges youth in Meru County to attend the civic education forum ahead of upcoming civic activities.,
EDU_01605,Education,KMTC urges youth in Kajiado County to verify their voter registration details ahead of upcoming civic activities.,
EDU_01606,Education,Teachers Service Commission urges youth in Laikipia County to verify their voter registration details ahead of upcoming civic activities.,
EDU_01607,Education,KICD conducts a civic education forum on voter registration in Kisii County this September.,
EDU_01608,Education,TVET encourages residents of Meru County to attend the civic education forum to stay informed on public participation in county budgets.,
EDU_01609,Education,TVET encourages residents of Wajir County to verify their voter registration details to stay informed on constitutional rights.,
EDU_01610,Education,KNEC urges youth in West Pokot County to participate in the county public forum ahead of upcoming civic activities.,
EDU_01611,Education,Notice: KICD reminds citizens in Garissa County about their rights regarding constitutional rights.,
EDU_01612,Education,Kenya Institute of Curriculum Development encourages residents of Uasin Gishu County to attend the civic education forum to stay informed on public participation in county budgets.,
EDU_01613,Education,Notice: IEBC reminds citizens in Narok County about their rights regarding public participation in county budgets.,
EDU_01614,Education,Teachers Service Commission conducts a civic education forum on public participation in county budgets in Kilifi County this November.,
EDU_01615,Education,Notice: TSC reminds citizens in Kwale County about their rights regarding devolution.,
EDU_01616,Education,Kenya Institute of Curriculum Development conducts a civic education forum on the role of the ombudsman in Kilifi County this August.,
EDU_01617,Education,Teachers Service Commission encourages residents of Kericho County to verify their voter registration details to stay informed on devolution.,
EDU_01618,Education,Notice: Universities Fund reminds citizens in Tharaka-Nithi County about their rights regarding constitutional rights.,
EDU_01619,Education,Notice: Universities Fund reminds citizens in Turkana County about their rights regarding constitutional rights.,
EDU_01620,Education,KMTC urges youth in Kiambu County to verify their voter registration details ahead of upcoming civic activities.,
EDU_01621,Education,KMTC conducts a civic education forum on the role of the ombudsman in Nyeri County this May.,
EDU_01622,Education,Kenya Institute of Curriculum Development encourages residents of Meru County to participate in the county public forum to stay informed on voter registration.,
EDU_01623,Education,HELB conducts a civic education forum on the role of the ombudsman in Wajir County this August.,
EDU_01624,Education,Teachers Service Commission encourages residents of Homa Bay County to attend the civic education forum to stay informed on devolution.,
EDU_01625,Education,State Department for TVET conducts a civic education forum on the role of the ombudsman in Nakuru County this December.,
EDU_01626,Education,Notice: IEBC reminds citizens in Busia County about their rights regarding devolution.,
EDU_01627,Education,Notice: KNEC reminds citizens in Kilifi County about their rights regarding the role of the ombudsman.,
EDU_01628,Education,Notice: IEBC reminds citizens in Vihiga County about their rights regarding voter registration.,
EDU_01629,Education,KUCCPS encourages residents of Siaya County to participate in the county public forum to stay informed on public participation in county budgets.,
EDU_01630,Education,Notice: State Department for TVET reminds citizens in Mombasa County about their rights regarding devolution.,
EDU_01631,Education,State Department for TVET encourages residents of Busia County to attend the civic education forum to stay informed on voter registration.,
EDU_01632,Education,Notice: KUCCPS reminds citizens in Embu County about their rights regarding voter registration.,
EDU_01633,Education,TVET encourages residents of Bungoma County to verify their voter registration details to stay informed on the role of the ombudsman.,
EDU_01634,Education,HELB urges youth in Kitui County to participate in the county public forum ahead of upcoming civic activities.,
EDU_01635,Education,HELB encourages residents of Turkana County to verify their voter registration details to stay informed on devolution.,
EDU_01636,Education,HELB conducts a civic education forum on the role of the ombudsman in Kwale County this August.,
EDU_01637,Education,Teachers Service Commission conducts a civic education forum on voter registration in Turkana County this May.,
EDU_01638,Education,KICD encourages residents of Baringo County to attend the civic education forum to stay informed on constitutional rights.,
EDU_01639,Education,KUCCPS conducts a civic education forum on devolution in Siaya County this October.,
EDU_01640,Education,TSC encourages residents of Bomet County to attend the civic education forum to stay informed on voter registration.,
EDU_01641,Education,Notice: KUCCPS reminds citizens in Tharaka-Nithi County about their rights regarding the role of the ombudsman.,
EDU_01642,Education,IEBC encourages residents of Kilifi County to participate in the county public forum to stay informed on public participation in county budgets.,
EDU_01643,Education,Teachers Service Commission encourages residents of Tana River County to attend the civic education forum to stay informed on the role of the ombudsman.,
EDU_01644,Education,TVET conducts a civic education forum on devolution in Machakos County this January.,
EDU_01645,Education,Notice: Universities Fund reminds citizens in Nyeri County about their rights regarding public participation in county budgets.,
EDU_01646,Education,Universities Fund encourages residents of Turkana County to participate in the county public forum to stay informed on public participation in county budgets.,
EDU_01647,Education,HELB urges youth in Vihiga County to participate in the county public forum ahead of upcoming civic activities.,
EDU_01648,Education,KNEC encourages residents of Nyamira County to attend the civic education forum to stay informed on devolution.,
EDU_01649,Education,State Department for Basic Education conducts a civic education forum on constitutional rights in Taita-Taveta County this September.,
EDU_01650,Education,KUCCPS urges youth in Migori County to participate in the county public forum ahead of upcoming civic activities.,
EDU_01651,Education,State Department for TVET encourages residents of Nyandarua County to verify their voter registration details to stay informed on the role of the ombudsman.,
EDU_01652,Education,Universities Fund conducts a civic education forum on devolution in Kiambu County this March.,
EDU_01653,Education,Notice: KICD reminds citizens in Baringo County about their rights regarding public participation in county budgets.,
EDU_01654,Education,State Department for Basic Education conducts a civic education forum on voter registration in Kiambu County this October.,
EDU_01655,Education,Ministry of Education encourages residents of Narok County to verify their voter registration details to stay informed on the role of the ombudsman.,
EDU_01656,Education,Notice: KMTC reminds citizens in Kirinyaga County about their rights regarding the role of the ombudsman.,
EDU_01657,Education,State Department for TVET urges youth in Garissa County to verify their voter registration details ahead of upcoming civic activities.,
EDU_01658,Education,KMTC conducts a civic education forum on the role of the ombudsman in Nyamira County this May.,
EDU_01659,Education,Notice: TVET reminds citizens in Wajir County about their rights regarding devolution.,
EDU_01660,Education,Universities Fund conducts a civic education forum on devolution in Kakamega County this March.,
EDU_01661,Education,Notice: State Department for TVET reminds citizens in Nyamira County about their rights regarding voter registration.,
EDU_01662,Education,State Department for Basic Education encourages residents of Kwale County to participate in the county public forum to stay informed on public participation in county budgets.,
EDU_01663,Education,Notice: State Department for Basic Education reminds citizens in Turkana County about their rights regarding constitutional rights.,
EDU_01664,Education,Notice: KMTC reminds citizens in Kiambu County about their rights regarding the role of the ombudsman.,
EDU_01665,Education,KMTC conducts a civic education forum on constitutional rights in Tana River County this September.,
EDU_01666,Education,Kenya Institute of Curriculum Development encourages residents of Nandi County to verify their voter registration details to stay informed on devolution.,
EDU_01667,Education,KICD urges youth in Nakuru County to verify their voter registration details ahead of upcoming civic activities.,
EDU_01668,Education,Notice: TVET reminds citizens in Meru County about their rights regarding devolution.,
EDU_01669,Education,KUCCPS conducts a civic education forum on public participation in county budgets in Embu County this September.,
EDU_01670,Education,KMTC encourages residents of Nyeri County to attend the civic education forum to stay informed on the role of the ombudsman.,
EDU_01671,Education,TVET urges youth in Laikipia County to attend the civic education forum ahead of upcoming civic activities.,
EDU_01672,Education,Kenya Institute of Curriculum Development conducts a civic education forum on devolution in Tana River County this December.,
EDU_01673,Education,Notice: State Department for Basic Education reminds citizens in Bungoma County about their rights regarding the role of the ombudsman.,
EDU_01674,Education,Notice: TVET reminds citizens in Kisii County about their rights regarding public participation in county budgets.,
EDU_01675,Education,KNEC urges youth in Nairobi County to verify their voter registration details ahead of upcoming civic activities.,
EDU_01676,Education,KUCCPS urges youth in Tharaka-Nithi County to participate in the county public forum ahead of upcoming civic activities.,
EDU_01677,Education,Notice: Teachers Service Commission reminds citizens in Uasin Gishu County about their rights regarding public participation in county budgets.,
EDU_01678,Education,KUCCPS conducts a civic education forum on the role of the ombudsman in Kiambu County this June.,
EDU_01679,Education,State Department for Basic Education encourages residents of Kwale County to verify their voter registration details to stay informed on public participation in county budgets.,
EDU_01680,Education,KNEC urges youth in Busia County to attend the civic education forum ahead of upcoming civic activities.,
EDU_01681,Education,KNEC urges youth in Wajir County to attend the civic education forum ahead of upcoming civic activities.,
EDU_01682,Education,KUCCPS urges youth in Migori County to verify their voter registration details ahead of upcoming civic activities.,
EDU_01683,Education,Notice: HELB reminds citizens in Lamu County about their rights regarding devolution.,
EDU_01684,Education,IEBC conducts a civic education forum on devolution in Siaya County this April.,
EDU_01685,Education,Kenya Institute of Curriculum Development conducts a civic education forum on voter registration in Siaya County this January.,
EDU_01686,Education,Notice: KNEC reminds citizens in West Pokot County about their rights regarding the role of the ombudsman.,
EDU_01687,Education,Teachers Service Commission encourages residents of Nyeri County to participate in the county public forum to stay informed on devolution.,
EDU_01688,Education,Notice: KMTC reminds citizens in West Pokot County about their rights regarding constitutional rights.,
EDU_01689,Education,State Department for TVET conducts a civic education forum on constitutional rights in Bomet County this November.,
EDU_01690,Education,State Department for Basic Education encourages residents of Homa Bay County to verify their voter registration details to stay informed on public participation in county budgets.,
EDU_01691,Education,Universities Fund conducts a civic education forum on voter registration in Busia County this June.,
EDU_01692,Education,Notice: Teachers Service Commission reminds citizens in Vihiga County about their rights regarding voter registration.,
EDU_01693,Education,Teachers Service Commission urges youth in Nyamira County to verify their voter registration details ahead of upcoming civic activities.,
EDU_01694,Education,TSC encourages residents of Laikipia County to verify their voter registration details to stay informed on devolution.,
EDU_01695,Education,TVET urges youth in Kitui County to verify their voter registration details ahead of upcoming civic activities.,
EDU_01696,Education,Ministry of Education urges youth in Busia County to attend the civic education forum ahead of upcoming civic activities.,
EDU_01697,Education,KICD conducts a civic education forum on voter registration in Migori County this July.,
EDU_01698,Education,Notice: KICD reminds citizens in Migori County about their rights regarding voter registration.,
EDU_01699,Education,State Department for Basic Education conducts a civic education forum on constitutional rights in West Pokot County this September.,
EDU_01700,Education,TSC conducts a civic education forum on constitutional rights in Garissa County this June.,
EDU_01701,Education,Ministry of Education encourages residents of Isiolo County to attend the civic education forum to stay informed on devolution.,
EDU_01702,Education,TVET conducts a civic education forum on constitutional rights in Nyamira County this April.,
EDU_01703,Education,TVET encourages residents of Elgeyo-Marakwet County to participate in the county public forum to stay informed on public participation in county budgets.,
EDU_01704,Education,KUCCPS conducts a civic education forum on constitutional rights in Mombasa County this November.,
EDU_01705,Education,Universities Fund urges youth in Isiolo County to attend the civic education forum ahead of upcoming civic activities.,
EDU_01706,Education,Universities Fund encourages residents of Kirinyaga County to participate in the county public forum to stay informed on public participation in county budgets.,
EDU_01707,Education,Teachers Service Commission conducts a civic education forum on public participation in county budgets in Uasin Gishu County this August.,
EDU_01708,Education,HELB urges youth in Nyandarua County to participate in the county public forum ahead of upcoming civic activities.,
EDU_01709,Education,Universities Fund conducts a civic education forum on the role of the ombudsman in Kitui County this May.,
EDU_01710,Education,KUCCPS conducts a civic education forum on public participation in county budgets in Nyeri County this March.,
EDU_01711,Education,KNEC urges youth in Laikipia County to attend the civic education forum ahead of upcoming civic activities.,
EDU_01712,Education,KNEC urges youth in Nyandarua County to verify their voter registration details ahead of upcoming civic activities.,
EDU_01713,Education,KICD urges youth in Bomet County to participate in the county public forum ahead of upcoming civic activities.,
EDU_01714,Education,Teachers Service Commission encourages residents of Nakuru County to verify their voter registration details to stay informed on public participation in county budgets.,
EDU_01715,Education,Kenya Institute of Curriculum Development encourages residents of Bungoma County to participate in the county public forum to stay informed on devolution.,
EDU_01716,Education,KICD conducts a civic education forum on public participation in county budgets in Kisii County this September.,
EDU_01717,Education,KMTC urges youth in Kirinyaga County to participate in the county public forum ahead of upcoming civic activities.,
EDU_01718,Education,KNEC encourages residents of Samburu County to participate in the county public forum to stay informed on public participation in county budgets.,
EDU_01719,Education,KNEC conducts a civic education forum on the role of the ombudsman in Makueni County this July.,
EDU_01720,Education,Teachers Service Commission encourages residents of Kakamega County to attend the civic education forum to stay informed on devolution.,
EDU_01721,Education,Teachers Service Commission conducts a civic education forum on public participation in county budgets in Murang'a County this June.,
EDU_01722,Education,KNEC urges youth in Kisumu County to attend the civic education forum ahead of upcoming civic activities.,
EDU_01723,Education,Notice: Ministry of Education reminds citizens in Marsabit County about their rights regarding public participation in county budgets.,
EDU_01724,Education,KMTC conducts a civic education forum on public participation in county budgets in Bomet County this October.,
EDU_01725,Education,Notice: Teachers Service Commission reminds citizens in Vihiga County about their rights regarding public participation in county budgets.,
EDU_01726,Education,KICD urges youth in Kajiado County to attend the civic education forum ahead of upcoming civic activities.,
EDU_01727,Education,KMTC encourages residents of Mandera County to attend the civic education forum to stay informed on constitutional rights.,
EDU_01728,Education,KNEC encourages residents of Samburu County to attend the civic education forum to stay informed on public participation in county budgets.,
EDU_01729,Education,Ministry of Education encourages residents of Kitui County to attend the civic education forum to stay informed on constitutional rights.,
EDU_01730,Education,IEBC urges youth in Bomet County to attend the civic education forum ahead of upcoming civic activities.,
EDU_01731,Education,KICD urges youth in Nyamira County to attend the civic education forum ahead of upcoming civic activities.,
EDU_01732,Education,Kenya Institute of Curriculum Development urges youth in Kirinyaga County to participate in the county public forum ahead of upcoming civic activities.,
EDU_01733,Education,Notice: Kenya Institute of Curriculum Development reminds citizens in Narok County about their rights regarding voter registration.,
EDU_01734,Education,Notice: Teachers Service Commission reminds citizens in Kiambu County about their rights regarding the role of the ombudsman.,
EDU_01735,Education,KICD urges youth in Murang'a County to verify their voter registration details ahead of upcoming civic activities.,
EDU_01736,Education,KICD urges youth in Homa Bay County to verify their voter registration details ahead of upcoming civic activities.,
EDU_01737,Education,Universities Fund urges youth in Migori County to attend the civic education forum ahead of upcoming civic activities.,
EDU_01738,Education,Notice: State Department for Basic Education reminds citizens in Lamu County about their rights regarding constitutional rights.,
EDU_01739,Education,KICD urges youth in Laikipia County to verify their voter registration details ahead of upcoming civic activities.,
EDU_01740,Education,Notice: KICD reminds citizens in Makueni County about their rights regarding devolution.,
EDU_01741,Education,State Department for TVET encourages residents of Kitui County to attend the civic education forum to stay informed on public participation in county budgets.,
EDU_01742,Education,Notice: State Department for TVET reminds citizens in Garissa County about their rights regarding public participation in county budgets.,
EDU_01743,Education,Notice: HELB reminds citizens in Makueni County about their rights regarding constitutional rights.,
EDU_01744,Education,Ministry of Education conducts a civic education forum on voter registration in Nyeri County this March.,
EDU_01745,Education,Kenya Institute of Curriculum Development urges youth in Makueni County to participate in the county public forum ahead of upcoming civic activities.,
EDU_01746,Education,KMTC conducts a civic education forum on voter registration in West Pokot County this March.,
EDU_01747,Education,State Department for Basic Education encourages residents of Taita-Taveta County to attend the civic education forum to stay informed on the role of the ombudsman.,
EDU_01748,Education,Notice: KICD reminds citizens in Homa Bay County about their rights regarding devolution.,
EDU_01749,Education,State Department for Basic Education urges youth in Siaya County to attend the civic education forum ahead of upcoming civic activities.,
EDU_01750,Education,State Department for Basic Education encourages residents of Bomet County to participate in the county public forum to stay informed on voter registration.,
EDU_01751,Education,KICD conducts a civic education forum on constitutional rights in Makueni County this April.,
EDU_01752,Education,IEBC encourages residents of Kakamega County to verify their voter registration details to stay informed on public participation in county budgets.,
EDU_01753,Education,IEBC urges youth in Embu County to verify their voter registration details ahead of upcoming civic activities.,
EDU_01754,Education,Teachers Service Commission conducts a civic education forum on constitutional rights in Nyandarua County this March.,
EDU_01755,Education,Universities Fund encourages residents of Garissa County to attend the civic education forum to stay informed on public participation in county budgets.,
EDU_01756,Education,IEBC conducts a civic education forum on voter registration in Nakuru County this January.,
EDU_01757,Education,Notice: KUCCPS reminds citizens in Mandera County about their rights regarding voter registration.,
EDU_01758,Education,Notice: State Department for Basic Education reminds citizens in Baringo County about their rights regarding devolution.,
EDU_01759,Education,State Department for Basic Education urges youth in Busia County to attend the civic education forum ahead of upcoming civic activities.,
EDU_01760,Education,Notice: KMTC reminds citizens in Mandera County about their rights regarding voter registration.,
EDU_01761,Education,State Department for Basic Education encourages residents of Busia County to attend the civic education forum to stay informed on public participation in county budgets.,
EDU_01762,Education,Teachers Service Commission conducts a civic education forum on devolution in Nyeri County this April.,
EDU_01763,Education,Ministry of Education encourages residents of Kirinyaga County to verify their voter registration details to stay informed on public participation in county budgets.,
EDU_01764,Education,Notice: TSC reminds citizens in Kitui County about their rights regarding public participation in county budgets.,
EDU_01765,Education,Ministry of Education conducts a civic education forum on constitutional rights in Bungoma County this March.,
EDU_01766,Education,State Department for TVET conducts a civic education forum on public participation in county budgets in Bomet County this October.,
EDU_01767,Education,Notice: State Department for Basic Education reminds citizens in Tharaka-Nithi County about their rights regarding voter registration.,
EDU_01768,Education,Notice: Kenya Institute of Curriculum Development reminds citizens in Machakos County about their rights regarding voter registration.,
EDU_01769,Education,Notice: HELB reminds citizens in Taita-Taveta County about their rights regarding constitutional rights.,
EDU_01770,Education,KNEC urges youth in Machakos County to attend the civic education forum ahead of upcoming civic activities.,
EDU_01771,Education,State Department for TVET urges youth in Uasin Gishu County to verify their voter registration details ahead of upcoming civic activities.,
EDU_01772,Education,KUCCPS conducts a civic education forum on public participation in county budgets in Kitui County this April.,
EDU_01773,Education,State Department for TVET conducts a civic education forum on the role of the ombudsman in Turkana County this June.,
EDU_01774,Education,State Department for TVET conducts a civic education forum on public participation in county budgets in Marsabit County this May.,
EDU_01775,Education,Notice: State Department for Basic Education reminds citizens in Kiambu County about their rights regarding public participation in county budgets.,
EDU_01776,Education,KUCCPS urges youth in Tana River County to attend the civic education forum ahead of upcoming civic activities.,
EDU_01777,Education,KICD urges youth in Laikipia County to attend the civic education forum ahead of upcoming civic activities.,
EDU_01778,Education,Kenya Institute of Curriculum Development encourages residents of Nairobi County to attend the civic education forum to stay informed on voter registration.,
EDU_01779,Education,State Department for Basic Education conducts a civic education forum on the role of the ombudsman in Migori County this July.,
EDU_01780,Education,Ministry of Education urges youth in Elgeyo-Marakwet County to attend the civic education forum ahead of upcoming civic activities.,
EDU_01781,Education,Notice: Kenya Institute of Curriculum Development reminds citizens in Lamu County about their rights regarding constitutional rights.,
EDU_01782,Education,IEBC conducts a civic education forum on public participation in county budgets in Kajiado County this February.,
EDU_01783,Education,KMTC urges youth in Kisii County to attend the civic education forum ahead of upcoming civic activities.,
EDU_01784,Education,HELB encourages residents of West Pokot County to attend the civic education forum to stay informed on the role of the ombudsman.,
EDU_01785,Education,Ministry of Education encourages residents of Siaya County to participate in the county public forum to stay informed on devolution.,
EDU_01786,Education,Notice: IEBC reminds citizens in Vihiga County about their rights regarding devolution.,
EDU_01787,Education,KMTC conducts a civic education forum on public participation in county budgets in Uasin Gishu County this June.,
EDU_01788,Education,Kenya Institute of Curriculum Development conducts a civic education forum on constitutional rights in Vihiga County this May.,
EDU_01789,Education,KMTC encourages residents of Garissa County to attend the civic education forum to stay informed on the role of the ombudsman.,
EDU_01790,Education,KUCCPS conducts a civic education forum on public participation in county budgets in Nyandarua County this March.,
EDU_01791,Education,Notice: State Department for TVET reminds citizens in Kajiado County about their rights regarding devolution.,
EDU_01792,Education,TVET conducts a civic education forum on voter registration in Kwale County this March.,
EDU_01793,Education,Notice: TSC reminds citizens in Kisumu County about their rights regarding devolution.,
EDU_01794,Education,Notice: Universities Fund reminds citizens in Narok County about their rights regarding devolution.,
EDU_01795,Education,Ministry of Education conducts a civic education forum on constitutional rights in Bungoma County this April.,
EDU_01796,Education,Notice: State Department for TVET reminds citizens in West Pokot County about their rights regarding constitutional rights.,
EDU_01797,Education,State Department for TVET encourages residents of Tharaka-Nithi County to verify their voter registration details to stay informed on voter registration.,
EDU_01798,Education,IEBC urges youth in West Pokot County to verify their voter registration details ahead of upcoming civic activities.,
EDU_01799,Education,Kenya Institute of Curriculum Development encourages residents of Kisii County to participate in the county public forum to stay informed on voter registration.,
EDU_01800,Education,Notice: TSC reminds citizens in Trans Nzoia County about their rights regarding constitutional rights.,
EDU_01801,Education,Kenya Institute of Curriculum Development reminds needy students in Kilifi County that textbooks and learning materials applications close soon.,
EDU_01802,Education,Teachers Service Commission announces distribution of scholarships for needy students to schools in Baringo County this January.,
EDU_01803,Education,Ministry of Education reminds needy students in Wajir County that scholarships for needy students applications close soon.,
EDU_01804,Education,Universities Fund advises students in Migori County to register early to secure allocation to access textbooks and learning materials.,
EDU_01805,Education,TSC reminds needy students in Nandi County that revision guides applications close soon.,
EDU_01806,Education,Notice: State Department for TVET opens applications for school laptops under the digital literacy programme for learners in Kajiado County.,
EDU_01807,Education,TVET reminds needy students in Nandi County that free digital learning content applications close soon.,
EDU_01808,Education,Notice: TVET opens applications for textbooks and learning materials for learners in Garissa County.,
EDU_01809,Education,Ministry of Education advises students in Kisii County to register early to secure allocation to access free digital learning content.,
EDU_01810,Education,Notice: IEBC opens applications for free digital learning content for learners in West Pokot County.,
EDU_01811,Education,TVET reminds needy students in Bomet County that textbooks and learning materials applications close soon.,
EDU_01812,Education,Kenya Institute of Curriculum Development announces distribution of school laptops under the digital literacy programme to schools in Vihiga County this April.,
EDU_01813,Education,Notice: KICD opens applications for revision guides for learners in Nakuru County.,
EDU_01814,Education,Notice: IEBC opens applications for school laptops under the digital literacy programme for learners in Kirinyaga County.,
EDU_01815,Education,Notice: IEBC opens applications for scholarships for needy students for learners in Nyamira County.,
EDU_01816,Education,Notice: KMTC opens applications for scholarships for needy students for learners in Marsabit County.,
EDU_01817,Education,KMTC advises students in West Pokot County to register early to secure allocation to access free digital learning content.,
EDU_01818,Education,KMTC reminds needy students in Samburu County that free digital learning content applications close soon.,
EDU_01819,Education,Notice: State Department for TVET opens applications for school laptops under the digital literacy programme for learners in Meru County.,
EDU_01820,Education,Notice: State Department for TVET opens applications for textbooks and learning materials for learners in Marsabit County.,
EDU_01821,Education,TSC reminds needy students in Vihiga County that textbooks and learning materials applications close soon.,
EDU_01822,Education,Ministry of Education reminds needy students in Mandera County that school laptops under the digital literacy programme applications close soon.,
EDU_01823,Education,TSC announces distribution of revision guides to schools in Bomet County this July.,
EDU_01824,Education,IEBC announces distribution of revision guides to schools in Wajir County this January.,
EDU_01825,Education,State Department for TVET advises students in Mombasa County to register early to secure allocation to access free digital learning content.,
EDU_01826,Education,Notice: KMTC opens applications for revision guides for learners in Kakamega County.,
EDU_01827,Education,KICD announces distribution of free digital learning content to schools in Baringo County this January.,
EDU_01828,Education,KUCCPS advises students in Nakuru County to register early to secure allocation to access school laptops under the digital literacy programme.,
EDU_01829,Education,Universities Fund advises students in Kwale County to collect materials from the county education office to access revision guides.,
EDU_01830,Education,KMTC reminds needy students in Nakuru County that free digital learning content applications close soon.,
EDU_01831,Education,KNEC announces distribution of school laptops under the digital literacy programme to schools in Homa Bay County this October.,
EDU_01832,Education,IEBC advises students in Samburu County to apply through the online scholarship portal to access textbooks and learning materials.,
EDU_01833,Education,TVET announces distribution of revision guides to schools in Kiambu County this July.,
EDU_01834,Education,KNEC reminds needy students in Elgeyo-Marakwet County that school laptops under the digital literacy programme applications close soon.,
EDU_01835,Education,HELB reminds needy students in Siaya County that revision guides applications close soon.,
EDU_01836,Education,Notice: State Department for TVET opens applications for free digital learning content for learners in Kisii County.,
EDU_01837,Education,KUCCPS advises students in Kilifi County to apply through the online scholarship portal to access free digital learning content.,
EDU_01838,Education,Notice: State Department for TVET opens applications for revision guides for learners in Machakos County.,
EDU_01839,Education,Teachers Service Commission reminds needy students in Nyeri County that revision guides applications close soon.,
EDU_01840,Education,State Department for Basic Education advises students in Kilifi County to collect materials from the county education office to access school laptops under the digital literacy programme.,
EDU_01841,Education,State Department for TVET announces distribution of scholarships for needy students to schools in Baringo County this December.,
EDU_01842,Education,KICD reminds needy students in Laikipia County that scholarships for needy students applications close soon.,
EDU_01843,Education,Universities Fund announces distribution of free digital learning content to schools in Mandera County this December.,
EDU_01844,Education,IEBC reminds needy students in Nakuru County that revision guides applications close soon.,
EDU_01845,Education,KNEC reminds needy students in Nakuru County that revision guides applications close soon.,
EDU_01846,Education,State Department for Basic Education advises students in Busia County to register early to secure allocation to access scholarships for needy students.,
EDU_01847,Education,Notice: HELB opens applications for scholarships for needy students for learners in Kericho County.,
EDU_01848,Education,TVET reminds needy students in Vihiga County that school laptops under the digital literacy programme applications close soon.,
EDU_01849,Education,KUCCPS announces distribution of free digital learning content to schools in Turkana County this March.,
EDU_01850,Education,TVET announces distribution of school laptops under the digital literacy programme to schools in Tharaka-Nithi County this January.,
EDU_01851,Education,Notice: State Department for TVET opens applications for free digital learning content for learners in Siaya County.,
EDU_01852,Education,State Department for TVET advises students in Nakuru County to apply through the online scholarship portal to access revision guides.,
EDU_01853,Education,TVET reminds needy students in Kakamega County that textbooks and learning materials applications close soon.,
EDU_01854,Education,Notice: HELB opens applications for textbooks and learning materials for learners in Migori County.,
EDU_01855,Education,HELB announces distribution of revision guides to schools in Bomet County this August.,
EDU_01856,Education,Ministry of Education advises students in Murang'a County to register early to secure allocation to access school laptops under the digital literacy programme.,
EDU_01857,Education,Universities Fund advises students in Nairobi County to apply through the online scholarship portal to access scholarships for needy students.,
EDU_01858,Education,State Department for Basic Education advises students in Kiambu County to register early to secure allocation to access school laptops under the digital literacy programme.,
EDU_01859,Education,Ministry of Education advises students in Mandera County to register early to secure allocation to access scholarships for needy students.,
EDU_01860,Education,KNEC reminds needy students in Laikipia County that free digital learning content applications close soon.,
EDU_01861,Education,KUCCPS announces distribution of school laptops under the digital literacy programme to schools in Bomet County this March.,
EDU_01862,Education,KNEC advises students in West Pokot County to apply through the online scholarship portal to access school laptops under the digital literacy programme.,
EDU_01863,Education,Teachers Service Commission advises students in Mandera County to apply through the online scholarship portal to access revision guides.,
EDU_01864,Education,Kenya Institute of Curriculum Development announces distribution of revision guides to schools in Kisumu County this August.,
EDU_01865,Education,State Department for Basic Education reminds needy students in Mombasa County that revision guides applications close soon.,
EDU_01866,Education,Notice: KICD opens applications for scholarships for needy students for learners in Nairobi County.,
EDU_01867,Education,State Department for Basic Education announces distribution of school laptops under the digital literacy programme to schools in Murang'a County this August.,
EDU_01868,Education,Teachers Service Commission reminds needy students in Kakamega County that school laptops under the digital literacy programme applications close soon.,
EDU_01869,Education,Notice: HELB opens applications for scholarships for needy students for learners in Lamu County.,
EDU_01870,Education,KNEC advises students in Kisumu County to collect materials from the county education office to access textbooks and learning materials.,
EDU_01871,Education,Universities Fund advises students in Kisii County to register early to secure allocation to access free digital learning content.,
EDU_01872,Education,Notice: Kenya Institute of Curriculum Development opens applications for revision guides for learners in Turkana County.,
EDU_01873,Education,Kenya Institute of Curriculum Development advises students in Isiolo County to collect materials from the county education office to access revision guides.,
EDU_01874,Education,IEBC announces distribution of revision guides to schools in Tharaka-Nithi County this July.,
EDU_01875,Education,Notice: Kenya Institute of Curriculum Development opens applications for school laptops under the digital literacy programme for learners in Kisumu County.,
EDU_01876,Education,TVET advises students in Makueni County to register early to secure allocation to access textbooks and learning materials.,
EDU_01877,Education,State Department for TVET announces distribution of school laptops under the digital literacy programme to schools in Kericho County this July.,
EDU_01878,Education,Teachers Service Commission announces distribution of scholarships for needy students to schools in Kajiado County this September.,
EDU_01879,Education,Notice: Ministry of Education opens applications for scholarships for needy students for learners in Trans Nzoia County.,
EDU_01880,Education,Teachers Service Commission advises students in Vihiga County to collect materials from the county education office to access scholarships for needy students.,
EDU_01881,Education,Ministry of Education announces distribution of free digital learning content to schools in Nyamira County this February.,
EDU_01882,Education,Notice: KUCCPS opens applications for revision guides for learners in Nakuru County.,
EDU_01883,Education,KNEC reminds needy students in Busia County that scholarships for needy students applications close soon.,
EDU_01884,Education,Notice: KMTC opens applications for free digital learning content for learners in Vihiga County.,
EDU_01885,Education,TSC announces distribution of revision guides to schools in Kajiado County this February.,
EDU_01886,Education,TVET reminds needy students in Busia County that free digital learning content applications close soon.,
EDU_01887,Education,KUCCPS advises students in Siaya County to collect materials from the county education office to access textbooks and learning materials.,
EDU_01888,Education,State Department for Basic Education reminds needy students in Embu County that scholarships for needy students applications close soon.,
EDU_01889,Education,TSC announces distribution of school laptops under the digital literacy programme to schools in Taita-Taveta County this June.,
EDU_01890,Education,KMTC announces distribution of school laptops under the digital literacy programme to schools in Tharaka-Nithi County this May.,
EDU_01891,Education,Notice: State Department for TVET opens applications for free digital learning content for learners in Tana River County.,
EDU_01892,Education,KNEC reminds needy students in Migori County that school laptops under the digital literacy programme applications close soon.,
EDU_01893,Education,KNEC advises students in Kiambu County to collect materials from the county education office to access scholarships for needy students.,
EDU_01894,Education,Ministry of Education advises students in Meru County to collect materials from the county education office to access textbooks and learning materials.,
EDU_01895,Education,Notice: Teachers Service Commission opens applications for textbooks and learning materials for learners in Samburu County.,
EDU_01896,Education,KICD advises students in Machakos County to apply through the online scholarship portal to access scholarships for needy students.,
EDU_01897,Education,KMTC reminds needy students in Taita-Taveta County that textbooks and learning materials applications close soon.,
EDU_01898,Education,Notice: HELB opens applications for school laptops under the digital literacy programme for learners in Nyandarua County.,
EDU_01899,Education,Teachers Service Commission announces distribution of scholarships for needy students to schools in Busia County this June.,
EDU_01900,Education,KICD reminds needy students in Tana River County that free digital learning content applications close soon.,
EDU_01901,Education,Ministry of Education reminds needy students in Machakos County that revision guides applications close soon.,
EDU_01902,Education,Ministry of Education announces distribution of scholarships for needy students to schools in Nandi County this October.,
EDU_01903,Education,State Department for TVET announces distribution of textbooks and learning materials to schools in Tharaka-Nithi County this June.,
EDU_01904,Education,KNEC announces distribution of free digital learning content to schools in Siaya County this December.,
EDU_01905,Education,Ministry of Education advises students in Isiolo County to register early to secure allocation to access scholarships for needy students.,
EDU_01906,Education,Kenya Institute of Curriculum Development announces distribution of free digital learning content to schools in Kiambu County this July.,
EDU_01907,Education,Universities Fund reminds needy students in Kilifi County that scholarships for needy students applications close soon.,
EDU_01908,Education,KNEC reminds needy students in Homa Bay County that revision guides applications close soon.,
EDU_01909,Education,Notice: KNEC opens applications for textbooks and learning materials for learners in Wajir County.,
EDU_01910,Education,State Department for TVET advises students in Trans Nzoia County to apply through the online scholarship portal to access free digital learning content.,
EDU_01911,Education,Notice: TVET opens applications for school laptops under the digital literacy programme for learners in Lamu County.,
EDU_01912,Education,Notice: Universities Fund opens applications for revision guides for learners in Wajir County.,
EDU_01913,Education,KICD announces distribution of school laptops under the digital literacy programme to schools in West Pokot County this December.,
EDU_01914,Education,TVET advises students in Tana River County to apply through the online scholarship portal to access scholarships for needy students.,
EDU_01915,Education,Notice: TVET opens applications for free digital learning content for learners in Meru County.,
EDU_01916,Education,KICD announces distribution of scholarships for needy students to schools in Migori County this February.,
EDU_01917,Education,TVET advises students in Vihiga County to register early to secure allocation to access scholarships for needy students.,
EDU_01918,Education,KNEC announces distribution of free digital learning content to schools in Wajir County this May.,
EDU_01919,Education,HELB announces distribution of school laptops under the digital literacy programme to schools in Narok County this June.,
EDU_01920,Education,TVET advises students in Wajir County to collect materials from the county education office to access textbooks and learning materials.,
EDU_01921,Education,Notice: KUCCPS opens applications for textbooks and learning materials for learners in Mombasa County.,
EDU_01922,Education,TSC announces distribution of free digital learning content to schools in Nandi County this May.,
EDU_01923,Education,Ministry of Education advises students in Busia County to register early to secure allocation to access scholarships for needy students.,
EDU_01924,Education,Notice: State Department for TVET opens applications for revision guides for learners in Busia County.,
EDU_01925,Education,State Department for TVET reminds needy students in West Pokot County that scholarships for needy students applications close soon.,
EDU_01926,Education,IEBC announces distribution of school laptops under the digital literacy programme to schools in Kericho County this March.,
EDU_01927,Education,Teachers Service Commission advises students in Bungoma County to register early to secure allocation to access textbooks and learning materials.,
EDU_01928,Education,Kenya Institute of Curriculum Development reminds needy students in Homa Bay County that revision guides applications close soon.,
EDU_01929,Education,State Department for TVET announces distribution of revision guides to schools in Kirinyaga County this May.,
EDU_01930,Education,State Department for Basic Education announces distribution of free digital learning content to schools in Tharaka-Nithi County this March.,
EDU_01931,Education,TSC announces distribution of free digital learning content to schools in Garissa County this April.,
EDU_01932,Education,Notice: KUCCPS opens applications for scholarships for needy students for learners in Embu County.,
EDU_01933,Education,KMTC reminds needy students in Kericho County that textbooks and learning materials applications close soon.,
EDU_01934,Education,Notice: KUCCPS opens applications for free digital learning content for learners in Kericho County.,
EDU_01935,Education,KUCCPS advises students in Nairobi County to collect materials from the county education office to access scholarships for needy students.,
EDU_01936,Education,State Department for TVET advises students in Laikipia County to apply through the online scholarship portal to access textbooks and learning materials.,
EDU_01937,Education,KUCCPS announces distribution of scholarships for needy students to schools in Murang'a County this April.,
EDU_01938,Education,HELB advises students in Kericho County to apply through the online scholarship portal to access school laptops under the digital literacy programme.,
EDU_01939,Education,Kenya Institute of Curriculum Development reminds needy students in Samburu County that scholarships for needy students applications close soon.,
EDU_01940,Education,TVET advises students in Nairobi County to register early to secure allocation to access revision guides.,
EDU_01941,Education,KICD reminds needy students in Nyamira County that school laptops under the digital literacy programme applications close soon.,
EDU_01942,Education,KNEC reminds needy students in Tana River County that school laptops under the digital literacy programme applications close soon.,
EDU_01943,Education,KMTC reminds needy students in Mandera County that free digital learning content applications close soon.,
EDU_01944,Education,KICD reminds needy students in Kiambu County that scholarships for needy students applications close soon.,
EDU_01945,Education,Ministry of Education announces distribution of free digital learning content to schools in Machakos County this April.,
EDU_01946,Education,Notice: KMTC opens applications for revision guides for learners in Lamu County.,
EDU_01947,Education,KUCCPS reminds needy students in Nyeri County that textbooks and learning materials applications close soon.,
EDU_01948,Education,Notice: KNEC opens applications for scholarships for needy students for learners in Meru County.,
EDU_01949,Education,Notice: TSC opens applications for revision guides for learners in Elgeyo-Marakwet County.,
EDU_01950,Education,TVET advises students in Meru County to register early to secure allocation to access school laptops under the digital literacy programme.,
EDU_01951,Education,TVET advises students in Bomet County to apply through the online scholarship portal to access textbooks and learning materials.,
EDU_01952,Education,Teachers Service Commission announces distribution of revision guides to schools in Bomet County this March.,
EDU_01953,Education,State Department for TVET advises students in Kisumu County to collect materials from the county education office to access textbooks and learning materials.,
EDU_01954,Education,Universities Fund reminds needy students in Kwale County that free digital learning content applications close soon.,
EDU_01955,Education,Notice: KUCCPS opens applications for scholarships for needy students for learners in Kisumu County.,
EDU_01956,Education,Teachers Service Commission reminds needy students in Kisumu County that free digital learning content applications close soon.,
EDU_01957,Education,Notice: TVET opens applications for free digital learning content for learners in Machakos County.,
EDU_01958,Education,KICD reminds needy students in Vihiga County that textbooks and learning materials applications close soon.,
EDU_01959,Education,KICD announces distribution of textbooks and learning materials to schools in Tharaka-Nithi County this June.,
EDU_01960,Education,Notice: IEBC opens applications for free digital learning content for learners in Baringo County.,
EDU_01961,Education,Notice: Ministry of Education opens applications for free digital learning content for learners in Laikipia County.,
EDU_01962,Education,Kenya Institute of Curriculum Development reminds needy students in West Pokot County that revision guides applications close soon.,
EDU_01963,Education,Notice: TVET opens applications for revision guides for learners in Nyeri County.,
EDU_01964,Education,HELB reminds needy students in Turkana County that school laptops under the digital literacy programme applications close soon.,
EDU_01965,Education,IEBC reminds needy students in Uasin Gishu County that free digital learning content applications close soon.,
EDU_01966,Education,Universities Fund advises students in Mombasa County to collect materials from the county education office to access revision guides.,
EDU_01967,Education,TVET announces distribution of scholarships for needy students to schools in Makueni County this September.,
EDU_01968,Education,Notice: KNEC opens applications for scholarships for needy students for learners in Isiolo County.,
EDU_01969,Education,Notice: State Department for Basic Education opens applications for textbooks and learning materials for learners in Garissa County.,
EDU_01970,Education,IEBC announces distribution of free digital learning content to schools in Murang'a County this October.,
EDU_01971,Education,Notice: KNEC opens applications for school laptops under the digital literacy programme for learners in Garissa County.,
EDU_01972,Education,KICD advises students in Kisii County to register early to secure allocation to access free digital learning content.,
EDU_01973,Education,Ministry of Education announces distribution of school laptops under the digital literacy programme to schools in Bungoma County this July.,
EDU_01974,Education,HELB reminds needy students in Trans Nzoia County that revision guides applications close soon.,
EDU_01975,Education,KMTC announces distribution of free digital learning content to schools in Kiambu County this December.,
EDU_01976,Education,Notice: TSC opens applications for school laptops under the digital literacy programme for learners in Nakuru County.,
EDU_01977,Education,KUCCPS advises students in Machakos County to collect materials from the county education office to access textbooks and learning materials.,
EDU_01978,Education,KMTC reminds needy students in Narok County that free digital learning content applications close soon.,
EDU_01979,Education,KMTC advises students in Migori County to register early to secure allocation to access textbooks and learning materials.,
EDU_01980,Education,KUCCPS announces distribution of school laptops under the digital literacy programme to schools in Kajiado County this February.,
EDU_01981,Education,Teachers Service Commission announces distribution of revision guides to schools in Kajiado County this October.,
EDU_01982,Education,State Department for Basic Education advises students in Kirinyaga County to register early to secure allocation to access school laptops under the digital literacy programme.,
EDU_01983,Education,Notice: KUCCPS opens applications for textbooks and learning materials for learners in Wajir County.,
EDU_01984,Education,IEBC reminds needy students in Murang'a County that school laptops under the digital literacy programme applications close soon.,
EDU_01985,Education,Teachers Service Commission advises students in Nakuru County to apply through the online scholarship portal to access free digital learning content.,
EDU_01986,Education,Notice: TVET opens applications for free digital learning content for learners in Embu County.,
EDU_01987,Education,Universities Fund announces distribution of textbooks and learning materials to schools in Narok County this July.,
EDU_01988,Education,Ministry of Education advises students in Elgeyo-Marakwet County to register early to secure allocation to access scholarships for needy students.,
EDU_01989,Education,Notice: KICD opens applications for textbooks and learning materials for learners in Kwale County.,
EDU_01990,Education,Universities Fund announces distribution of school laptops under the digital literacy programme to schools in Kwale County this April.,
EDU_01991,Education,Notice: Universities Fund opens applications for free digital learning content for learners in West Pokot County.,
EDU_01992,Education,Ministry of Education announces distribution of revision guides to schools in Mandera County this February.,
EDU_01993,Education,KNEC advises students in Lamu County to apply through the online scholarship portal to access scholarships for needy students.,
EDU_01994,Education,Kenya Institute of Curriculum Development announces distribution of revision guides to schools in Kilifi County this March.,
EDU_01995,Education,Notice: State Department for TVET opens applications for revision guides for learners in Lamu County.,
EDU_01996,Education,Universities Fund reminds needy students in Nandi County that textbooks and learning materials applications close soon.,
EDU_01997,Education,Teachers Service Commission advises students in Lamu County to register early to secure allocation to access revision guides.,
EDU_01998,Education,KMTC reminds needy students in Mombasa County that textbooks and learning materials applications close soon.,
EDU_01999,Education,KNEC announces distribution of scholarships for needy students to schools in Tharaka-Nithi County this November.,
EDU_02000,Education,KNEC reminds needy students in Embu County that textbooks and learning materials applications close soon.,
EDU_02001,Education,Notice: KNEC opens applications for free digital learning content for learners in Mandera County.,
EDU_02002,Education,State Department for Basic Education reminds needy students in Lamu County that free digital learning content applications close soon.,
EDU_02003,Education,Notice: KMTC opens applications for free digital learning content for learners in Trans Nzoia County.,
EDU_02004,Education,KICD announces distribution of textbooks and learning materials to schools in Nyeri County this February.,
EDU_02005,Education,HELB announces distribution of scholarships for needy students to schools in Kiambu County this June.,
EDU_02006,Education,TVET reminds needy students in Kirinyaga County that free digital learning content applications close soon.,
EDU_02007,Education,Teachers Service Commission reminds needy students in Marsabit County that textbooks and learning materials applications close soon.,
EDU_02008,Education,TVET advises students in Turkana County to apply through the online scholarship portal to access school laptops under the digital literacy programme.,
EDU_02009,Education,Kenya Institute of Curriculum Development announces distribution of revision guides to schools in Samburu County this February.,
EDU_02010,Education,IEBC reminds needy students in Bomet County that school laptops under the digital literacy programme applications close soon.,
EDU_02011,Education,Kenya Institute of Curriculum Development reminds needy students in Nandi County that free digital learning content applications close soon.,
EDU_02012,Education,Universities Fund advises students in Laikipia County to apply through the online scholarship portal to access free digital learning content.,
EDU_02013,Education,TVET advises students in Kericho County to register early to secure allocation to access revision guides.,
EDU_02014,Education,TVET advises students in Baringo County to apply through the online scholarship portal to access textbooks and learning materials.,
EDU_02015,Education,Notice: Universities Fund opens applications for free digital learning content for learners in Laikipia County.,
EDU_02016,Education,Notice: State Department for Basic Education opens applications for scholarships for needy students for learners in Wajir County.,
EDU_02017,Education,Notice: State Department for Basic Education opens applications for revision guides for learners in Narok County.,
EDU_02018,Education,KICD announces distribution of textbooks and learning materials to schools in Baringo County this December.,
EDU_02019,Education,Notice: TSC opens applications for free digital learning content for learners in Kericho County.,
EDU_02020,Education,TVET reminds needy students in Homa Bay County that scholarships for needy students applications close soon.,
EDU_02021,Education,HELB announces distribution of free digital learning content to schools in Siaya County this November.,
EDU_02022,Education,Notice: Kenya Institute of Curriculum Development opens applications for scholarships for needy students for learners in Murang'a County.,
EDU_02023,Education,TVET advises students in Garissa County to apply through the online scholarship portal to access scholarships for needy students.,
EDU_02024,Education,IEBC reminds needy students in Mandera County that scholarships for needy students applications close soon.,
EDU_02025,Education,Notice: KMTC opens applications for textbooks and learning materials for learners in Kirinyaga County.,
EDU_02026,Education,TVET advises students in Meru County to register early to secure allocation to access free digital learning content.,
EDU_02027,Education,Notice: KNEC opens applications for textbooks and learning materials for learners in Kwale County.,
EDU_02028,Education,Notice: KMTC opens applications for free digital learning content for learners in Uasin Gishu County.,
EDU_02029,Education,Ministry of Education advises students in Baringo County to collect materials from the county education office to access free digital learning content.,
EDU_02030,Education,Kenya Institute of Curriculum Development advises students in Bomet County to apply through the online scholarship portal to access scholarships for needy students.,
EDU_02031,Education,KICD announces distribution of scholarships for needy students to schools in Turkana County this June.,
EDU_02032,Education,Notice: Teachers Service Commission opens applications for scholarships for needy students for learners in Kitui County.,
EDU_02033,Education,Notice: KNEC opens applications for revision guides for learners in Kilifi County.,
EDU_02034,Education,Kenya Institute of Curriculum Development reminds needy students in Baringo County that revision guides applications close soon.,
EDU_02035,Education,KICD advises students in Nyamira County to apply through the online scholarship portal to access textbooks and learning materials.,
EDU_02036,Education,IEBC announces distribution of textbooks and learning materials to schools in Kilifi County this August.,
EDU_02037,Education,KNEC announces distribution of scholarships for needy students to schools in Kwale County this October.,
EDU_02038,Education,Teachers Service Commission reminds needy students in Lamu County that textbooks and learning materials applications close soon.,
EDU_02039,Education,Notice: State Department for TVET opens applications for school laptops under the digital literacy programme for learners in Garissa County.,
EDU_02040,Education,Notice: KICD opens applications for free digital learning content for learners in Nakuru County.,
EDU_02041,Education,Notice: TSC opens applications for scholarships for needy students for learners in Kwale County.,
EDU_02042,Education,State Department for TVET reminds needy students in Laikipia County that revision guides applications close soon.,
EDU_02043,Education,KNEC reminds needy students in Nyandarua County that school laptops under the digital literacy programme applications close soon.,
EDU_02044,Education,Teachers Service Commission advises students in Nyeri County to apply through the online scholarship portal to access school laptops under the digital literacy programme.,
EDU_02045,Education,Notice: TVET opens applications for school laptops under the digital literacy programme for learners in Bomet County.,
EDU_02046,Education,TSC announces distribution of revision guides to schools in Kwale County this February.,
EDU_02047,Education,Kenya Institute of Curriculum Development reminds needy students in Mombasa County that textbooks and learning materials applications close soon.,
EDU_02048,Education,State Department for Basic Education advises students in Baringo County to register early to secure allocation to access scholarships for needy students.,
EDU_02049,Education,Notice: HELB opens applications for textbooks and learning materials for learners in Kwale County.,
EDU_02050,Education,KNEC advises students in Samburu County to register early to secure allocation to access school laptops under the digital literacy programme.,
EDU_02051,Education,KICD reminds needy students in Makueni County that free digital learning content applications close soon.,
EDU_02052,Education,KICD advises students in Tana River County to register early to secure allocation to access textbooks and learning materials.,
EDU_02053,Education,Teachers Service Commission announces distribution of revision guides to schools in Baringo County this August.,
EDU_02054,Education,KNEC advises students in Trans Nzoia County to collect materials from the county education office to access textbooks and learning materials.,
EDU_02055,Education,Ministry of Education reminds needy students in Nyeri County that free digital learning content applications close soon.,
EDU_02056,Education,KICD announces distribution of free digital learning content to schools in Tharaka-Nithi County this January.,
EDU_02057,Education,Teachers Service Commission reminds needy students in Nyeri County that textbooks and learning materials applications close soon.,
EDU_02058,Education,TSC advises students in Makueni County to collect materials from the county education office to access school laptops under the digital literacy programme.,
EDU_02059,Education,Universities Fund announces distribution of school laptops under the digital literacy programme to schools in Wajir County this March.,
EDU_02060,Education,Notice: TVET opens applications for free digital learning content for learners in Taita-Taveta County.,
EDU_02061,Education,HELB announces distribution of school laptops under the digital literacy programme to schools in Nyandarua County this April.,
EDU_02062,Education,Notice: HELB opens applications for scholarships for needy students for learners in Nairobi County.,
EDU_02063,Education,Teachers Service Commission reminds needy students in Migori County that scholarships for needy students applications close soon.,
EDU_02064,Education,KMTC announces distribution of textbooks and learning materials to schools in Kisii County this June.,
EDU_02065,Education,KUCCPS reminds needy students in Murang'a County that textbooks and learning materials applications close soon.,
EDU_02066,Education,TSC advises students in Lamu County to apply through the online scholarship portal to access scholarships for needy students.,
EDU_02067,Education,TSC announces distribution of textbooks and learning materials to schools in Vihiga County this January.,
EDU_02068,Education,State Department for TVET announces distribution of free digital learning content to schools in Mombasa County this August.,
EDU_02069,Education,IEBC advises students in Trans Nzoia County to apply through the online scholarship portal to access revision guides.,
EDU_02070,Education,Teachers Service Commission announces distribution of textbooks and learning materials to schools in Kilifi County this June.,
EDU_02071,Education,TSC advises students in Migori County to apply through the online scholarship portal to access scholarships for needy students.,
EDU_02072,Education,Teachers Service Commission reminds needy students in Nandi County that textbooks and learning materials applications close soon.,
EDU_02073,Education,Notice: KMTC opens applications for scholarships for needy students for learners in Tharaka-Nithi County.,
EDU_02074,Education,State Department for Basic Education advises students in Elgeyo-Marakwet County to collect materials from the county education office to access free digital learning content.,
EDU_02075,Education,KICD announces distribution of revision guides to schools in Murang'a County this November.,
EDU_02076,Education,Notice: KNEC opens applications for free digital learning content for learners in Marsabit County.,
EDU_02077,Education,Notice: KMTC opens applications for textbooks and learning materials for learners in Kiambu County.,
EDU_02078,Education,Teachers Service Commission reminds needy students in Murang'a County that textbooks and learning materials applications close soon.,
EDU_02079,Education,Universities Fund reminds needy students in Mandera County that revision guides applications close soon.,
EDU_02080,Education,Notice: Ministry of Education opens applications for scholarships for needy students for learners in Kericho County.,
EDU_02081,Education,Notice: Ministry of Education opens applications for textbooks and learning materials for learners in Meru County.,
EDU_02082,Education,State Department for Basic Education advises students in Bomet County to apply through the online scholarship portal to access revision guides.,
EDU_02083,Education,Notice: Universities Fund opens applications for textbooks and learning materials for learners in Tana River County.,
EDU_02084,Education,Notice: KICD opens applications for revision guides for learners in Isiolo County.,
EDU_02085,Education,State Department for Basic Education announces distribution of scholarships for needy students to schools in Kwale County this August.,
EDU_02086,Education,KMTC announces distribution of revision guides to schools in Nakuru County this December.,
EDU_02087,Education,TVET announces distribution of school laptops under the digital literacy programme to schools in Migori County this November.,
EDU_02088,Education,State Department for Basic Education advises students in Makueni County to collect materials from the county education office to access textbooks and learning materials.,
EDU_02089,Education,KNEC advises students in Nyamira County to collect materials from the county education office to access school laptops under the digital literacy programme.,
EDU_02090,Education,Kenya Institute of Curriculum Development reminds needy students in Makueni County that scholarships for needy students applications close soon.,
EDU_02091,Education,KNEC reminds needy students in Vihiga County that free digital learning content applications close soon.,
EDU_02092,Education,Notice: State Department for TVET opens applications for free digital learning content for learners in Nyeri County.,
EDU_02093,Education,Ministry of Education reminds needy students in Samburu County that revision guides applications close soon.,
EDU_02094,Education,State Department for TVET advises students in Kirinyaga County to apply through the online scholarship portal to access school laptops under the digital literacy programme.,
EDU_02095,Education,State Department for Basic Education reminds needy students in West Pokot County that school laptops under the digital literacy programme applications close soon.,
EDU_02096,Education,TVET reminds needy students in Kitui County that scholarships for needy students applications close soon.,
EDU_02097,Education,Notice: KICD opens applications for revision guides for learners in Samburu County.,
EDU_02098,Education,KUCCPS announces distribution of scholarships for needy students to schools in Wajir County this January.,
EDU_02099,Education,Kenya Institute of Curriculum Development announces distribution of scholarships for needy students to schools in Isiolo County this June.,
EDU_02100,Education,Notice: IEBC opens applications for school laptops under the digital literacy programme for learners in Tharaka-Nithi County.,
EDU_02101,Education,TSC announces distribution of revision guides to schools in Elgeyo-Marakwet County this January.,
EDU_02102,Education,KUCCPS advises students in Siaya County to collect materials from the county education office to access scholarships for needy students.,
EDU_02103,Education,Kenya Institute of Curriculum Development announces distribution of school laptops under the digital literacy programme to schools in Kakamega County this March.,
EDU_02104,Education,State Department for Basic Education advises students in Homa Bay County to collect materials from the county education office to access school laptops under the digital literacy programme.,
EDU_02105,Education,TSC advises students in Migori County to apply through the online scholarship portal to access free digital learning content.,
EDU_02106,Education,State Department for Basic Education advises students in Tana River County to register early to secure allocation to access textbooks and learning materials.,
EDU_02107,Education,Notice: HELB opens applications for revision guides for learners in Migori County.,
EDU_02108,Education,Notice: KNEC opens applications for revision guides for learners in Marsabit County.,
EDU_02109,Education,Notice: KUCCPS opens applications for school laptops under the digital literacy programme for learners in Migori County.,
EDU_02110,Education,Teachers Service Commission announces distribution of scholarships for needy students to schools in Nakuru County this October.,
EDU_02111,Education,IEBC reminds needy students in Makueni County that scholarships for needy students applications close soon.,
EDU_02112,Education,Notice: IEBC opens applications for school laptops under the digital literacy programme for learners in Busia County.,
EDU_02113,Education,KUCCPS announces distribution of textbooks and learning materials to schools in Nandi County this December.,
EDU_02114,Education,Kenya Institute of Curriculum Development announces distribution of textbooks and learning materials to schools in Nyamira County this May.,
EDU_02115,Education,IEBC reminds needy students in Garissa County that textbooks and learning materials applications close soon.,
EDU_02116,Education,KMTC advises students in Marsabit County to apply through the online scholarship portal to access scholarships for needy students.,
EDU_02117,Education,HELB advises students in Bungoma County to register early to secure allocation to access school laptops under the digital literacy programme.,
EDU_02118,Education,Kenya Institute of Curriculum Development advises students in Samburu County to collect materials from the county education office to access school laptops under the digital literacy programme.,
EDU_02119,Education,Notice: IEBC opens applications for scholarships for needy students for learners in Kwale County.,
EDU_02120,Education,KNEC announces distribution of scholarships for needy students to schools in Nairobi County this July.,
EDU_02121,Education,Notice: TSC opens applications for revision guides for learners in Taita-Taveta County.,
EDU_02122,Education,HELB reminds needy students in Narok County that free digital learning content applications close soon.,
EDU_02123,Education,State Department for Basic Education announces distribution of textbooks and learning materials to schools in Mombasa County this March.,
EDU_02124,Education,Ministry of Education advises students in Laikipia County to register early to secure allocation to access scholarships for needy students.,
EDU_02125,Education,Notice: TVET opens applications for revision guides for learners in Turkana County.,
EDU_02126,Education,Kenya Institute of Curriculum Development advises students in Uasin Gishu County to collect materials from the county education office to access school laptops under the digital literacy programme.,
EDU_02127,Education,HELB advises students in Busia County to register early to secure allocation to access scholarships for needy students.,
EDU_02128,Education,Notice: HELB opens applications for school laptops under the digital literacy programme for learners in Kitui County.,
EDU_02129,Education,IEBC advises students in Mandera County to register early to secure allocation to access school laptops under the digital literacy programme.,
EDU_02130,Education,TVET advises students in Uasin Gishu County to apply through the online scholarship portal to access revision guides.,
EDU_02131,Education,KMTC announces distribution of free digital learning content to schools in Turkana County this February.,
EDU_02132,Education,KUCCPS announces distribution of school laptops under the digital literacy programme to schools in Samburu County this January.,
EDU_02133,Education,Teachers Service Commission reminds needy students in Isiolo County that scholarships for needy students applications close soon.,
EDU_02134,Education,KICD advises students in Siaya County to collect materials from the county education office to access revision guides.,
EDU_02135,Education,Teachers Service Commission reminds needy students in Kiambu County that school laptops under the digital literacy programme applications close soon.,
EDU_02136,Education,State Department for Basic Education announces distribution of textbooks and learning materials to schools in Turkana County this August.,
EDU_02137,Education,Ministry of Education announces distribution of free digital learning content to schools in Turkana County this March.,
EDU_02138,Education,TSC advises students in Bomet County to apply through the online scholarship portal to access textbooks and learning materials.,
EDU_02139,Education,Notice: Ministry of Education opens applications for textbooks and learning materials for learners in Laikipia County.,
EDU_02140,Education,Kenya Institute of Curriculum Development advises students in Nandi County to apply through the online scholarship portal to access free digital learning content.,
EDU_02141,Education,HELB reminds needy students in Nyandarua County that scholarships for needy students applications close soon.,
EDU_02142,Education,Notice: Ministry of Education opens applications for school laptops under the digital literacy programme for learners in Isiolo County.,
EDU_02143,Education,Notice: TVET opens applications for free digital learning content for learners in Siaya County.,
EDU_02144,Education,State Department for TVET advises students in Kericho County to apply through the online scholarship portal to access free digital learning content.,
EDU_02145,Education,Kenya Institute of Curriculum Development announces distribution of free digital learning content to schools in Marsabit County this March.,
EDU_02146,Education,TSC reminds needy students in Isiolo County that revision guides applications close soon.,
EDU_02147,Education,Notice: State Department for Basic Education opens applications for revision guides for learners in Meru County.,
EDU_02148,Education,Notice: TVET opens applications for textbooks and learning materials for learners in Uasin Gishu County.,
EDU_02149,Education,HELB advises students in Lamu County to register early to secure allocation to access revision guides.,
EDU_02150,Education,State Department for Basic Education reminds needy students in Wajir County that scholarships for needy students applications close soon.,
EDU_02151,Education,Teachers Service Commission reminds needy students in Busia County that textbooks and learning materials applications close soon.,
EDU_02152,Education,HELB advises students in Mombasa County to register early to secure allocation to access revision guides.,
EDU_02153,Education,Teachers Service Commission announces distribution of revision guides to schools in Elgeyo-Marakwet County this January.,
EDU_02154,Education,Notice: TSC opens applications for free digital learning content for learners in Baringo County.,
EDU_02155,Education,Teachers Service Commission advises students in Nairobi County to apply through the online scholarship portal to access free digital learning content.,
EDU_02156,Education,Ministry of Education announces distribution of revision guides to schools in Nandi County this September.,
EDU_02157,Education,Kenya Institute of Curriculum Development reminds needy students in Kisumu County that revision guides applications close soon.,
EDU_02158,Education,State Department for Basic Education reminds needy students in Kiambu County that revision guides applications close soon.,
EDU_02159,Education,Notice: Ministry of Education opens applications for revision guides for learners in Vihiga County.,
EDU_02160,Education,KNEC announces distribution of scholarships for needy students to schools in Kiambu County this January.,
EDU_02161,Education,KUCCPS reminds needy students in Machakos County that school laptops under the digital literacy programme applications close soon.,
EDU_02162,Education,Notice: KICD opens applications for school laptops under the digital literacy programme for learners in Trans Nzoia County.,
EDU_02163,Education,Universities Fund advises students in Elgeyo-Marakwet County to register early to secure allocation to access free digital learning content.,
EDU_02164,Education,KNEC announces distribution of free digital learning content to schools in Kisii County this March.,
EDU_02165,Education,Notice: Teachers Service Commission opens applications for revision guides for learners in Kitui County.,
EDU_02166,Education,Notice: Teachers Service Commission opens applications for free digital learning content for learners in Homa Bay County.,
EDU_02167,Education,Notice: State Department for TVET opens applications for school laptops under the digital literacy programme for learners in Marsabit County.,
EDU_02168,Education,KNEC reminds needy students in Homa Bay County that scholarships for needy students applications close soon.,
EDU_02169,Education,KMTC advises students in Kakamega County to collect materials from the county education office to access free digital learning content.,
EDU_02170,Education,Kenya Institute of Curriculum Development reminds needy students in Makueni County that school laptops under the digital literacy programme applications close soon.,
EDU_02171,Education,TVET reminds needy students in Narok County that scholarships for needy students applications close soon.,
EDU_02172,Education,Notice: Kenya Institute of Curriculum Development opens applications for free digital learning content for learners in Nyandarua County.,
EDU_02173,Education,Ministry of Education announces distribution of school laptops under the digital literacy programme to schools in Trans Nzoia County this November.,
EDU_02174,Education,KICD reminds needy students in Marsabit County that scholarships for needy students applications close soon.,
EDU_02175,Education,Universities Fund announces distribution of textbooks and learning materials to schools in Nandi County this October.,
EDU_02176,Education,Universities Fund reminds needy students in Busia County that textbooks and learning materials applications close soon.,
EDU_02177,Education,Kenya Institute of Curriculum Development reminds needy students in Tana River County that textbooks and learning materials applications close soon.,
EDU_02178,Education,Notice: TVET opens applications for school laptops under the digital literacy programme for learners in Embu County.,
EDU_02179,Education,Notice: State Department for Basic Education opens applications for revision guides for learners in Migori County.,
EDU_02180,Education,KNEC advises students in Machakos County to apply through the online scholarship portal to access revision guides.,
EDU_02181,Education,Notice: Kenya Institute of Curriculum Development opens applications for free digital learning content for learners in Mombasa County.,
EDU_02182,Education,KICD reminds needy students in Vihiga County that school laptops under the digital literacy programme applications close soon.,
EDU_02183,Education,Notice: TSC opens applications for scholarships for needy students for learners in Narok County.,
EDU_02184,Education,Teachers Service Commission reminds needy students in Vihiga County that school laptops under the digital literacy programme applications close soon.,
EDU_02185,Education,Teachers Service Commission advises students in Tana River County to collect materials from the county education office to access textbooks and learning materials.,
EDU_02186,Education,State Department for Basic Education advises students in Nakuru County to collect materials from the county education office to access textbooks and learning materials.,
EDU_02187,Education,Kenya Institute of Curriculum Development reminds needy students in Meru County that textbooks and learning materials applications close soon.,
EDU_02188,Education,Ministry of Education advises students in Kwale County to collect materials from the county education office to access scholarships for needy students.,
EDU_02189,Education,Notice: Teachers Service Commission opens applications for scholarships for needy students for learners in Vihiga County.,
EDU_02190,Education,KUCCPS advises students in Nyamira County to collect materials from the county education office to access textbooks and learning materials.,
EDU_02191,Education,State Department for TVET reminds needy students in Kwale County that revision guides applications close soon.,
EDU_02192,Education,KMTC announces distribution of revision guides to schools in Kiambu County this August.,
EDU_02193,Education,State Department for TVET advises students in Kisumu County to register early to secure allocation to access free digital learning content.,
EDU_02194,Education,Ministry of Education advises students in Tharaka-Nithi County to apply through the online scholarship portal to access free digital learning content.,
EDU_02195,Education,State Department for Basic Education reminds needy students in Kisumu County that textbooks and learning materials applications close soon.,
EDU_02196,Education,Notice: State Department for TVET opens applications for scholarships for needy students for learners in Nairobi County.,
EDU_02197,Education,KMTC reminds needy students in Nairobi County that free digital learning content applications close soon.,
EDU_02198,Education,Teachers Service Commission reminds needy students in Kilifi County that free digital learning content applications close soon.,
EDU_02199,Education,Kenya Institute of Curriculum Development announces distribution of free digital learning content to schools in Nyandarua County this July.,
EDU_02200,Education,Notice: Teachers Service Commission opens applications for school laptops under the digital literacy programme for learners in Machakos County.,
EDU_02201,Education,Ministry of Education announces distribution of revision guides to schools in Nyandarua County this December.,
EDU_02202,Education,IEBC announces distribution of scholarships for needy students to schools in Homa Bay County this August.,
EDU_02203,Education,Notice: HELB opens applications for school laptops under the digital literacy programme for learners in Samburu County.,
EDU_02204,Education,KICD announces distribution of school laptops under the digital literacy programme to schools in Nairobi County this November.,
EDU_02205,Education,Universities Fund advises students in Kisii County to apply through the online scholarship portal to access school laptops under the digital literacy programme.,
EDU_02206,Education,State Department for Basic Education announces distribution of school laptops under the digital literacy programme to schools in Laikipia County this December.,
EDU_02207,Education,Notice: KMTC opens applications for scholarships for needy students for learners in Mombasa County.,
EDU_02208,Education,Notice: State Department for Basic Education opens applications for school laptops under the digital literacy programme for learners in Narok County.,
EDU_02209,Education,Universities Fund announces distribution of revision guides to schools in Marsabit County this May.,
EDU_02210,Education,KNEC reminds needy students in Lamu County that textbooks and learning materials applications close soon.,
EDU_02211,Education,Universities Fund reminds needy students in West Pokot County that free digital learning content applications close soon.,
EDU_02212,Education,Notice: TSC opens applications for revision guides for learners in Nairobi County.,
EDU_02213,Education,KUCCPS reminds needy students in Uasin Gishu County that scholarships for needy students applications close soon.,
EDU_02214,Education,TSC advises students in Siaya County to apply through the online scholarship portal to access textbooks and learning materials.,
EDU_02215,Education,TVET advises students in Vihiga County to apply through the online scholarship portal to access textbooks and learning materials.,
EDU_02216,Education,Notice: TVET opens applications for school laptops under the digital literacy programme for learners in Kwale County.,
EDU_02217,Education,HELB announces distribution of free digital learning content to schools in Mandera County this November.,
EDU_02218,Education,Notice: IEBC opens applications for scholarships for needy students for learners in Nyandarua County.,
EDU_02219,Education,Notice: State Department for TVET opens applications for free digital learning content for learners in Baringo County.,
EDU_02220,Education,Notice: KMTC opens applications for free digital learning content for learners in Homa Bay County.,
EDU_02221,Education,KICD reminds needy students in Kisii County that school laptops under the digital literacy programme applications close soon.,
EDU_02222,Education,KNEC announces distribution of revision guides to schools in Murang'a County this July.,
EDU_02223,Education,TVET advises students in Taita-Taveta County to register early to secure allocation to access school laptops under the digital literacy programme.,
EDU_02224,Education,Notice: State Department for Basic Education opens applications for school laptops under the digital literacy programme for learners in Nandi County.,
EDU_02225,Education,Teachers Service Commission reminds needy students in Homa Bay County that school laptops under the digital literacy programme applications close soon.,
EDU_02226,Education,Notice: KMTC opens applications for school laptops under the digital literacy programme for learners in Laikipia County.,
EDU_02227,Education,State Department for TVET reminds needy students in Makueni County that school laptops under the digital literacy programme applications close soon.,
EDU_02228,Education,Universities Fund announces distribution of free digital learning content to schools in Turkana County this March.,
EDU_02229,Education,Notice: KMTC opens applications for revision guides for learners in Kisumu County.,
EDU_02230,Education,KNEC reminds needy students in Kiambu County that textbooks and learning materials applications close soon.,
EDU_02231,Education,Kenya Institute of Curriculum Development announces distribution of scholarships for needy students to schools in West Pokot County this January.,
EDU_02232,Education,KUCCPS reminds needy students in Baringo County that scholarships for needy students applications close soon.,
EDU_02233,Education,Notice: KUCCPS opens applications for school laptops under the digital literacy programme for learners in Isiolo County.,
EDU_02234,Education,KICD announces distribution of scholarships for needy students to schools in Kisii County this September.,
EDU_02235,Education,State Department for TVET announces distribution of revision guides to schools in Bungoma County this March.,
EDU_02236,Education,Teachers Service Commission reminds needy students in Migori County that revision guides applications close soon.,
EDU_02237,Education,Teachers Service Commission reminds needy students in Migori County that free digital learning content applications close soon.,
EDU_02238,Education,State Department for TVET announces distribution of scholarships for needy students to schools in Laikipia County this March.,
EDU_02239,Education,KMTC reminds needy students in Elgeyo-Marakwet County that revision guides applications close soon.,
EDU_02240,Education,HELB announces distribution of scholarships for needy students to schools in Isiolo County this February.,
EDU_02241,Education,Ministry of Education advises students in Tharaka-Nithi County to register early to secure allocation to access revision guides.,
EDU_02242,Education,TVET advises students in Machakos County to apply through the online scholarship portal to access free digital learning content.,
EDU_02243,Education,TSC announces distribution of free digital learning content to schools in Narok County this May.,
EDU_02244,Education,State Department for Basic Education reminds needy students in Makueni County that revision guides applications close soon.,
EDU_02245,Education,Notice: State Department for Basic Education opens applications for scholarships for needy students for learners in Kajiado County.,
EDU_02246,Education,Notice: KUCCPS opens applications for scholarships for needy students for learners in Kisii County.,
EDU_02247,Education,TVET advises students in Trans Nzoia County to apply through the online scholarship portal to access scholarships for needy students.,
EDU_02248,Education,Notice: HELB opens applications for school laptops under the digital literacy programme for learners in Uasin Gishu County.,
EDU_02249,Education,Notice: State Department for Basic Education opens applications for revision guides for learners in Baringo County.,
EDU_02250,Education,State Department for Basic Education advises students in Lamu County to register early to secure allocation to access revision guides.,
EDU_02251,Education,KICD advises students in Narok County to register early to secure allocation to access free digital learning content.,
EDU_02252,Education,State Department for Basic Education advises students in Turkana County to register early to secure allocation to access school laptops under the digital literacy programme.,
EDU_02253,Education,HELB reminds needy students in Homa Bay County that revision guides applications close soon.,
EDU_02254,Education,Notice: IEBC opens applications for scholarships for needy students for learners in Kericho County.,
EDU_02255,Education,Kenya Institute of Curriculum Development announces distribution of textbooks and learning materials to schools in Kisumu County this September.,
EDU_02256,Education,Notice: KICD opens applications for free digital learning content for learners in Samburu County.,
EDU_02257,Education,Teachers Service Commission announces distribution of scholarships for needy students to schools in Elgeyo-Marakwet County this March.,
EDU_02258,Education,TVET reminds needy students in Kirinyaga County that school laptops under the digital literacy programme applications close soon.,
EDU_02259,Education,IEBC reminds needy students in Isiolo County that textbooks and learning materials applications close soon.,
EDU_02260,Education,State Department for TVET advises students in Kajiado County to collect materials from the county education office to access free digital learning content.,
EDU_02261,Education,HELB reminds needy students in Elgeyo-Marakwet County that revision guides applications close soon.,
EDU_02262,Education,TSC announces distribution of school laptops under the digital literacy programme to schools in Mombasa County this March.,
EDU_02263,Education,TVET announces distribution of revision guides to schools in Tana River County this November.,
EDU_02264,Education,Notice: KMTC opens applications for textbooks and learning materials for learners in Nairobi County.,
EDU_02265,Education,HELB announces distribution of school laptops under the digital literacy programme to schools in Kericho County this November.,
EDU_02266,Education,TSC advises students in Mandera County to register early to secure allocation to access scholarships for needy students.,
EDU_02267,Education,TVET announces distribution of scholarships for needy students to schools in Kilifi County this November.,
EDU_02268,Education,Notice: IEBC opens applications for scholarships for needy students for learners in Samburu County.,
EDU_02269,Education,Notice: State Department for TVET opens applications for textbooks and learning materials for learners in Kisii County.,
EDU_02270,Education,TSC announces distribution of school laptops under the digital literacy programme to schools in Trans Nzoia County this June.,
EDU_02271,Education,KICD advises students in Turkana County to apply through the online scholarship portal to access revision guides.,
EDU_02272,Education,Notice: HELB opens applications for school laptops under the digital literacy programme for learners in Nairobi County.,
EDU_02273,Education,State Department for Basic Education advises students in Machakos County to apply through the online scholarship portal to access revision guides.,
EDU_02274,Education,Notice: Ministry of Education opens applications for school laptops under the digital literacy programme for learners in Machakos County.,
EDU_02275,Education,Notice: State Department for Basic Education opens applications for scholarships for needy students for learners in Bungoma County.,
EDU_02276,Education,KICD announces distribution of free digital learning content to schools in Nyandarua County this March.,
EDU_02277,Education,KNEC advises students in Kajiado County to collect materials from the county education office to access textbooks and learning materials.,
EDU_02278,Education,Kenya Institute of Curriculum Development announces distribution of free digital learning content to schools in Nyandarua County this June.,
EDU_02279,Education,IEBC advises students in Machakos County to apply through the online scholarship portal to access revision guides.,
EDU_02280,Education,Ministry of Education reminds needy students in Mandera County that scholarships for needy students applications close soon.,
EDU_02281,Education,KNEC announces distribution of free digital learning content to schools in Tharaka-Nithi County this February.,
EDU_02282,Education,Kenya Institute of Curriculum Development announces distribution of revision guides to schools in Laikipia County this February.,
EDU_02283,Education,HELB advises students in Migori County to apply through the online scholarship portal to access textbooks and learning materials.,
EDU_02284,Education,Kenya Institute of Curriculum Development reminds needy students in Siaya County that textbooks and learning materials applications close soon.,
EDU_02285,Education,State Department for TVET reminds needy students in Turkana County that scholarships for needy students applications close soon.,
EDU_02286,Education,State Department for TVET reminds needy students in Lamu County that textbooks and learning materials applications close soon.,
EDU_02287,Education,State Department for Basic Education reminds needy students in Laikipia County that scholarships for needy students applications close soon.,
EDU_02288,Education,Notice: KNEC opens applications for scholarships for needy students for learners in Bomet County.,
EDU_02289,Education,TSC reminds needy students in Meru County that school laptops under the digital literacy programme applications close soon.,
EDU_02290,Education,TSC reminds needy students in Kiambu County that textbooks and learning materials applications close soon.,
EDU_02291,Education,Teachers Service Commission advises students in Kakamega County to register early to secure allocation to access textbooks and learning materials.,
EDU_02292,Education,Notice: KUCCPS opens applications for free digital learning content for learners in Baringo County.,
EDU_02293,Education,TSC advises students in Turkana County to apply through the online scholarship portal to access free digital learning content.,
EDU_02294,Education,Notice: KMTC opens applications for textbooks and learning materials for learners in Kitui County.,
EDU_02295,Education,State Department for TVET announces distribution of revision guides to schools in Isiolo County this August.,
EDU_02296,Education,Notice: Universities Fund opens applications for school laptops under the digital literacy programme for learners in Meru County.,
EDU_02297,Education,HELB reminds needy students in Embu County that revision guides applications close soon.,
EDU_02298,Education,KMTC announces distribution of revision guides to schools in Mandera County this October.,
EDU_02299,Education,HELB announces distribution of revision guides to schools in Nandi County this February.,
EDU_02300,Education,KUCCPS announces distribution of revision guides to schools in Nandi County this June.,
EDU_02301,Education,TVET advises students in Kisii County to collect materials from the county education office to access scholarships for needy students.,
EDU_02302,Education,KNEC announces distribution of free digital learning content to schools in Meru County this February.,
EDU_02303,Education,KICD reminds needy students in Meru County that free digital learning content applications close soon.,
EDU_02304,Education,KMTC reminds needy students in Kisumu County that scholarships for needy students applications close soon.,
EDU_02305,Education,Ministry of Education announces distribution of scholarships for needy students to schools in Mombasa County this December.,
EDU_02306,Education,Notice: HELB opens applications for textbooks and learning materials for learners in Trans Nzoia County.,
EDU_02307,Education,KNEC reminds needy students in Nyeri County that textbooks and learning materials applications close soon.,
EDU_02308,Education,IEBC advises students in Kakamega County to apply through the online scholarship portal to access revision guides.,
EDU_02309,Education,Notice: KUCCPS opens applications for free digital learning content for learners in Isiolo County.,
EDU_02310,Education,Kenya Institute of Curriculum Development announces distribution of textbooks and learning materials to schools in Siaya County this March.,
EDU_02311,Education,State Department for TVET reminds needy students in Nyamira County that textbooks and learning materials applications close soon.,
EDU_02312,Education,Universities Fund reminds needy students in Murang'a County that school laptops under the digital literacy programme applications close soon.,
EDU_02313,Education,Ministry of Education announces distribution of textbooks and learning materials to schools in Bungoma County this April.,
EDU_02314,Education,Notice: HELB opens applications for free digital learning content for learners in Kilifi County.,
EDU_02315,Education,Ministry of Education announces distribution of textbooks and learning materials to schools in Homa Bay County this July.,
EDU_02316,Education,State Department for Basic Education advises students in Narok County to register early to secure allocation to access school laptops under the digital literacy programme.,
EDU_02317,Education,Kenya Institute of Curriculum Development reminds needy students in Kiambu County that school laptops under the digital literacy programme applications close soon.,
EDU_02318,Education,Notice: Universities Fund opens applications for school laptops under the digital literacy programme for learners in Uasin Gishu County.,
EDU_02319,Education,Universities Fund advises students in Homa Bay County to register early to secure allocation to access school laptops under the digital literacy programme.,
EDU_02320,Education,HELB announces distribution of school laptops under the digital literacy programme to schools in Nyeri County this May.,
EDU_02321,Education,HELB advises students in Meru County to collect materials from the county education office to access scholarships for needy students.,
EDU_02322,Education,Notice: KICD opens applications for revision guides for learners in Homa Bay County.,
EDU_02323,Education,Notice: KMTC opens applications for scholarships for needy students for learners in Lamu County.,
EDU_02324,Education,IEBC reminds needy students in Tharaka-Nithi County that free digital learning content applications close soon.,
EDU_02325,Education,State Department for Basic Education reminds needy students in Nakuru County that scholarships for needy students applications close soon.,
EDU_02326,Education,KMTC announces distribution of free digital learning content to schools in Narok County this June.,
EDU_02327,Education,State Department for TVET reminds needy students in Kakamega County that school laptops under the digital literacy programme applications close soon.,
EDU_02328,Education,Notice: IEBC opens applications for revision guides for learners in Kakamega County.,
EDU_02329,Education,State Department for Basic Education reminds needy students in Uasin Gishu County that free digital learning content applications close soon.,
EDU_02330,Education,IEBC advises students in Kitui County to apply through the online scholarship portal to access scholarships for needy students.,
EDU_02331,Education,TVET advises students in Trans Nzoia County to register early to secure allocation to access scholarships for needy students.,
EDU_02332,Education,Notice: KICD opens applications for free digital learning content for learners in Mandera County.,
EDU_02333,Education,KUCCPS advises students in Mandera County to register early to secure allocation to access free digital learning content.,
EDU_02334,Education,Notice: State Department for Basic Education opens applications for revision guides for learners in Turkana County.,
EDU_02335,Education,Notice: KMTC opens applications for school laptops under the digital literacy programme for learners in Nairobi County.,
EDU_02336,Education,HELB advises students in Nakuru County to apply through the online scholarship portal to access school laptops under the digital literacy programme.,
EDU_02337,Education,Notice: TSC opens applications for school laptops under the digital literacy programme for learners in Nyeri County.,
EDU_02338,Education,Notice: HELB opens applications for revision guides for learners in Tana River County.,
EDU_02339,Education,Ministry of Education reminds needy students in Kericho County that textbooks and learning materials applications close soon.,
EDU_02340,Education,KUCCPS reminds needy students in Meru County that revision guides applications close soon.,
EDU_02341,Education,TSC advises students in Kwale County to collect materials from the county education office to access textbooks and learning materials.,
EDU_02342,Education,KNEC advises students in Homa Bay County to apply through the online scholarship portal to access revision guides.,
EDU_02343,Education,TVET advises students in Siaya County to apply through the online scholarship portal to access free digital learning content.,
EDU_02344,Education,Notice: TVET opens applications for revision guides for learners in Trans Nzoia County.,
EDU_02345,Education,Notice: Ministry of Education opens applications for revision guides for learners in Baringo County.,
EDU_02346,Education,Notice: HELB opens applications for revision guides for learners in Bungoma County.,
EDU_02347,Education,Universities Fund reminds needy students in Embu County that scholarships for needy students applications close soon.,
EDU_02348,Education,State Department for TVET reminds needy students in Baringo County that revision guides applications close soon.,
EDU_02349,Education,Ministry of Education announces distribution of textbooks and learning materials to schools in Nandi County this September.,
EDU_02350,Education,Notice: KNEC opens applications for school laptops under the digital literacy programme for learners in Trans Nzoia County.,
EDU_02351,Education,TVET reminds needy students in Kirinyaga County that revision guides applications close soon.,
EDU_02352,Education,State Department for TVET advises students in Migori County to register early to secure allocation to access revision guides.,
EDU_02353,Education,Notice: HELB opens applications for revision guides for learners in Kajiado County.,
EDU_02354,Education,KICD advises students in Turkana County to register early to secure allocation to access free digital learning content.,
EDU_02355,Education,Notice: State Department for Basic Education opens applications for scholarships for needy students for learners in Vihiga County.,
EDU_02356,Education,KUCCPS reminds needy students in Kakamega County that textbooks and learning materials applications close soon.,
EDU_02357,Education,State Department for TVET reminds needy students in Kakamega County that textbooks and learning materials applications close soon.,
EDU_02358,Education,State Department for Basic Education advises students in Nandi County to collect materials from the county education office to access textbooks and learning materials.,
EDU_02359,Education,KICD advises students in Kirinyaga County to register early to secure allocation to access school laptops under the digital literacy programme.,
EDU_02360,Education,Kenya Institute of Curriculum Development advises students in Tana River County to collect materials from the county education office to access scholarships for needy students.,
EDU_02361,Education,HELB advises students in Migori County to collect materials from the county education office to access textbooks and learning materials.,
EDU_02362,Education,Notice: State Department for TVET opens applications for free digital learning content for learners in Uasin Gishu County.,
EDU_02363,Education,State Department for Basic Education announces distribution of revision guides to schools in Garissa County this May.,
EDU_02364,Education,TSC reminds needy students in Kericho County that school laptops under the digital literacy programme applications close soon.,
EDU_02365,Education,KUCCPS reminds needy students in Narok County that school laptops under the digital literacy programme applications close soon.,
EDU_02366,Education,TVET reminds needy students in Isiolo County that scholarships for needy students applications close soon.,
EDU_02367,Education,Notice: Ministry of Education opens applications for revision guides for learners in Machakos County.,
EDU_02368,Education,Notice: TSC opens applications for revision guides for learners in Kajiado County.,
EDU_02369,Education,Notice: State Department for TVET opens applications for scholarships for needy students for learners in Taita-Taveta County.,
EDU_02370,Education,Notice: Ministry of Education opens applications for textbooks and learning materials for learners in Bomet County.,
EDU_02371,Education,KMTC advises students in Garissa County to register early to secure allocation to access textbooks and learning materials.,
EDU_02372,Education,TSC announces distribution of textbooks and learning materials to schools in Trans Nzoia County this October.,
EDU_02373,Education,Notice: Kenya Institute of Curriculum Development opens applications for free digital learning content for learners in Uasin Gishu County.,
EDU_02374,Education,KICD advises students in Embu County to register early to secure allocation to access school laptops under the digital literacy programme.,
EDU_02375,Education,KICD advises students in Busia County to apply through the online scholarship portal to access free digital learning content.,
EDU_02376,Education,KUCCPS advises students in Kwale County to apply through the online scholarship portal to access school laptops under the digital literacy programme.,
EDU_02377,Education,Universities Fund announces distribution of free digital learning content to schools in West Pokot County this March.,
EDU_02378,Education,KICD announces distribution of revision guides to schools in Marsabit County this April.,
EDU_02379,Education,State Department for Basic Education announces distribution of free digital learning content to schools in Marsabit County this April.,
EDU_02380,Education,HELB advises students in Trans Nzoia County to register early to secure allocation to access textbooks and learning materials.,
EDU_02381,Education,KNEC announces distribution of revision guides to schools in Mombasa County this October.,
EDU_02382,Education,TSC advises students in Isiolo County to apply through the online scholarship portal to access free digital learning content.,
EDU_02383,Education,TSC advises students in Bomet County to collect materials from the county education office to access school laptops under the digital literacy programme.,
EDU_02384,Education,Ministry of Education advises students in Wajir County to collect materials from the county education office to access revision guides.,
EDU_02385,Education,KMTC announces distribution of school laptops under the digital literacy programme to schools in Machakos County this February.,
EDU_02386,Education,KICD reminds needy students in Murang'a County that revision guides applications close soon.,
EDU_02387,Education,Ministry of Education announces distribution of free digital learning content to schools in Kisii County this January.,
EDU_02388,Education,Kenya Institute of Curriculum Development announces distribution of textbooks and learning materials to schools in Samburu County this June.,
EDU_02389,Education,KNEC advises students in Kirinyaga County to collect materials from the county education office to access textbooks and learning materials.,
EDU_02390,Education,Teachers Service Commission advises students in Narok County to collect materials from the county education office to access free digital learning content.,
EDU_02391,Education,State Department for Basic Education announces distribution of school laptops under the digital literacy programme to schools in Nyeri County this December.,
EDU_02392,Education,Notice: State Department for TVET opens applications for free digital learning content for learners in Busia County.,
EDU_02393,Education,KICD reminds needy students in Tana River County that revision guides applications close soon.,
EDU_02394,Education,Ministry of Education reminds needy students in Mandera County that textbooks and learning materials applications close soon.,
EDU_02395,Education,Ministry of Education advises students in Makueni County to register early to secure allocation to access free digital learning content.,
EDU_02396,Education,KICD advises students in Nairobi County to apply through the online scholarship portal to access revision guides.,
EDU_02397,Education,KNEC advises students in Siaya County to register early to secure allocation to access revision guides.,
EDU_02398,Education,KUCCPS announces distribution of free digital learning content to schools in Embu County this March.,
EDU_02399,Education,KICD reminds needy students in Migori County that free digital learning content applications close soon.,
EDU_02400,Education,Notice: KMTC opens applications for textbooks and learning materials for learners in Bungoma County.,
EDU_02401,Education,KNEC urges parents and teachers in Kisii County to support inclusive learning environments.,
EDU_02402,Education,KUCCPS urges parents and teachers in Migori County to reach out to the child helpline 116.,
EDU_02403,Education,IEBC urges parents and teachers in Nandi County to report any safety concerns to the school administration.,
EDU_02404,Education,Notice: KUCCPS launches an inclusion of learners with disabilities programme in schools across Kisumu County.,
EDU_02405,Education,HELB reminds schools in Wajir County to strengthen child protection in schools this February.,
EDU_02406,Education,TVET calls on the community in Turkana County to reach out to the child helpline 116 to keep schools safe.,
EDU_02407,Education,Universities Fund urges parents and teachers in Embu County to reach out to the child helpline 116.,
EDU_02408,Education,KICD calls on the community in Kwale County to support inclusive learning environments to keep schools safe.,
EDU_02409,Education,State Department for TVET reminds schools in Nandi County to strengthen anti-bullying measures this September.,
EDU_02410,Education,Teachers Service Commission reminds schools in Elgeyo-Marakwet County to strengthen guidance and counselling services this August.,
EDU_02411,Education,IEBC calls on the community in Mandera County to report any safety concerns to the school administration to keep schools safe.,
EDU_02412,Education,State Department for Basic Education urges parents and teachers in Garissa County to report any safety concerns to the school administration.,
EDU_02413,Education,KMTC calls on the community in Makueni County to reach out to the child helpline 116 to keep schools safe.,
EDU_02414,Education,HELB calls on the community in Kwale County to report any safety concerns to the school administration to keep schools safe.,
EDU_02415,Education,TVET reminds schools in Kakamega County to strengthen anti-bullying measures this May.,
EDU_02416,Education,KICD calls on the community in Kiambu County to support inclusive learning environments to keep schools safe.,
EDU_02417,Education,KNEC reminds schools in Migori County to strengthen school infrastructure safety this January.,
EDU_02418,Education,TSC urges parents and teachers in Bungoma County to reach out to the child helpline 116.,
EDU_02419,Education,Ministry of Education reminds schools in Homa Bay County to strengthen anti-bullying measures this June.,
EDU_02420,Education,State Department for Basic Education calls on the community in Murang'a County to support inclusive learning environments to keep schools safe.,
EDU_02421,Education,Notice: Universities Fund launches a guidance and counselling services programme in schools across Murang'a County.,
EDU_02422,Education,Notice: State Department for TVET launches an anti-bullying measures programme in schools across Nakuru County.,
EDU_02423,Education,Teachers Service Commission urges parents and teachers in Nakuru County to reach out to the child helpline 116.,
EDU_02424,Education,Kenya Institute of Curriculum Development calls on the community in Busia County to report any safety concerns to the school administration to keep schools safe.,
EDU_02425,Education,Universities Fund reminds schools in Kisumu County to strengthen inclusion of learners with disabilities this December.,
EDU_02426,Education,KICD reminds schools in Nandi County to strengthen school infrastructure safety this July.,
EDU_02427,Education,Notice: KMTC launches a guidance and counselling services programme in schools across Kilifi County.,
EDU_02428,Education,State Department for Basic Education urges parents and teachers in Murang'a County to report any safety concerns to the school administration.,
EDU_02429,Education,Kenya Institute of Curriculum Development reminds schools in Isiolo County to strengthen inclusion of learners with disabilities this August.,
EDU_02430,Education,KICD calls on the community in Bungoma County to report any safety concerns to the school administration to keep schools safe.,
EDU_02431,Education,Universities Fund urges parents and teachers in Meru County to report any safety concerns to the school administration.,
EDU_02432,Education,KMTC reminds schools in Kisii County to strengthen inclusion of learners with disabilities this September.,
EDU_02433,Education,Ministry of Education urges parents and teachers in West Pokot County to report any safety concerns to the school administration.,
EDU_02434,Education,TSC urges parents and teachers in Tharaka-Nithi County to report any safety concerns to the school administration.,
EDU_02435,Education,HELB calls on the community in Samburu County to report any safety concerns to the school administration to keep schools safe.,
EDU_02436,Education,TVET reminds schools in Bungoma County to strengthen school infrastructure safety this January.,
EDU_02437,Education,KUCCPS reminds schools in Kirinyaga County to strengthen child protection in schools this January.,
EDU_02438,Education,Notice: TSC launches a child protection in schools programme in schools across Lamu County.,
EDU_02439,Education,Notice: KMTC launches an anti-bullying measures programme in schools across Laikipia County.,
EDU_02440,Education,Ministry of Education calls on the community in Homa Bay County to reach out to the child helpline 116 to keep schools safe.,
EDU_02441,Education,Notice: Teachers Service Commission launches a child protection in schools programme in schools across Nandi County.,
EDU_02442,Education,HELB calls on the community in Siaya County to report any safety concerns to the school administration to keep schools safe.,
EDU_02443,Education,Teachers Service Commission urges parents and teachers in Makueni County to reach out to the child helpline 116.,
EDU_02444,Education,KNEC reminds schools in Siaya County to strengthen guidance and counselling services this May.,
EDU_02445,Education,HELB reminds schools in Kericho County to strengthen guidance and counselling services this November.,
EDU_02446,Education,TVET reminds schools in Tana River County to strengthen anti-bullying measures this February.,
EDU_02447,Education,Notice: KMTC launches a child protection in schools programme in schools across Kiambu County.,
EDU_02448,Education,Teachers Service Commission calls on the community in Kisii County to reach out to the child helpline 116 to keep schools safe.,
EDU_02449,Education,State Department for TVET calls on the community in Lamu County to reach out to the child helpline 116 to keep schools safe.,
EDU_02450,Education,KNEC urges parents and teachers in Kakamega County to support inclusive learning environments.,
EDU_02451,Education,TSC reminds schools in Laikipia County to strengthen guidance and counselling services this January.,
EDU_02452,Education,Teachers Service Commission urges parents and teachers in Garissa County to reach out to the child helpline 116.,
EDU_02453,Education,Notice: State Department for Basic Education launches a child protection in schools programme in schools across Lamu County.,
EDU_02454,Education,KUCCPS reminds schools in Marsabit County to strengthen inclusion of learners with disabilities this November.,
EDU_02455,Education,KNEC reminds schools in Nyamira County to strengthen inclusion of learners with disabilities this June.,
EDU_02456,Education,Notice: Kenya Institute of Curriculum Development launches a child protection in schools programme in schools across Narok County.,
EDU_02457,Education,KICD calls on the community in Mandera County to report any safety concerns to the school administration to keep schools safe.,
EDU_02458,Education,Ministry of Education urges parents and teachers in Busia County to support inclusive learning environments.,
EDU_02459,Education,Universities Fund urges parents and teachers in Nyandarua County to support inclusive learning environments.,
EDU_02460,Education,Teachers Service Commission calls on the community in Machakos County to support inclusive learning environments to keep schools safe.,
EDU_02461,Education,KUCCPS calls on the community in Baringo County to support inclusive learning environments to keep schools safe.,
EDU_02462,Education,HELB urges parents and teachers in Siaya County to reach out to the child helpline 116.,
EDU_02463,Education,KICD calls on the community in Siaya County to report any safety concerns to the school administration to keep schools safe.,
EDU_02464,Education,Notice: Ministry of Education launches a guidance and counselling services programme in schools across Busia County.,
EDU_02465,Education,KICD calls on the community in Elgeyo-Marakwet County to support inclusive learning environments to keep schools safe.,
EDU_02466,Education,Notice: Teachers Service Commission launches a guidance and counselling services programme in schools across Samburu County.,
EDU_02467,Education,Notice: KNEC launches a child protection in schools programme in schools across Mandera County.,
EDU_02468,Education,TVET urges parents and teachers in Bomet County to reach out to the child helpline 116.,
EDU_02469,Education,Teachers Service Commission calls on the community in Migori County to report any safety concerns to the school administration to keep schools safe.,
EDU_02470,Education,TVET urges parents and teachers in Lamu County to support inclusive learning environments.,
EDU_02471,Education,KICD calls on the community in Baringo County to report any safety concerns to the school administration to keep schools safe.,
EDU_02472,Education,Kenya Institute of Curriculum Development urges parents and teachers in Machakos County to report any safety concerns to the school administration.,
EDU_02473,Education,KMTC urges parents and teachers in Kirinyaga County to reach out to the child helpline 116.,
EDU_02474,Education,Ministry of Education urges parents and teachers in Garissa County to reach out to the child helpline 116.,
EDU_02475,Education,HELB urges parents and teachers in Nyandarua County to report any safety concerns to the school administration.,
EDU_02476,Education,Notice: IEBC launches a school infrastructure safety programme in schools across Mandera County.,
EDU_02477,Education,IEBC calls on the community in Tharaka-Nithi County to support inclusive learning environments to keep schools safe.,
EDU_02478,Education,Notice: KUCCPS launches a child protection in schools programme in schools across Uasin Gishu County.,
EDU_02479,Education,Teachers Service Commission urges parents and teachers in Kajiado County to reach out to the child helpline 116.,
EDU_02480,Education,HELB urges parents and teachers in Tharaka-Nithi County to reach out to the child helpline 116.,
EDU_02481,Education,KNEC reminds schools in Nyandarua County to strengthen school infrastructure safety this May.,
EDU_02482,Education,Notice: Teachers Service Commission launches a school infrastructure safety programme in schools across Nyamira County.,
EDU_02483,Education,KNEC urges parents and teachers in Nyeri County to report any safety concerns to the school administration.,
EDU_02484,Education,TSC reminds schools in Baringo County to strengthen school infrastructure safety this June.,
EDU_02485,Education,Notice: KNEC launches a child protection in schools programme in schools across Kakamega County.,
EDU_02486,Education,Notice: KUCCPS launches a guidance and counselling services programme in schools across Taita-Taveta County.,
EDU_02487,Education,Notice: KUCCPS launches a child protection in schools programme in schools across Siaya County.,
EDU_02488,Education,Universities Fund urges parents and teachers in Wajir County to report any safety concerns to the school administration.,
EDU_02489,Education,TVET urges parents and teachers in Wajir County to reach out to the child helpline 116.,
EDU_02490,Education,Notice: Teachers Service Commission launches a guidance and counselling services programme in schools across Nakuru County.,
EDU_02491,Education,KNEC urges parents and teachers in Homa Bay County to reach out to the child helpline 116.,
EDU_02492,Education,TVET urges parents and teachers in Bungoma County to reach out to the child helpline 116.,
EDU_02493,Education,KNEC urges parents and teachers in Nandi County to report any safety concerns to the school administration.,
EDU_02494,Education,Notice: HELB launches a guidance and counselling services programme in schools across Kisumu County.,
EDU_02495,Education,State Department for Basic Education calls on the community in Kisumu County to report any safety concerns to the school administration to keep schools safe.,
EDU_02496,Education,Notice: HELB launches a child protection in schools programme in schools across Mombasa County.,
EDU_02497,Education,Notice: Teachers Service Commission launches a school infrastructure safety programme in schools across Wajir County.,
EDU_02498,Education,Teachers Service Commission reminds schools in Kajiado County to strengthen school infrastructure safety this April.,
EDU_02499,Education,TVET calls on the community in Meru County to report any safety concerns to the school administration to keep schools safe.,
EDU_02500,Education,State Department for Basic Education reminds schools in Baringo County to strengthen inclusion of learners with disabilities this September.,
EDU_02501,Education,Notice: State Department for Basic Education launches an anti-bullying measures programme in schools across Tharaka-Nithi County.,
EDU_02502,Education,KUCCPS reminds schools in Makueni County to strengthen school infrastructure safety this July.,
EDU_02503,Education,IEBC urges parents and teachers in Laikipia County to support inclusive learning environments.,
EDU_02504,Education,KUCCPS calls on the community in Kirinyaga County to support inclusive learning environments to keep schools safe.,
EDU_02505,Education,KMTC reminds schools in Siaya County to strengthen school infrastructure safety this February.,
EDU_02506,Education,Ministry of Education calls on the community in Elgeyo-Marakwet County to support inclusive learning environments to keep schools safe.,
EDU_02507,Education,TSC calls on the community in Nairobi County to reach out to the child helpline 116 to keep schools safe.,
EDU_02508,Education,HELB calls on the community in Nandi County to support inclusive learning environments to keep schools safe.,
EDU_02509,Education,Teachers Service Commission reminds schools in Marsabit County to strengthen guidance and counselling services this February.,
EDU_02510,Education,TVET calls on the community in Kisii County to report any safety concerns to the school administration to keep schools safe.,
EDU_02511,Education,State Department for Basic Education calls on the community in Mombasa County to report any safety concerns to the school administration to keep schools safe.,
EDU_02512,Education,Notice: Kenya Institute of Curriculum Development launches a guidance and counselling services programme in schools across Taita-Taveta County.,
EDU_02513,Education,TSC reminds schools in Garissa County to strengthen school infrastructure safety this March.,
EDU_02514,Education,KUCCPS reminds schools in Nairobi County to strengthen anti-bullying measures this April.,
EDU_02515,Education,Ministry of Education calls on the community in Mombasa County to report any safety concerns to the school administration to keep schools safe.,
EDU_02516,Education,Kenya Institute of Curriculum Development urges parents and teachers in Isiolo County to support inclusive learning environments.,
EDU_02517,Education,Teachers Service Commission calls on the community in Narok County to support inclusive learning environments to keep schools safe.,
EDU_02518,Education,TSC urges parents and teachers in Meru County to support inclusive learning environments.,
EDU_02519,Education,TSC calls on the community in Makueni County to support inclusive learning environments to keep schools safe.,
EDU_02520,Education,Notice: KUCCPS launches a child protection in schools programme in schools across West Pokot County.,
EDU_02521,Education,Teachers Service Commission calls on the community in Samburu County to support inclusive learning environments to keep schools safe.,
EDU_02522,Education,Universities Fund calls on the community in Makueni County to report any safety concerns to the school administration to keep schools safe.,
EDU_02523,Education,KICD reminds schools in Lamu County to strengthen anti-bullying measures this May.,
EDU_02524,Education,Notice: KMTC launches a school infrastructure safety programme in schools across Nyandarua County.,
EDU_02525,Education,Ministry of Education calls on the community in Kisumu County to report any safety concerns to the school administration to keep schools safe.,
EDU_02526,Education,KUCCPS calls on the community in Machakos County to support inclusive learning environments to keep schools safe.,
EDU_02527,Education,TSC calls on the community in Nyamira County to support inclusive learning environments to keep schools safe.,
EDU_02528,Education,Notice: KUCCPS launches a school infrastructure safety programme in schools across Kajiado County.,
EDU_02529,Education,Notice: Kenya Institute of Curriculum Development launches a child protection in schools programme in schools across Murang'a County.,
EDU_02530,Education,HELB calls on the community in Nakuru County to support inclusive learning environments to keep schools safe.,
EDU_02531,Education,TVET urges parents and teachers in Kitui County to reach out to the child helpline 116.,
EDU_02532,Education,Notice: Kenya Institute of Curriculum Development launches a child protection in schools programme in schools across Laikipia County.,
EDU_02533,Education,State Department for TVET urges parents and teachers in Nandi County to report any safety concerns to the school administration.,
EDU_02534,Education,KNEC calls on the community in Nairobi County to report any safety concerns to the school administration to keep schools safe.,
EDU_02535,Education,State Department for Basic Education reminds schools in Vihiga County to strengthen guidance and counselling services this April.,
EDU_02536,Education,Notice: IEBC launches an anti-bullying measures programme in schools across Migori County.,
EDU_02537,Education,Notice: Ministry of Education launches a guidance and counselling services programme in schools across Nyandarua County.,
EDU_02538,Education,HELB reminds schools in Kiambu County to strengthen anti-bullying measures this July.,
EDU_02539,Education,Universities Fund urges parents and teachers in Turkana County to support inclusive learning environments.,
EDU_02540,Education,TVET calls on the community in Siaya County to reach out to the child helpline 116 to keep schools safe.,
EDU_02541,Education,KMTC reminds schools in Busia County to strengthen inclusion of learners with disabilities this July.,
EDU_02542,Education,Notice: KNEC launches a child protection in schools programme in schools across Migori County.,
EDU_02543,Education,Kenya Institute of Curriculum Development reminds schools in Murang'a County to strengthen inclusion of learners with disabilities this February.,
EDU_02544,Education,Ministry of Education reminds schools in Taita-Taveta County to strengthen school infrastructure safety this September.,
EDU_02545,Education,State Department for TVET urges parents and teachers in Isiolo County to report any safety concerns to the school administration.,
EDU_02546,Education,KNEC calls on the community in Kisumu County to report any safety concerns to the school administration to keep schools safe.,
EDU_02547,Education,Teachers Service Commission reminds schools in Mandera County to strengthen school infrastructure safety this May.,
EDU_02548,Education,Notice: Ministry of Education launches a guidance and counselling services programme in schools across Narok County.,
EDU_02549,Education,State Department for Basic Education urges parents and teachers in Trans Nzoia County to report any safety concerns to the school administration.,
EDU_02550,Education,Notice: KUCCPS launches an inclusion of learners with disabilities programme in schools across Nyandarua County.,
EDU_02551,Education,Teachers Service Commission calls on the community in Baringo County to support inclusive learning environments to keep schools safe.,
EDU_02552,Education,Notice: Ministry of Education launches a child protection in schools programme in schools across Nandi County.,
EDU_02553,Education,Notice: Teachers Service Commission launches an inclusion of learners with disabilities programme in schools across Murang'a County.,
EDU_02554,Education,KMTC calls on the community in Makueni County to support inclusive learning environments to keep schools safe.,
EDU_02555,Education,Notice: IEBC launches an anti-bullying measures programme in schools across Marsabit County.,
EDU_02556,Education,KUCCPS urges parents and teachers in Kiambu County to support inclusive learning environments.,
EDU_02557,Education,Notice: State Department for TVET launches an anti-bullying measures programme in schools across Baringo County.,
EDU_02558,Education,KICD reminds schools in Nakuru County to strengthen inclusion of learners with disabilities this June.,
EDU_02559,Education,KMTC urges parents and teachers in Laikipia County to support inclusive learning environments.,
EDU_02560,Education,TVET urges parents and teachers in Nyandarua County to support inclusive learning environments.,
EDU_02561,Education,State Department for Basic Education calls on the community in Isiolo County to support inclusive learning environments to keep schools safe.,
EDU_02562,Education,Kenya Institute of Curriculum Development calls on the community in Makueni County to support inclusive learning environments to keep schools safe.,
EDU_02563,Education,KUCCPS reminds schools in Tana River County to strengthen guidance and counselling services this April.,
EDU_02564,Education,Notice: KNEC launches an anti-bullying measures programme in schools across Kilifi County.,
EDU_02565,Education,Universities Fund reminds schools in Makueni County to strengthen school infrastructure safety this February.,
EDU_02566,Education,KUCCPS reminds schools in Nyeri County to strengthen child protection in schools this March.,
EDU_02567,Education,Notice: Kenya Institute of Curriculum Development launches a guidance and counselling services programme in schools across Murang'a County.,
EDU_02568,Education,Notice: TSC launches a guidance and counselling services programme in schools across Nyamira County.,
EDU_02569,Education,State Department for TVET calls on the community in Nyamira County to reach out to the child helpline 116 to keep schools safe.,
EDU_02570,Education,TVET urges parents and teachers in Nyeri County to report any safety concerns to the school administration.,
EDU_02571,Education,Notice: KUCCPS launches an inclusion of learners with disabilities programme in schools across Nairobi County.,
EDU_02572,Education,KNEC reminds schools in Tana River County to strengthen school infrastructure safety this September.,
EDU_02573,Education,Ministry of Education urges parents and teachers in Trans Nzoia County to report any safety concerns to the school administration.,
EDU_02574,Education,Notice: State Department for TVET launches a guidance and counselling services programme in schools across Lamu County.,
EDU_02575,Education,Universities Fund calls on the community in Nakuru County to reach out to the child helpline 116 to keep schools safe.,
EDU_02576,Education,Universities Fund urges parents and teachers in Meru County to reach out to the child helpline 116.,
EDU_02577,Education,Notice: TVET launches an inclusion of learners with disabilities programme in schools across Tharaka-Nithi County.,
EDU_02578,Education,KNEC reminds schools in Garissa County to strengthen guidance and counselling services this December.,
EDU_02579,Education,Kenya Institute of Curriculum Development reminds schools in Taita-Taveta County to strengthen anti-bullying measures this July.,
EDU_02580,Education,HELB urges parents and teachers in Migori County to report any safety concerns to the school administration.,
EDU_02581,Education,Notice: KNEC launches a guidance and counselling services programme in schools across Nyeri County.,
EDU_02582,Education,Notice: HELB launches a child protection in schools programme in schools across Uasin Gishu County.,
EDU_02583,Education,KICD reminds schools in Meru County to strengthen anti-bullying measures this November.,
EDU_02584,Education,TSC urges parents and teachers in Kitui County to support inclusive learning environments.,
EDU_02585,Education,IEBC reminds schools in Isiolo County to strengthen anti-bullying measures this November.,
EDU_02586,Education,TVET reminds schools in Machakos County to strengthen child protection in schools this July.,
EDU_02587,Education,Kenya Institute of Curriculum Development calls on the community in Baringo County to reach out to the child helpline 116 to keep schools safe.,
EDU_02588,Education,KMTC urges parents and teachers in Uasin Gishu County to reach out to the child helpline 116.,
EDU_02589,Education,KNEC calls on the community in Turkana County to reach out to the child helpline 116 to keep schools safe.,
EDU_02590,Education,Notice: TVET launches a school infrastructure safety programme in schools across Tana River County.,
EDU_02591,Education,TVET reminds schools in Kiambu County to strengthen school infrastructure safety this December.,
EDU_02592,Education,State Department for Basic Education urges parents and teachers in Nairobi County to report any safety concerns to the school administration.,
EDU_02593,Education,KUCCPS reminds schools in Samburu County to strengthen inclusion of learners with disabilities this October.,
EDU_02594,Education,Notice: State Department for Basic Education launches an anti-bullying measures programme in schools across Embu County.,
EDU_02595,Education,HELB urges parents and teachers in Kisii County to report any safety concerns to the school administration.,
EDU_02596,Education,HELB reminds schools in West Pokot County to strengthen anti-bullying measures this November.,
EDU_02597,Education,Notice: KICD launches a school infrastructure safety programme in schools across Kajiado County.,
EDU_02598,Education,Kenya Institute of Curriculum Development reminds schools in Kwale County to strengthen child protection in schools this March.,
EDU_02599,Education,Notice: Ministry of Education launches a child protection in schools programme in schools across Elgeyo-Marakwet County.,
EDU_02600,Education,State Department for TVET reminds schools in Nandi County to strengthen anti-bullying measures this May.,
EDU_02601,Education,Notice: KICD launches a school infrastructure safety programme in schools across Wajir County.,
EDU_02602,Education,Notice: KMTC launches a child protection in schools programme in schools across Narok County.,
EDU_02603,Education,TSC urges parents and teachers in Uasin Gishu County to support inclusive learning environments.,
EDU_02604,Education,IEBC urges parents and teachers in Makueni County to report any safety concerns to the school administration.,
EDU_02605,Education,IEBC calls on the community in Vihiga County to report any safety concerns to the school administration to keep schools safe.,
EDU_02606,Education,KUCCPS reminds schools in Vihiga County to strengthen anti-bullying measures this May.,
EDU_02607,Education,TVET calls on the community in Murang'a County to report any safety concerns to the school administration to keep schools safe.,
EDU_02608,Education,Notice: KUCCPS launches an inclusion of learners with disabilities programme in schools across Homa Bay County.,
EDU_02609,Education,IEBC urges parents and teachers in West Pokot County to support inclusive learning environments.,
EDU_02610,Education,Kenya Institute of Curriculum Development urges parents and teachers in Baringo County to report any safety concerns to the school administration.,
EDU_02611,Education,Notice: Universities Fund launches a school infrastructure safety programme in schools across Meru County.,
EDU_02612,Education,TVET reminds schools in Homa Bay County to strengthen guidance and counselling services this December.,
EDU_02613,Education,Notice: KMTC launches an anti-bullying measures programme in schools across Bungoma County.,
EDU_02614,Education,KICD calls on the community in Nairobi County to support inclusive learning environments to keep schools safe.,
EDU_02615,Education,IEBC reminds schools in Nyamira County to strengthen guidance and counselling services this December.,
EDU_02616,Education,Notice: State Department for Basic Education launches a school infrastructure safety programme in schools across Trans Nzoia County.,
EDU_02617,Education,Notice: State Department for TVET launches an inclusion of learners with disabilities programme in schools across Makueni County.,
EDU_02618,Education,KMTC urges parents and teachers in Vihiga County to report any safety concerns to the school administration.,
EDU_02619,Education,Notice: TSC launches a school infrastructure safety programme in schools across West Pokot County.,
EDU_02620,Education,KMTC urges parents and teachers in Kajiado County to reach out to the child helpline 116.,
EDU_02621,Education,Notice: State Department for Basic Education launches an anti-bullying measures programme in schools across Makueni County.,
EDU_02622,Education,Universities Fund reminds schools in Vihiga County to strengthen child protection in schools this August.,
EDU_02623,Education,Notice: Teachers Service Commission launches a school infrastructure safety programme in schools across Kilifi County.,
EDU_02624,Education,Kenya Institute of Curriculum Development calls on the community in Kilifi County to support inclusive learning environments to keep schools safe.,
EDU_02625,Education,State Department for TVET urges parents and teachers in Nakuru County to support inclusive learning environments.,
EDU_02626,Education,Notice: Ministry of Education launches an anti-bullying measures programme in schools across Mandera County.,
EDU_02627,Education,Teachers Service Commission reminds schools in Kisii County to strengthen anti-bullying measures this May.,
EDU_02628,Education,Kenya Institute of Curriculum Development calls on the community in Nyamira County to support inclusive learning environments to keep schools safe.,
EDU_02629,Education,HELB calls on the community in Nyandarua County to reach out to the child helpline 116 to keep schools safe.,
EDU_02630,Education,KICD reminds schools in Machakos County to strengthen child protection in schools this February.,
EDU_02631,Education,HELB reminds schools in Homa Bay County to strengthen anti-bullying measures this May.,
EDU_02632,Education,TVET calls on the community in Busia County to support inclusive learning environments to keep schools safe.,
EDU_02633,Education,State Department for TVET reminds schools in Nyandarua County to strengthen child protection in schools this June.,
EDU_02634,Education,Notice: KMTC launches a school infrastructure safety programme in schools across Meru County.,
EDU_02635,Education,Notice: KICD launches a guidance and counselling services programme in schools across Meru County.,
EDU_02636,Education,KMTC urges parents and teachers in Mandera County to reach out to the child helpline 116.,
EDU_02637,Education,KICD calls on the community in Narok County to report any safety concerns to the school administration to keep schools safe.,
EDU_02638,Education,Notice: KICD launches a child protection in schools programme in schools across Tana River County.,
EDU_02639,Education,State Department for Basic Education reminds schools in Turkana County to strengthen child protection in schools this December.,
EDU_02640,Education,IEBC reminds schools in Murang'a County to strengthen child protection in schools this June.,
EDU_02641,Education,TSC calls on the community in Uasin Gishu County to support inclusive learning environments to keep schools safe.,
EDU_02642,Education,Notice: Ministry of Education launches a child protection in schools programme in schools across Kakamega County.,
EDU_02643,Education,State Department for TVET urges parents and teachers in Makueni County to support inclusive learning environments.,
EDU_02644,Education,State Department for Basic Education reminds schools in Kakamega County to strengthen school infrastructure safety this June.,
EDU_02645,Education,IEBC reminds schools in Uasin Gishu County to strengthen anti-bullying measures this February.,
EDU_02646,Education,HELB urges parents and teachers in Vihiga County to reach out to the child helpline 116.,
EDU_02647,Education,KUCCPS urges parents and teachers in Mandera County to reach out to the child helpline 116.,
EDU_02648,Education,Universities Fund reminds schools in Marsabit County to strengthen child protection in schools this June.,
EDU_02649,Education,TSC calls on the community in Vihiga County to report any safety concerns to the school administration to keep schools safe.,
EDU_02650,Education,KICD urges parents and teachers in Nyamira County to support inclusive learning environments.,
EDU_02651,Education,KMTC calls on the community in Kirinyaga County to support inclusive learning environments to keep schools safe.,
EDU_02652,Education,TVET calls on the community in Nakuru County to reach out to the child helpline 116 to keep schools safe.,
EDU_02653,Education,TVET calls on the community in Narok County to support inclusive learning environments to keep schools safe.,
EDU_02654,Education,HELB calls on the community in Tana River County to report any safety concerns to the school administration to keep schools safe.,
EDU_02655,Education,KICD calls on the community in Tana River County to support inclusive learning environments to keep schools safe.,
EDU_02656,Education,State Department for TVET urges parents and teachers in Kakamega County to report any safety concerns to the school administration.,
EDU_02657,Education,Notice: KMTC launches an anti-bullying measures programme in schools across Kakamega County.,
EDU_02658,Education,KNEC calls on the community in Mandera County to report any safety concerns to the school administration to keep schools safe.,
EDU_02659,Education,KUCCPS reminds schools in Laikipia County to strengthen child protection in schools this May.,
EDU_02660,Education,TSC reminds schools in Nakuru County to strengthen inclusion of learners with disabilities this July.,
EDU_02661,Education,Teachers Service Commission reminds schools in Bungoma County to strengthen guidance and counselling services this February.,
EDU_02662,Education,HELB calls on the community in Baringo County to support inclusive learning environments to keep schools safe.,
EDU_02663,Education,KMTC reminds schools in Kajiado County to strengthen school infrastructure safety this June.,
EDU_02664,Education,Teachers Service Commission urges parents and teachers in Samburu County to reach out to the child helpline 116.,
EDU_02665,Education,KUCCPS urges parents and teachers in Tharaka-Nithi County to reach out to the child helpline 116.,
EDU_02666,Education,State Department for Basic Education urges parents and teachers in Uasin Gishu County to report any safety concerns to the school administration.,
EDU_02667,Education,Notice: Kenya Institute of Curriculum Development launches a child protection in schools programme in schools across Baringo County.,
EDU_02668,Education,Notice: KUCCPS launches a school infrastructure safety programme in schools across Bungoma County.,
EDU_02669,Education,Ministry of Education reminds schools in Kirinyaga County to strengthen anti-bullying measures this January.,
EDU_02670,Education,KMTC urges parents and teachers in Isiolo County to report any safety concerns to the school administration.,
EDU_02671,Education,HELB reminds schools in Mandera County to strengthen guidance and counselling services this May.,
EDU_02672,Education,IEBC urges parents and teachers in Nandi County to support inclusive learning environments.,
EDU_02673,Education,HELB calls on the community in Murang'a County to support inclusive learning environments to keep schools safe.,
EDU_02674,Education,Teachers Service Commission urges parents and teachers in Kiambu County to report any safety concerns to the school administration.,
EDU_02675,Education,Universities Fund reminds schools in Narok County to strengthen inclusion of learners with disabilities this December.,
EDU_02676,Education,HELB reminds schools in Kericho County to strengthen child protection in schools this January.,
EDU_02677,Education,Notice: Universities Fund launches an inclusion of learners with disabilities programme in schools across Homa Bay County.,
EDU_02678,Education,Universities Fund reminds schools in Kiambu County to strengthen anti-bullying measures this April.,
EDU_02679,Education,TSC reminds schools in Kisumu County to strengthen guidance and counselling services this March.,
EDU_02680,Education,Kenya Institute of Curriculum Development reminds schools in Nakuru County to strengthen anti-bullying measures this October.,
EDU_02681,Education,KICD urges parents and teachers in Trans Nzoia County to reach out to the child helpline 116.,
EDU_02682,Education,HELB calls on the community in Trans Nzoia County to support inclusive learning environments to keep schools safe.,
EDU_02683,Education,Notice: Kenya Institute of Curriculum Development launches an anti-bullying measures programme in schools across Meru County.,
EDU_02684,Education,KUCCPS urges parents and teachers in Uasin Gishu County to support inclusive learning environments.,
EDU_02685,Education,Notice: State Department for Basic Education launches an inclusion of learners with disabilities programme in schools across Mombasa County.,
EDU_02686,Education,TVET calls on the community in Tana River County to report any safety concerns to the school administration to keep schools safe.,
EDU_02687,Education,Notice: Ministry of Education launches a school infrastructure safety programme in schools across Kitui County.,
EDU_02688,Education,State Department for Basic Education urges parents and teachers in Siaya County to report any safety concerns to the school administration.,
EDU_02689,Education,KICD reminds schools in Tharaka-Nithi County to strengthen school infrastructure safety this March.,
EDU_02690,Education,Notice: KUCCPS launches a school infrastructure safety programme in schools across Kisii County.,
EDU_02691,Education,Kenya Institute of Curriculum Development calls on the community in Garissa County to support inclusive learning environments to keep schools safe.,
EDU_02692,Education,Notice: Ministry of Education launches an anti-bullying measures programme in schools across Nairobi County.,
EDU_02693,Education,Notice: State Department for TVET launches a guidance and counselling services programme in schools across Narok County.,
EDU_02694,Education,Kenya Institute of Curriculum Development reminds schools in Lamu County to strengthen child protection in schools this March.,
EDU_02695,Education,Notice: KUCCPS launches a school infrastructure safety programme in schools across Nyeri County.,
EDU_02696,Education,Universities Fund reminds schools in Turkana County to strengthen guidance and counselling services this March.,
EDU_02697,Education,Universities Fund urges parents and teachers in Narok County to report any safety concerns to the school administration.,
EDU_02698,Education,State Department for Basic Education reminds schools in Wajir County to strengthen guidance and counselling services this May.,
EDU_02699,Education,Kenya Institute of Curriculum Development calls on the community in Nakuru County to reach out to the child helpline 116 to keep schools safe.,
EDU_02700,Education,HELB reminds schools in Trans Nzoia County to strengthen anti-bullying measures this December.,
EDU_02701,Education,KMTC calls on the community in Turkana County to reach out to the child helpline 116 to keep schools safe.,
EDU_02702,Education,Notice: KUCCPS launches an inclusion of learners with disabilities programme in schools across Narok County.,
EDU_02703,Education,TSC calls on the community in Kakamega County to reach out to the child helpline 116 to keep schools safe.,
EDU_02704,Education,Notice: IEBC launches an anti-bullying measures programme in schools across Kakamega County.,
EDU_02705,Education,TVET urges parents and teachers in Kirinyaga County to reach out to the child helpline 116.,
EDU_02706,Education,Notice: HELB launches a school infrastructure safety programme in schools across Homa Bay County.,
EDU_02707,Education,IEBC reminds schools in Machakos County to strengthen guidance and counselling services this September.,
EDU_02708,Education,State Department for Basic Education calls on the community in Siaya County to report any safety concerns to the school administration to keep schools safe.,
EDU_02709,Education,IEBC reminds schools in Vihiga County to strengthen school infrastructure safety this February.,
EDU_02710,Education,Notice: IEBC launches a child protection in schools programme in schools across Trans Nzoia County.,
EDU_02711,Education,KUCCPS urges parents and teachers in Embu County to support inclusive learning environments.,
EDU_02712,Education,Notice: Teachers Service Commission launches a child protection in schools programme in schools across Vihiga County.,
EDU_02713,Education,TSC reminds schools in Vihiga County to strengthen anti-bullying measures this May.,
EDU_02714,Education,KICD urges parents and teachers in Baringo County to reach out to the child helpline 116.,
EDU_02715,Education,TSC calls on the community in Bomet County to support inclusive learning environments to keep schools safe.,
EDU_02716,Education,State Department for TVET urges parents and teachers in Kilifi County to support inclusive learning environments.,
EDU_02717,Education,Universities Fund calls on the community in Kilifi County to report any safety concerns to the school administration to keep schools safe.,
EDU_02718,Education,KICD reminds schools in Mandera County to strengthen inclusion of learners with disabilities this January.,
EDU_02719,Education,Universities Fund urges parents and teachers in Bomet County to report any safety concerns to the school administration.,
EDU_02720,Education,Ministry of Education urges parents and teachers in Kakamega County to reach out to the child helpline 116.,
EDU_02721,Education,KMTC calls on the community in Laikipia County to report any safety concerns to the school administration to keep schools safe.,
EDU_02722,Education,KUCCPS calls on the community in Kwale County to support inclusive learning environments to keep schools safe.,
EDU_02723,Education,HELB calls on the community in Nyeri County to support inclusive learning environments to keep schools safe.,
EDU_02724,Education,State Department for TVET urges parents and teachers in West Pokot County to reach out to the child helpline 116.,
EDU_02725,Education,Kenya Institute of Curriculum Development reminds schools in Siaya County to strengthen guidance and counselling services this February.,
EDU_02726,Education,State Department for Basic Education reminds schools in Trans Nzoia County to strengthen school infrastructure safety this November.,
EDU_02727,Education,Teachers Service Commission calls on the community in Nyeri County to support inclusive learning environments to keep schools safe.,
EDU_02728,Education,Kenya Institute of Curriculum Development calls on the community in Laikipia County to reach out to the child helpline 116 to keep schools safe.,
EDU_02729,Education,Notice: State Department for TVET launches a guidance and counselling services programme in schools across Nandi County.,
EDU_02730,Education,TSC urges parents and teachers in Trans Nzoia County to support inclusive learning environments.,
EDU_02731,Education,TVET reminds schools in Kiambu County to strengthen child protection in schools this May.,
EDU_02732,Education,IEBC calls on the community in Machakos County to support inclusive learning environments to keep schools safe.,
EDU_02733,Education,Teachers Service Commission reminds schools in Turkana County to strengthen guidance and counselling services this September.,
EDU_02734,Education,Universities Fund calls on the community in Wajir County to report any safety concerns to the school administration to keep schools safe.,
EDU_02735,Education,Notice: HELB launches a guidance and counselling services programme in schools across Garissa County.,
EDU_02736,Education,State Department for TVET urges parents and teachers in Uasin Gishu County to reach out to the child helpline 116.,
EDU_02737,Education,Notice: Kenya Institute of Curriculum Development launches an anti-bullying measures programme in schools across Narok County.,
EDU_02738,Education,Notice: Universities Fund launches an anti-bullying measures programme in schools across Tana River County.,
EDU_02739,Education,Teachers Service Commission reminds schools in Nyeri County to strengthen anti-bullying measures this July.,
EDU_02740,Education,Notice: TVET launches an anti-bullying measures programme in schools across Baringo County.,
EDU_02741,Education,Ministry of Education reminds schools in Lamu County to strengthen anti-bullying measures this October.,
EDU_02742,Education,Kenya Institute of Curriculum Development reminds schools in Embu County to strengthen guidance and counselling services this September.,
EDU_02743,Education,Notice: KNEC launches an inclusion of learners with disabilities programme in schools across Trans Nzoia County.,
EDU_02744,Education,Notice: IEBC launches an inclusion of learners with disabilities programme in schools across Nakuru County.,
EDU_02745,Education,Teachers Service Commission calls on the community in Kakamega County to support inclusive learning environments to keep schools safe.,
EDU_02746,Education,Universities Fund reminds schools in Bungoma County to strengthen anti-bullying measures this May.,
EDU_02747,Education,TSC urges parents and teachers in Kakamega County to reach out to the child helpline 116.,
EDU_02748,Education,Kenya Institute of Curriculum Development calls on the community in Lamu County to report any safety concerns to the school administration to keep schools safe.,
EDU_02749,Education,TSC urges parents and teachers in Tharaka-Nithi County to reach out to the child helpline 116.,
EDU_02750,Education,Notice: KUCCPS launches a school infrastructure safety programme in schools across Homa Bay County.,
EDU_02751,Education,TVET reminds schools in Kisumu County to strengthen inclusion of learners with disabilities this January.,
EDU_02752,Education,Notice: TVET launches an anti-bullying measures programme in schools across Kirinyaga County.,
EDU_02753,Education,KMTC reminds schools in Meru County to strengthen guidance and counselling services this June.,
EDU_02754,Education,IEBC reminds schools in Migori County to strengthen inclusion of learners with disabilities this April.,
EDU_02755,Education,Universities Fund urges parents and teachers in Kericho County to reach out to the child helpline 116.,
EDU_02756,Education,Kenya Institute of Curriculum Development calls on the community in Samburu County to report any safety concerns to the school administration to keep schools safe.,
EDU_02757,Education,KMTC calls on the community in Isiolo County to support inclusive learning environments to keep schools safe.,
EDU_02758,Education,Notice: KMTC launches a school infrastructure safety programme in schools across Lamu County.,
EDU_02759,Education,KICD reminds schools in Embu County to strengthen guidance and counselling services this October.,
EDU_02760,Education,Universities Fund calls on the community in Embu County to reach out to the child helpline 116 to keep schools safe.,
EDU_02761,Education,Notice: KNEC launches an inclusion of learners with disabilities programme in schools across Homa Bay County.,
EDU_02762,Education,Universities Fund reminds schools in Garissa County to strengthen inclusion of learners with disabilities this September.,
EDU_02763,Education,HELB calls on the community in Isiolo County to support inclusive learning environments to keep schools safe.,
EDU_02764,Education,KICD urges parents and teachers in Busia County to reach out to the child helpline 116.,
EDU_02765,Education,KUCCPS reminds schools in Samburu County to strengthen inclusion of learners with disabilities this July.,
EDU_02766,Education,Ministry of Education urges parents and teachers in Laikipia County to reach out to the child helpline 116.,
EDU_02767,Education,Notice: Universities Fund launches a school infrastructure safety programme in schools across Taita-Taveta County.,
EDU_02768,Education,HELB reminds schools in Kitui County to strengthen anti-bullying measures this February.,
EDU_02769,Education,Universities Fund calls on the community in Uasin Gishu County to reach out to the child helpline 116 to keep schools safe.,
EDU_02770,Education,KMTC calls on the community in Nandi County to reach out to the child helpline 116 to keep schools safe.,
EDU_02771,Education,TSC calls on the community in Vihiga County to support inclusive learning environments to keep schools safe.,
EDU_02772,Education,Teachers Service Commission urges parents and teachers in Kilifi County to report any safety concerns to the school administration.,
EDU_02773,Education,Universities Fund urges parents and teachers in Nandi County to reach out to the child helpline 116.,
EDU_02774,Education,Notice: Ministry of Education launches a guidance and counselling services programme in schools across Turkana County.,
EDU_02775,Education,Ministry of Education calls on the community in Samburu County to reach out to the child helpline 116 to keep schools safe.,
EDU_02776,Education,TSC calls on the community in Bungoma County to report any safety concerns to the school administration to keep schools safe.,
EDU_02777,Education,Notice: Teachers Service Commission launches an inclusion of learners with disabilities programme in schools across Bungoma County.,
EDU_02778,Education,State Department for Basic Education calls on the community in Kiambu County to report any safety concerns to the school administration to keep schools safe.,
EDU_02779,Education,State Department for TVET urges parents and teachers in Nyeri County to reach out to the child helpline 116.,
EDU_02780,Education,KNEC calls on the community in Kisii County to report any safety concerns to the school administration to keep schools safe.,
EDU_02781,Education,Notice: State Department for Basic Education launches a school infrastructure safety programme in schools across Kitui County.,
EDU_02782,Education,State Department for Basic Education urges parents and teachers in Nandi County to reach out to the child helpline 116.,
EDU_02783,Education,Notice: KICD launches an inclusion of learners with disabilities programme in schools across Kajiado County.,
EDU_02784,Education,Notice: KUCCPS launches a guidance and counselling services programme in schools across Nairobi County.,
EDU_02785,Education,IEBC reminds schools in Wajir County to strengthen school infrastructure safety this September.,
EDU_02786,Education,Teachers Service Commission reminds schools in Garissa County to strengthen school infrastructure safety this February.,
EDU_02787,Education,Kenya Institute of Curriculum Development calls on the community in Machakos County to support inclusive learning environments to keep schools safe.,
EDU_02788,Education,Notice: TSC launches a child protection in schools programme in schools across Murang'a County.,
EDU_02789,Education,Notice: IEBC launches an anti-bullying measures programme in schools across Uasin Gishu County.,
EDU_02790,Education,Notice: Ministry of Education launches a guidance and counselling services programme in schools across Homa Bay County.,
EDU_02791,Education,TVET reminds schools in Kericho County to strengthen guidance and counselling services this April.,
EDU_02792,Education,TSC urges parents and teachers in Vihiga County to reach out to the child helpline 116.,
EDU_02793,Education,State Department for Basic Education calls on the community in Kisii County to report any safety concerns to the school administration to keep schools safe.,
EDU_02794,Education,State Department for Basic Education calls on the community in Narok County to report any safety concerns to the school administration to keep schools safe.,
EDU_02795,Education,KICD urges parents and teachers in Kirinyaga County to support inclusive learning environments.,
EDU_02796,Education,Notice: State Department for TVET launches an inclusion of learners with disabilities programme in schools across Tharaka-Nithi County.,
EDU_02797,Education,Teachers Service Commission urges parents and teachers in Kericho County to report any safety concerns to the school administration.,
EDU_02798,Education,KNEC urges parents and teachers in Busia County to report any safety concerns to the school administration.,
EDU_02799,Education,Notice: Teachers Service Commission launches an anti-bullying measures programme in schools across Murang'a County.,
EDU_02800,Education,State Department for TVET urges parents and teachers in Tharaka-Nithi County to support inclusive learning environments.,
EDU_02801,Education,KMTC reminds schools in Siaya County to strengthen inclusion of learners with disabilities this April.,
EDU_02802,Education,Notice: KICD launches an anti-bullying measures programme in schools across Marsabit County.,
EDU_02803,Education,TSC calls on the community in Homa Bay County to support inclusive learning environments to keep schools safe.,
EDU_02804,Education,Teachers Service Commission calls on the community in Isiolo County to support inclusive learning environments to keep schools safe.,
EDU_02805,Education,TVET calls on the community in Baringo County to reach out to the child helpline 116 to keep schools safe.,
EDU_02806,Education,State Department for TVET calls on the community in Nairobi County to report any safety concerns to the school administration to keep schools safe.,
EDU_02807,Education,Ministry of Education calls on the community in Embu County to support inclusive learning environments to keep schools safe.,
EDU_02808,Education,Notice: KICD launches a guidance and counselling services programme in schools across Nyandarua County.,
EDU_02809,Education,TVET reminds schools in Tharaka-Nithi County to strengthen guidance and counselling services this February.,
EDU_02810,Education,KUCCPS urges parents and teachers in Nairobi County to reach out to the child helpline 116.,
EDU_02811,Education,Teachers Service Commission reminds schools in Nyamira County to strengthen inclusion of learners with disabilities this March.,
EDU_02812,Education,Universities Fund urges parents and teachers in Kisii County to reach out to the child helpline 116.,
EDU_02813,Education,State Department for Basic Education urges parents and teachers in Machakos County to support inclusive learning environments.,
EDU_02814,Education,Notice: KMTC launches a guidance and counselling services programme in schools across Nairobi County.,
EDU_02815,Education,Notice: KNEC launches a school infrastructure safety programme in schools across Kiambu County.,
EDU_02816,Education,KMTC reminds schools in Kericho County to strengthen inclusion of learners with disabilities this October.,
EDU_02817,Education,Notice: Universities Fund launches an anti-bullying measures programme in schools across Kajiado County.,
EDU_02818,Education,Notice: Teachers Service Commission launches an inclusion of learners with disabilities programme in schools across Mombasa County.,
EDU_02819,Education,Notice: State Department for TVET launches an inclusion of learners with disabilities programme in schools across Kitui County.,
EDU_02820,Education,Universities Fund urges parents and teachers in Marsabit County to reach out to the child helpline 116.,
EDU_02821,Education,State Department for Basic Education urges parents and teachers in Homa Bay County to support inclusive learning environments.,
EDU_02822,Education,KNEC reminds schools in Nandi County to strengthen guidance and counselling services this October.,
EDU_02823,Education,State Department for Basic Education calls on the community in Nandi County to reach out to the child helpline 116 to keep schools safe.,
EDU_02824,Education,Teachers Service Commission urges parents and teachers in West Pokot County to support inclusive learning environments.,
EDU_02825,Education,KUCCPS calls on the community in Kericho County to support inclusive learning environments to keep schools safe.,
EDU_02826,Education,Notice: State Department for TVET launches an inclusion of learners with disabilities programme in schools across Nyeri County.,
EDU_02827,Education,Notice: Kenya Institute of Curriculum Development launches a guidance and counselling services programme in schools across Samburu County.,
EDU_02828,Education,HELB urges parents and teachers in Kwale County to report any safety concerns to the school administration.,
EDU_02829,Education,Notice: Universities Fund launches a guidance and counselling services programme in schools across Nandi County.,
EDU_02830,Education,Notice: State Department for TVET launches an inclusion of learners with disabilities programme in schools across Baringo County.,
EDU_02831,Education,HELB calls on the community in Lamu County to report any safety concerns to the school administration to keep schools safe.,
EDU_02832,Education,Ministry of Education urges parents and teachers in Bomet County to reach out to the child helpline 116.,
EDU_02833,Education,TSC reminds schools in Laikipia County to strengthen child protection in schools this March.,
EDU_02834,Education,Universities Fund urges parents and teachers in Mombasa County to report any safety concerns to the school administration.,
EDU_02835,Education,KNEC calls on the community in Bungoma County to support inclusive learning environments to keep schools safe.,
EDU_02836,Education,Notice: Teachers Service Commission launches a school infrastructure safety programme in schools across Homa Bay County.,
EDU_02837,Education,KICD reminds schools in Taita-Taveta County to strengthen inclusion of learners with disabilities this July.,
EDU_02838,Education,Notice: KMTC launches an inclusion of learners with disabilities programme in schools across Kisumu County.,
EDU_02839,Education,HELB reminds schools in Garissa County to strengthen anti-bullying measures this January.,
EDU_02840,Education,State Department for TVET calls on the community in Machakos County to reach out to the child helpline 116 to keep schools safe.,
EDU_02841,Education,Teachers Service Commission urges parents and teachers in Marsabit County to reach out to the child helpline 116.,
EDU_02842,Education,Notice: KMTC launches an anti-bullying measures programme in schools across Murang'a County.,
EDU_02843,Education,Notice: Teachers Service Commission launches a school infrastructure safety programme in schools across Mombasa County.,
EDU_02844,Education,TVET calls on the community in Samburu County to report any safety concerns to the school administration to keep schools safe.,
EDU_02845,Education,Notice: TSC launches an anti-bullying measures programme in schools across Garissa County.,
EDU_02846,Education,Notice: Universities Fund launches an anti-bullying measures programme in schools across Elgeyo-Marakwet County.,
EDU_02847,Education,IEBC calls on the community in Uasin Gishu County to report any safety concerns to the school administration to keep schools safe.,
EDU_02848,Education,KUCCPS reminds schools in Samburu County to strengthen school infrastructure safety this January.,
EDU_02849,Education,TVET calls on the community in Kwale County to report any safety concerns to the school administration to keep schools safe.,
EDU_02850,Education,KNEC calls on the community in Busia County to reach out to the child helpline 116 to keep schools safe.,
EDU_02851,Education,Universities Fund urges parents and teachers in Siaya County to report any safety concerns to the school administration.,
EDU_02852,Education,KMTC calls on the community in Mandera County to reach out to the child helpline 116 to keep schools safe.,
EDU_02853,Education,Ministry of Education reminds schools in Uasin Gishu County to strengthen child protection in schools this July.,
EDU_02854,Education,Notice: State Department for Basic Education launches an inclusion of learners with disabilities programme in schools across Laikipia County.,
EDU_02855,Education,State Department for TVET reminds schools in Turkana County to strengthen inclusion of learners with disabilities this January.,
EDU_02856,Education,Notice: KUCCPS launches a guidance and counselling services programme in schools across Embu County.,
EDU_02857,Education,State Department for Basic Education urges parents and teachers in Nyandarua County to reach out to the child helpline 116.,
EDU_02858,Education,Kenya Institute of Curriculum Development reminds schools in Lamu County to strengthen anti-bullying measures this February.,
EDU_02859,Education,Notice: Ministry of Education launches an anti-bullying measures programme in schools across Isiolo County.,
EDU_02860,Education,Notice: KICD launches a child protection in schools programme in schools across Kwale County.,
EDU_02861,Education,TSC calls on the community in Makueni County to reach out to the child helpline 116 to keep schools safe.,
EDU_02862,Education,HELB urges parents and teachers in Homa Bay County to report any safety concerns to the school administration.,
EDU_02863,Education,Teachers Service Commission calls on the community in Taita-Taveta County to reach out to the child helpline 116 to keep schools safe.,
EDU_02864,Education,TVET urges parents and teachers in Bomet County to report any safety concerns to the school administration.,
EDU_02865,Education,Notice: Teachers Service Commission launches an inclusion of learners with disabilities programme in schools across Vihiga County.,
EDU_02866,Education,KMTC reminds schools in Meru County to strengthen guidance and counselling services this September.,
EDU_02867,Education,State Department for Basic Education reminds schools in Kisumu County to strengthen anti-bullying measures this March.,
EDU_02868,Education,Notice: KUCCPS launches a child protection in schools programme in schools across Wajir County.,
EDU_02869,Education,TSC reminds schools in Isiolo County to strengthen guidance and counselling services this July.,
EDU_02870,Education,KUCCPS calls on the community in Kiambu County to reach out to the child helpline 116 to keep schools safe.,
EDU_02871,Education,Kenya Institute of Curriculum Development reminds schools in Kitui County to strengthen inclusion of learners with disabilities this December.,
EDU_02872,Education,Notice: IEBC launches an inclusion of learners with disabilities programme in schools across Bungoma County.,
EDU_02873,Education,Notice: HELB launches an inclusion of learners with disabilities programme in schools across Tana River County.,
EDU_02874,Education,Notice: Ministry of Education launches a school infrastructure safety programme in schools across Isiolo County.,
EDU_02875,Education,KMTC calls on the community in Marsabit County to support inclusive learning environments to keep schools safe.,
EDU_02876,Education,Universities Fund urges parents and teachers in Nyeri County to report any safety concerns to the school administration.,
EDU_02877,Education,Kenya Institute of Curriculum Development urges parents and teachers in Kisumu County to reach out to the child helpline 116.,
EDU_02878,Education,Notice: HELB launches a guidance and counselling services programme in schools across Bungoma County.,
EDU_02879,Education,Notice: KUCCPS launches a school infrastructure safety programme in schools across Nairobi County.,
EDU_02880,Education,HELB reminds schools in Kitui County to strengthen guidance and counselling services this January.,
EDU_02881,Education,KICD calls on the community in Makueni County to reach out to the child helpline 116 to keep schools safe.,
EDU_02882,Education,KICD calls on the community in Machakos County to support inclusive learning environments to keep schools safe.,
EDU_02883,Education,Universities Fund reminds schools in Murang'a County to strengthen school infrastructure safety this January.,
EDU_02884,Education,Teachers Service Commission reminds schools in Nyandarua County to strengthen guidance and counselling services this November.,
EDU_02885,Education,KICD calls on the community in Garissa County to support inclusive learning environments to keep schools safe.,
EDU_02886,Education,KMTC reminds schools in Murang'a County to strengthen guidance and counselling services this February.,
EDU_02887,Education,HELB urges parents and teachers in Baringo County to report any safety concerns to the school administration.,
EDU_02888,Education,Ministry of Education reminds schools in Busia County to strengthen child protection in schools this January.,
EDU_02889,Education,Notice: KNEC launches a guidance and counselling services programme in schools across Makueni County.,
EDU_02890,Education,TVET urges parents and teachers in Garissa County to report any safety concerns to the school administration.,
EDU_02891,Education,TSC calls on the community in Nakuru County to support inclusive learning environments to keep schools safe.,
EDU_02892,Education,Ministry of Education reminds schools in Tharaka-Nithi County to strengthen school infrastructure safety this December.,
EDU_02893,Education,Notice: State Department for TVET launches a guidance and counselling services programme in schools across Kajiado County.,
EDU_02894,Education,Notice: Universities Fund launches a child protection in schools programme in schools across Trans Nzoia County.,
EDU_02895,Education,Kenya Institute of Curriculum Development urges parents and teachers in Nyeri County to support inclusive learning environments.,
EDU_02896,Education,State Department for TVET calls on the community in Samburu County to reach out to the child helpline 116 to keep schools safe.,
EDU_02897,Education,HELB urges parents and teachers in Trans Nzoia County to support inclusive learning environments.,
EDU_02898,Education,Teachers Service Commission reminds schools in Nyeri County to strengthen school infrastructure safety this August.,
EDU_02899,Education,KUCCPS reminds schools in Mombasa County to strengthen anti-bullying measures this September.,
EDU_02900,Education,HELB reminds schools in Elgeyo-Marakwet County to strengthen guidance and counselling services this September.,
EDU_02901,Education,Universities Fund urges parents and teachers in Siaya County to reach out to the child helpline 116.,
EDU_02902,Education,Teachers Service Commission urges parents and teachers in Kericho County to support inclusive learning environments.,
EDU_02903,Education,Notice: Ministry of Education launches a guidance and counselling services programme in schools across Kirinyaga County.,
EDU_02904,Education,Teachers Service Commission urges parents and teachers in West Pokot County to reach out to the child helpline 116.,
EDU_02905,Education,KUCCPS reminds schools in Trans Nzoia County to strengthen school infrastructure safety this October.,
EDU_02906,Education,Kenya Institute of Curriculum Development calls on the community in West Pokot County to support inclusive learning environments to keep schools safe.,
EDU_02907,Education,State Department for TVET calls on the community in Bomet County to support inclusive learning environments to keep schools safe.,
EDU_02908,Education,HELB reminds schools in Homa Bay County to strengthen anti-bullying measures this December.,
EDU_02909,Education,Kenya Institute of Curriculum Development reminds schools in Murang'a County to strengthen school infrastructure safety this March.,
EDU_02910,Education,HELB reminds schools in Kiambu County to strengthen child protection in schools this April.,
EDU_02911,Education,KNEC calls on the community in Isiolo County to support inclusive learning environments to keep schools safe.,
EDU_02912,Education,Teachers Service Commission urges parents and teachers in Busia County to report any safety concerns to the school administration.,
EDU_02913,Education,TVET urges parents and teachers in Turkana County to support inclusive learning environments.,
EDU_02914,Education,Notice: KUCCPS launches an anti-bullying measures programme in schools across Kisii County.,
EDU_02915,Education,Notice: HELB launches a guidance and counselling services programme in schools across Meru County.,
EDU_02916,Education,HELB calls on the community in Nyeri County to report any safety concerns to the school administration to keep schools safe.,
EDU_02917,Education,TSC reminds schools in Makueni County to strengthen guidance and counselling services this October.,
EDU_02918,Education,KMTC calls on the community in Nairobi County to reach out to the child helpline 116 to keep schools safe.,
EDU_02919,Education,Notice: KNEC launches an inclusion of learners with disabilities programme in schools across Nairobi County.,
EDU_02920,Education,KMTC calls on the community in Baringo County to reach out to the child helpline 116 to keep schools safe.,
EDU_02921,Education,TVET reminds schools in Uasin Gishu County to strengthen guidance and counselling services this August.,
EDU_02922,Education,TVET reminds schools in Kirinyaga County to strengthen child protection in schools this June.,
EDU_02923,Education,Notice: TVET launches an inclusion of learners with disabilities programme in schools across Laikipia County.,
EDU_02924,Education,TSC calls on the community in Kilifi County to report any safety concerns to the school administration to keep schools safe.,
EDU_02925,Education,Notice: Ministry of Education launches an inclusion of learners with disabilities programme in schools across Kiambu County.,
EDU_02926,Education,Universities Fund calls on the community in Nairobi County to report any safety concerns to the school administration to keep schools safe.,
EDU_02927,Education,Universities Fund reminds schools in Kwale County to strengthen anti-bullying measures this May.,
EDU_02928,Education,State Department for Basic Education calls on the community in Elgeyo-Marakwet County to support inclusive learning environments to keep schools safe.,
EDU_02929,Education,Notice: HELB launches an inclusion of learners with disabilities programme in schools across Kilifi County.,
EDU_02930,Education,KICD reminds schools in Narok County to strengthen guidance and counselling services this November.,
EDU_02931,Education,KICD calls on the community in Baringo County to support inclusive learning environments to keep schools safe.,
EDU_02932,Education,TVET calls on the community in Vihiga County to reach out to the child helpline 116 to keep schools safe.,
EDU_02933,Education,Notice: Universities Fund launches an inclusion of learners with disabilities programme in schools across Baringo County.,
EDU_02934,Education,HELB calls on the community in Kirinyaga County to report any safety concerns to the school administration to keep schools safe.,
EDU_02935,Education,KNEC reminds schools in Kericho County to strengthen child protection in schools this June.,
EDU_02936,Education,Kenya Institute of Curriculum Development calls on the community in Wajir County to reach out to the child helpline 116 to keep schools safe.,
EDU_02937,Education,Notice: Teachers Service Commission launches an inclusion of learners with disabilities programme in schools across Laikipia County.,
EDU_02938,Education,Universities Fund reminds schools in Marsabit County to strengthen anti-bullying measures this October.,
EDU_02939,Education,KMTC urges parents and teachers in Nakuru County to support inclusive learning environments.,
EDU_02940,Education,Notice: KICD launches a guidance and counselling services programme in schools across Isiolo County.,
EDU_02941,Education,TVET reminds schools in Trans Nzoia County to strengthen guidance and counselling services this January.,
EDU_02942,Education,Notice: TSC launches a school infrastructure safety programme in schools across Nairobi County.,
EDU_02943,Education,Notice: State Department for Basic Education launches an inclusion of learners with disabilities programme in schools across Tharaka-Nithi County.,
EDU_02944,Education,IEBC reminds schools in Nyandarua County to strengthen child protection in schools this April.,
EDU_02945,Education,HELB calls on the community in Wajir County to reach out to the child helpline 116 to keep schools safe.,
EDU_02946,Education,Notice: TVET launches an anti-bullying measures programme in schools across Trans Nzoia County.,
EDU_02947,Education,KMTC calls on the community in Wajir County to support inclusive learning environments to keep schools safe.,
EDU_02948,Education,Notice: KNEC launches an anti-bullying measures programme in schools across Bomet County.,
EDU_02949,Education,Notice: IEBC launches an anti-bullying measures programme in schools across Kirinyaga County.,
EDU_02950,Education,IEBC reminds schools in Nairobi County to strengthen anti-bullying measures this May.,
EDU_02951,Education,State Department for Basic Education calls on the community in Uasin Gishu County to report any safety concerns to the school administration to keep schools safe.,
EDU_02952,Education,Teachers Service Commission urges parents and teachers in Wajir County to support inclusive learning environments.,
EDU_02953,Education,KNEC calls on the community in Kilifi County to support inclusive learning environments to keep schools safe.,
EDU_02954,Education,KUCCPS calls on the community in Vihiga County to support inclusive learning environments to keep schools safe.,
EDU_02955,Education,KUCCPS urges parents and teachers in Nairobi County to support inclusive learning environments.,
EDU_02956,Education,Notice: IEBC launches a child protection in schools programme in schools across Kirinyaga County.,
EDU_02957,Education,IEBC urges parents and teachers in Nyandarua County to support inclusive learning environments.,
EDU_02958,Education,TVET calls on the community in Bungoma County to reach out to the child helpline 116 to keep schools safe.,
EDU_02959,Education,Teachers Service Commission reminds schools in Kisumu County to strengthen child protection in schools this October.,
EDU_02960,Education,Teachers Service Commission urges parents and teachers in Uasin Gishu County to support inclusive learning environments.,
EDU_02961,Education,Notice: KNEC launches a school infrastructure safety programme in schools across Nandi County.,
EDU_02962,Education,KMTC calls on the community in Bomet County to support inclusive learning environments to keep schools safe.,
EDU_02963,Education,KICD urges parents and teachers in Laikipia County to report any safety concerns to the school administration.,
EDU_02964,Education,Notice: HELB launches an inclusion of learners with disabilities programme in schools across Vihiga County.,
EDU_02965,Education,Notice: KICD launches an anti-bullying measures programme in schools across Nyamira County.,
EDU_02966,Education,IEBC calls on the community in Nakuru County to report any safety concerns to the school administration to keep schools safe.,
EDU_02967,Education,Notice: HELB launches an anti-bullying measures programme in schools across Nyamira County.,
EDU_02968,Education,Kenya Institute of Curriculum Development reminds schools in Nyeri County to strengthen anti-bullying measures this April.,
EDU_02969,Education,Notice: Ministry of Education launches a child protection in schools programme in schools across Isiolo County.,
EDU_02970,Education,Ministry of Education reminds schools in Nyeri County to strengthen inclusion of learners with disabilities this February.,
EDU_02971,Education,State Department for TVET reminds schools in Migori County to strengthen child protection in schools this July.,
EDU_02972,Education,State Department for Basic Education calls on the community in Marsabit County to report any safety concerns to the school administration to keep schools safe.,
EDU_02973,Education,TSC calls on the community in Marsabit County to support inclusive learning environments to keep schools safe.,
EDU_02974,Education,TSC calls on the community in Nandi County to report any safety concerns to the school administration to keep schools safe.,
EDU_02975,Education,Notice: Ministry of Education launches an inclusion of learners with disabilities programme in schools across Uasin Gishu County.,
EDU_02976,Education,KUCCPS calls on the community in Kakamega County to support inclusive learning environments to keep schools safe.,
EDU_02977,Education,IEBC reminds schools in Nyeri County to strengthen guidance and counselling services this April.,
EDU_02978,Education,Kenya Institute of Curriculum Development reminds schools in Nairobi County to strengthen child protection in schools this July.,
EDU_02979,Education,KUCCPS calls on the community in Isiolo County to report any safety concerns to the school administration to keep schools safe.,
EDU_02980,Education,IEBC urges parents and teachers in Turkana County to report any safety concerns to the school administration.,
EDU_02981,Education,State Department for TVET reminds schools in Siaya County to strengthen guidance and counselling services this April.,
EDU_02982,Education,State Department for Basic Education reminds schools in Narok County to strengthen child protection in schools this May.,
EDU_02983,Education,Notice: Kenya Institute of Curriculum Development launches a child protection in schools programme in schools across Mandera County.,
EDU_02984,Education,KMTC reminds schools in Nyeri County to strengthen child protection in schools this July.,
EDU_02985,Education,KICD urges parents and teachers in Kilifi County to report any safety concerns to the school administration.,
EDU_02986,Education,TVET calls on the community in Kwale County to support inclusive learning environments to keep schools safe.,
EDU_02987,Education,State Department for Basic Education reminds schools in Nyamira County to strengthen school infrastructure safety this December.,
EDU_02988,Education,KICD reminds schools in Meru County to strengthen anti-bullying measures this July.,
EDU_02989,Education,KNEC urges parents and teachers in Kwale County to support inclusive learning environments.,
EDU_02990,Education,HELB calls on the community in Taita-Taveta County to report any safety concerns to the school administration to keep schools safe.,
EDU_02991,Education,KMTC reminds schools in Nyamira County to strengthen child protection in schools this July.,
EDU_02992,Education,State Department for TVET calls on the community in Trans Nzoia County to reach out to the child helpline 116 to keep schools safe.,
EDU_02993,Education,State Department for Basic Education reminds schools in Kitui County to strengthen inclusion of learners with disabilities this December.,
EDU_02994,Education,Notice: KUCCPS launches an anti-bullying measures programme in schools across Siaya County.,
EDU_02995,Education,TVET calls on the community in Nyandarua County to reach out to the child helpline 116 to keep schools safe.,
EDU_02996,Education,IEBC urges parents and teachers in Isiolo County to support inclusive learning environments.,
EDU_02997,Education,TSC calls on the community in Baringo County to support inclusive learning environments to keep schools safe.,
EDU_02998,Education,State Department for Basic Education reminds schools in Bomet County to strengthen inclusion of learners with disabilities this February.,
EDU_02999,Education,State Department for Basic Education reminds schools in Nandi County to strengthen inclusion of learners with disabilities this April.,
EDU_03000,Education,HELB reminds schools in Samburu County to strengthen guidance and counselling services this August.,
