url,title,text,language
https://www.education.go.ke/january-2025-school-re-opening#main-content,January 2025 School Re-opening | Ministry of Education - Kenya,"Accessibility Tools Basic Education PS Dr. Belio Kipsang addresses school management, grade-nine students and monitoring classrooms during first-Term opening day in various schools in Nairobi and Kiambu Counties. The PS said the Ministry is ready to fully implement the CBC programme.",en
https://www.education.go.ke/,Homepage | Ministry of Education - Kenya,"Accessibility Tools REPORT CORRUPTION IN THE PLACEMENT OF GRADE 10 LEARNERS IN SENIOR SCHOOL Cabinet Secretary Julius Migos Ogamba commissions new classrooms at Uthiru Comprehensive School and Rukubi Comprehensive School in Kabete Sub-County, Kiambu County. Education CS Julius Ogamba flanked by (left to right) Dr. Esther Mworia, PS Technical and Vocational Education Training (TVET), Dr. Beatrice Inyangala, PS Higher Education and Prof. (Amb.) Julius Bitok, PS Basic Education. PS TVET DR. ESTHER MUORIA WELCOMING THE PRIME CABINET SECRETARY HON. DR MUSALIA MUDAVADI TO TVET@100 CELEBRATIONS HELD AT KABETE NATIONAL POLYTECHNIC PS Prof. Julius Bitok Commissions Classrooms at Kwa Njenga Primary CS Julius Ogamba signs Education MOU with his Denmark counterpart Christina Egelund President Dr. William Ruto, Deputy President Prof. Kithure Kindiki, Education CS Julius Ogamba visit a school February 27th 2025 PS TVET, DR. ESTHER MUORIA WELCOMING CS EDUCATION, HON. JULIUS OGAMBO TO THE WORLDSKILLS COMPETITION HELD AT KSTVET Mbauro Comprehensive School Wundanyi, Taita Taveta County Read More The Cabinet Secretary for Education Julius Migos Ogamba during the posting report of the 2,000 TVET trainers. CS Hon. Julius Ogambo and PS higher education and PS TVET lead bilateral talks with the British high commission led by Desmond Neil. The newly appointed Cabinet Secretary for Education Mr Julius Migosi Agambo meets the Principal Secretary for the State Department of Basic Education, Dr. Belio Kipsang, and his counterpart in the State Department of Technical, Vocational Education and Training, Dr. Esther Mouria in his office at Jogoo House. VC's Conference Mombasa 2024 The Ministry of Education (MOE) formulates and implements education and training policies, standards, curricula, examinations and the granting of university charters. It is also responsible for the management of universities, tertiary educational institutions and other institutions of research and higher learning and primary schools, special education, secondary schools and special education institutions. The Ministry derives its mandate from the Constitution of Kenya, the Statutes on education, and the Executive Order No. 1 of 2020 (Revised) on the Organization of the Government of the Republic of Kenya. Read more",en
https://www.education.go.ke/background-information,Background Information | Ministry of Education - Kenya,"Accessibility Tools Background Information The Fourth Schedule of the Constitution of Kenya Articles 185(2), 186(1) and 187(2) distributes functions between the national and county governments. The National Government undertakes; education policy, standards, curriculum, examinations, granting of university charters, universities, tertiary educational institutions, institutions of research, higher learning, primary schools, special education, secondary schools, special education institutions and promotion of sports and sports education. While the County Government in relation to education are: pre-primary education, village polytechnics, home-craft centres, farmers training centres and childcare facilities. In addition, Parliament, over the years has enacted a series of Acts on various dimensions of education whose objects and goals the Ministry is expected to implement to give effect to the Constitutional provisions pertaining to education and training. Under the Executive order no. 1 of 2023 (Revised) on the Organization of the Government of the Republic of Kenya, the Ministry is headed by a Cabinet Secretary, assisted by three (3) Principal Secretaries, each heading a State Department. The three State Departments are The State Department for Basic Education; the State department for Vocational and Technical Training and; the State Department for Higher Education and Research.",en
https://www.education.go.ke/vision-mission,Vision & Mission | Ministry of Education - Kenya,"Accessibility Tools A globally competitive education, training, research and innovation system for sustainable development. To provide, promote and coordinate quality education, training and research; and enhance integration of Science, Technology and Innovation into national production systems for sustainable development. In pursuit of our vision and mission, we will be guided by the following fundamental core values:",en
https://www.education.go.ke/node/270,Service Charter | Ministry of Education - Kenya,Accessibility Tools This is our citizen service delivery charter,en
https://www.education.go.ke/past-ministers,Past Ministers | Ministry of Education - Kenya,"Accessibility Tools Minister for Education, Science and Technology Minister for Basic Education 1975 Minister for Basic Education",en
https://www.education.go.ke/state-departments,State Departments | Ministry of Education - Kenya,"Accessibility Tools Core Functions The core functions of the State Department are as follows: The functions of the State Department are also guided by the Universities Act 2012 Revised (2015, 2016 and 2018), the Science, Technology, and Innovation Act 2013 and the Sessional Paper No. 1 of 2019 on a Policy Framework for Reforming Education and Training for Sustainable Development in Kenya. Mandate The State Department for Higher Education & Research derives its mandate from executive order no. 1 of 2023 issued under the hand and seal of the President on the 6th day of January the year of our lord two thousand and twenty-three. Objectives The main objectives of the State Department include: Achievements and status of ongoing projects The Government has expanded access through establishment of new universities and expansion of the existing ones that has increased enrolment in universities. The number of universities, both public and private increased to seventy-eight (78) in 2022/23. The universities comprise of thirty-eight (38) Public Chartered Universities, four (4) Public University Constituent Colleges, twenty-five (25) Private Chartered Universities, eight (8) Universities operating with Letters of Interim Authority (LIA) and three (3) Private University Constituent Colleges. A summary of the type and number of Universities is the table below. UNIVERSITIES NUMBER Public Chartered Universities 38 Public Universities Constituent Colleges 4 Private Chartered Universities 25 Private Universities with Letters of Interim Authority 8 Private Universities Constituent Colleges 3 Registered - Total 78 Scholarship for University Education Administration of scholarships offered by friendly countries One thousand six hundred and ninety-three (1693) International scholarships have been granted to the Government of Kenya through the Ministry of Education since 2018. The State Department receives scholarship offers from friendly countries on an annual basis. These scholarships which are given through bilateral agreements, are aimed at building a competent workforce to meet the National development goals. These scholarships are also meant to assist bright needy students as well as build capacity in areas where the country needs specialized skills. The Ministry of Education s Directorate of Higher Education is Mandated to process the scholarships. The type of scholarships includes those which are either fully or partially funded. Full scholarships cater for the cost of airfare, tuition and medical insurance in addition to a stipend which assists the student in paying for accommodation and meals. In Partial Scholarships, the donor country meets only part of the total expenses. Usually the donor country pays for tuition fees only. The student is required to meet the cost of airfare, accommodation, medical insurance cover and other expenses related to the course of study. The terms and conditions of scholarships received are announced to the general public through an advertisement on MyGov pull out on Tuesdays and Ministry website requesting the candidates to apply. Since 2018 the Ministry of Education has processed scholarships from fifteen (15) countries. The attached list shows the applicants and beneficiaries over the years. The number of applicants and beneficiaries  visas summarized in the table below: YEAR No. OF APPLICANTS No. OF BENEFICIARIES 2018/2019 1396 293 2019/2020 861 278 2020/2021 816 299 2021/2022 1851 290 2022/2023 2202 325 2023/2024 1501 208 TOTAL 8627 1693 In order to effectively undertake its mandate, the State Department also comprises 38 Public Universities, 4 University Constituent Colleges and two (2) specialized degree awarding Public Universities, eight (8) Semi-Autonomous Government Agencies (SAGAs), which are charged with various responsibilities as presented in table 1. Table1: SAGAs and their Mandate In addition to the two directorates, the state department has Administration Department where all other sections fall including Central Planning Unit, Accounts, Supply Channel Services, Human Resource Management, Public Communication, Legal Services, ICT and Finance. The mandate and functions Mandate and functions OBJECTIVES 1. To develop and review Research, Science and Technology policies, strategies and related instruments including frameworks, papers and reports. 2. To promote and manage quality Science and Technology outputs through forums, repositories and National Innovation System. 3. To establish collaboration, partnerships and linkages in Science, Technology and Innovation. 4. To mobilize resources for Research, Innovation and Infrastructure development. 5. To enhance Intellectual Property Management 6. To coordinate the establishment of Science and Technology Parks and facilitate Technology transfer. ACHIEVEMENTS Vision The vision for the TVET sub-sector is to provide skilled and globally competitive employable human resource Mission To provide, promote and co-ordinate the training sector by assuring quality, inclusiveness and relevance for the enhancement of the national economy and global competitiveness. TVET Goal To provide relevant and adequate skills and competencies in strategic disciplines by 2020 for spurring industrial and economic development in line with the aspirations of the Kenyan peoples The main objective of TVET is to develop an effectively co-ordinated and harmonized TVET system that is capable of producing quality skilled human resource with the right attitudes and values required for growth and prosperity of the various sectors of the economy. Specific objectives of TVET are to:   Functions for more information visit https://www.tvet.go.ke",en
https://www.education.go.ke/cabinet-secretary,Cabinet Secretary | Ministry of Education - Kenya,"Accessibility Tools Mr. Julius Migos Ogamba, is an advocate of the High Court of Kenya, who was before his appointment serving as the Chairperson of the Board of Directors of Kenya Electricity Generating Company PLC (KenGen), and Senior Partner at Migos-Ogamba and Waudo Advocate. Mr. Ogamba is a seasoned, visionary and accomplished legal practitioner of over 30 years  experience. He is a driven advocate with a proven track record of leading teams, forging long-lasting client relationships and influencing organizational productivity by ensuring compliance with legal and regulatory requirements. Mr. Ogamba holds a Bachelor of Laws degree from the University of Nairobi, a postgraduate Diploma in Law from the Kenya School of Law, and a Diploma in Law from the Institute of Advanced Legal Studies, University of London. His professional affiliations include memberships in the Law Society of Kenya and the Institute of Certified Secretaries of Kenya. He has undertaken training on board leadership, corporate governance for directors, board mastery programme, and political leadership development programme.",en
https://www.education.go.ke/principal-secretary,Principal Secretary | Ministry of Education - Kenya,"Accessibility Tools JOHN LEKAKENY OLOLTUAA, CBS PRINCIPAL SECRETARY, STATE DEPARTMENT FOR BASIC EDUCATION. PS John Lekakeny Ololtuaa leads the State Department for Basic Education , bringing over three decades of experience across nearly every level of Kenya's education system. Born in Kilgoris, Trans Mara West Sub-County, Narok County, he holds a Bachelor of Education (Arts) and a Master's in Education Administration, both from Kenyatta University. His career began in 1993 as an assistant teacher, rising through the ranks to Principal of Ennosaen Secondary School, District Education Officer (Suba, Mbita, and Bomet), County Director of Education (Bomet and Kajiado), and Regional Director of Education overseeing the Eastern, Nairobi, Rift Valley, and Central regions. He also served with the Transition Authority as County Transition Coordinator for Narok County during Kenya's shift to devolved government. In 2022, he was appointed Principal Secretary, State Department for Tourism, in the Ministry of Tourism and Wildlife, where he drove tourism promotion, policy formulation, and industry diversification. He now brings that cross-government experience to Basic Education, steering the implementation of Competency-Based Education (CBE) as the first cohort progresses through Senior School, while prioritizing school safety, inclusive education, teacher management, and stronger collaboration with sector partners and stakeholders. PS Ololtuaa's leadership is distinguished by institutional memory built from the classroom up an insider's understanding of how national policy translates into outcomes at the school level. As accounting officer, PS Ololtuaa is responsible for the day-to-day management and coordination of the State Department for Basic Education, overseeing the following core functions: 1.Early Childhood, Primary, Secondary, and Teacher Training Education Policy Management 2.Primary and Secondary Education Institutions Management 3.School Administration and Programmes 4.Registration of Basic Education and Training Institutions 5.Management of Education Standards 6.Management of National Examinations and Certification 7.Curriculum Development 8.Quality Assurance in Education 9.Special Needs Education Management 10.Representation of Kenya in Africa UNESCO 11.Teacher Training 12.Adult Education Management Oversight of Semi-Autonomous State Agencies (SAGAs) The PS also provides oversight authority for the following State Agencies under the State Department for Basic Education: 1.Kenya National Examinations Council (KNEC) 2.Kenya Institute of Curriculum Development (KICD) 3.Kenya Institute of Special Education (KISE) 4.Kenya Literature Bureau (KLB) 5.Kenya Institute for the Blind (KIB) 6.Centre for Mathematics, Science, and Technology in Africa (CEMASTEA) 7.Kenya National Commission for UNESCO 8.Kenya Education Management Institute (KEMI) 9.School Equipment Production Unit (SEPU) 10.Jomo Kenyatta Foundation (JKF) 11.National Commission for Nomadic Education (NACONEC) Dr. Beatrice Muganda Inyangala is the Principal Secretary, the State Department for Higher Education and Research, Ministry of Education, Kenya. She is a passionate educator and leader who is committed to transforming higher education and its impact on the continent and globally. Prior to her appointment, she worked for the Partnership for African Social and Governance Research (PASGR); a pan-African not-for-profit organization for 11 years, and exited as the Deputy Executive Director. Her accomplishments through the Pedagogical Leadership in Africa (PedaL) project are internationally acclaimed. She has extensive knowledge of actors, issues, challenges and opportunities in African higher education and has trained over 3,000 teaching staff in 91 universities in 11 African countries in innovative pedagogies. She has contributed immensely to the formulation of education policy and participated in education policy debates within the region and globally: Association of African Universities; EU-Africa policy dialogues; London School of Economics Africa Summit, among others. She holds a B.Ed and M. Phil in Planning and Economics of Education, Moi University, Kenya; PhD from the University of Athens, and has received further training at the International Institute of Educational Planning in Paris, France. Dr. Esther Thaara Muoria, PhD Principal Secretary, State Department for Technical, Vocational Education and Training Dr. Esther Muoria is a seasoned manager with over 30 years  experience in various managerial roles. Prior to joining the Ministry of Education, she served as the Registrar, Academic Affairs in Jomo Kenyatta University of Agriculture and Technology where she oversaw academic and student matters. She has also served as a Senior Probation Officer in different districts where she was responsible for liaising with other Government departments, local councils and Non Governmental organizations in coordinating correctional services. She is committed to promoting technical, and vocational education and training through diversity and inclusion of students from all regions of Kenya as a means of boosting the much-needed technical skills required in the Country and appropriately preparing the graduates for the world of work. Dr. Muoria holds a PhD from Jomo Kenyatta University of Agriculture and Technology and has published in several journals. For more information visit TVET WEBSITE",en
https://www.education.go.ke/scholarships-0,Scholarships | Ministry of Education - Kenya,Accessibility Tools Standard Scholarship Application Form SCHOLARSHIPS IN TUNISIAN UNIVERSITIES FOR THE ACADEMIC YEAR 2026/2027 IRISH AID FUNDED FELLOWSHIP PROGRAMME FOR THE YEAR 2027/2028 SLOVAK SCHOLARSHIPS FOR TALENTED STUDENTS FROM ALL OVER THE WORLD - 2026/2027 COURSE ANNOUNCEMENT: THE BISHOP WILLIAMS MEMORIAL FUND SCHOLARSHIP COURSE ANNOUNCEMENT: 12TH EDITION OF THE SCIENCE BY WOMEN PROGRAM   WOMEN FOR AFRICA RE-ADVERTISEMENT: KINGDOM OF MOROCCO SCHOLARSHIP FOR THE YEAR 2026/2027 STUDY OPPORTUNITIES IN BAHRIA UNIVERSITY-PAKISTAN GOVERNMENT OF MEXICO EXCELLENCE SCHOLARSHIP KINGDOM OF MOROCCO SCHOLARSHIPS FOR THE YEAR 2026/2027 MALAYSIAN TECHNICAL COOPERATION PROGRAMME (MTCP) SCHOLARSHIPS FOR MASTERS PROGRAMMES - ACADEMIC YEAR 2026 AYUSH SCHOLARSHIP PROGRAMME INDIA,en
https://www.education.go.ke/nemis,NEMIS | Ministry of Education - Kenya,"Accessibility Tools Introduction The National Education Management Information System (NEMIS) is web based data management solution which collects data and information from education institutions; processes and reports the status of designed indicators; and provides the sector a solid ground for effective management to ensure that every Learner counts. The Online Platform tracks performance mobility of learners and teaching staff to ensure efficiency and effective utilization of education resources. Objectives The Objective of NEMIS is to help streamline the data management for informed decision-making and planning of the education sector by hosting student / pupil data, linked to a Unique Identifier that is randomly generated using a verifiable algorithm. Specific objectives include: (1). Online platform for capture of education data at school level (school and learner information); (2). Platform that allows all education agencies to share data collected to ease and facilitate administrative and decision-making processes; (3). Provide an integrated Business Intelligence (BI) that provide statistics used to report national and internation indicators in education and training sub-sectors; (4). Provide flexibility of handling of resources (including infrastructure support, texbooks and facilitation of school feeding programmes) that go to education institutions; (5). Help in tracking of costing parameters in education and training; (6). With inclusion of GIS components, Online Platform will help in geographical analysis of education indicators (including production of various maps much needed in the education sector). Click Here to Access the NEMIS Application",en
https://www.tvet.go.ke/node/382,TVET MIS | TVET,"Accessibility Tools The TVETMIS system serves as a centralized platform for collecting, processing, and managing data, delivering accurate and reliable insights to stakeholders for evaluating the performance of TVET programs and informing decision-making in Kenya. It aims to drive TVET towards better learning outcomes by providing better, timely, and accurate data for decision-making. The objective is to help track data in a manner that offers the right information to the right set of people at the right time and in the right format to enable decision-making and planning. State Department for Technical, Vocational Education and Training",en
https://www.education.go.ke/certificate-verification,Certificate Verification | Ministry of Education - Kenya,Accessibility Tools The Ministry verifies academic certificates for Kenyans whenever institutions require applicants  certificates verified. It conducts certification of academic documents. The Ministry requires original certificates and supporting documents; and certified copies of both sides of the certificates by the issuing institution as a condition to provide the service.,en
https://www.tvet.go.ke/node/383,TVET-TRACER | TVET,"Accessibility Tools TVET Tracer database is a web-based solution for tracing Kenyan TVET graduates through an online platform. The versatile database system is an application meant to capture user data. It stands as a cornerstone of opportunity, facilitating direct engagement between employers and graduates. This versatile platform holds numerous benefits that pave the way for the professional growth of our TVET graduates. Click here to access the TVET Tracer Versatile Database State Department for Technical, Vocational Education and Training",en
https://www.tvet.go.ke/node/384,DUAL TVET | TVET,"Accessibility Tools What is Dual TVET The CTVET website aims at creating awareness of the Cooperative (Dual) Training model and strengthening the engagement of the private sector and the Centers of excellence within the Promotion of Youth Employment and Vocational Training programme. You can access information on training programmes, training providers (training institutions and Company partners), Dual VET Courses, upcoming events, innovations, success stories and more! We have also included a part of how you can be involved! The website is developed under the Kenyan-German initiative  Promotion of youth employment and vocational training , joint initiative between KFW Development Bank and the Ministry of Education. The portal is managed and operated by the AHK Services Eastern Africa Ltd, the organization tasked with Communication and Marketing for this project. Click here to access the Dual TVET Website State Department for Technical, Vocational Education and Training",en
https://www.tvet.go.ke,Home | TVET,"Accessibility Tools The State Department for Technical Vocational Education and Training derives its mandate from Executive Order No. 2 of 2023 on ""Organization of the Government of Kenya"". The State Department promotes access, equity, and relevant and quality technical and vocational education and training. The State Department does this through the development and management of Technical Vocational Education policies, management of Technical Vocational Education Training, Institutes of Science and Technology, National Polytechnics, Vocational Educational Training Institutions (TVETs), Technical Training Institutes, and Youth Polytechnics; registration of TVET Institutions; development of policy and standards for Youth Polytechnics and Vocational Training; and management of Apprenticeships and Training of Technical and Vocational Training. Aims at creating awareness and promotion of Youth Employment and Vocational Training programme. web-based solution for tracing Kenyan TVET graduates through an online platform web-based application used to capture data, processes and reports on various indicators of the institutions. A unified and harmonized RPL system will have a transformative effect on Kenya's workforce and education system. State Department for Technical, Vocational Education and Training",en
https://www.education.go.ke/basic-education-programmes,Basic Education Programmes | Ministry of Education - Kenya,"Accessibility Tools Since Independence in 1963, the Government of Kenya has recognized the importance of education both as a basic right as well as a tool for achieving Social Economic development The current primary school population is estimated at 10.4 million children in both public and private primary schools. This rapid growth in primary school population is largely attributed to the introduction of Free Primary Education by the Government in 2002 and other interventions. The enrolment in our schools indicate that Kenya is on track to achieve the Education For All (EFA) and the Millennium Development Goals (MDG) Commitments by 2015. The Kenya s constitution 2010, Article 43 states that,  the right of every child to be free from hunger and to have adequate food of acceptable quality including clean and safe water in adequate quantities and above all right to education  gives us mandate to ensure that the child access adequate and safe food . Health and nutrition have significant impact on the overall educational achievements of school-age children. Ensuring that children are well fed, healthy and able to learn is essential to the effectiveness of an education system. The ministry of education with technical support of WFP have jointly implemented the school meal programs in food insecure regions of Kenya since 1980 with the objectives to encouraging parents to enroll and keep their children in schools and to encourage pupils to learn these school meal program has been implemented on five year phases since the inception.The SMP programme encompass provision of a mid-day meal to public primary school children in Arid and Semi-Arid Sub-Counties and the informal settlements of Nairobi. By 2008 1.2 million pupils were beneficiaries of the program and this has increased the number of beneficiaries to 1.6 million in Arid and selected schools in Semi-Arid lands. The school meals have contributed immensely to address the challenges affecting access to quality education in Kenya. The homegrown school meals(HGMSP) have expanded to become one of the Kenyans key flagship projects that encourage children from food insecure households to attending school regularly. The program is therefore a major education investment that has contributed to enhanced access on primary school education. There are various school meals feeding program in school which included In-Kind and, cash transfer and community welfare among others. In school health nutrition and meal program we implement the program using In-Kind and Cash Transfer. In in kind program, this involves procuring Food commodities from central place then transported to the Sub-Counties before the Sub-County Director of Education (SCDE) distributes the food commodities to schools. This covers 10 Arid Counties. The Counties include; (Baringo (Tiaty, Marigat, Baringo North, Mogotio East and East Pokot), Garissa, Isiolo, Mandera, Marsabit, Samburu, Tana River, Turkana, Wajir, West Pokot (North Pokot). On cash transfer, the ministry prepares cash payment schedules , cash is transferred to a subsidiary bank to beneficiary s schools account , school committee manages schools accounts ,there is a special account for schools  meals only, termly allocation per school is based on verified enrollment at the end of the term ,number of school days in the term, transfer value ; per child per day rate and minus :bank account balances and food carried over stock from the previous term. Once the funds credited at school account, procurement of food commodities goes through competitive tender process, following the guidelines as advise by the ministry. The arid counties benefiting from the program are 10 namely , Baringo,Elgeyo Marakwet,Garissa,Isiolo,Mandera,Marsabit,Samburu,Turkana,TanaRiver,Wajir, Westpokot. Cash transfer is implemented in semi-arid and urban informal settlement scheme. Those in Semi Arid counties are in selected sub counties and includes Baringo (Baringo Central), Elgeyo Marakwet(Keiyo South,Marakwet East And West), Embu(Mbeerenorth And Mbeere South) , Kajiado(Isinya, Kajiado Central ,Kajiado West,Loitokitok And Mashuuru), Kilifi(Ganze,Kaloleni ,Malindi And Magarini), Kitui(Ikutha,Katulani,Kyuso,Lower,Yatta,Mumoni,Mutitu,Mutomo,Mwingi Central,Mwingi East, Tseikuru), Kwale(Kinango, Lungalunga And Matuga), Laikipia(Laikipia Central , Laikipia East,Laikipia North,Laikipia West And Nyahururu0,Lamu(Lamu),Machakos(AthiRiver,Kalama,Machakos,Masinga,Matungulu ,Mwala) Maukeni(Kathozweni,Kibwezi,Makindu,MbooniEast And Nzaui),Narok (Narok East, Narok North ,Narok South And Narok West) ,Nyeri (Kieni East,Kieni West And Nyeri Central), Taita Taveta(Mwatate,Taveta, Voi) And Tharaka Nithi(Maara, Tharakanorth And Tharaka South ). Nairobi has been included as an Informal Settlement scheme with households affected with poverty in Dogerreti, Kamkunji,Kangemi, Kawangware, Kibera, Korogocho, Lower Kabete, Makongeni, Mathare, Mukuru and Westlands. SUMMARY COUNTIES, SUB COUNTIES AND SCHOOLS IN CASH TRANSFER (HOMEGROWN MEAL PROGRAM) SOCIAL ASSESSMENT REPORT VULNERABLE AND MARGINALIZED GROUP PLAN FOR MUNYOYOYA IN TANA RIVER COUNTY VULNERABLE AND MARGINALIZED GROUP PLAN FOR SAKUYE IN MARSABIT COUNTY VULNERABLE AND MARGINALIZED GROUP PLAN FOR MALAKOTE IN GARISSA COUNTY VULNERABLE AND MARGINALIZED GROUP PLAN FOR ILKUNONO IN MARSABIT COUNTY VULNERABLE AND MARGINALIZED GROUP PLAN FOR ABASUBA IN HOMABAY COUNTY VULNERABLE AND MARGINALIZED GROUP PLAN FOR CHERANGANY IN WEST POKOT COUNTY VULNERABLE AND MARGINALIZED GROUP PLAN FOR OGIEK IN BUNGOMA COUNTY VULNERABLE AND MARGINALIZED GROUP PLAN FOR ELMOLO IN MARSABIT COUNTY VULNERABLE AND MARGINALIZED GROUP PLAN FOR NGIKEBOTOK IN TURKANA COUNTY VULNERABLE AND MARGINALIZED GROUP PLAN FOR SENGWER COMMUNITY IN WEST POKOT COUNTY VULNERABLE AND MARGINALIZED GROUP PLAN FOR RIBA COMMUNITY IN WAJIR COUNTY VULNERABLE AND MARGINALIZED GROUP PLAN FOR WAATHA COMMUNITY IN KILIFI COUNTY VULNERABLE AND MARGINALIZED GROUP PLAN FOR WAAYU COMMUNITY IN MARSABIT ELIMU SCHOLARSHIP APPLICATION FORM FOR 202 1 ELIMU SCHOLARSHIP PROGRAMME 202 1 ONLINE APPLICATION INSTRUCTIONS STAKEHOLDER ENGAGEMENT PLAN LIST OF ELIMU SCHOLARSHIP BENEFICIARIES F/Y 2019-2020 GRIEVANCE REDRESS MECHANISM OPERATIONAL MANUAL CONSULTANCY TO ASSESS THE CAPACITY OF JOMO KENYATTA FOUNDATION TO REGULATE, COORDINATE AND MANAGE ORGANISATIONS INVOLVED IN PROVISION OF SCHOLARSHIPS UNDER THE SECONDARY EDUCATION QUALITY IMPROVEMENT PROJECT RECRUITMENT OF MONITORING AND EVALUATION SPECIALIST CONSULTANCY SERVICES FOR A STUDY TO ESTABLISH THE PREVALENCE AND FACTORS PROPAGATING GENDER- BASED AND STUDENTS  VIOLENCE IN SCHOOLS UNDER THE SECONDARY EDUCATION QUALITY IMPROVEMENT PROJECT TERMS OF REFERENCE FOR CONSULTANCY FOR DESIGN AND IMPLEMENTATION OF AN ADVOCACY, SOCIAL SUPPORT AND GENDER SENSITIZATION PROGRAMME FOR RETENTION OF UPPER PRIMARY PUPILS GRADE 7 & 8 UNDER THE SECONDARY EDUCATION QUALITY IMPROVEMENT PROJECT (SEQIP- P160083) TERMS OF REFERENCE FOR CONSULTANCY TO DESIGN AND SUPPORT IMPLEMENTATION OF A SCHOLARSHIP, MENTORSHIP,GENDER SENSITISATION AND SOCIAL SUPPORT PROGRAMME FOR SECONDARY SCHOOL STUDENTS UNDER THE SECONDARY EDUCATION QUALITY IMPROVEMENT PROJECT (SEQIP- P160083) TERMS OF REFERENCE (TOR) SOCIAL SAFEGUARDS TECHNICAL ASSISTANCE FOR SECONDARY EDUCATION QUALITY IMPROVEMENT PROJECT TERMS OF REFERENCE   CONSULTANCY FOR INDEPENDENT VERIFICATION OF RESULTS IN SAMPLED TARGET SCHOOLS-ALLOCATED TEACHERS, SCHOOL BASED TEACHER SUPPORT SERVICES, PROVISION OF TEXTBOOKS, AND BENEFICIARIES OF THE SCHOLARSHIP AND MENTORSHIP PROGRAM TERMS OF REFERENCE (TOR) FOR THE DESIGN AND CONSTRUCTION SUPERVISION PROJECT APPRAISSAL DOCUMENT PROJECT IMPLEMENTATION MANUAL FINANCIAL MANUAL PROJECT PROCUMENT STRATEGY FOR DEVELOPMENT MINISTRY OF EDUCATION VULNERABLE AND MARGINIZED GROUPS FRAMEWORK REPORT ENVIRONMENTAL AND SOCIAL MANAGEMENT FRAMEWORK The Girls  Education Challenge (GEC) program seeks to help up to a million of the world s poorest girls improve their lives through education. I Choose Life-Africa s Jielimishe Girls  Education Challenge (GEC) Project is targeting to improve life chances of 10,123 marginalised girls and 6,890 boys from communities in Laikipia, Meru and Mombasa Counties. The five (5) year project, funded by the UK Government through the Department for International Development (DfID) will run from April 2017 to March 2022. Building on the lessons learnt from Jielimishe GEC, the overall goal of Jielimishe GEC T is to improve the life chances of girls, 2,390 in primary school and 7,730 in secondary school using a holistic approach to complete a cycle of education, transition to the next level and demonstrate learning, as well as provide alternative pathways. Besides targeting girls as direct beneficiaries, the project also targets 6,980 boys (3,190 in upper primary and 3,790 in secondary schools). Kenya Primary Education Development Project ( PRIEDE) Component 1: Improving early grade mathematics competencies Component II: Strengthening Primary school management systems Component III: Evidence based policy development Component IV: Project management. The project is expected to run from year 2015   2018. The World Bank is the Supervising Entity. The project beneficiaries include: VIDEO: The School Improvement Programme (Kenya) Documentary on TPAD VIDEO: The School Improvement Programme (Kenya) Documentary on Curriculum and Instruction VIDEO: The School Improvement Programme (Kenya) Documentary on School Management and Accountability VIDEO: The School Improvement Programme (Kenya) Documentary on Financial Management VIDEO: The School Improvement Programme (Kenya) Documentary on School Environment and Pupils  Welfare VIDEO: The School Improvement Programme (Kenya) Documentary on School Specific KCPE Analysis VIDEO: Documentary on School Improvement Programme (Kenya) VIDEO: School Improvement Project(SIP) VIDEO: Sensitization of Kisumu and Siaya Education Stakeholders VIDEO: Director of DPCAD during RCEs,CDE and CPSs during a Workshop VIDEO:How Early Grade mathematics has benefited more that 6 Million Pupils The goal of this programme is to create a culture of creativity, innovation, curiosity and productive entrepreneurship among out of school youth in Kenya. The aspirations of this programme is to apply Science, Technology and Innovation to enable the youth become innovators and job creators. Under this programme, the youth are provided with opportunities and services to help them acquire scientific, technological and innovative skills using their existing knowledge and experiences. In FY 2019/2020, the State Department for Post Training and Skills Development undertook a pilot programme, in collaboration with the Centre for Mathematics, Science and Technology Education in Africa (CEMASTEA), to create Small and Medium-Sized Enterprises (SMEs) through the application of science, technology and innovation. Under this Pilot, 80 youth from 8 Counties were trained. DRAFT STAKEHOLDER ENGAGEMENT PLAN (SEP) DRAFT ENVIRONMENTAL AND SOCIAL SYSTEM ASSESSMENT (ESSA) DRAFT ENVIRONMENTAL AND SOCIAL COMMITMENT PLAN (ESCP) KENYA PRIMARY EDUCATION EQUITY IN LEARNING PROGRAM The Ministry of Education, State Department for Basic Education is implementing the Kenya Primary Education Equity in Learning (KPEEL) Program (2022-2026). The program was declared effective on 5th August, 2022. The program is funded by the World Bank (WB), with IDA credit of USD 160 Million and a grant from the refugee window of USD 40 Million and GOK counterpart funding of Kshs 1 Billion during the four year period of the Program implementation. The main financing instrument of KPEEL Program is the Performance for Results (PforR) whereby disbursement of funds will be contingent on the achievement of specific results, as measured by the seven Disbursement Linked Indicators (DLIs). The PforR is grounded in the Government s NESSP II (2022 to 2026). NESSP II includes four pillars that are critical for addressing inequities in access to quality basic education: (i) access and participation; (ii) equity and inclusiveness; (iii) quality and relevance; and (iv) governance and accountability. Concerning regional access and quality, NESSP II aims to address regional disparities in access, and improvement in learning outcomes across the country. NESSP II also emphasizes girls  education and refugees  education as cross cutting issues. Objectives of the program The Program objectives are to reduce regional disparities in learning outcomes, improve the retention of girls in upper primary education, and strengthen systems for delivering equitable education outcomes. The Results Areas (RAs) for the Program are to: (i) equalize learning opportunities: improving learning outcomes in target counties; (ii) improve girls  participation in schooling; and (iii) strengthen capacity for implementing initiated reforms. The Program is expected to directly benefit beneficiaries as follows: a) About six million learners in primary education (school grants, girl s education interventions, school infrastructure development and school meals), including about 221,529 children in refugee hosting counties. b) About 117,900 refugee children in camp-based primary schools. c) Approximately 20,000 diploma teacher trainees in PTTCs. d) About 200,000 primary school teachers.",en
https://www.education.go.ke/university-education-research-programmes,University Education & Research Programmes | Ministry of Education - Kenya,"Accessibility Tools The National Physical Science Research Laboratories (NPSRL ) is anchored under the Directorate of Research, Science and Technology with the following functions: 1. To be a center of excellence in physical sciences for quality life  with a mission to generate and transfer cutting edge knowledge in physical sciences and technology through research for socio-economic development. 2. To be NPSRL world class facility and a center of excellence that caters for national, regional and international research needs. 3. To provided one stop research facility handling both basic and applied physical sciences, providing industrial solutions and promotion of science, technology and innovation 4. Establishment of STPs is part of a strategy utilized by countries to stimulate economic growth and facilitate transition from a labor-intensive to a knowledge intensive economy 5. The United States has led the way in STPs creation and the generation of high-tech clusters - Silicon Valley in California 6. Construction works for the pioneer National S&T Park at DeKUT has been completed 7. The S&T parks are aimed at creating 100,000 new jobs 8. Establishment of STPs is part of a strategy utilized by countries to stimulate economic growth and facilitate transition from a labor-intensive to a knowledge intensive economy 9. The United States has led the way in STPs creation and the generation of high-tech clusters - Silicon Valley in California; The S&T parks are aimed at creating 100,000 new jobs The Government in collaboration with the African Union Commission continues to support the Regional Pan African University Institute of Basic Sciences, Technology and Innovation (PAUSTI) at Jomo Kenyatta University of Agriculture and Technology. The institute trains graduates from African Countries at Masters and PhD level in basic sciences and Engineering. The aim is to produce high caliber staff to help exploit Africa s enormous resources. The first cohort of 55 masters  students from 16 African countries was admitted in November, 2012 and graduated in November 2014. Since then the Institute has admitted another five cohorts comprising of masters and PhD students. The Institute admitted the last cohort of 118 students as from 31 st January, 2020. The students are drawn from all over Africa from over 30 African Nationalities out of the 54. Funding PAUSTI receives funding from the African Development Bank (ADB) through the Government, Ministry of Education, under the recurrent funds for universities. The financial implication to the Ministry is about Kshs. 70 million disbursed to PAUSTI every year as grants for recurrent expenditure. The institute has used the savings to contract Phase I and II of the PAUSTI block. The Pan African University Institute for Basic Sciences, technology and Innovation (PAUSTI) prides itself as a postgraduate hub of research and innovation featuring a highly diverse faculty, and students drawn from whole of Africa. PAUSTI which is hosted at Jomo Kenyatta University of Agriculture and Technology in Nairobi, Kenya, opened its doors to the pioneer students in November 2012. The inaugural cohort graduated in record time in November 2014. The Institute is mandated to produce leaders and innovators in the fields of Mathematics, Molecular Biology and Biotechnology; Civil Engineering; Mechanical Engineering; Mechatronic Engineering and Electrical Engineering. PAUSTI continues to attract highly talented and motivated students from across Africa. It encourages the students to leverage local wisdom, knowledge and resources; and generate cutting edge knowledge that could be harnessed to provide innovative and sustainable solutions to Africa s socio-economic challenges. Programmes under PAUSTI Doctor of Philosophy (PhD) in: Master of Science (MSc) in: The ACE II project is resident in the Directorate of the University Education(DUE) and is jointly funded by the Government of Kenya and the World Bank through a credit facility. Three centers have been established in Kenya namely; Egerton University and Jaramogi Oginga Odinga University of Science and Technology which are implementing projects dealing with food security while the third center is Moi University which deals with renewable energy. The project was declared effective from 4 th February, 2017 and will close in June 2022. The three Centers, Egerton University, Jaramogi Oginga Odinga University of Science and Technology and Moi University already received funds and have commenced the project. The main objective of the project is to strengthen the Centers of Excellence by delivering quality post-graduate education and collaborative research in collaboration with industries. The three Centers have altogether enrolled 238 Masters and 104 PhD Students from Kenya and the region. The three centers in Kenya are among 24 Africa Centers of Excellence (ACE) funded up to US$6 million over the project period. The objective of the ACE II project is to strengthen selected Eastern and Southern Africa higher education institutions to deliver quality postgraduate education and build collaborative research capacity in the regional priority areas. The selected ACEs are expected to address specific development challenges facing the region through graduate training in Master s, PhD, and short-term courses and applied research in the form of partnerships and collaborations with other institutions and the private sector. Eight participating countries Ethiopia, Kenya, Malawi, Mozambique, Rwanda, Tanzania, Uganda and Zambia committed $140 million, credit from the International Development Association (IDA) of the World Bank Group to finance the selected ACEs. The ACEs were selected through an open, objective, transparent and merit-based competitive process based on the following criteria: (a) proposal that addressed a specific challenge in one of the five priority areas in the region   industry, agriculture, health, education and applied statistics; (b) proposal of the highest quality; (c) hosting institution had evident capacity; (d) selection that provided for geographical balance; and (e) the hosting country had International Development Association (IDA) funding eligibility and availability. (a) build institutional capacity to provide quality post-graduate education with relevance to the labor market; (b) build institutional capacity to conduct high quality applied research, relevant to addressing a key development challenge/priority; (c) develop and enhance partnerships with other academic institutions (national, regional and international) to pursue academic excellence; (d) develop and enhance partnerships with industry and the private sector to generate greater impact; (e) improve governance and management of the institution and set up a role model for other higher education institutions; and (f) deliver outreach, and create an impact, to society by delivering excellent teaching and producing high quality applied research. Over the project duration of five years, collectively these ACEs are expected to enroll more than 3,500 graduate students in the regional development priority areas, out of which more than 700 will be PhD students and more than 1,000 will be female students, publish almost 1,500 journal articles, launch more than 300 research collaborations with private sector and other institutions, and generate almost US$30 million in external revenue. The Inter-University Council for East Africa (IUCEA), an institution of the East African Community, was selected by the Regional Steering Committee (RSC) of the ACE II project as the Regional Facilitation Unit (RFU). IUCEA will provide overall coordination, facilitation and administration to the project implementation under the oversight of the RSC. IUCEA, with assistance from the World Bank, coordinated the project preparation including the ACE selection process. IUCEA will provide forums for industry-academic engagement for ACEs to share knowledge on collaborative research ideas. IUCEA will also supervise a competitive scholarship program in which 30 regional students in STEM will be financed for two years to attain a Master s degree in any of the ACEs. An IDA grant of US$8 million will finance these activities. The project will operate under the overall guidance and oversight of the Regional Steering Committee. RSC comprises of members from participating countries, the private sector and academic experts of international stature. It is envisaged that at the end of the project the centers will have developed sufficient capacity to become sustainable regional hubs for training and research in their specialized fields, capable of leading efforts to address priority development challenges and improve lives in the region. The Inter-University Council for East Africa (IUCEA) is an institution of the East African Community (EAC) responsible for coordinating the development of higher education and research, with its headquarters in Kampala, Uganda. IUCEA is the Regional Facilitation Unit for the ACEII Project.",en
https://www.education.go.ke/secondary-education-quality-improvement-projectseqip,SECONDARY EDUCATION QUALITY IMPROVEMENT PROJECT(SEQIP) | Ministry of Education - Kenya,"Accessibility Tools The Government of Kenya (GoK) with the support from the World Bank (WB) is implementing the  Kenya Secondary Education Quality Improvement Project  (SEQIP).The Project is designed to complement other projects and activities financed by the Government under the National Education Strategic Plan (NESP), the Global Partnership for Education (GPE) grant, and other programs supported by various Development Partners (DPs) in the sector. The Constitution of Kenya (2010) has the Bill of Rights at its core, while the country s Vision 2030 acknowledges the need to reform the education and training system so that it aligns well with the aspirations of the youth, and those of the country on becoming an upper-middle income industrialized nation. The SEQIP will contribute to the twin goals of the World Bank s global strategy: ending extreme poverty and boosting shared prosperity in a sustainable manner. In particular, the project focuses on the most educationally and economically disadvantaged areas, as well as the poorest and most vulnerable children. The SEQIP will also contribute to a priority in the World Bank s Africa Development Strategy to accelerate the demographic transition and harness the demographic dividend. The project also responds to a key domain in the Kenya Country Partnership Strategy (2014-18) that aims at building human capital through education and training.",en
https://www.education.go.ke/secondary-education-equity-and-quality-improvement-programmeseeqip,Secondary Education Equity and Quality Improvement Programme(SEEQIP) | Ministry of Education - Kenya,"Accessibility Tools The Ministry of Education is designing the Kenya Secondary Education and Equity Quality Improvement Program (SEEQIP) . Improvement of school learning conditions through construction of Laboratories in selected secondary schools is one of the proposed interventions aimed at ensuring equitable access for quality secondary education. The allocation was designed to address disparities in access to STEM facilities, promote equity, and ensure compliance with the mandatory requirement for all senior schools to offer STEM subjects. Allocation was based on needs and not on regional balancing. All counties were included in the allocation and schools that benefitted from other interventions, such as GOK Transition and Infrastructure Grants, have were omitted. After verification, some counties reported schools that had laboratories built by other agencies and provided appropriate replacements. Approved list of SEEQIP labs Download SEEQIP featured in the KEPSHA 2025 National AGM and Conference Magazine  Building Futures: How SEEQIP Will Transform Kenya s Secondary Education Landscape.  The article highlights the transformative role of the Secondary Education Quality Improvement Project (SEEQIP) in shaping the future of secondary education across the country. Pg 28-29 KEPSHA 2025 SEEQIP PRESENTATION AT KEPSHA ANNOUNCEMENT FOR THE ELIMU SCHOLARSHIP PROGRAMME   2026 FINAL REFUGEES JKF ELIMU Application form -2026",en
https://www.education.go.ke/national-term-two-games-kakamega,National Term Two Games in Kakamega | Ministry of Education - Kenya,"Accessibility Tools The Kenya Secondary Schools Sports Association (KSSSA) , operating under the Ministry of Education, is crucial for promoting and organizing diverse sports activities in secondary schools, aiming for holistic student development and national cohesion through extensive championships. The Ministry of Education has asked all the schools not to engage in unnecessary legal tussles whenever they encounter disagreement among themselves. Speaking in Mumias sports complex stadium, Basic Education Director General Dr. Abdi Elyas termed the cases between public schools as a reckless waste of valuable public resources that could be used in other areas. ""The principal secretary has already issued a circular to that effect; let us adhere to it."" Dr. Abdi asked the school heads during the ongoing National Schools  Games. He advised them to fully exhaust the existing internal mechanisms, which he said are elaborate and can resolve most of the cases we have. It has been reported that some schools have gone to court to seek redress against each other, especially on sports competitions. To address some of the reported challenges, the director general said the ministry will not allow overage learners to compete with the normal school-going children. ""Sports mercenaries are not allowed in our school; 'mamluki, should not be in our schools,"" Dr. Abdi said He explains that school games are age-based and can allow a maximum of up to only 19 years. ""We cannot expect a 14-year-old learner to fairly compete with a 24-year-old sport mercenary,"" he said, urging schools to adhere to age limits in school activities. He said some rogue schools have perfected a culture of allowing older participants, hence disadvantaging the deserving competitors. He said once fully deployed, the Kenya Education Management Information System (KEMIS) will have a section for young athletes who will grow up to occupy their rightful positions in regional and international fields. ""The system will create a level playing ground for all levels of our learners , he said. He commented on many schools that have molded young learners into respected men and women. For the first time in its history, the Term 2 National Schools' Championship has been modelled on a mini-Olympics format. Click the link below to view the final results for the National Term Two Secondary School Games 2025:    /sites/default/files/SPORTS%20AND%20DRAMA/FINAL%20RESULTS%20FOR%20TERM%20TWO%20GAMES%202025%20-KAKAMEGA%20(AutoRecovered).pdf The current downpour being witnessed in some parts of the Country has not affected the Federation of East Africa secondary schools sports Association going on in Kakamega County.All the designated fields spread across the schools adjacent to county headquarters have continued uninterrupted for the last four days . Speaking on the sidelines, the FEASSA President thanked the Kenya government for well coordinated arrangements that had registered a successful start. /sites/default/files/WhatsApp%20Video%202025-08-18%20at%2013.07.57.mp4 The Cabinet Secretary for Education, Julius Migos Ogamba , had the honour of officially opening this year s East African School Games on behalf of His Excellency President Dr. William Samoei Ruto at Bukhungu Stadium, Kakamega County.This annual sporting event, unique to the East African Community region, serves not only as a platform for identifying and nurturing budding talent but also as a key driver of regional integration through competition, cultural exchange, and networking among our youth.Present at the event were Senator Bonny Khalwale, Deputy Governor Ayub Savula, and the Principal Secretary for Higher Education, Dr. Beatrice Inyangala. /sites/default/files/WhatsApp%20Video%202025-08-18%20at%2013.17.06_0.mp4 Kenya has won the overall FEASSA championship with a total of 63 medals as the 22nd edition of the East Africa competition ended yesterday in Kakamega county, Kenya had a total of 21 gold, 24 silver and 18 bronze Uganda followed closely with a total of 48 medals where the country garnered 16 gold overall, 15 silver and 17 bronze. Tanzania came position three with 9 medals, followed by Rwanda with 5 medals, Burundi 2 with Ivory coact getting nothing. Kenya emerged the overall winner in secondary school sports with 42 medals delivering 13 gold, 16 silver and 13 bronze. Uganda followed at position two with a total of 39 medals where 15 were gold, 13 silver and 11 bronze. Rwanda came third with 4 points, Tanzania fourth with 3 points, Burundi fifth with 2 points while Ivory coast tailed with zero points. In the primary school category Kenya still topped with a total of 13 points where 6 were gold, 2 silver and 5 bronze. Uganda followed with a total of 3 points where 1 was gold, 2 silver and 1 bronze. In the Special Needs Education (SNE) learners Category Kenya led with a total of 8 medals which included 2 gold and 6 silver. Tanzania came second in the SNE category with 3 gold and a total of 3 points.",en
https://www.education.go.ke/speeches-0,Speeches | Ministry of Education - Kenya,"Accessibility Tools SPEECH BY THE CABINET SECRETARY MINISTRY OF EDUCATION JULIUS MIGOS OGAMBA, E.B.S DURING THE 96TH KENYA MUSIC FESTIVAL GALA PERFORMANCE AT MOI GIRLS -ELDORET ON 13TH AUGUST 2024 SPEECH BY EDUCATION CABINET SECRETARY HON. DR. EZEKIEL MACHOGU, EGH, DURING THE FLAG-OFF OF THE 2024 ELIMU SHOLARSHIPS ON 19TH JANUARY, 2024 AT THE BOMAS OF KENYA PRESS STATEMENT ON THE RELEASE OF THE 2023 KCPE EXAMINATION RESULTS BY HON EZEKIEL MACHOGU, CBS, CABINET SECRETARY, MINISTRY OF EDUCATION, ON NOVEMBER 23, 2023 AT KNEC OFFICES, IN SOUTH C, NAIROBI SPEECH BY THE CABINET SECRETARY, MINISTRY OF EDUCATION, HON. EZEKIEL MACHOGU, CBS, DURING THE CLOSING OF THE UNIVERSITY LEADERSHIP TRAINING WORKSHOP AT SAROVA WHITESANDS HOTEL, MOMBASA, 14TH 0CTOBER, 2023 OPENING REMARKS BY MINISTER FOR EDUCATION DR. J.G. KIANO, EGH, PHD, DURING THE SECOND CONFERENCE ON TEACHER EDUCATION IN 6TH MAY, 1968 SPEECH BY THE CABINET SECRETARY FOR EDUCATION HON. EZEKIEL MACHOGU, CBS, DURING THE STAKEHOLDERS  ENGAGEMENT ON NEW GRADING SYSTEM FOR KCSE EXAMINATION AND LAUNCH OF 2023 NATIONAL EXAMINATIONS AND ASSESSMENTS SEASON AT NEW MITIHANI HOUSE, SOUTH C ON MONDAY, 25TH SEPTEMBER 2023 REMARKS BY CABINET SECRETARY, HON. EZEKIEL MACHOGU, CABINET SECRETARY FOR EDUCATION ON THE STATUS OF THE IMPLEMENTATION OF THE RECOMMENDATIONS OF THE PRESIDENTIAL WORKING PARTY ON EDUCATION REFORMS SPEECH BY HON. EZEKIEL MACHOGU, CBS, CABINET SECRETARY, MINISTRY OF EDUCATION, DURING THE RELEASE OF THE 2023/2024 UNIVERSITIES AND COLLEGES STUDENT PLACEMENT RESULTS AND LAUNCH OF APPLICATION PORTAL FOR LOANS AND SCHOLARSHIPS AT THE KENYA SCHOOL OF GOVERNMENT, KABETE, ON JULY 31, 2023 SPEECH BY THE PRINCIPAL SECRETARY, STATE DEPARTMENT FOR BASIC EDUCATION, DR BELIO KIPSANG, CBS, DURING THE CLOSING CEREMONY OF THE 4TH AFRICAN CURRICULUM ASSOCIATION CONFERENCE ON 26TH JULY, 2023 AT THE KENYA INSTITUTE OF CURRICULUM DEVELOPMENT, NAIROBI SPEECH BY THE CABINET SECRETARY OF THE MINISTRY OF EDUCATION, HONOURABLE EZEKIEL MACHOGU, CBS, DURING THE OPENING OF THE 46 TH ANNUAL NATIONAL KENYA SECONDARY SCHOOL HEADS ASSOCIATION CONFERENCE HELD ON 28 TH JUNE 2023, AT SHEIKH ZAYED HALL, MOMBASA",en
https://www.education.go.ke/node/762,ENGAGEMENT WITH STUDENTS AND OTHER STAKEHOLDERS ON THE NEW FUNDING MODEL FOR HIGHER EDUCATION | Ministry of Education - Kenya,Accessibility Tools ENGAGEMENT WITH STUDENTS AND OTHER STAKEHOLDERS ON THE NEW FUNDING MODEL FOR HIGHER EDUCATION,en
https://www.education.go.ke/tenders-0,Tenders | Ministry of Education - Kenya,"Accessibility Tools RESPONSES TO CLARIFICATIONS ON TENDERS FOR CONSULTANCY SERVICE FOR DESIGN & SUPERVISION OF SOLAR PV SYSTEM INSTALLATION IN TARGETED PUBLIC SCHOOLS IN KENYA AND FRAMEWORK CONTRACT FOR SUPPLY, DELIVERY AND INSTALLATION OF SOLAR PV SYSTEM IN TARGETED SCHOOLS ACROSS THE COUNTRY IN KENYA LINK FOR VIRTUAL PRE-BID CONFERENCE FOR CONSULTANCY AND FRAMEWORK CONTRACT FOR SOLARIZATION CLARIFICATIONS AND ANSWERS ON BIDDER S QUERIES DURING THE VIRTUE PRE-BID MEETING HELD ON 26 th MARCH 2026 FOR SCHOOL INFRASTRUCTURE IMPROVEMENT IN NYAMIRA COUNTY. CONSULTANCY SERVICE FOR DESIGN & SUPERVISION OF SOLAR PV SYSTEM INSTALLATION IN TARGETED PUBLIC SCHOOLS IN KENYA (MOE/QCBS/01/2025-2026) AND FRAMEWORK CONTRACT FOR SUPPLY, DELIVERY AND INSTALLATION OF SOLAR PV SYSTEM IN TARGETED SCHOOLS ACROSS THE COUNTRY IN KENYA (MOE/NCB/02/2025-2026) SUPPLY AND DELIVERY OF LAPTOPS FOR DATA MANAGEMENT TOWARDS KEMIS UNDER KENYA PRIMARY EDUCATION EQUITY IN LEARNING (KPEEL) PROGRAM. CONSULTANCY SERVICE FOR DESIGN & SUPERVISION OF SOLAR PV SYSTEM INSTALLATION IN TARGETED PUBLIC SCHOOLS IN KENYA FRAMEWORK CONTRACT FOR SUPPLY, DELIVERY AND INSTALLATION OF SOLAR PV SYSTEM IN TARGETED SCHOOLS ACROSS THE COUNTRY IN KENYA Virtual Meeting link for tender for SCHOOL INFRASTRUCTURE IMPROVEMENT (CONSTRUCTION AND REHABILITATION OF FACILITIES IN TARGETED SCHOOLS IN NYAMIRA COUNTY - LOT 20) SCHOOL INFRASTRUCTURE IMPROVEMENT (CONSTRUCTION AND REHABILITATION OF FACILITIES IN TARGETED SCHOOLS IN NYAMIRA COUNTY - LOT 20) SCHOOL INFRASTRUCTURE IMPROVEMENT (CONSTRUCTION AND REHABILITATIONOFFACILITIESIN TARGETED SCHOOLS IN NYAMIRA COUNTY - LOT 5) SCHOOL INFRASTRUCTURE IMPROVEMENT (CONSTRUCTION AND REHABILITATION OFFACILITIES IN TARGETED SCHOOLS IN NYAMIRA COUNTY - LOT 11) SUPPLY OF FURNITURE AND EQUIPMENTS FOR DSINCP 1. Technical Assistant (TA) for Communications in Implementation of a communication Strategy (KE-MOE-510853-CS-INDV) 2. Technical Assistant (TA) for Policy, Project Management and Monitoring (KE-MOE- 510850-CS-INDV) School Infrastructure Improvement-Construction of Facilities in Targeted Schools in Nyamira County CONSULTANCY FOR INDEPENDENT VERIFICATION OF RESULTS IN SAMPLED TARGET SCHOOLS, TEACHER TRAINING COLLEGES AND EDUCATIONAL ASSESSMENT AND RESOURCE CENTRES (EARCS) WITH IMPROVED INFRASTRUCTURE, SCHOOL BASED TEACHER SUPPORT SERVICES, PROVISION OF TEXTBOOKS, SCHOOL GRANTS AND MEALS, BENEFICIARIES OF SCHOLARSHIP AND MENTORSHIP PROGRAM, REDUCED PERCENTAGE OF OUT OF SCHOOL CHILDREN IN THE TARGETED COUNTIES, STRENGTHENED SYSTEMS THROUGH INSTITUTIONALIZATION OF KEY INITIATED REFORMS IN BASIC EDUCATION AND TRANSITION TO CLEAN COOKING ENERGY. Provision of cleaning services EXPRESSION OF INTEREST FOR PROVISION OF CONSULTANCY SERVICE TO CONDUCT PRE-FEASIBILITY AND FEASIBILITY STUDIES FOR THE PROPOSED PIPELINE GoK/AfDB TVET PHASE IV PROJECT ANNEX 1 TO ADDENDUM II.",en
https://www.education.go.ke/circulars-guidelines,Circulars & Guidelines | Ministry of Education - Kenya,"Accessibility Tools FULL TIME SNE DIPLOMA COURSE AT KENYA INSTITUTE OF SPECIAL EDUCATION APPLICATION TVET SUB SECTOR REPORT JULY 2022   JUNE 2029 STATE DEPARTMENT FOR TVET PROGRAMME BASED BUDGET (PBB) FOR FY 2026/27   FY 2028/29 The Ministry of Education is designing the Kenya Secondary Education and Equity Quality Improvement Program (SEEQIP). Improvement of school learning conditions through construction of Laboratories in selected secondary schools is one of the proposed interventions aimed at ensuring equitable access for quality secondary education. The allocation was designed to address disparities in access to STEM facilities, promote equity, and ensure compliance with the mandatory requirement for all senior schools to offer STEM subjects. Allocation was based on needs and not on regional balancing. All counties were included in the allocation and schools that benefitted from other interventions, such as GOK Transition and Infrastructure Grants, have were omitted. After verification, some counties reported schools that had laboratories built by other agencies and provided appropriate replacements. Sample replies from counties are attached for reference. PRESS RELEASE Download the Guidelines /sites/default/files/MOE%20SNE%20DIPLOMA%20ADVERT%20%20APRIL%202025.pdf NATIONAL EDUCATION STRATEGIC PLAN 2023-2027 CELEBRATING 100 YEARS OF TVET SUCCESS IN KENYA NATIONAL EDUCATION STRATEGIC PLAN 2023-2027 APPLICATION FORM FOR THE YEAR 2024.FULL TIME SNE DIPLOMA COURSE AT KENYA INSTITUTE OF SPECIAL EDUCATION ADVERT FOR RECRUITMENT OF SPECIAL NEEDS DIPLOMA FULL TIME IN SERVICE COURSE AT THE KENYA INSTUTE OF SPECIAL EDUCATION(KISE) FOR THE YEAR 2024 INVITATION FOR PUBLIC PARTICIPATION Kenya Literature Bureau (Amendment) Bill, 2024 Kenya Literature Bureau (Amendment) Bill, 2024 Application Forms for Elimu scholarship 2024 (For Refugees)- The Jomo Kenyatta Foundation Application Forms for Elimu scholarship 2024- The Jomo Kenyatta Foundation Application Forms for Elimu scholarship 2024-Equity Foundation Group Advert for Elimu Scholarship 2024 NATIONAL PRE-PRIMARY EDUCATION POLICY STANDARD GUIDELINES SERVICE CHARTER-KISWAHILI VERSION SERVICE CHARTER-KISWAHILI VERSION SERVICE CHARTER-KISWAHILI VERSION ADVERT FOR FULL-TIME SNE DIPLOMA COURSE AT KENYA INSTITUTE OF SPECIAL EDUCATION APPLICATION FORM FULL-TIME SNE DIPLOMA COURSE AT KENYA INSTITUTE OF SPECIAL EDUCATION SCHOOL BASED TEACHER SUPPORT MANUAL GUIDELINES FOR IMPLEMENTATION OF JUNIOR SECONDARY EDUCATION ELIMU SCHOLARSHIP 2023 APPLICATION FORM- THE JOMO KENYATTA FOUNDATION This is our citizen service delivery charter",en
https://www.education.go.ke/policies-0,Policies | Ministry of Education - Kenya,Accessibility Tools DRAFT NATIONAL COMPETENCY-BASED EDUCATION AND TRAINING POLICY- 2025 Draft National Policy on Continuous Professional Development for Technical and Vocational Education and Training Trainer DRAFT NATIONAL POLICY FOR VOCATIONAL EDUCATION AND TRAINING Draft IV National Policy on Continuous Professional Development for Technical and Vocational Education and Training Trainers Draft National Policy on Continuous Professional Development for TVET Trainers POLICY ON INFORMATION AND COMMUNICATION TECHNOLOGY IN EDUCATION AND TRAINING,en
https://www.education.go.ke/bills,Bills | Ministry of Education - Kenya,"Accessibility Tools THE TECHNICAL AND VOCATIONAL EDUCATION AND TRAINING BILL, 2024 THE KENYA NATIONAL QUALIFICATIONS FRAMEWORK (AMENDMENT) BILL 2024 TERTIARY EDUCATION PLACEMENT AND FUNDING BILL KENYA LITERATURE BUREAU (AMENDMENT) BILL, 2024 KENYA NATIONAL EXAMINATIONS COUNCIL (AMENDMENT) BILL, 2024 KENYA INSTITUTE OF CURRICULUM DEVELOPMENT (AMENDMENT) BILL, 2024 BASIC EDUCATION BILL, 2024 EDUCATION APPEALS TRIBUNAL BILL, 2024 BASIC EDUCATION SCHOLARSHIPS AND BUSARIES BILL, 2024 SCIENCE TECHNOLOGY AND INNOVATION (AMENDMENT) BILL, 2024 THE UNIVERSITIES BILL, 2024 THE SESSIONAL PAPER ON A POLICY FRAMEWORK FOR EDUCATION REFORMS IN KENYA, 2024",en
https://www.education.go.ke/jobs-0,Jobs | Ministry of Education - Kenya,"Accessibility Tools Currently, there are no vacancies. APPLICATION FOR EMPLOYMENT FORM VACANCIES-DRIVER II-CSG 15 Applications are invited from qualified Degree, Higher National Diploma (HND) and Diploma Holders for the positions of Vocational and Technical Trainers available in thevarious Technical, Vocational Education and Training Institutions as indicated Director Education, Science, Technology, and Innovation grade D1 ADDIS ABABA The Ministry of Education, State Department for Higher Education and Research is in the process of recruiting chairpersons and members of councils of public universities and constituent colleges. find more information on the attached document",en
https://www.education.go.ke/contact-us,Contact Us | Ministry of Education - Kenya,"Accessibility Tools State Department of Vocational and Technical Training P.O BOX 9583-00200 Nairobi, Kenya Jogoo House B,Taifa Road Tel: +254-020-3318581 Email: p svtt@education.go.ke State Department for Higher Education and Research P.O Box 9583-00200 Nairobi, Kenya Jogoo House B, Taifa Road Tel: +254-020-3318581 Email: psecretaryher@education.go.ke Directorate of Technical Education 24th Floor, Teleposta Towers, Nairobi, Tel: 2242392 Directorate of Higher Education 26th floor, Teleposta Towers, Nairobi, Tel: 2217210/1/2/4/6/9 State Department for Basic Education P.O Box 36260-00200 Nairobi, Kenya Jogoo House B, Taifa Road Tel: +254-020-3318581 Email: psbasic@education.go.ke",en
https://www.education.go.ke/quality-assurance-and-standards,Quality Assurance and Standards | Ministry of Education - Kenya,"Accessibility Tools Education lies at the heart of Kenya s national development agenda. It empowers individuals, transforms communities and lays the foundation for a just, inclusive and sustainable society. As we pursue the aspirations outlined in the Kenya Vision 2030 and align our national efforts with global commitments such as Sustainable Development Goal 4, we are reminded that quality must be the cornerstone of our education system. QUALITY ASSURANCE AND STANDARDS DOCUMENTS",en
https://www.education.go.ke/filter/tips,Compose tips | Ministry of Education - Kenya,"Accessibility Tools You can align images, videos, blockquotes and so on to the left, right or center. Examples: You can caption images, videos, blockquotes, and so on. Examples:",en
https://www.kstvet.ac.ke,Home - Kenya School of TVET,"Nicholas Marete Chairperson On behalf of the Governing Council, I warmly welcome you to the Kenya School of Technical and Vocational Education and Training (KSTVET). Kenya s economic development blueprint, Vision 2030, aspires to make our nation globally competitive and prosperous by the year 2030. KSTVET is proud to play a pivotal role in realising this vision, particularly its social pillar, by positioning itself as a global centre of excellence in technical and vocational education and training, research, and consultancy. As the Governing Council, our role is to provide strategic leadership that keeps KSTVET at the forefront of trainer development and TVET advancement. We prioritise building trainer capacity, strengthening institutional governance, and fostering partnerships that respond to evolving workforce needs. Through teamwork and shared commitment, we will continue to strengthen KSTVET s role in shaping a skilled workforce and advancing Kenya s socio-economic growth in alignment with Vision 2030 and the Sustainable Development Goals (SDGs) Dr. Edwin Tarno HSC FEnv Chief Executive Officer. The Kenya School of TVET (KSTVET) has witnessed tremendous expansion since its inception in 1978. This is in terms of academic programmes, staffing, and physical facilities. KSTVET has continued to be a Center of excellence in training highly qualified technical teachers to teach in public and private institutions. This is in line with our vision: To be a leading institution in technical teacher education and technology in Africa. KSTVET puts itself on a new platform of ensuring that the institution is well managed and delivers efficient, quality service to the public. It s within this context that the institution has developed a service charter to monitor our performance in an effort to continuously improve the services we provide. I acknowledge the hard work and commitment of the entire college staff, and students in achieving our goals. Kenya School of TVET, formerly KTTC, was established with the primary objective of training technically skilled personnel to teach in technical institutions and for employment in all sectors of the economy. There are 9 academic departments and 12 support departments. These departments work together to ensure quality of service rendered by the college remains top notch and the learners have all support they need. We offer a variety of courses in technical trainer education, including a diploma in technical training and a certificate in instructor training . The Kenya School of TVET offers pre-service training, in-service training, and CPD programs to all TVET Pract tioners and thus plays a leading role transformation of TVET sector in the country. To be a Global center of Excellence In Technical Vocational Education and Training, Research and Consultancy. To provide high quality and internationally competitive training for TVET practitioners, undertake research and consultancies to meet the needs of a dynamic world. Training of technical teachers for all technical training institution in the country Moiben campus Moiben Campus is located in the Taachasis area of Moiben, Uasin Gishu County, along the Eldoret Moiben Road. Positioned 30 kilometres from Eldoret Town, the campus is nestled between the Sergoit Hills to the south and the Cherangani Hills to the north, surrounded by the region s large-scale agricultural plateau. The core functions of KSTVET are to: Provide, directly or in collaboration with other institutions of higher learning, training for trainers. Participate in technological development and innovation in economic, social, cultural, scientific and technological disciplines. Contribute to industrial and technological development of Kenya in collaboration with industry and other organizations through transfer of technology. Undertake research and community service. Provide a multi-level system of post-training programmes relevant to the needs of the Technical and Vocational Education and Training sector covering a wide range of fields with provision for recognition of prior learning and flexibility of transition between programmes Conduct examinations and grant such academic awards as provided for under this Order Collaborate with recognized universities to offer programmes leading to the award of an undergraduate degree in technical and vocational education and training. Presentation on KSTVET [player id= 9086 ] [player id= 9089 ] KSTVET is located along UN drive, Gigiri Opposite Gigiri Box Park adjacent to UNEP headquarters. Exact location is shared in the Contact page. Our Moiben Campus was oppened in May 2025 at Moiben in Uasin Gishu county , 30 kms from Eldoret Town. Our courses are mostly tailored toward the skilling, reskilling, and upskilling of Technical Trainers . We also have courses that are open for the masses including the foreign languages programe. More information is available in our brochure or through contacting us using the details shared in the Contact page KSTVET is public /government institution under the state department of science & technology We offer a variety of courses available for those not intending to be TVET trainers. These include; foreign languages, continuous, professional development programs, (check the list under CPD programs), capacity building programmes, recognition of prior learning, among others. We only offer diploma and certificate courses on pedagogy and instructor training. Our trainees should have at least a Level 5 or Craft certificate (Or its equivalent) to qualify for Certificate in Instructor Trainer or at least a Level 6 / Diploma certificate (Or its equivalent) to qualify for Diploma in Technical Trainer. In case you are not sure feel free to consult our registry through the contacts shared in Contact s page We are located along Limuru road. If in town, you can either take a taxi or use commuter buses plying the Ruaka (routes 106, 107,108 and 116), then alight at UN Avenue junction (UNEP stage) Moiben campus was opened as a campus for Agriculture and Applied Sciences departments. Refer to Moiben Campus director for more information contact through info@kstvet.ac.ke Kenya School of TVET, P.O Box 44600   00100, Gigiri, Nairobi Tel: 0707444222 or 0786444600 Email: info@kstvet.ac.ke Map Coordinates: https://maps.app.goo.gl/8BMkA7n2ZBd9Uube6",en
https://www.tveta.go.ke,TVET Authority   Regulating Training for a Competent Workforce,"Check out the list of Institution to award TVET Qualification Check out the list of Institution to award TVET Qualification Check out the list of Institution to award TVET Qualification All TVET Trainers are required by to be registered by TVET Authority Get to know the TVET Institutions Registered by TVET Authority and Licensed to offer different TVET programs The Technical and Vocational Education and Training Authority (TVETA) is a public corporate agency established under the Technical and Vocational Education and Training (TVET) Act CAP 210A to regulate and coordinate training in the country through licensing, registration and accreditation of programs, institutions, and trainers. Accreditation of institutions, course approval, accreditation of trainers  TVET Authority conducts outreach services to institutions, management,   Establish standards and benchmarks for training, inspect institutions to   TVET Institutions are suppose to comply to the set out standards  . Evans Kimutai 2026-06-30T10:46:48+03:00 June 23, 2026 | James Momanyi 2026-06-17T20:48:30+03:00 June 17, 2026 | The Technical and Vocational Education and Training Authority (TVETA), in partnership with the Kenya National Qualifications Authority (KNQA), the Institute of Commercial Management (ICM), and the TVET Curriculum Development, Assessment and Certification Council (TVET CDACC), [.] James Momanyi 2026-06-10T16:40:09+03:00 June 10, 2026 | During a visit by the TVETA Board and staff to Mlambenyi Vocational Training Centre in Taita Taveta County, one learner quietly stood out among the class. Seated at the back of a garment-making workshop was [.] James Momanyi 2026-06-10T09:07:49+03:00 June 10, 2026 | The Technical and Vocational Education and Training Authority (TVETA) today commenced a two-day Stakeholders  Engagement and Dissemination Forum for the 2024/2025 TVET Quality Audit Report at Taita Taveta National Polytechnic in Voi. The event marks [.] Evans Kimutai 2026-06-30T10:46:48+03:00 June 23, 2026 | Evans Kimutai 2026-05-26T10:03:46+03:00 May 26, 2026 | Evans Kimutai 2024-01-23T06:54:41+03:00 January 23, 2024 | List of applicants and shortlisted candidates for the members of the TVETA board. Evans Kimutai 2023-05-15T10:25:54+03:00 May 11, 2021 | Technical and Vocational Education and Training Authority (TVETA) is a State Corporation under the Ministry of Education established under the TVET Act of 2013. The mandate of the Authority is to promote quality access, equity [.] James Momanyi 2023-07-03T13:17:32+03:00 May 30, 2023 | A team from TVET Authority led by Director General Dr. Kipkirui Langat, today held a one-day sensitization meeting with principals drawn from national polytechnics at Kenya School of TVET (KSTVET) to fast-track the implementation of [.] Evans Kimutai 2023-05-17T11:35:50+03:00 December 3, 2019 | The Technical and Vocational Education and Training Authority (TVETA) partners the Executive Committee of the Kenya National Drama and Film Festival (KNDFF) to be one of the sponsors of drama and film festivals On Saturday [.] Evans Kimutai 2026-05-26T10:03:46+03:00 May 26, 2026 | Evans Kimutai 2026-02-27T16:10:03+03:00 February 27, 2026 | James Momanyi 2026-02-16T14:54:52+03:00 February 16, 2026 | The TVET Authority wishes to alert members of the public to a fraudulent recruitment scam currently in circulation. It has come to our attention that an individual identifying himself as Dr. Mark Nzau is sending [.] Evans Kimutai 2025-12-01T20:12:23+03:00 December 1, 2025 | The Technical and Vocational Education and Training Authority (TVETA) has issued an official notice to all accredited TVET institutions, including National Polytechnics, Technical and Vocational Colleges, University TVET Directorates, and Vocational Training Centres, requesting the [.] Evans Kimutai 2026-02-27T16:10:03+03:00 February 27, 2026 | James Momanyi 2026-02-16T14:54:52+03:00 February 16, 2026 | The TVET Authority wishes to alert members of the public to a fraudulent recruitment scam currently in circulation. It has come to our attention that an individual identifying himself as Dr. Mark Nzau is sending [.] James Momanyi 2025-10-03T12:35:05+03:00 October 3, 2025 | The final day of the Stakeholders  Validation Workshop on Digital Learning Content Standards is underway, with groups presenting their refined drafts before the plenary for validation. Yesterday afternoon, Leonard Makokha from the Kenya Water Institute [.] James Momanyi 2025-10-03T12:28:23+03:00 October 2, 2025 | The Acting Director General of the TVET Authority, Mr. Timothy Nyongesa Katiambo, yesterday welcomed a delegation from the County Government of Machakos at the Authority s offices for a high-level engagement on strengthening Vocational Training Centres [.] TVET Authority",en
https://tvetcdacc.go.ke,TVET CDACC,Welcome to TVET CDACC Staff Portal Staff Email TVET Curriculum Development Assessment and Certification (CDACC) Latest News Copyright   2023 TVET CDACC | All Rights Reserved No products in the cart.,en
https://kicd.ac.ke/our-services/curriculum-research/,Curriculum Development & Research : Kenya Institute of Curriculum Development,"The Institute s core function is to conduct research and develop curricula for all levels of education below the university.The Institute also develops print and electronic curriculum support materials,initiates and conducts curriculum based research organizing and conducting in-service and orientation programmes for curriculum implementers. Curriculum and research is a core department in the Institute with the following divisions offering different services: Curriculum Relevant Content Catering & Accommodation The National Educator Information Resources The Kenya Institute of Curriculum Development (KICD) is an Institute established through the KICD Act No. 4 of 2013 of the laws of Kenya. Design by Digital Vision EA   2026 Kenya Institute of Curriculum Development. All Rights Reserved Kenya Institute of Curriculum Development Desai Rd, Off Muranga Rd, Nairobi, Kenya. Telephone Contacts 0748029186 0748029681 KICD Bookshop 0748028763 Email Address info@kicd.ac.ke",en
https://kicd.ac.ke/our-services/educational-media/,Educational Media : Kenya Institute of Curriculum Development,"Educational Media is one of the Departments at KICD. Educational Media department performs the role of dissemination of Curriculum material to the Public. Educational Media is in charge of the Edu Channel and Educational Radio Programs that are aired on KBC. Please find recorded episodes and videos from EDU Channel here: EDU TV Youtube . Please find the KICD Radio Lessons Timetable shared below: View Fullscreen Skip to PDF content   Listen to this Curriculum Relevant Content Catering & Accommodation The National Educator Information Resources The Kenya Institute of Curriculum Development (KICD) is an Institute established through the KICD Act No. 4 of 2013 of the laws of Kenya. Design by Digital Vision EA   2026 Kenya Institute of Curriculum Development. All Rights Reserved Kenya Institute of Curriculum Development Desai Rd, Off Muranga Rd, Nairobi, Kenya. Telephone Contacts 0748029186 0748029681 KICD Bookshop 0748028763 Email Address info@kicd.ac.ke",en
https://kicd.ac.ke/cbc-materials/,CBC MATERIALS : Kenya Institute of Curriculum Development,"The Kenya Institute of Curriculum Development (KICD) provides official Competency-Based Curriculum (CBC) and Competency-Based Education (CBE) materials to support curriculum implementation across all levels of learning. These resources are intended for learners, teachers, school administrators, parents, curriculum developers and other education stakeholders. Access curriculum designs, approved learning materials, teacher education resources, values-based education content and parental engagement guidelines through the sections below. Access official curriculum designs for Pre-Primary, Primary, Junior School, Senior School, Teacher Education and Special Needs Education. View Resources   View KICD-approved textbooks and learning resources for curriculum implementation. View Resources   Explore supplementary resources approved to support teaching and learning. View Resources   Access approved textbook lists and procurement updates for Senior School. View Resources   Curriculum Relevant Content Catering & Accommodation The National Educator Information Resources The Kenya Institute of Curriculum Development (KICD) is an Institute established through the KICD Act No. 4 of 2013 of the laws of Kenya. Design by Digital Vision EA   2026 Kenya Institute of Curriculum Development. All Rights Reserved Kenya Institute of Curriculum Development Desai Rd, Off Muranga Rd, Nairobi, Kenya. Telephone Contacts 0748029186 0748029681 KICD Bookshop 0748028763 Email Address info@kicd.ac.ke",en
https://kicd.ac.ke/cbc-materials/approved-cbc-course-materials/,Approved CBC Course Materials : Kenya Institute of Curriculum Development,"Curriculum Relevant Content Catering & Accommodation The National Educator Information Resources The Kenya Institute of Curriculum Development (KICD) is an Institute established through the KICD Act No. 4 of 2013 of the laws of Kenya. Design by Digital Vision EA   2026 Kenya Institute of Curriculum Development. All Rights Reserved Kenya Institute of Curriculum Development Desai Rd, Off Muranga Rd, Nairobi, Kenya. Telephone Contacts 0748029186 0748029681 KICD Bookshop 0748028763 Email Address info@kicd.ac.ke",en
https://kicd.ac.ke/cbc-materials/curriculum-designs/,Curriculum Designs : Kenya Institute of Curriculum Development,"Navigation Table Example Click on an item below to navigate to the corresponding page: Curriculum Relevant Content Catering & Accommodation The National Educator Information Resources The Kenya Institute of Curriculum Development (KICD) is an Institute established through the KICD Act No. 4 of 2013 of the laws of Kenya. Design by Digital Vision EA   2026 Kenya Institute of Curriculum Development. All Rights Reserved Kenya Institute of Curriculum Development Desai Rd, Off Muranga Rd, Nairobi, Kenya. Telephone Contacts 0748029186 0748029681 KICD Bookshop 0748028763 Email Address info@kicd.ac.ke",en
https://kicd.ac.ke/curriculum-reform/,Curriculum Reform : Kenya Institute of Curriculum Development,"The role of the National Steering Committee will be to oversee the activities of the Technical Committee and Working Committees by Curriculum Relevant Content Catering & Accommodation The National Educator Information Resources The Kenya Institute of Curriculum Development (KICD) is an Institute established through the KICD Act No. 4 of 2013 of the laws of Kenya. Design by Digital Vision EA   2026 Kenya Institute of Curriculum Development. All Rights Reserved Kenya Institute of Curriculum Development Desai Rd, Off Muranga Rd, Nairobi, Kenya. Telephone Contacts 0748029186 0748029681 KICD Bookshop 0748028763 Email Address info@kicd.ac.ke",en
https://kicd.ac.ke/curriculum-reform/3rd-national-conference-on-curriculum-reforms-report/,Third National Conference on Curriculum Reform s Report : Kenya Institute of Curriculum Development,"REPORT-ON-THE-3RD-NATIONAL-CONFERENCE-2019 View Fullscreen Skip to PDF content   Listen to this Curriculum Relevant Content Catering & Accommodation The National Educator Information Resources The Kenya Institute of Curriculum Development (KICD) is an Institute established through the KICD Act No. 4 of 2013 of the laws of Kenya. Design by Digital Vision EA   2026 Kenya Institute of Curriculum Development. All Rights Reserved Kenya Institute of Curriculum Development Desai Rd, Off Muranga Rd, Nairobi, Kenya. Telephone Contacts 0748029186 0748029681 KICD Bookshop 0748028763 Email Address info@kicd.ac.ke",en
https://kicd.ac.ke/news/,Speeches and Presentations : Kenya Institute of Curriculum Development,"Report On Competence Based Curriculum Activities Presented to: THE NATIONAL STEERING COMMITTEE Date: 3rd January 2018 View the Presentation Below: Report On Competence Based Curriculum Activities Presented to: THE NATIONAL STEERING COMMITTEE Date: 3rd January 2018 View the Presentation Below: Published On: 03 Jan 2018 In the last two decades, curriculum reforms have been driven by rapid technological and social changes; the need to address the new challenges of contemporary life; the emergence of a knowledge society that depends on lifelong learning; the growing emphasis on assessment for improving learning; and the prominence of issues related to equity, quality and. In the last two decades, curriculum reforms have been driven by rapid technological and social changes; the need to address the new challenges of contemporary life; the emergence of a knowledge society that depends on lifelong learning; the growing emphasis on assessment for improving learning; and the prominence of issues related to equity, quality and. Published On: 06 Dec 2017 Speech by KICD Director/CEO Dr. Julius Jwan during the Kenya Primary School Head teachers Association Conference in Mombasa on December 06, 2017. View the Speech Below: Speech by KICD Director/CEO Dr. Julius Jwan during the Kenya Primary School Head teachers Association Conference in Mombasa on December 06, 2017. View the Speech Below: Published On: 06 Dec 2017 Presented by: Dr. Julius O. Jwan Director/CEO Kenya Institute of Curriculum Development Venue: Sheikh Zayed Children Welfare Centre, Mombasa. Date: 2nd   7th December 2017 View the Presentation Below: Presented by: Dr. Julius O. Jwan Director/CEO Kenya Institute of Curriculum Development Venue: Sheikh Zayed Children Welfare Centre, Mombasa. Date: 2nd   7th December 2017 View the Presentation Below: Published On: 02 Dec 2017 Speech delivered by the Kenya Institute Of Curriculum Development CEO during the launch of Digital Literacy Programme (DLP) in Busia County on July 28, 2017. View the Speech Below: Speech delivered by the Kenya Institute Of Curriculum Development CEO during the launch of Digital Literacy Programme (DLP) in Busia County on July 28, 2017. View the Speech Below: Published On: 28 Jul 2017 Curriculum Relevant Content Catering & Accommodation The National Educator Information Resources The Kenya Institute of Curriculum Development (KICD) is an Institute established through the KICD Act No. 4 of 2013 of the laws of Kenya. Design by Digital Vision EA   2026 Kenya Institute of Curriculum Development. All Rights Reserved Kenya Institute of Curriculum Development Desai Rd, Off Muranga Rd, Nairobi, Kenya. Telephone Contacts 0748029186 0748029681 KICD Bookshop 0748028763 Email Address info@kicd.ac.ke",en
https://www.linkedin.com/company/kenya-national-examinations-council-knec/,The Kenya National Examinations Council (KNEC) | LinkedIn,"Agree & Join LinkedIn By clicking Continue to join or sign in, you agree to LinkedIn s User Agreement , Privacy Policy , and Cookie Policy . View all 229 employees We assess abilities and certify learner achievements in conformity with global standards. Our core functions include developing examination policies, procedures, and regulations; developing national examinations; registering candidates for the KNEC examinations; conducting examinations and processing the results; awarding certificates and diplomas to successful candidates; and conduct research on educational assessment. We also carry out equations of certificates and diplomas issued by other credible examining boards; and advise the Government on matters about examinations and certification. External link for The Kenya National Examinations Council (KNEC) or By clicking Continue to join or sign in, you agree to LinkedIn s User Agreement , Privacy Policy , and Cookie Policy . New to LinkedIn? Join now or By clicking Continue to join or sign in, you agree to LinkedIn s User Agreement , Privacy Policy , and Cookie Policy . Nairobi, KE 6,074 followers KNEC yesterday hosted a team from the Council of Legal Education (CLE) as part of ongoing collaboration between the two institutions aimed at enhancing the automation of examination processes. The engagement provided an opportunity to share experiences, insights and best practices in technology-driven examination management, underscoring the shared commitment of both institutions to improving efficiency, integrity and credibility in the administration of examinations. KNEC remains committed to fostering strategic partnerships and leveraging innovation to strengthen assessment systems and deliver quality educational assessment and credible certification services. #KNEC #CLE #collaboration #integrity 6,074 followers PRESS STATEMENT: PAYMENT OF THE 2025 KJSEA AND KCSE EXAMINERS #knec #integrity 6,074 followers 6,074 followers Uploading of SBA scores for 2026 KPSEA and KJSEA candidates. #2026assessments #integrity 6,074 followers 6,074 followers We are recruiting Assessors for the 2026 KCSE examination oral and practical papers. For the more information on how to apply, click the link: https://zurl.co/Rr9lp Application deadline: 15th July 2026. #2026assessments #kcse2026 #integrity 6,074 followers Interested in registering for the 2027 KCSE examination but do not have a KCPE certificate? This is your one-time opportunity to regularise your records and become eligible to sit the KCSE exam. Take advantage of this chance and complete the required process within the stipulated timelines. #KCSE2027 #KNEC #integrity 6,074 followers Beware of fake news! #integrity 6,074 followers Registration of Grade 10 learners on the CBA portal ongoing. #integrity #2026assessments 6,074 followers Happy Father s Day. #integrity Education Administration Programs Education Management Nairobi, Nairobi Government Administration Primary and Secondary Education Nairobi, Nairobi Education Administration Programs NAIROBI, Nairobi Human Resources Services Education Administration Programs Thika, Kenya., KIAMBU Education Management Nairobi, Nairobi Education Indore, Madhya Pradesh Agree & Join LinkedIn By clicking Continue to join or sign in, you agree to LinkedIn s User Agreement , Privacy Policy , and Cookie Policy . or New to LinkedIn? Join now By clicking Continue to join or sign in, you agree to LinkedIn s User Agreement , Privacy Policy , and Cookie Policy .",en
https://www.knec.ac.ke/services/school-exams/,School Examinations   KNEC,"School examinations are administered in the below levels: To receive regular News, Updates, and Information about Knec, Please signup for our monthly newsletter below.   Copyright, KNEC. All Rights Reserved. Privacy Notice Stay connected:",en
https://www.knec.ac.ke/services/teacher-exam/,Teacher Examinations   KNEC,"The Teacher Education Examinations are professional examinations administered to persons wishing to join the teaching profession at various levels. These examinations are listed below: - Early Childhood Development and Education (ECDE) examinations are courses taken by students who wish to specialize in Early Childhood Education. Primary Teacher Education (PTE) examination is a two year course taken by students who wish to be teachers at Primary School level after they complete the Kenya Certificate of Secondary Education (KCSE) examination. The students who pursue the course are awarded with Certificate in Primary Teacher Education. Teacher Certificate in Adult Education (TCAE) examination is a two year course taken by students who wish to be teachers at Adult Education centres after they complete the Kenya Certificate of Secondary Education (KCSE) examination. The students who pursue the course are awarded with Certificate in TCAE. This examination is administered to eligible candidates within Kenya by the Directorate of Adult and Continuing Education, in the Ministry of Education on behalf of Kenya National Examinations Council. The teachers who pursue the course are awarded with either Diploma or Certificate in ECDE after two years of study. Diploma in Special Needs Education (SNE) examination is a two year course taken by teachers who wish to specialize in Special Needs Education after they complete the teacher training course at various levels. The teachers who pursue the course are awarded with Diploma in Special Needs Education. Diploma in Teacher Education (DTE) examination is a three year course taken by students who wish to be teachers at secondary school level after they complete the Kenya Certificate of Secondary Education (KCSE) examination. The students who pursue the course are awarded with Diploma in Teacher Education. The examination is meant for candidates who do not qualify for direct entry to the certificate course. It is premised on the understanding that the candidate has been working and preparing for or upgrading their previous grades or qualifications. Registration of the candidates is done by the DICECE programmed officer on behalf of the Sub-county Education Officer. To receive regular News, Updates, and Information about Knec, Please signup for our monthly newsletter below.   Copyright, KNEC. All Rights Reserved. Privacy Notice Stay connected:",en
https://www.knec.ac.ke/services/business-exams/,Business & Technical Examinations   KNEC,"The Business and Technical Examinations are categorized under Post School examinations. These are professional examinations offered to candidates who have completed primary and/or secondary school education. The examinations are offered twice a year during the months of July and November. All courses are offered in both series . Categories of examinations in Business Technical examinations. Those who successfully complete any of the above courses can proceed to the next stage or join the job market. Holders of Diploma certificates can proceed to pursue Degree courses. More information on Business and Technical examinations can be found in the Regulations for the TIVET craft and diploma Business/Technical Examinations. The following levels of Technical Education Examinations are offered by the KNEC:- i) Artisan Certificate Examinations; ii) Craft Certificate Examinations; iii) Diploma Certificate Examinations; iv) Higher Diploma Certificate Examinations. Candidates can sit these examinations under the Modular and Non- Modular curriculum. In modular curriculum, the Craft certificate examinations has two modules; I and module II, Diploma level has three modules; module I, module II and module III and Higher Diploma level has two modules; module I and module II. Candidates must take all the examinations papers of the module at one sitting except for the referred candidates. All New Candidates interested in the Business and Technical Courses. Download Our Career Guidance Handbook. To receive regular News, Updates, and Information about Knec, Please signup for our monthly newsletter below.   Copyright, KNEC. All Rights Reserved. Privacy Notice Stay connected:",en
https://www.knec.ac.ke/services/foreign-exams/,Foreign Examinations   KNEC,"The Kenya National Examinations Council is mandated by law to collaborate in with foreign examinations boards to administer and monitor the conduct of foreign examinations in Kenya. The level of involvement with the boards varies from board to board, where some boards involve the Council in both registration of candidates and the administration of the examinations. Other boards involve the Council only in the administration and monitoring the conduct of the examinations. Currently the Council conducts examinations on behalf 13 foreign boards at both school (primary and secondary) and post school (professional examinations) levels at various times of the year.Below are the mentioned boards: To receive regular News, Updates, and Information about Knec, Please signup for our monthly newsletter below.   Copyright, KNEC. All Rights Reserved. Privacy Notice Stay connected:",en
https://www.knec.ac.ke/news-2/,News   KNEC,"To receive regular News, Updates, and Information about Knec, Please signup for our monthly newsletter below.   Copyright, KNEC. All Rights Reserved. Privacy Notice Stay connected:",en
https://www.knec.ac.ke/#News16a610985cf486,KNEC   Quality Assessment & Credible Exams,"The Kenya National Examinations Council is dedicated to offering excellent services. Here is our service delivery commitment both in visual and downloadable format. Click on icons to redirect you to the specific service To receive regular News, Updates, and Information about Knec, Please signup for our monthly newsletter below.   Copyright, KNEC. All Rights Reserved. Privacy Notice Stay connected:",en
https://www.knec.ac.ke/2025-kcse-examination-essential-statistics/,2025 KCSE EXAMINATION ESSENTIAL STATISTICS   KNEC,"Comments are closed. To receive regular News, Updates, and Information about Knec, Please signup for our monthly newsletter below.   Copyright, KNEC. All Rights Reserved. Privacy Notice Stay connected:",en
https://www.knec.ac.ke/knec-privacy-notice/,KNEC PRIVACY NOTICE   KNEC,"The Data Protection (General) Regulations, came into effect on 31 st December 2021. These regulations set out the procedures for enforcement of the rights of the data subjects as well as elaborating on the duties and obligations of Data Controllers and Data Processors. The Data Protection Act Cap 411C requires all organisations to maintain standards in processing personal data. Principles of Personal Data Protection: The data protection act provides the following rights for data subjects: The Data Protection Commissioner has prepared a data protection handbook and data protection regulations . The Kenya National Examinations Council (KNEC) is a state corporation under the Ministry of Education, responsible for overseeing national examinations in Kenya. It was established under the Kenya National Examinations Council Act Cap 225A of the Laws of Kenya, in 1980. In 2012 this act was repealed and replaced with KNEC Act No.29 of 2012. KNEC was established to set and maintain examination standards, develop national examinations, conduct national examinations within Kenya at basic and tertiary levels among other functions. The statutory mandate of KNEC is to: The following information concerns how data shall be processed for the Council to perform the above legal mandate. The Council may share personal data with partners, stakeholders and service providers in execution of its legal mandate. The Council takes appropriate measures to protect the confidentiality, integrity and availability of personal data. Data subjects with queries or inquiries regarding this privacy notice may contact the Council through dpo@knec.ac.ke . Data subjects have the right to lodge a complaint with the office of the Data Protection Commissioner. Changes to this Privacy Notice This notice may be updated from time to time as required. Comments are closed. To receive regular News, Updates, and Information about Knec, Please signup for our monthly newsletter below.   Copyright, KNEC. All Rights Reserved. Privacy Notice Stay connected:",en
https://www.helb.co.ke/online-services/student-portal/,Student Portal - HELB,The Student Portal gives you instant access to a wealth of resources at HELB. The system is very easy to use. When you register and login you will have access to everything from loan application to allocation and disbursement status. Who can use the portal? Any registered or existing students can have free and unlimited access to the portal. cmsmasters   2026 / All Rights Reserved,en
https://www.helb.co.ke/helb-products/helb-loans/tvet-loans/,TVET Loans - HELB,"Note: Click here to download the Approved TVET Institution List . If you were awarded Scholarship and/or Loan in the previous Academic Year, you may apply for the Second and Subsequent application by dialing *642# on your mobile phone or download the HELB Mobile App from Google Play store or use MPESA Mini App . cmsmasters   2026 / All Rights Reserved",en
https://www.helb.co.ke/stories/empowering-students-across-kenya-through-external-resource-mobilisation/,Empowering Students across Kenya through External Resource Mobilisation - HELB,"For James Gachari, resource mobilisation for HELB goes beyond just day-to-day performance appraisals. It is a calling, one that motivates him and his team fuelled by the fact that for every new partnership that comes on board, they know the dreams made possible and lives changed across the country. Since joining HELB, James and his team have been working tirelessly across departments and donors putting in place the necessary structures of prudential management of resources and demonstrating the impact of external resource mobilisation alongside the funding that HLEB receives from the exchequer and the loan repayments. And their efforts have paid off- Since the 2013/2014 financial year cycle, HELB has mobilized over Kshs 1.5B from 40 partners.  Each of these Funders gets into a Service Contract with HELB as the Fund Manager where they agree on terms of engagement and an oversight committee is put in place. We then agree on a selection criterion with the funder bearing in mind equitability and fairness, so that we have regional and gender balance while reaching the most deserving of cases.  James indicates. This process is largely automated and shared with the funder for purposes of transparency. The schemeisthenrolledoutandeligiblebeneficiaries are invited to apply. HELB manages the application, disbursement, and loan recovery mechanism in liaison with the Funder. Developing these partnerships is advantageous to the Funder because, having been in the business of higher education funding for over 26 years, HELB brings in the experience and structure for efficient management. Also, as a Government Agency, HELB is backed by law and therefore able to recover loans as a statutory deduction; recovery is a crucial element for the proper running of any revolving fund. Furthermore, Funders come in with different terms, therefore each fund has a unique partnership approach that is specific to their needs as well as a dedicated Relationship Manager. It is therefore very easy for a Partner to come and not only see the transformational impact of their funds but also, they can audit their funds because they are run independently from the HELB Consolidated Fund. With an increase of partnerships comes equally a responsibility to ensure value for money and also increase the partnership portfolio to meet the growing demand of needy students. For James and his team, the challenge remains how to attract more non-governmental organisations, foundations, trusts, and other government agencies that support student financing in one form or another.  We want to reach out even more to the private sector through Public-Private Partnerships so that they can supplement our efforts. We are telling all these partners to entrust us with the process because our systems are time-tested.  James notes. cmsmasters   2026 / All Rights Reserved",en
https://www.helb.co.ke/stories/the-undisputable-case-for-higher-education-qualifications-in-the-21st-century-workplace/,The undisputable case for higher education qualifications in the 21st century workplace - HELB,"Investing in higher education is very important and that is why HELB supports higher education through student financing. Over the years, inadequate funding has remained a constant challenge for HELB, with a Government that is stretched in terms of funding other national development plans. However, we keep engaging Parliament, the Ministry of Education, and The National Treasury to see if we can consistently increase the allocation to HELB to support more young people. HELB s vision is to be able to finance everyone that is seeking a loan to advance themselves by way of higher education and to the extent that we are not able to meet that it becomes a matter of great concern for us, and we are consistently looking for ways to see how we can raise more money. My greatest concern is what will happen to this youth bulge if we cannot get into employment or gainful self-employment. What will happen to a country with an educated population that has not been gainfully engaged whether in employment or self-employment? We are grateful for the partners that have given money to be able to finance but we do not enough resources and that is a reality and the challenge that is facing us at the moment. Partnership Development and External Resource Mobilization, therefore, is increasing an area of focus for HELB. The private sector can play a strong role in increasing the HELB resource latitude. Professional societies can partner with HELB and increase the number of future professionals in their areas of expertise. cmsmasters   2026 / All Rights Reserved",en
https://www.helb.co.ke/stories/burning-the-midnight-oil-to-ensure-that-no-deserving-student-is-out-of-class-due-to-lack-of-funding/,Burning the midnight oil to ensure that no deserving student is out of class due to lack of funding - HELB,"For Hon. Ekwee Ethuro, higher education has been a game changer in many respects and now as the Chairman of the HELB Board of Directors, his prayer is that no student should miss out on higher education. I was probably the fourth graduate from my own community and at the time, we played a big role in giving hope to the other generations. I can also bear witness that without the kind of financial support, I received from HELB, I would not have accessed a university education. You can multiply that by thousands of Kenyans coming from the marginal fringes of our society. Even the average working Kenyan cannot be able to afford it, you know our family sizes are also large. Because of that higher education, I was able to have a real impact in all the sectors I have worked for. I think what is in the public domain is Parliament, from the tenth Parliament to when I scaled the heights. The ultimate goal of any parliamentarian is to be the Speaker, to be the Leader of the House. So, I feel accomplished. When I reflect on my journey, I am inspired to support Kenyan Youths seeking financing for their own higher education journey. The funding challenges are a big worry for us at the board because we should be able to develop our youth and give them hope. cmsmasters   2026 / All Rights Reserved",en
https://www.questionai.app/questions-tEwhkoxLvR0S/4-driving-notice-bicyclist-going-direction-side-ofthe,"4) As You Are Driving, You Notice a Bicyclist Going the Same Direction on the Same Side of the Road. Anticipating That the Bicyclist | Questionai.APP","A manager wants the unit to be known as the pramary wound care unit for the arganization. The manager achieves staff buy-in, and they work together to estachish gamb and share accomplishments. The nurse acknowledges that this power fool is called $\square $ Excessive worrying is a symptom of which of the following? GAD Dementia Anorexia nervosa PTSD 9. Cheng is making a trip to her safe deposit box. What is she MOST likely planning to do? Pay a monthly credit card bill at a bank. Put her marriage license in a secure location. Register for an updated driver&#39;s license. Ask for help with her recent tax return. After the win, what you want to do most is __ You lost to me like this? Calmly review it. Just as expected of me. Thank your teammates and give a LIKE for great teamwork. Play another round while you&#39;re in top form. Which of the following is a red flag for a fad diet? It tells you to check with your doctor. It encourages daily exercise. It says to try it with a friend It claims you will lose 10 pounds per week Question 7 All of the following are classified as anxiety disorders EXCEPT specific phobia. panic disorder. depression. social phobia. Question 8 All of the following are considered a form of behavior therapy EXCEPT operant conditioning. aversive conditioning. systematic desensitization. client-centered therapy. Select the correct answer. Which employee is most likely to come up with creative solutions? Dana is In awe of her boss and does not contradict him. Mark loves interacting with all types of people. Nna follows a linear systematic approach to all problems. Omar hesitates to volce his thoughts during meetings. Sara approaches every situation with lessons learned from her experiences. Question 15 Individuals with dissociative disorders have a less voluminous hippocampus and amygdala. excessive levels of the neurotransmitter glutamate. a very small cerebral cortex very few receptors for the neurotransmitter serotonin. Question 16 In the context of family therapy, getting the family to acknowledge that the problem is a family problem and not just the problem of one individual is known as validation. reframing. structural change. detriangulation. 1 pts 1 pts Question 13 Given that collectivist cultures place more importance on the group than on the individual, some psychologists have suggested that __ is likely to be more effective with people from Asian and Latino cultures. psychoanalysis humanistic therapy family therapy cognitive therapy Question 14 Humanistic therapies differ from psychodynamic therapies in that humanistic therapies emphasize change of behavior rather than underlying thoughts. unconscious thoughts rather than conscious thoughts. the past rather than the present. self-fulfillment rather than illness. 1 p 1 pt Question 9 All of the following are symptoms of borderline personality disorder EXCEPT chronic feelings of emptiness. recurrent suicidal behavior. reduced awareness. wild mood swings. Question 10 A schizophrenic patient who falsely believes that he is Jesus Christ is experiencing a delusion. a hallucination. a mirage. flat affect. E3A DIMENSION TECHNOLOGY PTE. LTD. | ADRES: 1552 BEACH ROAD #11-05 THE GATEWAY SINGAPORE (189722)",en
https://www.universitiesfund.go.ke/#content,Universities Fund | Financing Universities in Kenya,"The Universities Fund provides Government scholarships to eligible students placed in public universities under the Student-Centred Funding Model. The scholarships are awarded based on a student's level of financial need to help meet tuition costs. Eligible students are required to submit their applications through the Higher Education Financing (HEF) Portal at www.hef.co.ke. The Universities Fund provides Government scholarships to eligible students placed in public universities under the Student-Centred Funding Model. The scholarships are awarded based on a student's level of financial need to help meet tuition costs. Eligible students are required to submit their applications through the Higher Education Financing (HEF) Portal at www.hef.co.ke. The Student-Centred Funding Model is Kenya's funding framework for higher education that ensures Government financial support is allocated based on a student's level of financial need. The model replaced the Differentiated Unit Cost (DUC) system, shifting from institution-based funding to a student-centred approach. Under the model, funding for undergraduate education is provided through Government scholarships, Government loans and household contributions. This approach delinks university placement from funding and promotes equitable access to higher education. The Student-Centred Funding Model is Kenya's funding framework for higher education that ensures Government financial support is allocated based on a student's level of financial need. The model replaced the Differentiated Unit Cost (DUC) system, shifting from institution-based funding to a student-centred approach. Under the model, funding for undergraduate education is provided through Government scholarships, Government loans and household contributions. We ensure sustainable financing of universities through resource mobilisation from government, foundations and donors. We ensure sustainable financing of universities through resource mobilisation from government, foundations and donors. UF is offering scholarships and funds that are available for students to apply. The new funding framework replaced the Differentiated Unit Cost (DUC) that was used to finance universities. The model has delinked placement from funding and puts emphasis on a student s financial need. With the new model, universities and TVET institutions will no longer receive block funding in the form of capitation. Funding to students will be through scholarships, loans and household contributions. 30% - 70% Funding Adequate Financial Support UF | HELB | KUCCPS 2022 KCSE Candidates The Higher Education Loans Board [HELB] and the Universities Fund [UF] are State Corporations under the Ministry of Education.The two institutions have been implementing the Variable Scholarship Loan Funding Model which promotes equity and enhances inclusivity in scholarship and loans disbursement to students in Higher Learning Institutions since July 2023. Financial Support UF | HELB | KUCCPS 2022 KCSE Candidates onwards UF | HELB | KUCCPS 30% - 70% Funding Financial Support UF | HELB | KUCCPS 2022 KCSE Candidates The Universities Fund was established under section 53 of the Universities Act, 2012 for financing Universities in Kenya. The Fund is managed by a Board of Trustees known as the Universities Funding (UF) which has been in operation since 2016. The function of the Trustees is to generally manage the Universities Fund. The specific functions of the Trustees are to: advise the Cabinet Secretary in matters of University Education Financing; develop a fair and transparent criterion for allocation of funds to Universities. The Universities Fund was established under section 53 of the Universities Act, 2012 for financing Universities in Kenya. A Valued Fund for Higher Education To provide sustainable funding for higher education through resource mobilisation, innovation and research . Integrity, Transparency, Fairness, Equity, Innovation Efficiency.",en
https://www.universitiesfund.go.ke/careers/,Careers - Universities Fund,"The Universities Fund (UF) was established under section 53 of the Universities Act, 2012 for financing universities in Kenya. The Fund is managed by a Board of Trustees known as the Universities Funding Board (UFB) which has been in operation since 2016. The functions of the trustees are to: advise the Cabinet Secretary in matters of university education funding; develop a transparent and fair criterion for allocation of funds to universities; apportion funds to universities; establish the maximum differentiated unit cost for the programs offered and to mobilize and receive funds for purposes of the Fund from the Government, donors, and from any other source.",en
https://www.universitiesfund.go.ke/who-we-are/,Who we Are - Universities Fund,"The Universities Fund was established under Section 53 of the Universities Act, 2012 for financing universities in Kenya. The Fund is managed by a Board of Trustees known as the Universities Fund (UF) Board, which has been in operation since 2016. The specific functions of the trustees include advising the Cabinet Secretary on matters of university education financing, developing a fair and transparent criterion for the allocation of funds to universities, apportioning funds to universities, establishing the maximum Differentiated Unit Cost for the programmes offered, and mobilising and receiving funds for the Fund from the Government, donors, and any other sources. The Board commenced the apportionment of funds to public universities and issuance of conditional grants to private universities in the FY 2017-2018 in accordance with the established criteria, which is the Maximum Differentiated Unit Cost (MDUC). Previously (1995-2016), university education in Kenya was uniformly funded at a unit cost of Sh120,000 per student, out of which the government paid Sh70,000 per student, and the remaining Sh50,000 was covered by households and loans through Higher Education Loans Board (HELB). Apart from the inadequate funding levels, there was no resource mobilisation framework to address the gap or a clear and fair criterion for allocating the available budgetary support among existing and newly established public universities. This led to the creation of a transparent, fair, and equitable criterion known as the Differentiated Unit Cost (DUC). The DUC provides for the funding of programmes in the universities in line with the financial requirements of the respective programmes. In May 2023, the Government announced a new funding model for universities and technical and vocational education and training (TVET) institutions that is student-centered, predictable and that will encourage the institutions to seek other revenue streams. The new funding framework seeks to phase out the DUC. We believe in the power of partnerships and working together. We actively seek to build synergistic relationships with universities, stakeholders, and the broader academic community. Our commitment to collaboration ensures that we can collectively address the complex challenges facing higher education in Kenya and find innovative solutions. We are dedicated to promoting fairness and inclusivity in all our initiatives. The Universities Fund strives to ensure that all universities and students, regardless of their background or location, have equal access to resources and opportunities for academic and research development. We uphold the highest ethical standards in all our activities, ensuring transparency, honesty, and accountability. This value reflects our commitment to sound governance and the responsible use of funds to benefit the higher education sector in Kenya. We embrace innovation as a driving force for positive change in higher education. The Fund is committed to fostering a culture of creativity and adaptability. We actively seek and support innovative approaches that can transform the sector, improve teaching and learning, and advance research in line with the demands of the knowledge-based economy. The Universities Fund is dedicated to serving its stakeholders with excellence. Being responsive means putting the needs and interests of universities, students, and the broader academic community at the forefront of our decision-making. We actively listen, respond, and adapt to meet their evolving requirements to ensure we provide value and meaningful impact. We are dedicated to treating each person and entity on merit, a relent focus on customer service and national interest. We are committed to openness and clarity in all our processes, decisions, and operations. By sharing accurate and timely information, we build trust with our stakeholders and ensure accountability. Transparency is the foundation of our efforts to foster confidence in the management and allocation of resources to support the higher education sector. A Valued Fund for Higher Education To provide sustainable funding for higher education through resource mobilisation, innovation and research. Integrity, Transparency, Fairness, Equity, Innovation Efficiency.",en
https://www.universitiesfund.go.ke/our-mandate/,Our Mandate - Universities Fund,"Apportion funds to universities in accordance with criteria established. Mobilise and receive funds for purposes of the fund from the Government, donors and from other sources. Advise the Cabinet Secretary of university education funding and related policy issues. In consultation with the public universities, establish the maximum Differentiated unit Cost for the programmes offered. Establish the minimum discipline differentiated remuneration for academic staff of universities. In consultation with the Cabinet Secretary, develop a transparent and a fair criterion for allocation of funds.",en
https://www.universitiesfund.go.ke/board-of-trustees/,Board of Trustees - Universities Fund,"The UF s board consists of members who work comprehensively with the CEO towards achieving UF s objectives. Prof. Karuti Kanyinga assumed the role of Chairperson of the Universities Fund Board on 8 th July 2022. He brings extensive experience in the university sector and is widely recognised for his scholarly contributions in governance and development. Prof. Kanyinga is a distinguished development researcher and scholar, with significant national and international exposure. His research portfolio spans various areas, including land rights, civil society and development, ethnicity and development, and electoral politics and development. Moreover, he possesses expertise in monitoring and evaluating major development programs, as well as in overseeing their implementation. He has led diverse teams of project managers and researchers in delivering large, multi-donor funded initiatives. Prof. Kanyinga has also served as a valuable resource person for numerous international organisations, including the World Bank, USAID, and other bilateral agencies, offering insights on governance, project planning, and implementation. Additionally, he has actively contributed to community development efforts and provided intellectual perspectives on various national and international issues. Prof. Kanyinga holds a PhD in Social Sciences with a specialisation in International Development Studies (IDS), a Master of Arts in Government, and a Bachelor of Arts, all from the University of Nairobi. Benjamin Kapsir is a seasoned finance professional with over 15 years of experience in public finance management, government operations, and strategic leadership. He serves as a Senior Principal Finance Officer at the State Department for Higher Education and joined the Universities Fund Board of Trustees on 1 July 2025 as the representative of the State Department for Higher Education. He holds a Master of Business Administration and a Bachelor s degree in Business Administration (Accounting Option), both from Kennesaw State University, USA. He has also completed the Strategic Leadership Development Programme and the Senior Management Course at the Kenya School of Government. Mr. Kapsir brings extensive expertise in public financial management, policy implementation, and institutional governance, contributing valuable strategic and financial oversight to the Board of Trustees. Ms. Linah K Mwau was appointed as a Board Member of the Universities Fund in December, 2024 representing the National Treasury and Economic Planning. She serves as a member of Finance, Administration, and General purpose Committee, as well as the Audit and Risk Committee. Ms. Mwau is an accomplished Financial specialist with extensive experience in public financial management, policy development, and risk management. She currently serves as a Financial Specialist at the Public Financial Management Reforms (PFMR) Secretariat, The National Treasury, where she plays a pivotal role in overseeing multi-donor funded projects, budget formulation, financial reporting and facilitating Public Expenditure and Fiscal Accountability assessments (PEFA). Her expertise in financial analysis, taxation, auditing, and Public Financial Management has positioned her as a trusted advisor on fiscal policy and accountability. She has collaborated with various government agencies, development partners, and stakeholders to strengthen financial systems and enhance sustainability in public sector funding. This makes her a valuable asset to the Universities Board. She holds a Master of Science in (Finance) with specialization in Investments from the University of Nairobi and a Bachelor of Commerce (Finance Option). She is also a Certified Public Accountant (CPA) and a member of ICPAK. Additionally, she has certification on International Public Sector Accounting Standards (IPSAS). Mr. Reagan Kaberia was appointed Trustee of the Universities Fund Board on 31st May 2023. He serves as a member of the Planning, Research and Resource Mobilisation Committee and the Audit and Risk Committee. With over two decades of extensive experience in strategic leadership and program management, Mr. Kaberia is a distinguished leader in his field. He currently holds the position of CEO of ZOE Global South and Kenya Country Manager for Zoe Empowers. In these roles, he has been instrumental in leading and implementing empowerment programs across multiple countries, including Kenya, Malawi, India, Uganda, Tanzania, Zimbabwe, Mozambique, Southern Sudan, Liberia, and Rwanda. Mr. Kaberia s expertise lies in strategic planning, financial management, and team development. His leadership has significantly enhanced the effectiveness and accountability of the organisations under his guidance. His deep commitment to policy development, business management, and continuous learning ensures that he remains at the forefront of industry trends and best practices. Mr. Kaberia holds a Master of Business Administration in Strategic Management from Kenya Methodist University, and a Bachelor of Arts in Social Sciences from Kenyatta University. Jacqueline Jacoyange is a Mental Health Specialist and Strategic Partnerships Professional with over 20 years of experience in leadership, stakeholder engagement, governance, and organisational development across the aviation, logistics, customer experience, and mental health sectors. She holds a Master s Degree in Clinical Psychology and a Bachelor s Degree in Psychology and Counselling from Daystar University. Jacqueline is a registered member of the Kenya Counselling and Psychological Association (KCPA) and the Counsellors and Psychologists Board. She brings extensive expertise in strategic leadership, partnership development, resource mobilisation, and psychosocial wellbeing. As a Trustee of the Universities Fund Board, she is committed to advancing equitable access to quality university education and supporting sustainable higher education financing in Kenya. Esther Sagini is an accomplished administrator and governance professional with extensive experience in public service, human resource management, public relations, and institutional administration. She holds a Bachelor of Arts Degree from the University of Eastern Africa and began her career in the Civil Service as a Personnel Officer in the Ministry of Environment. She later served in various capacities at ICDC (now Kenya Development Corporation) and Kenya Planters Cooperative Union (KPCU), where she rose to the position of Chief Manager, Administration. Ms Sagini has served on the Board of the Postal Corporation of Kenya, where she chaired both the Finance and Human Resource Committees and served on the Audit Committee. She is also a Certified Trustee and has served on the Board of Trustees of the Postal Corporation of Kenya Staff Retirement Benefits Scheme. Her expertise in governance, administration, and institutional leadership strengthens her contribution to the Universities Fund Board. Isaiah Kirukmet is a seasoned public administrator with over 20 years of experience in public sector leadership, institutional governance, compliance, and strategic management. He holds a Master of Arts in Criminology and Social Order from the University of Nairobi and a Bachelor of Science (Honours) from Jomo Kenyatta University of Agriculture and Technology. Previously, he has served as a Senior Manager at the National Hospital Insurance Fund (NHIF), where he provided leadership in compliance, investigations, stakeholder engagement, and service delivery, contributing to improved operational efficiency and customer experience. Mr Kirukmet has also served in governance roles as a Board Member of Toniok High School and NHIF Sacco, enhancing his expertise in strategic oversight, accountability, and institutional development. Conrad Keya is an actuarial scientist, research consultant, and youth leader with expertise in governance, public policy, monitoring and evaluation, research, and institutional development. He is pursuing a Master of Science in Actuarial Science at Maseno University and holds a Bachelor of Science in Actuarial Science with Information Technology from the same institution. Currently, he serves as the National Chairperson of the Coalition of Youth for Devolution, where he champions youth participation in governance and development including the development of the Kakamega County Youth Policy. Mr Keya has led and contributed to numerous national and international initiatives in partnership with development organisations, government institutions, and civil society, promoting accountability, youth empowerment, and policy development. Fakira Kassim is a dedicated Clinical Officer with over 15 years of experience in healthcare, quality assurance, governance, and regulatory management. Studied clinical medicine at Kenya Medical Training College and Higher National Diploma in lung and skin at the same institution. She has served as a Board Director at the Water Services Regulatory Board, where she contributed to strategic leadership, policy formulation, quality improvement, stakeholder engagement, and the regulation of water service providers across various regions. During her tenure, she chaired the Audit Committee and supported institutional development aimed at strengthening effective service delivery. Her clinical background, combined with expertise in health management, quality assurance, and organisational leadership, has enhanced her ability to drive evidence-based decision-making, improve service standards, and support sustainable public service delivery. Dr. Edwin Wanyonyi is the Acting Chief Executive Officer/Director General at the Universities Fund, where he excels in cultivating impactful partnerships, driving enterprise initiatives, and implementing effective resource mobilisation strategies. With extensive experience in both public and private sectors, he brings a wealth of knowledge in resource mobilisation, partnership development, and strategic planning. An alumnus of the United States International Visitor Leadership Programme, Dr. Wanyonyi previously served as the Head of Directorate, Strategy, Planning, and Resource Mobilisation at the Kenya Institute of Supplies Management. He has also worked with prominent organizations such as Adept CN, Kenya Wildlife Service (KWS), Kenya Alliance of Resident Associations (KARA), and Ernst & Young. Dr. Wanyonyi holds a Doctorate in Business Administration, an MBA in Strategic Management, and a Bachelor of Business Administration. He is a trained ISO Quality Management System Auditor, a Certified Fundraiser, and a member of the Kenya Institute of Management and the Association of Fundraising Professionals. Beyond his professional roles, he has significantly contributed to national and international development efforts, serving on the National Steering Committee of the UNDP Small Grants Programme and the Executive Committee of the Alliance of Conservation Funds in Africa (CAFE). He is also a published author and speaker on leadership, strategy, and resource mobilisation.",en
https://www.universitiesfund.go.ke/management/,Management - Universities Fund,"Dr. Edwin Wanyonyi is the Acting Chief Executive Officer/Director General at the Universities Fund, where he excels in cultivating impactful partnerships, driving enterprise initiatives, and implementing effective resource mobilisation strategies. With extensive experience in both public and private sectors, he brings a wealth of knowledge in resource mobilisation, partnership development, and strategic planning. An alumnus of the United States International Visitor Leadership Programme, Dr. Wanyonyi previously served as the Head of Directorate, Strategy, Planning, and Resource Mobilisation at the Kenya Institute of Supplies Management. He has also worked with prominent organizations such as Adept CN, Kenya Wildlife Service (KWS), Kenya Alliance of Resident Associations (KARA), and Ernst & Young. Dr. Wanyonyi holds a Doctorate in Business Administration, an MBA in Strategic Management, and a Bachelor of Business Administration. He is a trained ISO Quality Management System Auditor, a Certified Fundraiser, and a member of the Kenya Institute of Management and the Association of Fundraising Professionals. Beyond his professional roles, he has significantly contributed to national and international development efforts, serving on the National Steering Committee of the UNDP Small Grants Programme and the Executive Committee of the Alliance of Conservation Funds in Africa (CAFE). He is also a published author and speaker on leadership, strategy, and resource mobilisation. Dr Richard Ngali is the Head of Grants Management at the Universities Fund, where he leads grants management, policy research, and standards development to enhance equitable, transparent, and effective financing of public universities. He brings over 18 years of experience in corporate planning, corporate performance management, and research, with strong expertise in higher education financing strategy and data-driven decision-making. In his role, Dr. Ngali oversees implementation of funding policies and strategic frameworks that support fair and impactful resource allocation to Kenyan universities while advancing accountability, institutional performance, and alignment of higher education financing with national development priorities. He has held leadership roles at the Higher Education Loans Board, overseeing corporate strategy formulation and implementation, performance contracting, research, quality management systems, and enterprise risk management. He began his career in the banking sector, excelling in credit management, banking compliance and enforcement, and monitoring financial performance. He has also contributed to national initiatives in higher education financing reform, institutional performance improvement, and strategic operations management. Dr. Ngali holds a Doctor of Philosophy (PhD) in Business Administration. He has also completed senior leadership, policy implementation, and strategic management programmes at recognized regional and national leadership training institutions. Dr. Ngali is a Certified Fraud Examiner (CFE) and a member of the Association of Certified Fraud Examiners. Beyond his professional roles, he an accomplished scholar and academic researcher, with extensive publications in international peer-reviewed journals. Ms Elizabeth Nzioki is the Personal Assistant to the Chief Executive Officer at the Universities Fund. In her role, she provides high-level executive support and coordinates the operations of the CEO s office, including managing executive schedules, facilitating stakeholder engagement, and supporting the implementation of strategic priorities. She also serves as the Quality Management Systems (QMS) Management Representative, supporting the implementation and maintenance of ISO 9001:2015 standards within the Fund. She brings over a decade of experience in executive support, administration, and quality management, with expertise in strategic planning, budget coordination, stakeholder engagement, compliance, and process improvement. She has supported senior leadership in implementing institutional priorities, coordinating Board and management activities, preparing high-level documentation, and enhancing operational efficiency. Ms. Nzioki holds a Master of Business Administration (MBA) in Strategic Management from the Catholic University of Eastern Africa and a Bachelor of Arts in Communication (Public Relations). She also holds a Diploma in Human Resource Management. She has completed the Strategic Leadership Development Programme (SLDP) at the Kenya School of Government and undertaken professional training in quality management systems, governance, risk management, and project management. Ms. Nzioki is a Certified Chartered Personal Executive Assistant (CPEA), a full member of the Public Relations Society of Kenya (PRSK), and a member of the Kenya Association of Fundraising Professionals (KAFP). Ms. Immaculate Kabura Njoroge is the Head of Corporate Communications at the Universities Fund, where she leads strategic communications, digital engagement, and stakeholder relations in support of the Fund s mandate to expand access to higher education financing. She has over ten years of experience in corporate communications, public relations, digital media strategy, and stakeholder engagement, working across the public, financial, and development sectors. Ms. Immaculate has been instrumental in driving national awareness and public understanding of the Student Centered Funding Model, strengthening the Fund s media presence, and enhancing digital platforms to improve access to stakeholders. She has led high impact media campaigns, managed national level stakeholder engagements, and overseen the production of newsletters, publications, and online content that support transparency, accountability, and public trust. Previously, Immaculate has worked in the banking sector, where she handled communications and supported customer engagement within a fast-paced financial services environment. She has also held roles supporting multi sectoral programmes, reporting, and institutional communications, giving her a strong grounding in both corporate and development communication. She holds a master s degree in communication studies (Public Relations) from the University of Nairobi. She has additional professional certifications in digital marketing, social media design, strategic leadership, event planning, crisis communication, and knowledge management. Ms. Immaculate is a full member of the Public Relations Society of Kenya (PRSK). Beyond her professional work, she has played a key role in advancing institutional branding, sustainability initiatives, and stakeholder engagement programmes, including leading environmental awareness and tree planting campaigns and supporting regional knowledge exchange and partnerships within the higher education financing sector. CS Jacqueline Wangari Murigi is the Head of Legal Services and Corporation Secretary at the Universities Fund, where she provides strategic legal leadership, strengthens governance and compliance systems, and supports the implementation of sustainable frameworks. She brings over 11 years of experience in legal practice with a strong background in governance, public policy, regulatory compliance, and institutional advisory. Previously, CS Wangari Murigi served at the County Government of Kiambu, as the Director Legal Services where she supported and coordinated legal and administrative functions within the Office of the County Secretary supporting the County Executive Committee. While at the County Government, she also performed the role of advising boards on corporate governance, statutory compliance, board procedures, and regulatory obligations across the county-owned water service providers CS Wangari Murigi holds a Master s Degree in Public Policy and Administration from Kenyatta University and a Bachelor of Laws (LL. B) from the Catholic University of Eastern Africa. She is an Advocate of the High Court of Kenya and a Certified Secretary. She has also undertaken professional development training in corporate governance, public sector compliance, and board advisory practice. CS Wangari is a member of the Law Society of Kenya (LSK) and Institute of Certified Secretaries (ICS). CPA Everlyne Goro is the head of Internal Audit at the Universities Fund, where she oversees internal audit and risk assurance functions, strengthening governance, accountability, and the effective use of public funds in higher education financing. She brings over 10 years of experience in internal audit, risk management, and financial assurance, with a strong background in governance, compliance, and public sector accountability. Previously, CPA Goro has held roles at Mbaya & Associates, where she was responsible for conducting internal and external audits, risk assessments, and advisory engagements across public and private sector institutions. She has also contributed to strengthening internal control systems and audit practices within public sector and donor-funded programmes. CPA Goro holds an MSC. in Finance and Accounting from KCA University, as well as Bachelor of Economics from Kenyatta University and is a Certified Public Accountant of Kenya (CPA-K). completed the Strategic Leadership Development programme (SLDP) at Kenya School of Government. She is a member of Institute of Internal Auditors Kenya (IIAK) and Institute of Certified Public Accountants of Kenya (ICPAK). Beyond her professional role, Goro serves as Treasurer of ActionAid International Kenya (AAIK), where she contributes to financial oversight, governance, and accountability in advancing social justice, gender equality, and sustainable development initiatives CHRP Veronicah Kajira Kirugi is the Acting head of Human Resource and Administration at the Fund, where she provides strategic leadership and oversight of human resource and administrative functions. She brings over thirteen (13) years of progressive experience in human resource management and administration, with demonstrated expertise in leadership, organizational development, employee relations, HR policy formulation, and regulatory compliance. CHRP Veronicah has held progressive HR roles across the FMCG, roofing, and manufacturing sectors, providing strategic oversight of end-to-end HR and administrative functions. At the Fund, she has repositioned HR as a strategic partner by leading organizational restructuring, strengthening governance and control frameworks, and implementing robust HR policies, performance, reward, and employee wellbeing systems-driving improved operational efficiency and embedding a culture of quality service delivery, and continuous improvement. CHRP Veronicah holds a Master of Business Administration (Human Resource Management) from KCA University and a Bachelor of Business Management from Moi University. She is a Certified Human Resource Professional (CHRP-K) and a Certified Human Resource Auditor (CHRA), and has undertaken certification in Senior Leadership Development Programme (SLDP), labour laws compliance, performance management, HR metrics and analytics, knowledge management, risk management, and quality management systems. CHRP Veronicah is a registered and practicing member of the Institute of Human Resource Management (IHRM) and actively serves in several institutional committees, including the Human Resource Management Advisory Committee (HRMAC), Productivity Mainstreaming Committee, Health and Safety Committee, Assets and Liability Management Committee, among others contributing to sound governance and strategic decision-making. Ms. Madina Jarso is the Principal Records Management Officer and is also the Acting Head of Corporate Strategy and Planning at the Universities Fund. In this dual role, she leads the implementation of records and data management frameworks while driving corporate planning initiatives that enhance institutional performance, regulatory compliance, and alignment with national higher education priorities. With over six years of progressive experience in records and information management, data governance, and organizational compliance, Ms. Jarso has built strong expertise in data quality assurance, ICT systems support, project planning, risk management, and business continuity. She has played a key role in strengthening data integrity, improving operational efficiency, and embedding governance structures that promote accountability and transparency. Her professional experience spans both the private and public sectors, where she has undertaken progressively responsible roles in records administration, ICT systems support, information security, and data processing. She holds a Bachelor of Information Science and a Diploma in Information Science from Kenya Methodist University and is currently pursuing a Master of Business Administration (MBA). She is also a graduate of the Senior Management Course (SMC). Ms. Jarso is a member of the Kenya Archivist and Records Managers Association (KARMA). Beyond her core duties, she serves on several institutional committees, including Budget Implementation, Risk Management, Health and Safety, Performance Management, Business Continuity, Corporate Social Responsibility among others. She also supports national initiatives such as the Inua Jamii Social Protection Program, contributing to public sector resilience and sustainable development. Mr. Titus Macharia Wangeci is the acting Head of Finance and Accounts. He provides strategic leadership in financial management, budgeting, controls, and reporting to ensure prudent stewardship of public resources and effective delivery of the Fund s mandate. He brings extensive experience in public sector finance, having built a distinguished career in strengthening financial systems, internal controls, and risk management frameworks within public institutions. His work has been instrumental in enhancing accountability, ensuring regulatory compliance, and supporting sound, evidence-based financial decision-making aligned with institutional objectives. He holds a Bachelor s degree in Commerce (Business Management   Finance) and a Higher Diploma in Human Resource Management. Additionally, he has completed Certification in Strategic Leadership Development and Corporate Governance from the Kenya School of Government, as well as training in Enterprise Risk Management. Beyond his core responsibilities, Mr. Macharia is committed to promoting sound financial governance and institutional sustainability, contributing to improved service delivery and accountability within the higher education financing sector. Mr. Samuel Nandasaba is the Acting Head of Information and Communication Technology (ICT) at the Universities Fund, where he provides strategic leadership in ICT, cybersecurity, and digital transformation, supporting the Fund s mandate through secure, innovative, and efficient technology solutions. He has over ten years of experience in information technology, cybersecurity, enterprise systems management, and ICT governance, with a strong background in digital transformation, infrastructure management, and information security. Previously, Nandasaba has held roles in the public sector where he led the implementation of ICT strategies, virtualization of enterprise environments, disaster recovery solutions, and business continuity initiatives. He has also contributed to the implementation of quality management systems that supported ISO 9001:2015 certification, while strengthening ICT infrastructure, enhancing cybersecurity, and improving operational efficiency across organisations. Nandasaba holds a Master of Science in Information Technology and a Bachelor of Science in Computer Science. He is a Certified Information Systems Security Professional (CISSP), Certified Information Systems Auditor (CISA), Certified Ethical Hacker (CEH), ITIL 4 Foundation certified, and a Cisco Certified Network Associate (CCNA). He has also completed the Strategic Leadership Development Programme (SLDP) at the Kenya School of Government. He is passionate about leveraging technology to improve service delivery and organisational performance. Beyond his professional role, Samuel has trained and mentored professionals in ICT systems and cybersecurity best practices and continues to champion innovation, digital resilience, ethical leadership, and continuous improvement in support of sustainable institutional growth and excellence in higher education financing.",en
https://www.universitiesfund.go.ke/scholarship-funding/,Scholarship & Funding - Universities Fund,"Public and Private universities in Kenya are allocated government grants based on the number of governments sponsored students and the program they are undertaking. In addition, universities have other sources of income that supplement government grants. This is in addition to other Sources of Income in public universities such as Government allocation, Recurrent Expenditure, Capital Expenditure, Tuition fees, Income generating activities and other incomes. To ensure equity, transparency and sustainability in apportioning funds, the Universities funding framework has been developed. It stipulates the condition for institutional and student eligibility for funding. For implementation purposes, the framework is presented in a funding model that uses measurable and objective parameters. The framework is applicable to accredited universities and/or recognized by CUE and students placed by KUCCPS and/or admitted in those universities.",en
https://www.universitiesfund.go.ke/new-higher-education-funding-model/,New Higher Education Funding Model - Universities Fund,"The Student-Centred Funding Model (SCFM) was unveiled by President William Ruto on May 3, 2023, to address challenges facing public universities and Technical and Vocational Education and Training (TVET) institutions due to increased enrolment and inadequate funding. The funding framework phased out the Differentiated Unit Cost (DUC) system, shifting from institution-based funding to a student-focused approach, in which funding for undergraduate education is provided through Government scholarships and loans, as well as household contributions. The model delinks university placement from funding, which is determined through a Means Testing Instrument (MTI) to assess the level of financial need. The Universities Fund will offer scholarships to students ranging from 30% to 70% based on their level of need. Any remaining deficit will be covered through household contributions and loans. Students interested in receiving scholarships must formally apply through the Higher Education Financing (HEF) portal, accessible at www.hef.co.ke. The Means Testing Instrument (MTI) tool will be utilised to assess the level of need for funding students who apply for scholarships. The Student-Centred Funding Model is being implemented by various Government agencies including, the Universities Fund (UF), Higher Education Loans Board (HELB), Kenya Universities and Colleges Central Placement Service (KUCCPS) and the State Department for Technical and Vocational Education and Training. The Universities Fund provides scholarships to university students, HELB offers loans, KUCCPS places KCSE graduates to higher learning institutions, while the State Department for Technical and Vocational Education and Training provides scholarships to students placed in TVET institutions. The Universities Fund offers partial scholarships to cover tuition costs for students enrolled in public universities based on the student s financial need. Any deficit is catered for through government loans provided by HELB and household contributions from parents or guardians. Students interested in scholarships must formally apply through the Higher Education Financing (HEF) portal accessible at www.hef.co.ke . Since the introduction of the model in 2023, more than 400,000 students have benefited from the scholarship, with the first cohort expected to graduate in 2027. The funds are disbursed directly to public universities to cover students  tuition fees. Eligible students can apply for Government scholarships through the Higher Education Financing (HEF) Portal at www.hef.co.ke . The portal can also be accessed through the Universities Fund website. Continuing students can submit their applications using * USSD 642# through the mobile phone number registered on the HEF Portal. Before starting your application, ensure you have the following:",en
https://www.universitiesfund.go.ke/differentiated-unit-cost-model/,Differentiated Unit Cost model - Universities Fund,"The Universities Fund Grants Management Department (GMD) is responsible for apportioning funds to universities in Kenya. This is done as per an established criterion that ensures equality, fairness, transparency and sustainability in the university sector. Currently, the Fund uses the Differentiated Unit Criterion (DUC) to apportion funds to universities. The criterion allocated funds based on the student numbers and the courses the respective students are undertaking. The department is headed by an Assistant Director who works closely with the principal and senior grants management officers. The department has been apportioning funds to universities since the inception of the Fund. The disbursement for the various financial years is as summarized below. Financial Year Number of Students Approved Budget % DUC Allocation 2018/2019 233,218 38,145,164,999.49 66.4% 2019/2020 241,015 41,180,214,789.00 60.7% 2020/2021 271,446 41,907,420,216.50 53.77% 2021/2022 324,182 43,843,955,003.27 49.51% 2022/2023 356,188 44,023,955,000.00 48.11% Financial Year Number of Students Approved Budget % DUC Allocation 2017/2018 18,587 1,565,342,106.10 44.86% 2018/2019 29,729 1,976,774,037.73 34.16% 2019/2020 43,676 2,500,000,000.00 28.79% 2020/2021 61,541 2,729,791,604.00 22.55% 2021/2022 78,650 3,374,791,604.00 21.34%",en
https://www.universitiesfund.go.ke/government-funding-eligibility/,Government Funding Eligibility - Universities Fund,Univeristies Eligible All universities accredited by the Commission for University Education (CUE) are eligible for government funding. Universities with letters of interim authority are also eligible for funding. The universities that benefit from this funding must offer training and research programmes approved by CUE and aligned with the national priority areas expressed by government policy from time to time.,en
https://www.universitiesfund.go.ke/universities-data/,Universities Data - Universities Fund,"Graph 1 shows distribution of student numbers in Medicine since the Financial Year (FY) 2018/2019 to FY 2022/2023. S/NO CLUSTER FY 2018/2019 FY 2019/2020 FY 2020/2021 FY 2021/2022 FY 2022/2023 1 I 1,499 1,499 2,190 2,665 2,724 Graph 2 shows distribution of student numbers in Dentistry since the Financial Year (FY) 2018/2019 to FY 2022/2023. S/NO CLUSTER FY 2018/2019 FY 2019/2020 FY 2020/2021 FY 2021/2022 FY 2022/2023 2 II 296 296 390 213 86 Graph 3 shows distribution of student numbers in Veterinary Medicine since the Financial Year (FY) 2018/2019 to FY 2022/2023. S/NO CLUSTER FY 2018/2019 FY 2019/2020 FY 2020/2021 FY 2021/2022 FY 2022/2023 3 III 483 483 608 114 550 Graph 4 shows distribution of student numbers in Pharmacy since the Financial Year (FY) 2018/2019 to FY 2022/2023. S/NO CLUSTER FY 2018/2019 FY 2019/2020 FY 2020/2021 FY 2021/2022 FY 2022/2023 4 IV 584 584 752 413 531 Graph 5 shows distribution of student numbers in Architectural Studies since the Financial Year (FY) 2018/2019 to FY 2022/2023. S/NO CLUSTER FY 2018/2019 FY 2019/2020 FY 2020/2021 FY 2021/2022 FY 2022/2023 5 V 723 723 2,380 989 1,283 Graph 6 shows distribution of student numbers in Engineering and Surveying since the Financial Year (FY) 2018/2019 to FY 2022/2023. S/NO CLUSTER FY 2018/2019 FY 2019/2020 FY 2020/2021 FY 2021/2022 FY 2022/2023 6 VI 9,436 9,836 23,869 20,281 22,580 Graph 7 shows distribution of student numbers in Build Environment and Design since the Financial Year (FY) 2018/2019 to FY 2022/2023. They include courses in Construction, Real Estate, Urban and Regional Planning, Landscape Architecture and Design. S/NO CLUSTER FY 2018/2019 FY 2019/2020 FY 2020/2021 FY 2021/2022 FY 2022/2023 7 VII 2,457 2,457 26,390 4,303 4,010 Graph 8 shows distribution of student numbers in Natural Sciences since the Financial Year (FY) 2018/2019 to FY 2022/2023. They include courses in Agriculture, Health Sciences, Food Sciences, Natural Resource Management and the Natural Environment, Food Science and Technology, Medical Laboratory Science and Technology, Animal Science, Nursing, Clinical Medicine (BSc.), Radiography, Foods and Nutrition, Medical Psychology, Physical therapy, Public Health, Environmental Health, Community Health and Development, Wildlife Science and Management, Agribusiness Management. S/NO CLUSTER FY 2018/2019 FY 2019/2020 FY 2020/2021 FY 2021/2022 FY 2022/2023 8 VIII 21,727 21,675 29,327 32,381 22,434 Graph 9 shows distribution of student numbers in Applied Sciences and Education since the Financial Year (FY) 2018/2019 to FY 2022/2023. They include courses in - Education (Science,Technology & Special Needs), Biochemistry, Biotechnology, Biomedical Sciences, Applied Microbiology and Molecular Biology, Applied and Technical Physics, Applied and Technical Chemistry, Applied and Technical Biology, Statistics, Actuarial Science, Financial Engineering and Environmental Science. S/NO CLUSTER FY 2018/2019 FY 2019/2020 FY 2020/2021 FY 2021/2022 FY 2022/2023 9 IX 50,505 50,501 33,501 75,814 76,222 Graph 10 shows distribution of student numbers in Basic Sciences since the Financial Year (FY) 2018/2019 to FY 2022/2023. They include courses in Bachelor of Science in Mathematics, Physics, Chemistry, Biology and Geography. S/NO CLUSTER FY 2018/2019 FY 2019/2020 FY 2020/2021 FY 2021/2022 FY 2022/2023 10 X 14,509 14,276 19,567 17,186 21,663 Graph 11 shows distribution of student numbers in Applied Sciences and Arts since the Financial Year (FY) 2018/2019 to FY 2022/2023. They include courses in Hospitality, Media and Communication Studies, Library and Information Studies, Business Information Technology, Sport Science and Management, Fashion Design, Interior Design, Music (B.Mus.), Civil Aviation Management, Maritime Management, Agribusiness Management, Theatre and Film Studies, Fine Art, Food Service and Management. S/NO CLUSTER FY 2018/2019 FY 2019/2020 FY 2020/2021 FY 2021/2022 FY 2022/2023 11 XI 30,273 29,631 24,772 28,069 35,991 Graph 12 shows distribution of student numbers in Business, Law and Education (Arts) since the Financial Year (FY) 2018/2019 to FY 2022/2023. The include courses in Business, Law, Education (Arts) and Economics. S/NO CLUSTER FY 2018/2019 FY 2019/2020 FY 2020/2021 FY 2021/2022 FY 2022/2023 12 XII 74,218 79,088 43,374 109,243 122,339 Graph 13 shows distribution of student numbers in Applied Humanities and Social Sciences since the Financial Year (FY) 2018/2019 to FY 2022/2023. They include courses in Geography (B.A.), Public Administration, Psychology, Peace and Security Studies, Disaster Management, Anthropology, Languages, Language and Communication, International Relations and Diplomacy, social work and Development Studies. S/NO CLUSTER FY 2018/2019 FY 2019/2020 FY 2020/2021 FY 2021/2022 FY 2022/2023 13 XIII 17,123 16,866 39,478 27,080 24,563 Graph 14 shows distribution of student numbers in Basic Humanities and Social Sciences since the Financial Year (FY) 2018/2019 to FY 2022/2023. They include courses in History, Philosophy, Religion, Sociology, Literature, Political Science and Linguistics. S/NO CLUSTER FY 2018/2019 FY 2019/2020 FY 2020/2021 FY 2021/2022 FY 2022/2023 14 XIV 9,385 9,096 24,848 5,431 21,212 Graph 15 shows the gender distribution in all public universities in the Financial Year (FY) 2018/2019. INSTITUTIONS FEMALE MALE Alupe University College 107 139 Boment University College 200 388 Chuka University 4126 6128 Co-operative University of Kenya 1299 1229 Dedan Kimathi University of Technology 1766 3497 Egerton University 5700 8398 Garissa University 149 392 Jaramogi Oginga Odinga University of Science and Technology 2350 4307 Jomo Kenyatta University of Agriculture and Technology 7370 9887 Kaimosi Friends University College 673 912 Karatina University 2469 3165 Kibabii University 1562 2570 Kirinyaga University 1262 2081 Kisii University 2927 7617 Laikipia University 2514 3077 Maasai Mara University 3676 4356 Machakos University 2993 4910 Maseno University 5158 7025 Masinde Muliro University of Science and Technology 4531 9133 Meru University of Science and Technology 1491 2802 Moi University 11344 12892 Murang'a University 1325 2591 Pwani University 2525 3602 Rongo University 1751 2331 South-Eastern Kenya University 2414 3912 Taita Taveta University 831 1846 Technical University of Kenya 2982 8232 Technical University of Mombasa 1776 4838 Tharaka University College 22 43 Tom Mboya University College 417 653 Turkana University College 55 71 University of Eldoret 4669 5698 University of Embu 1776 2835 University of Kabianga 2786 3264 University of Nairobi 9912 14940 Graph 16 shows the gender distribution in all public universities in the Financial Year (FY) 2019/2020. INSTITUTIONS FEMALE MALE Alupe University College 177 234 Bomet University College 300 322 Chuka University 4387 7104 Co-operative University of Kenya 1405 1511 Dedan Kimathi University of Technology 2075 4187 Egerton University 6642 9572 Garissa University 216 491 Jaramogi Oginga Odinga University of Science and Technology 1895 3681 Jomo Kenyatta University of Agriculture and Technology 8334 10424 Kaimosi Friends University College 809 1052 Karatina University 2398 3150 Kibabii University 1509 2576 Kirinyaga University 1593 4021 Kisii University 3508 5837 Koitalel Samoei University College 28 34 Laikipia University 2349 2655 Maasai Mara University 3457 3934 Machakos University 2564 4016 Maseno University 5570 7943 Masinde Muliro University of Science and Technology 4779 7895 Meru University of Science and Technology 1674 3259 Moi University 8957 14323 Murang'a University 1430 3633 Pwani University 2509 3764 Rongo University 1602 3952 South Eastern Kenya University 2307 3831 Taita Taveta University 837 1922 Technical University of Kenya 2792 7361 Technical University of Mombasa 2041 5888 Tharaka University College 112 189 Tom Mboya University College 607 1057 Turkana University College 93 137 University of Eldoret 4242 5180 University of Embu 2138 3385 University of Kabianga 2299 2672 University of Nairobi 11105 16077 Graph 17 shows the gender distribution in all public universities in the Financial Year (FY) 2021/2022. INSTITUTIONS FEMALE MALE Alupe University College 117 235 Bomet University College 216 402 Chuka University 4387 7104 Co-operative University of Kenya 1406 1511 Dedan Kimathi University of Technology 2075 4182 Egerton University 6643 9572 Garissa University 217 487 Jaramogi Oginga Odinga University of Science and Technology 2996 4129 Jomo Kenyatta University of Agriculture and Technology 8334 10425 Kaimosi Friends University College 809 1052 Karatina University 810 1052 Kibabii University 1509 2577 Kirinyaga University 1593 3124 Kisii University 3510 5837 Koitalel Samoei University College 28 25 Laikipia University 2350 2655 Maasai Mara University 3457 3934 Machakos University 2565 4016 Maseno University 5571 7925 Masinde Muliro University of Science and Technology 4779 7892 Meru University of Science and Technology 1675 3259 Moi University 8958 9840 Murang'a University 1754 3469 Pwani University 1431 4622 Rongo University 2510 3764 South Eastern Kenya University 1603 2410 Taita Taveta University 2308 3831 Technical University of Kenya 838 1921 Technical University of Mombasa 2793 7361 Tharaka University College 2041 5889 Tom Mboya University College 112 190 Turkana University College 608 1058 University of Eldoret 61 110 University of Embu 4243 5180 University of Kabianga 2139 3386 UON 11105 16076 Graph 18 shows the gender distribution in all public universities in the Financial Year (FY) 2022/2023. INSTITUTIONS FEMALE MALE Alupe University College 334 451 Bomet University College 953 825 Chuka University 6116 9821 Co-operative University of Kenya 2001 4495 Dedan Kimathi University of Technology 2503 5497 Egerton University 7351 10409 Garissa University 473 954 Jaramogi Oginga Odinga University of Science and Technology 2679 4921 Jomo Kenyatta University of Agriculture and Technology 13996 10717 Kaimosi Friends University College 1218 1555 Karatina University 2564 3439 Kibabii University 1865 2975 Kirinyaga University 3114 6822 Kisii University 4218 11908 Koitalel Samoei University College 357 266 Laikipia University 2454 2899 Maasai Mara University 4327 3691 Machakos University 3426 5432 Maseno University 8060 11070 Masinde Muliro University of Science and Technology 4844 7744 Meru University of Science and Technology 2769 5511 Moi University 7276 15428 Murang'a University 2328 5289 Pwani University 3213 4639 Rongo University 2163 3282 South Eastern Kenya University 2855 5043 Taita Taveta University 768 1957 Technical University of Kenya 3218 7571 Technical University of Mombasa 2783 7857 Tharaka University College 977 1510 Tom Mboya University College 1448 2407 Turkana University College 222 263 University of Eldoret 4263 5619 University of Embu 522 682 University of Kabianga 799 1114 University of Nairobi 10743 15873 The Government of Kenya (GoK) through the UF uses the Differentiated Unit Cost (DUC) criterion to apportion funds to universities in Kenya. The criterion promotes equity, equality and fairness in distribution of funds. The GoK is mandated to support universities to a tune of 80% of the unit cost. However, due to lack of sufficient funds, the allocation has been at 60% and gradually going lower to about 48% in 2022. Graph 19 shows the percentage of DUC allocated to all public universities since the Financial Year (FY) 2018/2019 to FY 2022/2023. S/NO FINANCIAL YEAR % DUC 1 FY 2018/2019 66.40 2 FY 2019/2020 60.70 3 FY 2020/2021 53.77 4 FY 2021/2022 49.51 5 FY 2022/2023 48.11 Graph 20 shows the total amount allocated to all public universities since the Financial Year (FY) 2018/2019 to FY 2022/2023. The amount ranges from 38 billion in FY 2018/2019 to 44 billion in FY 2022/2023 and is represented using the bar graph. The line graph shows the number of students in all public universities since the Financial Year (FY) 2018/2019 to FY 2022/2023. S/NO FINANCIAL YEAR STUDENT NUMBERS 1 FY 2018/2019 233,218 2 FY 2019/2020 237,011 3 FY 2020/2021 271,446 4 FY 2021/2022 324,182 5 FY 2022/2023 356,188 S/NO FINANCIAL YEAR ANNUAL ALLOCATION 1 FY 2018/2019 38,145,164,999.49 2 FY 2019/2020 41,180,214,789.00 3 FY 2020/2021 41,907,420,216.50 4 FY 2021/2022 43,843,955,004.00 5 FY 2022/2023 44,023,955,000.00 Graph 21 shows how the relationship between the student numbers over the years and the DUC percentage. It is worth noting that as student numbers increased, the DUC funding reduced. S/NO FINANCIAL YEAR STUDENT NUMBERS 1 FY 2018/2019 233,218 2 FY 2019/2020 237,011 3 FY 2020/2021 271,446 4 FY 2021/2022 324,182 5 FY 2022/2023 356,188 S/NO FINANCIAL YEAR % DUC 1 FY 2018/2019 66.40 2 FY 2019/2020 60.70 3 FY 2020/2021 53.77 4 FY 2021/2022 49.51 5 FY 2022/2023 48.11 Graph 22 shows how the annual allocations to universities compare in relation to the country s Gross Domestic Product (GDP) and annual national budget. The GDP and Annual budget are read from the vertical axis on the left and the Annual Allocation is read from the vertical axis on the right. FINANCIAL YEAR ANNUAL ALLOCATION GROSS DOMESTIC PRODUCT ANNUAL BUDGET FY 2017/2018 33,313,405,680.49 8,483,396,000,000 2,290,000,000,000 FY 2018/2019 38,145,164,999.49 9,340,307,000,000 2,530,000,000,000 FY 2019/2020 41,180,214,789.00 10,255,654,000,000 3,080,000,000,000 FY 2020/2021 41,907,420,216.50 10,752,992,000,000 2,910,000,000,000 FY 2021/2022 43,843,955,004.00 11,000,000,000,000 3,000,000,000,000 Graph 23 shows how the funds were allocated in different financial years from 2018/2019 to 2022/2021. The DUC Allocation was allocated using the DUC criterion and the Earmarked Funds include the CBA Allocations, Doctor s allowances and constituent colleges intervention. S/NO FINANCIAL YEAR DUC ALLOCATION EARMARKED FUNDS 1 FY 2018/2019 86.14 13.86 2 FY 2019/2020 82.97 17.03 3 FY 2020/2021 76.84 23.16 4 FY 2021/2022 85.40 14.60 5 FY 2022/2023 78.56 21.44 Graph 24 shows the amount allocated to all public universities since the Financial Year (FY) 2018/2019 to FY 2022/2023. S/NO UNIVERSITY FY 2018/2019 FY 2019/2020 FY 2020/2021 FY 2021/2022 FY 2022/2023 1 AUC 144,776,390.82 149,660,400.32 177,970,337 182,566,737.92 287,886,087.66 2 BUC 120,800,000.00 307,033,543.97 308,758,938 311,889,606.19 323,125,920.76 3 CU 1,256,797,658.82 1,281,146,160.47 1,296,781,072 1,328,401,013.08 1,604,166,067.99 4 COPUK 215,471,847.78 239,214,109.77 265,475,235 281,903,409.94 463,984,223.78 5 DeKUT 703,174,517.57 875,795,325.17 892,580,404 922,317,148.90 1,043,846,394.24 6 EU 1,608,841,366.31 2,080,549,505.89 2,102,130,424 2,219,247,427.60 2,285,964,526.97 7 GU 237,964,119.29 406,965,646.27 408,749,808 417,371,563.99 310,293,526.72 8 JOOUST 966,180,844.17 984,144,967.48 985,692,712 1,027,756,804.43 914,203,480.55 9 JKUAT 2,703,875,495.51 2,814,542,455.40 2,835,105,762 2,996,814,921.49 3,301,612,337.76 10 KAFUCO 165,297,565.17 443,347,194.43 444,697,236 454,492,173.59 433,829,430.40 11 KARU 688,833,817.24 721,662,960.62 723,103,122 747,528,189.43 649,801,154.11 12 KU 3,011,419,606.66 3,059,906,838.66 3,160,138,763 3,360,804,178.63 3,366,979,243.23 13 KBBU 599,022,086.84 610,356,329.53 627,051,890 649,559,654.28 525,110,997.56 14 KYU 301,330,481.87 326,820,003.00 346,583,103 358,634,303.35 1,084,472,383.46 15 KSU 1,069,507,151.31 1,088,476,357.36 1,116,396,462 1,179,036,779.28 1,678,997,487.16 16 KSUC 120,800,000.00 95,000,000.00 102,807,584 104,230,444.32 223,577,465.24 17 LU 847,320,880.50 863,236,997.77 865,232,784 891,037,776.35 583,447,590.42 18 MMARAU 993,536,731.98 1,012,848,349.13 1,014,423,158 1,051,022,922.43 823,287,341.50 19 MCKU 938,972,622.98 957,026,139.73 967,726,469 995,444,566.13 957,871,239.56 20 MNUC 120,800,000.00 135,501,503.07 144,859,672 144,640,294.38 194,339,974.88 21 MSU 1,572,630,797.83 1,600,312,962.31 1,622,927,264 1,698,155,257.21 1,995,297,434.42 22 MMUST 1,648,785,364.57 1,679,290,278.13 1,695,388,307 1,755,534,211.41 1,475,369,227.62 23 MUST 672,276,070.47 685,064,868.14 693,973,573 715,844,544.64 948,469,572.05 24 MU 3,173,815,843.42 3,224,704,567.86 3,244,028,579 3,424,222,563.39 2,955,850,762.63 25 MMU 415,947,876.55 576,176,129.69 591,962,384 617,024,827.44 711,492,763.35 26 MUT 433,056,351.33 471,064,051.01 498,747,060 513,557,561.92 823,883,081.05 27 PU 691,549,189.96 724,248,198.65 749,450,106 780,899,331.35 813,155,643.03 28 RNU 515,244,186.80 540,629,870.22 551,928,658 576,353,490.01 595,137,645.40 29 SEKU 744,377,559.38 908,373,853.41 911,120,641 936,512,681.92 882,511,326.22 30 TTU 354,376,306.25 391,027,810.08 392,306,046 404,458,305.58 321,215,969.55 31 TUK 1,760,753,015.24 1,858,525,826.34 1,886,456,713 1,980,748,429.69 1,677,683,125.11 32 TUM 891,158,905.11 906,899,795.44 924,040,048 958,413,181.77 1,346,517,833.31 33 THRKUC 20,000,000.00 276,947,985.14 279,085,239 283,363,099.11 399,642,164.87 34 TMUC 180,386,705.51 381,990,108.28 383,346,825 387,544,401.64 540,417,326.39 35 TUC 120,800,000.00 183,426,058.24 191,134,117 195,974,416.13 217,404,519.30 36 UOE 1,855,079,061.75 1,890,125,108.66 1,891,495,354 1,965,428,463.73 1,212,967,831.37 37 UOEM 508,547,301.99 580,185,658.19 600,229,304 626,179,421.53 855,334,993.34 38 UOK 743,510,253.94 756,515,942.75 781,730,052 811,015,006.67 814,281,022.89 39 UON 5,028,147,024.56 5,091,470,928.43 5,231,805,014 5,588,025,893.18 4,380,525,884.13",en
https://www.universitiesfund.go.ke/parameters-used-in-the-funding-model/,Parameters used in the Funding Model - Universities Fund,"1. Staff cost, student-staff ratio; 2. Student numbers; 3. Cost of infrastructure and operations; 4. Student load types and; 5. Levels of programmes. 1. Post graduate-research; 2. National priority; 3. Institutional factor - age of university ; 4. Special needs education.",en
https://www.universitiesfund.go.ke/initiatives/,Initiatives - Universities Fund,The current key resource mobilisation focus of the Universities Fund: Funding for Students with Disability Funding for Girls in STEM Funding for Master s Scholars Funding for PhD Scholars,en
https://www.universitiesfund.go.ke/mandate/,Mandate - Universities Fund,"The Resource Mobilisation and Partnership department is responsible for seeking funding from national, regional, and global sources. It collaborates with funding partners to invest in promoting accountability, equity, equality, and transparency, thereby fostering trust in partnerships. The department pools knowledge and expertise to stimulate ideas and create a sustainable university system. The UF Resource Mobilisation and Partnership Department s function is anchored in sections 54(4) (f) and 54(5) of the Universities Act, 2012, which requires the University Fund to mobilise and receive funds for its purposes from the government, donors, and any other sources.",en
https://www.universitiesfund.go.ke/partners/,Partners - Universities Fund,"The Universities Act mandates that any funds originating from Parliament, donations, gifts, grants, endowments, or any other source should be deposited into the Fund, as illustrated in the figure. The following monies shall be paid into the Fund These shall be paid out of the Fund",en
https://www.universitiesfund.go.ke/blog/frequently-asked-questions/,Frequently Asked Questions - Universities Fund,"Frequently Asked Questions (Downloadable) 1 file(s) 8.00 KB Download The Universities Fund was established under Section 53 of the Universities Act 2012 to finance university education in Kenya. The Fund is managed by the Universities Fund Board, which has been operational since 2016. Under the Student-Centred Funding Model (SCFM), the Universities Fund is mandated to: The Fund also advises the Government on sustainable, equitable, accountable, and efficient financing of university education in Kenya. Yes, Universities Fund administers Government Scholarships for eligible university students under the Student-Centred Funding Model. The scholarship is determined based on the student s assessed financial need and is paid to the university on behalf of the student. Universities Fund scholarships are partial Government Scholarships awarded based on assessed financial need. They do not ordinarily cover 100% of the cost of university education. The balance is met through HELB loans and household contribution. The tuition deficit is met through government loans provided by the Higher Education Loans Board (HELB) and household contributions from parents or guardians. Universities Fund scholarships benefit eligible Government-placed Kenyan students in public universities who apply through the HEF Portal and are assessed for funding under the Student-Centred Funding Model. Yes. The scholarships are genuine, and over 400,000 Kenyan students have already benefited since the Student-Centered Funding Model was introduced in 2023. Applicants must be Kenyan citizens who: No. Universities Fund scholarships are only available to students who are placed and admitted to public universities in Kenya. No. Students are not required to repay the Universities Fund scholarship. The scholarship is a form of Government support aimed at promoting access, equity, and inclusivity in higher education, especially for students who require financial assistance. The Government scholarship is utilised as tuition support. It is awarded to the student but disbursed to the university on behalf of the student to offset part of the programme cost. Yes, a student may receive a Universities Fund scholarship together with other financial assistance such as a HELB loan, bursary, sponsorship, or household contribution. However, the student should disclose relevant funding information where required, and the combined support should be used to meet education-related costs. Yes. Recipients must complete their studies within the approved programme duration and provide accurate information during the application process. Any costs resulting from extended study periods will not be covered. First-time applications are made online through the Higher Education Financing (HEF) Portal   www.hef.co.ke . You can still access the Portal via our website, www.universitiesfund.go.ke . Continuing students can apply by dialling *642# on their mobile phones, using the numbers registered on the HEF Portal. The HEF Portal opens at the start of each academic cycle and after KUCCPS completes placement of students. Students are advised to keep checking No guarantors are needed.our official digital/social media channels for updates. Eligible and interested students should: Household contribution is determined based on a student s financial need assessment. If a student applies for both scholarship and loan, the household contribution is determined within the approved minimum and maximum limits. If the student applies for only one product, the balance after the awarded amount is met by the household. Universities Fund ensures fair scholarship allocation by requiring official applications, assessing students based on financial need, and allowing students to request a review where they believe the allocation is inaccurate. No guarantors are required for a scholarship application. Scholarship applications are made once per academic year. If you have already been awarded funding, disbursements will be processed directly to your university. You are only required to pay your household contribution. No. Scholarships for TVET students are administered by the State Department of TVET. A student who needs maximum government financial assistance should apply for both a scholarship and loan. The scholarship is not repaid, whereas the HELB loan is repayable after studies, in accordance with HELB terms. Yes. Students who did not apply for a scholarship in their first year can apply during subsequent application cycles. However, the scholarship will only cover funding from the time of application and will not cater for any previous fee balances. If you are unsatisfied with your scholarship allocation, you can appeal or request a review of your Universities Fund scholarship award. This also applies to unsuccessful scholarship applications. Appeals are made through the Higher Education Financing Portal once the appeal window is officially opened. You will need to log in to the portal, submit your appeal, and provide any supporting information required for review.",en
https://www.universitiesfund.go.ke/gallery/,Gallery - Universities Fund,"The Customer Service Week s slogan was  Above and Beyond  as we celebrate our stakeholders and clients supporting our mission and vision. We visited Naromoru Girls High School for their career and tree planting day. We planted 3000 trees and educated the students about the New Funding Model and how to apply for scholarships. We visited the Centre for Mathematics, Science and Technology Education in Africa (CEMASTEA) in Karen on October 10 th , 2024, Mazingira day to participate in tree planting activity. The 3rd Forum for the Alliance of Entrepreneurial Universities in Africa, hosted by Dedan Kimathi University of Technology (DEKUT) in Nyeri, Kenya. The forum aimed to strengthen entrepreneurial capacity across African universities and catalyse sustainable economic development through partnerships, innovation, and applied research. The Universities Fund (UF) CEO, Geoffrey Monari, welcomed the journalists to Naivasha. He reiterated the importance of the event in ensuring that every Kenyan understands the New Funding Model (NFM)through the lens of the media. This high impact event brought together vice-chancellors, experts, and stakeholders from public universities to explore the transformative potential of Artificial Intelligence (AI) in enhancing financial management within Kenyan universities. The Universities Fund (UF), in collaboration with the Kenya Forest Service (KFS) and Trees for Kenya, conducted a successful tree planting exercise as part of the national effort to combat climate change, enhance forest cover, and promote sustainable environmental practices. A total of 5,000 tree seedlings were planted during the exercise. The Joint Universities Fund and KUCCPS Meru ASK Show was held with the primary objective of fostering collaboration and progress within the Higher Education sector. This forum served as a platform for engaging stakeholders, including parents and students, to discuss scholarship eligibility and the application process. We participated in the ASK show in partnership with our stakeholders, The Kenya Universities and Colleges Central Placement Services (KUCCPS). The activities that took place included elaborating more on the students centered financing model, scholarship application and the placement of students in universities. We discussed the myriad benefits of NFM, underscoring its potential to enhance equality, increase access to higher education, and foster sustainability within universities and colleges. Universities Fund held a staff teambuilding and capacity building training workshop on 31st May   01st June 2024. The main objective of the event was to help the team realize effective teamwork and sharpen leadership skills to collaborate effectively in delivering Universities Fund goals. We visited Marurui area in Roysambu and we planted 1000 trees during gazette Tree planting Holiday. Universities Fund participated in the 21 st edition of the Stanchart marathon that was held on Sunday 27th October 2024 marathon in Nairobi. The Universities Fund partnered with Cooperative Bank on solar installation financing in the higher learning institutions through a leasing model. The event took place at Sarova Panafric event.",en
https://www.universitiesfund.go.ke/conferences-and-events,Conferences and Events - Universities Fund,"The Universities Fund will host the 2nd Biennial Universities Funding Conference on February 26-27, 2025 , under the theme:  Navigating the New Era of Education Financing in Kenya.  This high-level conference will convene key stakeholders in higher education, including university leaders, government policymakers, private sector partners, and development organisations, to explore innovative and actionable solutions for enhancing the financial sustainability and operational efficiency of Kenyan universities. The Universities Fund successfully convened the 1st Biennial Kenya Universities Funding Conference 2023 at the Pride Inn Flamingo Beach Resort in Mombasa County from 23rd to 24th February, 2023. The conference was graced by Hon. Ezekiel Machogu, the Cabinet Secretary of the Ministry of Education. The theme for the conference was  Universities for a Sustainable Future.",en
https://www.universitiesfund.go.ke/publications/,Publications - Universities Fund,AGPO SENSITIZATION PUBLICATION 1 file(s) 82.74 KB Download Higher Education Financing Application Guide 1 file(s) 17.40 MB Download,en
https://www.universitiesfund.go.ke/blog/,Blog - Universities Fund,"The Universities Fund (UF) has invited continuing students to apply for scholarships under the Student-Centred Funding Model for the 2026/2027 The Universities Fund welcomed a delegation from the Zambia Higher Education Authority on a benchmarking visit to learn about student Universities Fund participated in the 3rd Annual Regulatory Authorities and Agencies Conference geared towards improving efficiency and service delivery in Stakeholders have highlighted the significance of education reforms and skills development in delivering quality and sustainable education in the country. A section of Kenyatta University students paid a courtesy call to Universities Fund to enhance their understanding of higher education Kenya s National Tree Growing Restoration Campaign is gaining steam following the planting of 3,500 trees at Nambale Boys High School.",en
https://www.kemi.ac.ke/training-department/,Training Department - Best Kenya Education Management Institute,"Braintech quisque placerat vitae lacus ut scelerisque. Fusce luctus odio ac nibh luctus, in porttitor theo lacus egestas etiusto odio data center. The Education Management Directorate is established pursuant to Sections 4( a), (b), (g); and 15 (5) of the Legal Notice No. 19 of 12th February, 2010. It is responsible for coordinating training programs and activities in the Institute . The functions of the directorate include:   2026 Copyright All Rights Reserved. Kenya Education Management Institute.",en
https://www.kemi.ac.ke/research-and-consultancy/,Research and Consultancy - Kenya Education Management Institute (KEMI),"Braintech quisque placerat vitae lacus ut scelerisque. Fusce luctus odio ac nibh luctus, in porttitor theo lacus egestas etiusto odio data center. KEMI is established pursuant to Section 4 (a), (b), (c), (d) and (e) of Legal Notice No.19 of 12th February, 2010. It is responsible for coordinating research and consultancy activites in the Institute. The functions of Research and Consultancy include:   2026 Copyright All Rights Reserved. Kenya Education Management Institute.",en
https://www.kemi.ac.ke/private-schools-courses/,Private Schools Courses - KEMI Training,"Braintech quisque placerat vitae lacus ut scelerisque. Fusce luctus odio ac nibh luctus, in porttitor theo lacus egestas etiusto odio data center.   2026 Copyright All Rights Reserved. Kenya Education Management Institute.",en
https://www.kemi.ac.ke/payment-of-fees-ongoing-students/,payment of fees (ongoing students) - Kenya Education Management Institute (KEMI),"Braintech quisque placerat vitae lacus ut scelerisque. Fusce luctus odio ac nibh luctus, in porttitor theo lacus egestas etiusto odio data center. Steps: 1. Log in to the payment portal with your e-citizen Credentials 2. Click Continuing trainee and enter your Admission No 3. Choose the Course and ensure details entered are correct 4. Enter the amount then proceed with payment Nb: When you choose Mpesa you are given two options. If option one fails scroll down and use the second option   2026 Copyright All Rights Reserved. Kenya Education Management Institute.",en
https://www.kemi.ac.ke/instructional-leadership-course-for-deputy-heads-of-institution-in-primary-and-junior-schools/,Instructional Leadership Course for Deputy Heads - Primary and Junior Schools - KEMI,"Braintech quisque placerat vitae lacus ut scelerisque. Fusce luctus odio ac nibh luctus, in porttitor theo lacus egestas etiusto odio data center. Mode of Learning -Online Learning Duration:8 weeks (120hrs) Application: Ongoing Payment Details: To cover tuition and training materials only. Fee Structure Application Fee   Kes 1,000 Tuition and Training Fees   Kes 4,500 This course aims to equip Deputy Heads of Institutions in Primary and Junior Schools with practical leadership skills essential for improving learning outcomes. The course covers: Educational Leadership and School governance, Legal, Ethical and Policy Frameworks, Teaching and Learning Support, Performance Management and Staff development, Student Welfare and Discipline Management, Effective Communication Skills, and School administration and Operations. Deputy Heads of Institutions in Primary and Junior Schools By the end of this course, participants should be able to: 1. Discuss the concept of leadership in schools 2. Comply with legal frameworks in education 3. Provide teaching and learning support in the instructional process 4. Evaluate performance in schools for continuous improvement 5. Implement effective stakeholders  engagement strategies in schools 6. Implement strategies that promote positive learners  behavior 7. Develop effective communication and conflict resolution skills to enhance parental engagement 8. Effectively manage school operations, resources, and policies for optimal efficiency.   2026 Copyright All Rights Reserved. Kenya Education Management Institute.",en
https://www.kemi.ac.ke/institutional-leadership-for-school-principals/,Strategic Institutional Leadership - Kenya Education Management Institute (KEMI),"Braintech quisque placerat vitae lacus ut scelerisque. Fusce luctus odio ac nibh luctus, in porttitor theo lacus egestas etiusto odio data center. Mode of Learning   Online Learning Duration: 8 Weeks (120 Hrs) Starting:   Ending:  . Payment Details: To cover tuition and training materials only. Application Fee   Kes 1000 Tuition and Training Fees   Kes 4,500 This course aims to equip school principals with essential leadership skills to effectively steer their institutions towards achieving improved learning outcomes. Emphasis will be placed on real-world applications in the secondary school context. This course will cover: foundations of institutional leadership, education legal frameworks in Kenya, strategic leadership and school planning, performance management, human resource capital, communication and stakeholder engagement, data management, and best practices in institutional leadership. Principals In Senior Schools. By the end of this course, participants should be able to:   2026 Copyright All Rights Reserved. Kenya Education Management Institute.",en
https://www.kemi.ac.ke/diploma-in-education-leadership-management/,Professional Diploma in Education Leadership & Management - KEMI,"Braintech quisque placerat vitae lacus ut scelerisque. Fusce luctus odio ac nibh luctus, in porttitor theo lacus egestas etiusto odio data center. Mode of Learning   Online Learning Duration: 1 year Status: Application ongoing Payment Details: To cover tuition and training materials only. The Diploma in Education Leadership and Management course is designed to equip educators with effective leadership, management, and governance skills to improve institution s performance, accountability, and the quality of teaching and learning.The Key focus areas include transformational leadership, education policy and law, institutional resource management, ICT integration, curriculum delivery, and learner-friendly school practices. The course also emphasizes evidence-based decision-making through an action research project. Principals, heads of institutions, deputy principals, deputy heads of institutions, heads of departments (HODs) ,senior teachers, institutional managers and administrators in teacher training colleges , TVETs and private institutions and all teachers aspiring for leadership positions. By the end of the course, participants should be able to:   2026 Copyright All Rights Reserved. Kenya Education Management Institute.",en
https://www.kemi.ac.ke/schools-of-excellence-course-kpsa-directors-and-managers/,Schools Of Excellence Course For Directors And Managers - Kenya Education Management Institute (KEMI),"Braintech quisque placerat vitae lacus ut scelerisque. Fusce luctus odio ac nibh luctus, in porttitor theo lacus egestas etiusto odio data center. Mode of Learning -Blended (Face-to-Face + Practical Assignments) Learning Duration: 5 Days Application: Ongoing Payment Details: To cover tuition and training materials only. Application Fee   Kes 1000 Tuition and Training Fees   Kes 21,500   2026 Copyright All Rights Reserved. Kenya Education Management Institute.",en
https://www.kemi.ac.ke/professional-driver-course-for-private-schools/,Professional Driver Course for Private Schools - Kenya Education Management Institute (KEMI),"Braintech quisque placerat vitae lacus ut scelerisque. Fusce luctus odio ac nibh luctus, in porttitor theo lacus egestas etiusto odio data center. Mode of Learning -Face-to-Face Learning Duration: 5 Days (30hrs) Application: Ongoing Payment Details: To cover tuition and training materials only. Application Fee   Kes 1000 Tuition and Training Fees   Kes 6,500 COURSE OVERVIEW Drivers in educational institutions play a vital role in safeguarding the safety and well-being of students, staff, and school property. They are entrusted with transporting learners to and from school, field trips, and various academic events, promoting punctuality and access to education. Their professionalism and attentiveness on the road help prevent accidents and ensure a secure, organized transport system, while also maintaining vehicle condition and adhering to traffic laws. This professional driver course is aimed at equipping school and government agency drivers with the essential skills, knowledge, and ethical practices necessary for safe and responsible driving. WHO SHOULD ATTEND? Drivers of learning institutions HOW PARTICIPANTS WILL BENEFIT By the end of this course, participants should be able to:   2026 Copyright All Rights Reserved. Kenya Education Management Institute.",en
https://www.kemi.ac.ke/bom-training-kicks-off-in-migori-county/,BOM training kicks off in Migori County - Kenya Education Management Institute (KEMI),"Braintech quisque placerat vitae lacus ut scelerisque. Fusce luctus odio ac nibh luctus, in porttitor theo lacus egestas etiusto odio data center. Between the 26 th and the 30 th of January 2026, the Kenya Education Management Institute (KEMI) kicked off a nationwide capacity-building of Boards of Management (BOM) members of Junior and senior Schools in Migori County. The six-day training, brought together participants from the sub-counties of Rongo, Awendo, Uriri, Migori, Suna West, Mabera, Kuria West, Kuria East, Ntimaru, Nyatike South, Nyatike West, and Nyatike North. Speaking during the opening session on the first day of senior school training at Kanga school, St Pius Uriri, Migori High, and Nyamaharaga Secondary, the KEMI CEO emphasized the critical role of Boards of Management (BoMs) in providing strategic governance, policy oversight, and accountability in the management of schools. He also thanked the County Director of Education (CDE), and the leadership of the Ministry of Education for ensuring that BOMs are trained to improve school governance.  All that we carry out as boards of management should be about the child. We should be focused on developing and transforming the child to be able to fit into the global stage in matters of skill and competency, a child who will transform the country in matters growth and development, and who will bring value and beauty to the world at large. That s why we are here  he said. The six-day program benefited 2,644 participants drawn from 635 Junior Schools and 1,480 participants from 286 Senior Schools, comprising principals and members of their respective Boards of Management. The training officially came to a close on 31 st January 2026.   2026 Copyright All Rights Reserved. Kenya Education Management Institute.",en
https://www.kemi.ac.ke/privacy-policy,Privacy Policy - Kenya Education Management Institute (KEMI),"Braintech quisque placerat vitae lacus ut scelerisque. Fusce luctus odio ac nibh luctus, in porttitor theo lacus egestas etiusto odio data center. Effective Date: 27/06/2023 Welcome to the Kenya Education Management Institute (KEMI) website. At KEMI, we are committed to protecting your privacy and ensuring the security of your personal information. This Privacy Policy outlines how we collect, use, disclose, and protect your personal data when you interact with our website. By using the KEMI website, you consent to the practices described in this Privacy Policy. 2.1. Personal Information We may collect personal information from you when you visit our website or interact with our online services. This information may include: 2.2. Non-Personal Information We also collect non-personal information such as: We use your personal information for the following purposes: 3.1. Provide Services We use your information to provide you with access to our educational resources, programs, and services. This includes processing applications, responding to inquiries, and facilitating your participation in our educational programs. 3.2. Communication We may use your contact information to communicate with you regarding updates, news, events, or changes to our services. You may opt out of receiving non-essential communications at any time. 3.3. Analytics We analyze non-personal information to improve our website s performance, content, and user experience. 3.4. Legal Compliance We may process your personal information to comply with legal obligations and regulations. We are committed to safeguarding your personal information. We employ reasonable security measures to protect your data from unauthorized access, disclosure, alteration, or destruction. However, please note that no data transmission over the internet is entirely secure, and we cannot guarantee the security of your information. We do not sell, trade, or rent your personal information to third parties. We may share your information with trusted service providers and partners who assist us in operating our website and providing our services. These third parties are obligated to maintain the confidentiality and security of your information. We use cookies and similar technologies to enhance your browsing experience on our website. You can manage your cookie preferences by adjusting your browser settings. You have certain rights regarding your personal information, including: To exercise your rights, please contact us using the contact information provided below. We may update this Privacy Policy to reflect changes in our practices or for other operational, legal, or regulatory reasons. We will post the revised Privacy Policy on our website, and the changes will take effect upon publication. If you have any questions or concerns about this Privacy Policy or our data practices, please contact us at: info@kemi.ac.ke By using the KEMI website, you signify your acceptance of this Privacy Policy. If you do not agree with the terms of this Privacy Policy, please do not use our website.   2026 Copyright All Rights Reserved. Kenya Education Management Institute.",en
https://elearning.kemi.ac.ke,Home | Virtual Campus,"Insights and Perspectives from Our Diverse Academic Community ""My Ministry recognizes the role KEMI plays in the development of capacity of our personnel and in no doubt looking at this Institute as a think tank in the policy generation and guidance in respect to education management"" (May, 2023) ""As the capacity building agency of the Ministry mandated to carry out management training, research and consultancies, we have no doubt looking at this institution as the key driver to education management training"" (July, 2018) ""I note with gratification the achievements that KEMI has made in improving training of school managers and now this step of developing ESD centers."" (August, 2018) ""KEMI is governed by a Council which is committed to excellence in corporate governance, transparency, and accountability. This is essential for the long-term performance and sustainability of our Institution, and to protect and enhance the interests of our clients and other stakeholders."" (January, 2023) Forging Synergies for a Brighter Tomorrow: Discover Our Network of Trusted, Industry-Leading Partners Unlocking Potential, Shaping the Future Transforming Educators into Quality Managers Cultivating Effective Teaching Skills and Values Elevating Educational Excellence, One Short Course at a Time Building Capacity for Excellence in Private School Management Transforming Learners into Tomorrow s Business Leaders Building Capacity for Effective County Leadership Vacancies Privacy Policy Kemi Virtual Campus Student Portal P.O. Box 62592 - 00200 Nairobi, Kenya. +254 718 518 422 info@kemi.ac.ke www.kemi.ac.ke Opening Hours: 8:00am -5:00pm Click on this link for directions to our offices at Mtama Road off 6th Parklands Avenue.   2026 Copyright All Rights Reserved Kenya Education Management Institute.",en
https://wa.me/254718518422?text=Hi%20KEMI%21%20%F0%9F%91%8B%20I%27m%20on%20your%20website%20and%20I%27d%20like%20some%20help%20with%20admissions%2C%20courses%2C%20or%20bookings.,Share on WhatsApp,"Chat on WhatsApp with +254 718 518422 Hi KEMI!   I'm on your website and I'd like some help with admissions, courses, or bookings. 2026   WhatsApp LLC",en
https://www.unicef.org/kenya/press-centre,Press Centre | UNICEF Kenya,"Search form Find the latest news on issues affecting children in Kenya, and UNICEF s work for children, including press releases, multimedia content and other resources for journalists Helping young people turn skills into income Supporting young people in developing their skills Supporting inclusive sanitation services A mother's first harvest of kales marked the end of one life and the beginning of another UNICEF strives to uphold the rights of every child, protecting them from harm and all forms of discrimination, so that they can grow up healthy and educated to reach their full potential. This work is in line with UNICEF s globally recognized mandate and its support of national priorities.",en
https://redcross.or.ke/privacy-policy/,Privacy Policy   Kenya Red Cross,"Privacy Policy Effective Date: 1st November 2023 Welcome to the Kenya Red Cross Society website. We are committed to protecting your privacy and ensuring the security of your personal information. In this privacy policy, we explain the data we collect, why we collect it, how we use it, and your rights concerning your personal data. When visitors leave comments on the site, we collect the following data: An anonymized string created from your email address may be provided to the Gravatar service to see if you are using it. Your profile picture may be visible to the public in the context of your comment after approval. If you upload images to the website, please avoid uploading images with embedded location data (EXIF GPS) as this data can be extracted by visitors. When you leave a comment, you may opt-in to save your name, email address, and website in cookies. These cookies are for your convenience and will last for one year. When you log in, we will set cookies to save your login information and screen display choices. Login cookies last for two days, and screen options cookies last for a year. If you select  Remember Me,  your login will persist for two weeks. If you log out of your account, the login cookies will be removed. If you edit or publish an article, an additional cookie will be saved in your browser, indicating the post ID of the article. This cookie includes no personal data and expires after one day. Articles on this site may include embedded content (e.g., videos, images, articles, etc.). Embedded content from other websites behaves similarly to if you visited the other website, including data collection and the use of cookies. Be aware of these websites  privacy policies. If you request a password reset, your IP address will be included in the reset email. If you have an account or have left comments, you can: By accessing or using ChatCare, you agree to comply with and be bound by these Terms of Use. If you do not agree to these terms, please do not use the chatbot. ChatCare is designed to provide assistance and information on various topics related to the services provided by the Kenya Red Cross Society. It aims to enhance user experience by offering quick and accessible information. For specific inquiries or concerns about your privacy, please contact us at [email protected] This privacy policy is subject to changes and updates, and the latest version will be available on our website. 2023 Kenya Red Cross Society , All Rights Reserved Accessibility Statement | Privacy Policy Kenya Red Cross Society is a humanitarian relief organization, created through an act of parliament CAP256 of the laws of Kenya We are auxiliary to the National and County Governments and work to alleviate human suffering and preserve life and human dignity.",en
https://accounts.ecitizen.go.ke/en/ministries/ministry-of-education?department=state-department-for-higher-education-and-research#main-content,View Ministry   Government of Kenya services simplified,"Accessibility Oops, it seems we're having trouble connecting to the internet. Attempting to reconnect Giving Kenyans easy access to online government services.   eCitizen. All rights reserved",en
https://accounts.ecitizen.go.ke/sw/ministries/ministry-of-education,View Ministry   Government of Kenya services simplified,"Accessibility Oops, it seems we're having trouble connecting to the internet. Attempting to reconnect Kuwapa Wakenya ufikiaji rahisi wa huduma za serikali mtandaoni.   eCitizen. Haki zote zimehifadhiwa",en
https://research.pu.ac.ke,Home,"Pwani University is committed to building excellence in research and extension with the aim of enhancing sustainable development and improving livelihoods. We will continue to engage with various stakeholders to achieve this objective. The university continues to provide research opportunities through concerted efforts that include partnering with strategic institutions locally and internationally that share common vision and mission with Pwani University. These partnerships cover areas of common interests such as undertaking joint research, staff and students exchange, undertaking joint seminars/workshops to share research findings, support for training and research infrastructure. Pwani University (PU) and the Karlsruhe University of Applied Sciences (HKA), Germany, have built a strong partnership spanning more than a decade. What began as a shared vision has grown into a sustainable partnership built on academic exchange, joint projects, and intercultural learning. In Kenya, the coconut sub-sector earns approximately. Ksh. 3.2 billion revenue annually   barely a quarter of its potential! Pwani University (PU) established a Botanical Garden in late 2011, which was intended to address four major roles: research, educational, conservation and recreation. In part, the educational and research roles embed Indigenous Knowledge (IK) through documentary Mkilua fragrans Verdc belongs to the Annonaceae family and is part of the biological diversity of the coastal forests of east African coast region The project,  Joint Undertaking to Multiply Powers   research and teaching in CBR and related fields (JUMP - CBResearch) focuses on the development of study modules in the area of (dis)ability, participation and inclusive development. Within this process, the CBR matrix is used as a guiding framework to generate and structure the contents. The project is carried out by Pwani University (PU - Kenya) and Technische Universit t M nchen (TUM - Germany) and supported by the German Academic Exchange Service (DAAD) and financed by the German Ministry of Economic Cooperation and Development. In the course of the project, expanding knowledge on (dis)ability, participation and inclusive development will go hand in hand with enhancing and broadening teaching and research in this field. Pwani University, P. o. Box 195-80108 Kilifi, Kenya Tel : +254 725 916 145 | +254 776 368 946 email : info@pu.ac.ke",en
https://www.pu.ac.ke/index.php/upcoming-events/admissions/academic-downloads,Academic Downloads,"Address: P.o. Box 195 - 80108, Kilifi, Kenya Phone: +254 725 916 145 Email : info@pu.ac.ke",en
https://pu.ac.ke/index.php/upcoming-events/admissions/how-to-apply,How to Apply,"Undergraduate Entry Requirements Minimum of Mean grade C+ (plus) in the Kenya Certificate of Secondary Education (K.C.S.E) or equivalent qualifications ---- A holder of a Bachelors degree with a minimum of Second Class Honours Upper Division or its equivalent in the relevant discipline, from a recognised institution. ---- A holder of a Masters degree from a recognized institution in an area or subject relevant to the proposed area of study Once the application form is filled return to the following address: The Admissions Office , Pwani University, P.O. Box 195   80108, Kilifi   Kenya. The following documents must accompany the completed application form Professional and academic Certificates/Transcripts Current letter of appointment (where applicable) Four (4) recently taken one by one inch ( 1x1 ) Photographs of good quality Address: P.o. Box 195 - 80108, Kilifi, Kenya Phone: +254 725 916 145 Email : info@pu.ac.ke",en
https://pu.ac.ke/index.php/lms/students-info-desk,Students Info Desk,"Dear Students, It is with great joy and pride that I welcome you to Pwani University , a vibrant hub of knowledge, innovation, and community. Whether you are joining us for the first time or considering becoming part of our academic family, you are stepping into an institution committed to excellence in teaching, research, and service. At Pwani University, we believe education is more than acquiring knowledgev - it is about nurturing character, fostering creativity, and preparing you to make meaningful contributions to society. Our dedicated faculty, modern facilities, and diverse student community provide the perfect environment for you to thrive academically and personally. As you embark on this journey, I encourage you to embrace curiosity, challenge yourself, and take advantage of the many opportunities available here. Together, we will shape a future filled with promise, purpose, and progress. Welcome to Pwani University - where your dreams find direction and your potential becomes limitless. Access your portal here Access your admission letter here Apply for HELB loan here Apply for on-campus Accommodation here Check here to process Interschool Transfer Access your online classes here Check your teaching practice Status here Check Graduation Status here Pwani University Joining Instructions Application Form Undergraduate Programmes Deferment Form TVET Deferment Form Credit Waiver Application Form Student s Clearance Form Application Form - Postgraduate Programmes Post Graduate Progress Report Forms Latest Format Monthly Supervision Records Final Thesis Submission Form Intent to Submit Thesis Form Form PU-Exams-Form Application for Remarking Form Credit Waiver Application Form Application for Remarking Form Registration steps Quality Policy Statement Pwani University ICT Handbook Pwani University Charter Pwani University Q&A Handbook Data Protection Statement The Constitution of Kenya To generate, disseminate and apply knowledge and skills while sustaining excellence in training, research and community outreach for sustainable development A world class university that provides quality education, training, research, science, technology and innovation for socio-economic transformation of society Pwani University will strive to be creative, dynamic and responsive in providing quality education, training, research, innovation and outreach opportunities for advancement of the individual and society Integrity, Professionalism, Creativity and Inclusivity Pursuit of Global Excellence (Kulenga Ubora wa Kimataifa) Address: P.o. Box 195 - 80108, Kilifi, Kenya Phone: +254 725 916 145 Email : info@pu.ac.ke",en
https://student.pu.ac.ke/Account/Login?ReturnUrl=%2f,Login - Student Portal,Pwani University   2026. | Powered by Systems Reengineered Ltd.,en
https://research.pu.ac.ke/index.php?option=com_sppagebuilder&view=page&id=80,Home,"Similarly, on 23rd August 2025, the University collaborated with COCO FM to host a Farmer Exhibition , which provided local farming communities with access to improved practices, innovations, and value-chain linkages. On 25 th September, 2025: Pwani University hosted the first-ever security platform in Kenya dubbed: Jukwaa la Usalama wa Wasomi, involving representatives from Pwani University student s leadership, Medical Training Colleges, Vocational training Institutions in Kilifi County, the County Government of Kilifi , Pwani University Management represented by the Dean of Students, Dr. Patricia Mbogo, the Deputy Vice Chancellor, Prof. Dr. Halimu Shauri, the County top security team led by a representative of the County Commissioner, Kilifi County. Pwani University hosted the Kilifi Medical Services Week 2025, on 31st October   2nd November 2025, in collaboration with COCO FM, the George Kithi Foundation, and the Sabrina Foundation. The event sought to provide free medical services, health education, and community outreach to the residents of Kilifi County. Staff and students, particularly from the School of Health and Human Sciences, are encouraged to participate actively in-service delivery, coordination, and support roles. This initiative aligns with the University s commitment to community engagement and societal transformation as outlined in the Pwani University Strategic Plan 2023 2027. All members of staff are requested to support and participate in this noble community service exercise. The Commercialisation and Entrepreneurial Institutional Leaders (CEIL) Summit, organised by the Kenya National Innovation Agency (KeNIA), is an annual event that brings together institutional leaders, industry stakeholders, innovators, and researchers. The summit aims to advance the national commercialisation ecosystem by strengthening commercialisation processes at the national, institutional, and individual levels. It provides a platform to showcase practical solutions developed by innovators within Universities and Technical and Vocational Colleges, addressing job and wealth creation.The theme for the CEIL Summit 2025 is Catalyzing our African Innovation and Entrepreneurial Ecosystems, which emphasises the importance ofrobust innovation ecosystems in driving sustainable economic development. It underscores the need for effective industry-academia linkages,strategic institutional frameworks, and resilient funding mechanisms to foster innovation and entrepreneurship across the continent. The event was held on September 11-12, 2025. Pwani University, P. o. Box 195-80108 Kilifi, Kenya Tel : +254 725 916 145 | +254 776 368 946 email : info@pu.ac.ke",en
