word,ipa,swahili_gloss,swahili_pos,english_gloss,english_pos,line_no
a,â:,,,,,465
a !,a,,,,,466
a-,ˋ a,,,,,467
-a,a,-pa,kt,kiambishi ko- kikiwekwa nyuma) give,v,468
a,a,,,,,469
aa,a:,,,,,470
àá !,a:,,,,,471
aa,a:,chuma,kt,pluck,v,472
aa,a:,pa,kv,their,adj,473
aakong’u,a:k ɔ ŋgu,,,,,474
a|ao,a: ɔ,,,,,475
aabe,a: ꞵ e,pabaya,kv,a bad place,adj,476
aabibo,a: ꞵiꞵ o,pagumu,kv,strong,adj,477
a|abo,a: ꞵ ɔ,pao,kv,their (place),adj,478
aabuchu,a: ꞵ u ʧ u,,,,,479
pakubwa,,,,,,479
spacious,,,,,,479
aagare,a: ɣ a ɾ e,,,,,480
aagare,a: ɣ a ɾɛ,,,,,481
aageni,a: ɣɛ ni,pageni,kv,new place,adj,482
a|aito,a:ito,,,,,483
a|ande,a:nde,,,,,484
aande,a:nde,,,,,485
a|ande,a:nde,,,,,486
a|ao,a: ɔ,,,,,487
aase,,,,,,487
a|are,a: ɾɛ,,,,,488
aaria,a: ɾ ia,,,,,489
a|aye,a:j ɛ,,,,,490
tari,,,,,,490
a|ayia,a:jia,,,,,491
abachage,a ꞵ a ʧ a ɣ e,msichana aliyejifungulia kwao kabla ya kuolewa,nmn,girl who gives birth before marriage,n,492
abagasereri,a ꞵ a ɣ ase ɾ e ɾ i,,,,,493
abagosiganana,a ꞵ a ɣ osi ɣ anana,,,,,494
abagosiganerana,a ꞵ a ɣ osi ɣ ane ɾ ana,,,,,495
abagotegererana,a ꞵ a ɣ ote ɣ e ɾ e ɾ ana,,,,,496
abaguroswa,a ꞵ a ɣ u ɾɔ swa,1. adui,nmn,enemies,n,497
ababisa,,,,,,497
abagusii,a ꞵ a ɣ usi:,,,,,498
abaiga,a ꞵ ai ɣ a,,,,,499
abaigwa,a ꞵ ai ɣ wa,wapwa,nmn,nephew. niece ob,n,500
abaigwa,,,,,,500
abaigwa,,,,,,500
abaigwanaine,a ꞵ ai ɣ wanaine,,,,,501
abainchirisiti,a ꞵ ain ʧɾ isiti,,,,,502
abakatikisita,a ꞵ akatikisita,,,,,503
abakatinari,a ꞵ akatina ɾ i,,,,,504
abakobogorerania,a ꞵ ako ꞵ o ɣ o ɾ e ɾ ania,,,,,505
abakoro,a ꞵ ako ɾ o,ert. wahenga,kv,"nmn. 1.ancestors. 2. sages, forebares. abanto baito b’akare baria batoigekererete emebayeno n’emerabaro, chinkongoro, chinkomoro, chindabasi, ching’unenki amo n’ebimagani, chinsabagera a",n,506
abakurumi,a ꞵ aku ɾ umi,,,,,507
abamwabo bao,a ꞵ amwa ꞵ o ꞵ ao,ert. binamuzo,kv,nmn. your cousins,n,508
abamwabo baye,a ꞵ amwa ꞵ o ꞵ aj ɛ,binamu zenu,nmn,his.her cousins,n,509
abarumi,a ꞵ a ɾ umi,Warumi,nmn,Romans,n,510
abasaki,a ꞵ asaki,,,,,511
wasakaji,,,,,,511
abasakori,a ꞵ asako ɾ i,,,,,512
abasikaine,aꞵ asikaine,ert. waheshimianao,nmn,people who respect each other,v,513
abatagotomana,a ꞵ ata ɣ otamana,,,,,514
abatagotomana,a ꞵ ata ɣ otamana,,,,,515
abatakogenkana,a ꞵ atak ɔɣɛ nkana,ert. wasiosengenyana,kv,those who do not backbite,v,516
abatancheti,a ꞵ atan ʧ eti,,,,,517
abategereranetie,a ꞵ at ɛɣɛɾɛɾ anetie,ert. wasikilizanao,kv,those who listen to each other,v,518
abatingichu,a ꞵ atin ŋ i ʧ u,ert. wadhaifu,kv,nmn. 1 . sickly. 2 . weak 3 . frail,v,519
abatondereri,a ꞵ atondere ɾ i,"ert. watalaleshi, wafakachi, watetezi, mpayukaji · msengenyi",kv,nmn gossipers,n,520
abatancheti,a ꞵ atan ʧ eti,,,,,521
wapinzani,,,,,,521
abategereranete,a ꞵ ata ɣɛɾɛɾ anete,wanaosikizana,kv,those who listen to each other,v,522
abatingichu,a ꞵ atin ŋ i ʧ u,,,,,523
sickly,,,,,,523
abatondereria,a ꞵ atondere ɾ ia,Ekr. wachongoanishi,kv,inciters,n,524
abe,a ꞵ ɛ,,,,,525
to,,,,,,525
egekora,,,,,,525
abera,a ꞵ e ɾ a,Huchemka,kt,it boils,v,526
abera,a ꞵ e ɾ a,rekebisha kisaga,kt,mend eg ephah,v,527
abera,a ꞵ e ɾ a,samehea,kt,forgive,v,528
abera,a ꞵ ɛ : ɾ a,,,,,529
abeka,a ꞵ eka,anaweka.anatia,kt,he.she put,v,530
abengererigwe,a ꞵ e ŋ e ɾ e ɾ i ɣ we,asukuma,kt,amekwishasukuma kt. be pushed. egekorwa giokoinyorwa nao okoinyoria omonto takora igo. tagosaba nyasae.engoro abengererigwe n’obosianti.n’oborogi bwaye asambwe,v,531
aboeria,a ꞵ ɔɛɾ ia,hulelea a,kt,to raise,v,532
aboerigwa,,hulelewa,kt,to raise for someone else,v,532
aboia,a ꞵ ɔ ia,huvisha,kt,he dresses,v,533
aboigwa egkr. avishwa kt. bought for nice clothes. aboeria,,avishwa,kt,bought for nice clothes. aboeria /a ꞵ ɔɛɾ ia/ egkr. huvalishia kt. he buys clothes for,v,533
aboerigwa,,v a lishiw a (watoto) nguo,kt,get dressed for,v,533
aboia,a ꞵ ɔ ia,,,,,534
aboerigwa,,hunenepeshewa,kt,grazed for,v,534
aboia,a ꞵ ɔ ia,fungisha,kt,to tie,v,535
aboyeria,a ꞵ o:je ɾ ia,huwaletea,kt,he brings for,v,536
aboyerigwa,,waletewa,kt,he is brought for,v,536
aboyerigwa,,waletewa,kt,brought for,v,536
aboyeria,a ꞵ oje ɾ ia,ert. wadoezi,kv,nmn beggars,n,537
aboyerigwa,,,,,,537
ab’oyia 1 .,a ꞵ ojia,,,,,538
escort,,/huwaleta,kt,He brought them,v,538
ab’oyigwa,,,,,,538
aboyigwa,,ert. waletwao,kv,nmn. those who are brought,n,538
abwo,a ꞵ wo,,,,,539
achachi,à ʧ a: ʧ ì,,,,,540
achere,à ʧ e: ɾ e,,,,,541
achire,à: ʧ i ɾ e,atakapokuja,kt,when he or she comes,v,542
achire,à ʧ i: ɾ e,akitoka,kt,when he.she leaves,v,543
achire,à ʧ i ɾ e,,,,,544
achiire,a ʧ i: ɾ e,,,,,545
aga -,a ɣ a,,,,,546
aga,a ɣ a,ngoa kwekwe,kt,to weed,v,547
okwagera,,,,,,547
aga,a ɣ a,sakama au kwama,kt,to get stuck,v,548
agacha,a ɣ a: ʧ a,jenga,kt,"build, construct",v,549
agacha,a ɣ a ʧ a,huweka,kt,he.she keeps,v,550
agachache,a ɣ a ʧ a: ʧ e,ekr. kudunisha mtu wa ukoo wa chache,nmn,kv. pejorative term for a person from chache clan a dj,n,551
agachege,a ɣ a ʧ e ɣ e,,,,,552
agachena,a ɣ a ʧ enà,alitakasa,kt,"he.she cleansed, purify",v,553
agachia,a ɣ a ʧ ia,elekea,kt,he.she went,v,554
agachina,a ɣ a ʧ i:nà,,,,,555
agachona,a ɣ a ʧɔ :nà,,,,,556
agachonia,a ɣ a ʧɔ nià,,,,,557
agachanchabe,a ɣ a ʧ an ʧ a ꞵ e,Kakichepe,nmn,tiny rag,v,558
a gachandua,a ɣ a ʧ andwa,alisumbuliwa,kt,he.she was made to suffer,v,559
agachara,a ɣ a ʧ a ɾ a,kikucha,nmn,small finger,n,560
a gachara,a ɣ a ʧ a ɾ a,baradhuli,kv,simpleton,adj,561
agachie,a ɣ a ʧ ie,,,,,562
agachonoka,a ɣ a ʧ onokà,,,,,563
agachuchu,a ɣ a ʧ u ʧ u,kijifaranga,nmn,a small chick,n,564
agachuchu,a ɣ a ʧ u ʧ u,,,,,565
agachuni,a ɣ a ʧ u:ni,kidudu,nmn,small insect,n,566
agaga,a ɣ a: ɣ a,babaika.hangaika,kt,panic,v,567
agaga,a ɣ a: ɣ a,,,,,568
a gaisia,a ɣ aisia,kakijana,nmn,a small boy.lad,n,569
agakabu,a ɣ aka: ꞵ u,kijikapu,nmn,a small basket,n,570
agake,a ɣ ake,,,,,571
akerakeria,ake ɾ ake ɾ ia,alilaghai,kt,"flattered, hoodwink, cheat",v,572
agakima,a ɣ akima,sima dogo,nmn,small portion of ugali/crude porridge,n,573
agako,a ɣ ak ɔ,kashemeji,nmn,a belittled relative-in-law,n,574
agako,a ɣ ak ɔ,,,,,575
agakora,a ɣ ako ɾ a,akafanya,kt,he. she did,v,576
agakora,a ɣ ako: ɾ a,akamaliza,kt,he.she finished,v,577
agakorekana,a ɣ ako ɾ ekana,,,,,578
agakorekana,a ɣ ak ɔɾɛ kana,yakatendeka.yalitendeka,kt,it happened,v,579
agakori,a ɣ ako: ɾ i,Kichochoro,nmn,a small path,n,580
agakori,a ɣ ak o ɾ i,"kakifandugu, kitokono",nmn,small coccyx,n,581
agakoro,a ɣ ako ɾ o,,,,,582
agakoyakoyia,a ɣ ako ȷ a ȷ ia,alilaghai,kt,he.she flattered,v,583
agakuma,a ɣ akumia,yakavuma,kt,it spread,v,584
agakuneko,a ɣ aku:neko,Kijikifuniko,nmn,a small cap/lid,n,585
agakura,a ɣ aku ɾ a,Kibonde,nmn,"a small valley, hollow, dell, dean, depression",n,586
agakuura,a ɣ aku: ɾ a,alipiga mayowe,kt,he shouted,v,587
(=agachachana),,,,,,587
agakura,a ɣ aku ɾ a,"alikwaruza, chubua",kt,"he scratched, abrade, burrowed",v,588
aganania,a ɣ anania,"fumania, vizia",kt,meet unexpectedly. chance upon. ambush,v,589
aganchari,a ɣ an ʧ a ɾ i,,,,,590
agara,a ɣ a ɾ a,kua,kt,to grow,v,591
agara,a ɣ a ɾ a,leta,kv,fetch,v,592
agasa,a ɣ asa,bila,kv,without,adj,593
agasa,a ɣ asa,,,,,594
agasabo,a ɣ asa: ꞵ o,kangozi,nmn,small skin,n,595
agasabo,a ɣ asa ꞵ o,katanzu,nmn,small branch,n,596
agasagara,a ɣ asa ɣ a ɾ a,kijusi,nmn,small lizard,n,597
agasana,a ɣ asa:na,kimwitu,nmn,a very small bush,n,598
agasana,a ɣ asana,alitamani,kt,he.she longed,v,599
agasegenyi,a ɣ as ɛɣɛɲ i,kibanzi,nmn,chip,n,600
agasese,a ɣ asese,kijibwa,nmn,a very small dog,n,601
agasia,a ɣ asia,akasaga,kt,he.she ground,v,602
agasike,a ɣ asik ʹ e,kakisiki,nmn,a small stump,n,603
agasike,a ɣ asikē,kakinyesi,nmn,small piece of shit,n,604
agasimora,a ɣ asimo ɾ a,,,,,605
agasimora,a ɣ a:simo ɾ a,alichemua,kt,he.she sneezed,v,606
agasiorora,a ɣ a:sio ɾ a,alikereketa,kt,he.she annoyed,v,607
agasiria,a ɣ asi ɾ ia,,,,,608
agasiria,a ɣ asi ɾ ia,aliangamiza,kt,he.she destroyed,v,609
agasiria,a ɣ asi ɾ ia,,,,,610
agasisa,a ɣ asisa,aliteta kwa muda,kt,he argued for a long time,v,611
agasombe,a ɣ asombe,kakimba,nmn,a small amount of faeces,n,612
agasonkonya,a ɣ asonko ɲ a,akachokoza,kt,he.she provoked,v,613
agasungera,a ɣ asuŋe ɾ a,alitundika,kt,he.she hung,v,614
agasunkera,a ɣ asunke ɾ a,yalinyauka,kt,to wither,v,615
agata,a ɣ ata,kumbatia,kt,hug,v,616
agata,a ɣ a:ta,,,,,617
agata,a ɣ a:ta,alipasua,kt,he.she destroyed,v,618
agata,a ɣ a:ta,aligawa,kt,he.she divided,v,619
agata,a ɣ ata,kaupindi,nmn,small bow,n,620
agatabu,a ɣ ata ꞵ u,kijitabu,nmn,a small book,n,621
agatago,a ɣ ata ɣ o,kijikwato,nmn,small hoove,n,622
agatagora,a ɣ ata ɣ o ɾ a,,,,,623
alijengua,,,,,,623
agatagora,a ɣ ata ɣ o ɾ a,,,,,624
agatogorwa,a ɣ ata ɣ o ɾ wa,,,,,625
agatana,a ɣ atana,,,,,626
agateni,a ɣ ateni,kakidondo,nmn,a small firewood,n,627
agatoronge,a ɣ at ɔɾɔ ŋ ɛ,kidonge,nmn,a small bollus,n,628
agatori,,,,,,628
agasana,a ɣ asana,akatamani,kt,he desired,v,629
agwo,a ɣ wo,,,,,630
akabao,aka ꞵ ao,obk . kitobwe,nmn,a chink,n,631
akabao,aka ꞵ ao,alikuwako,kt,she.he was there,v,632
akabarongo,aka ꞵ a ɾɔ ŋ ɔ,,,,,633
akabasi,aka ꞵ asi,jina la kudunisha mtu wa ukoo wa Bobaasi,nmn,despicable term for a person from Bobaasi clan,n,634
ebibasi,,,,,,634
akabate,aka ꞵ ate,kijibonde,nmn,small valley,n,635
akaboko,aka ꞵ ɔ k ɔ,kikono,nmn,a small hand,n,636
akabori,aka ꞵ ɔɾ i,kibuzi,nmn,a small goat,n,637
akabosio,aka ꞵ osio,Kijuso,nmn,a small face,n,638
akabusi,aka ꞵ usi,kipaka,nmn,a small cat,n,639
akabweri,aka ꞵ we ɾ i,kihori,nmn,a small pen,v,640
akage,aka ɣɛ,kinda mdogo,nmn,a small nestling,n,641
akage,aka ɣɛ,udogo wa mchwa,nmn,abnormally small termite,n,642
akagege,aka ɣɛɣɛ,,,,,643
akagena,aka ɣ ena,kijiwe,nmn,small stone,n,644
akagere,aka ɣ e ɾ e,,,,,645
afikirie,,,,,,645
have,,,,,,645
akagere,aka ɣɛɾɛ,kudunisha mtu kutoka ujaluoni,nmn,despicable term for a person from Luoland,n,646
akagete,aka ɣ ete,kakijiti,nmn,small stick,n,647
agate,,,,,,647
ak agetutu,aka ɣ etutu,ebigetutu obn. jina la kudunisha mtu wa ukoo wa Kitutu,nmn,despicable term for a person from Bogetutu clan,v,648
akagirango,aka ɣ i ɾ aŋ ɔ,ebigirango obn. Jina la kudunisha mtu wa ukoo wa Bogirango,nmn,despicable term for a person from Bogirango clan,n,649
akaibi,akai ꞵi,kijivi,nmn,a belittled thief,n,650
akamoibi,,,,,,650
akamachoge,akama ʧɔ : ɣɛ,,,,,651
akamesa,akam ɛ sa,kijimeza,nmn,a small table,n,652
akamero,akame ɾ o,kakidakatonge,nmn,a small epiglottis,n,653
akamigi,akami ɣ i,,,,,654
akamincha,akamin ʧ a,kikia,nmn,a small tail,n,655
akaminyoki,akami ɲɔ ki,,,,,656
akamiontio,akami ɔ nti ɔ,,,,,657
akamioro,akamio ɾ o,kipua,nmn,a small nose,n,658
akamisu,akamisu,harufu kidogo,nmn,a slight smell,n,659
akamobamboria,akamo ꞵ ambo ɾ ia,,,,,660
akamochie,akamo ʧ ie,kakijiji,nmn,a small village,n,661
agachie,,,,,,661
akamogonkia,akamo ɣɔ nkia,,,,,662
akamondo,akamondo,kifirigisi,nmn,abnormally small gizzard,n,663
akamonto,akamonto,kijitu,nmn,abnormally small person,n,664
akamoro,akam ɔɾɔ,kipanga,nmn,a small panga,n,665
akandobo,akand ɔ ꞵ ɔ,kakigumba,nmn,a very small spearhead,n,666
akang’iti,aka:ŋgiti,kijoka,nmn,a smll snake,n,667
akang’iti,akaŋgiti,kanyimivu,nmn,a belittled selfish person,n,668
akang’ondi,akaŋg ɔ ndi,kikondoo,nmn,a small sheep,n,669
akangoro,aka:ŋo ɾ o,kishimo,nmn,a very small hole,n,670
akangoro,aka:ŋ ɔɾɔ,kimungu,nmn,small god,n,671
obk,,,,,,671
akaania,aka:nia,lipiza,kt,make pay,v,672
akania,a:kania,"chonganisha, gonganisha",kt,cause division,v,673
akania .,akania,alikunyia,kt,he excreted,v,674
akanyama,aka ɲ ama,kinyama,nmn,a small piece of meat,n,675
akanyantagara,aka ɲ anta ɣ a ɾ a,kibahaluli,nmn,a small weak person,n,676
akanyaribari,aka ɲ a ɾ i ꞵ a ɾ i,Ebinyaribari obn jina la kudunisha mtu wa ukoo wa Nyaribari,nmn,despicable term for a person from Nyaribari clan,n,677
akanyomba,aka ɲ omba,kijumba,nmn,a small house,n,678
akanyongo,aka ɲ oŋo,,,,,679
akanyuma,aka ɲ uma,,,,,680
akanua,akanwa,kidomo,nmn,small mouth,n,681
akaogoto,akao ɣ oto,kitakataka,nmn,very small dirt,n,682
akaote,akaote,kijeraha,nmn,a small wound,n,683
akara,aka: ɾ a,kakidole,nmn,a very small finger,n,684
akara,aka ɾ a,aina ya viatu kutoka ujaluoni,nmn,a type of open shoes from luoland,n,685
akarama,aka ɾ ama,kipaa,nmn,a small roof,n,686
akarino,aka ɾ in ɔ,kijino,nmn,a very small tooth,n,687
a kariso,aka ɾ is ɔ,,,,,688
wivu,,,,,,688
jelousy,,,,,,688
endamwamu,,,,,,688
akaroche,aka ɾ o: ʧ e,kijito,nmn,a very small river,n,689
akaromeme,aka ɾɔ m ɛ m ɛ,kilimi,nmn,a small tong’ue,n,690
akauga,akau ɣ a,kifupa,nmn,a very small bone,n,691
akauga,akau ɣ a,,,,,692
amaa,ama:,mapafu,nmn,lungs,n,693
amaagati,ama: ɣ ati,ukoo tawala,nmn,a clan with a heavy-handed and guileful leadership style,n,694
amaagura,ama: ɣ u ɾ a,kutambaa,nmn,crawling,n,695
amaami,ama:mi,walafi,nmn,gluttons,n,696
abanto,,,,,,696
amaanda,ama:nda,unga uliosagwa visivyo,nmn,coarsely gristed maizemeal,n,697
embaare,,,,,,697
a maang’eenya,ama:ŋge: ɲ a,utajiri wa mtu,nmn,one’s riches.wealth,n,698
amabondo,ama ꞵ ɔ nd ɔ,,,,,699
amabungu,ama ꞵ u ŋ u,mazingira,nmn,e nvironmrent,n,700
amaitimo,,,,,,700
amache,ama: ʧ e,maji,nmn,water,n,701
amachoong’a,ama ʧɔ :ŋga,hali ya kutakasa msichana aliyelia wakati wa tohara,nmn,cleansing a girl who yelled during circumcision,n,702
amaeembeki,amae:mbeki,alasiri,nmn,"sunset(time), evening",n,703
amagana,ama ɣ ana,,,,,704
amagancha,ama ɣ an ʧ a,mazingira,nmn,environment,n,705
amabungu,,,,,,705
amasirate,,,,,,705
amagaragara,ama ɣ a ɾ a ɣ a ɾ a,,,,,706
kichefuchefu,,,,,,706
amagari,ama ɣ a ɾ i,nafasi baina ya mistari au safu,nmn,spaces between rows,n,707
amagasi,ama ɣ asi,makasi,nmn,scissors,n,708
amagasi,ama ɣ a:si,,,,,709
amagega,ama ɣɛɣ a,b ubujiko,nmn,a sprinkling,n,710
amagega,ama ɣɛɣ a,mgongo,nmn,back of a person,n,711
amagena,ama ɣ ena,mawe,nmn,stones,n,712
amagicho,ama ɣ i ʧ o,elfu,nmn,thousand,n,713
amagombo,ama ɣɔ mb ɔ,,,,,714
amagora,ama ɣ o ɾ a,,,,,715
mabanda,,,,,,715
amagora,ama ɣ o ɾ a,ununuzi katika hatua,nmn,selling in stages,n,716
amagora,ama ɣ o ɾ a,,,,,717
chimbua,,,,,,717
amagori,ama ɣ o ɾ i,bei,nmn,prices,n,718
amagoro,ama ɣ o ɾ o,,,,,719
maguu,,,,,,719
amagoro,ama ɣ o ɾ o,nyakati,nmn,seasons,n,720
amaguta y’etaya,ama ɣ uta jetaja,mafuta taa,nmn,kerosene,n,721
amaino,amaino,meno,nmn,teeth,n,722
amaiso,amaiso,macho,nmn,eyes,n,723
amaitimo,amaitimo,,,,,724
amabungu,,,,,,724
amakanyanta,amaka ɲ anta,nyama iliyoiva sana,nmn,overcooked soft meat,n,725
amakara,amaka ɾ a,makaa,nmn,charcoal,n,726
amakarabe,amaka ɾ a ꞵ e,,,,,727
amakeboka,amake ꞵ oka,kurudi nyuma,kt,turning back,v,728
amakendo,amakendo,wingi wa mtende,nmn,palm,n,729
amakoma,amakoma,,,,,730
ashiki,,ya mwanamke,nmn,sexual desire by a woman,n,730
amakora,amak ɔɾ a,matendo,nmn,actions,n,731
amakoro,amako ɾ o,,,,,732
amakua,amakwa,damu nzito iliyoganda,nmn,thick blood,n,733
amakuania,amakwania,salamu,nmn,greetings,n,734
amakuarimo,amakwa ɾ imo,minyoo,nmn,worms,n,735
amakueri,amakwe ɾ i,,,,,736
mauti,,,,,,736
amaminyoko,amami ɲɔ k ɔ,riadha,nmn,athletics,n,737
amamiria,amami ɾ ia,makamasi,nmn,mucus,n,738
amamuamu,amamwamu,meusi,kv,black,n,739
amandegere,amand ɛɣɛɾɛ,ujaka,nmn,sulphur tuft,n,740
amang’ana,amaŋgana,,,,,741
issues,,,,,,741
amang’ang’ura,amaŋgaŋgu ɾ a,mataya,nmn,jaws,n,742
amang’enya,amaŋg ɛɲ a,utaji au mali ya mtu,nmn,person’s wealth,n,743
amanige,amani ɣ e,mahari.ng’ombe waliorudishwa baada ya ndoa kutibuka,nmn,returned dowry after the woman has remarried,n,744
amaninko,amanink ɔ,,,,,745
amanoga,aman ɔ : ɣ a,,,,,746
colostrum,,,,,,746
amanya‘egekuba,ama ɲ ae ɣ eku ꞵ a,malaika,nmn,body hair,n,747
amanya‘endo,ama ɲ aendo,singa,nmn,mane,n,748
amanyanyori,ama ɲ a ɲ o ɾ i,majeshi au wapiganaji waliotangulia vitani,nmn,warriors at the war front,n,749
amanyierero,ama ɲ ie ɾ e ɾ o,machwa ya jua,nmn,sunset,n,750
am anyiginya,ama ɲ i ɣ i ɲ a,usiku mkuu,nmn,midnight,n,751
amanyinga,ama ɲ iŋa,damu,nmn,blood,n,752
a manyinga a igoro,ama ɲ iŋai ɣ o ɾ o,,,,,753
hypertension,,,,,,753
amaogaamaroro,amao ɣ ama ɾ o ɾ o,,,,,754
tithonia,,,,,,754
diversifolia,,,,,,754
amaoncho,amaon ʧ o,mazuzu wanaorandaranda,nmn,"wanderers, imbeciles, fools, idiots, blockheads, simpletons",n,755
amaoromomo,amao ɾ omomo,makorongo,nmn,gullies,n,756
amaraabi,ama ɾ a: ꞵ i,tiba iliyoendeshwa na kina mama,nmn,medication carried out by special women,n,757
amarabwoni,ama ɾ a ꞵ w ɔ ni,,,,,758
amaraika,ama ɾ aika,malaika,nmn,angels,n,759
amaratabweri,ama ɾ ata ꞵ we ɾ i,,,,,760
mafungulia,,ng’ombe,nmn,dawn,n,760
amare,ama ɾɛ,mawingu,nmn,clouds,n,761
amareko,ama ɾ eko,mabega,nmn,shoulders,n,762
amaremo,ama ɾ emo,mashamba,nmn,pieces of land,n,763
amariba,ama ɾ i ꞵ a,,,,,764
nouns,,,,,,764
amarieta,ama ɾ ieta,,,,,765
nouns,,,,,,765
amariga,ama ɾ i ɣ a,machozi,nmn,tears,n,766
amariko,ama ɾ iko,,,,,767
scriptures,,,,,,767
amariogi,ama ɾ io ɣ i,makelele,nmn,noise,n,768
amariogo,ama ɾ i ɔɣɔ,madawa,nmn,medicine,n,769
amarionya,ama ɾ i ɔɲ a,manyoya,nmn,feathers,n,770
amaroba,ama ɾɔ ꞵ a,mchanga,nmn,soil,n,771
amaroro,ama ɾɔɾɔ,maono,nmn,views.vision,n,772
amaroro,ama ɾ o ɾ o,,,,,773
amaroso,ama ɾ oso,misingi,nmn,foundations,n,774
amaru,ama ɾ u,magoti,nmn,knees,n,775
amarube,ama ɾ u ꞵ ɛ,barua,nmn,letters,n,776
amaruma,ama ɾ uma,njiwa,nmn,doves,n,777
amarwa,ama ɾ wa,pombe,nmn,alcohol,n,778
amarua-echuba,ama ɾ wae ʧ u ꞵ a,,,,,779
wines,,,,,,779
amarwaire,ama ɾ wai ɾ e,magonjwa,nmn,diseases,n,780
amasabana,amasa ꞵ ana,,,,,781
machweo,,,,,,781
dusk,,,,,,781
amasabebe,amasa ꞵɛꞵ ɛ,,,,,782
flat,,,,,,782
amasabibu,amasa ꞵiꞵ u,zabibu,nmn,grape fruit,n,783
amasabo,amasa ꞵ ɔ,maombi,nmn,prayers,n,784
amasabore,amasa ꞵ o ɾ e,mchunga,nmn,mature spider weed,n,785
amasakara,amasak ɾ a,makaratasi,nmn,papers,n,786
amasambe,amasambe,yaliyochoma,kv,hot things,v,787
amasaria y ‘omogaso,amasa: ɾ iajomo ɣ aso,miale ya jua,nmn,sun rays,n,788
amase,amas ɛ,nyama ya tumbo,nmn,tripe,v,789
amasinga,amasi:ŋa,jamii ya uyoga,nmn,shaggy parasol mushrooms,n,790
amasinyoro,amasi ɲɔɾɔ,mkojo,nmn,urine,n,791
amasirate,amasi ɾ ate,mazingira,nmn,environment,n,792
amasoge,amaso ɣ e,salamu,nmn,greetings,n,793
amasugamera,amasu ɣ ame ɾ a,kushikilia baada ya kufa ganzi,nmn,seeking help after cramp attacks,n,794
amasua,amaswa,,,,,795
ogotinganeka,,,,,,795
uko,,,,,,795
ombe,,,,,,795
amasuama,amaswama,,,,,796
shahawa,,,,,,796
semen,,,,,,796
a matabana,amata ꞵ ana,njia panda,nmn,crossroad,n,797
amatabane,amata ꞵ an ɛ,ishara katika sikio la ngombe lililopasuliwa,nmn,a mark through piercing of the ears of a cow,n,798
amatabekania,amata ꞵ ekania,njia panda,nmn,cross roads,n,799
amatakeboka,amatake ꞵ oka,,,,,800
onetrackedness,,,,,,800
sticking,,,,,,800
amatarataaria,amata ɾ ata: ɾ ia,mimea iliyotawanywa,nmn,scattered crops,n,801
amate,amat ɛ,mate,nmn,saliva,n,802
amatemua,amat ɛ mwa,,,,,803
majaribio,,,,,,803
temptations,,,,,,803
amatera,amat ɛɾ a,nyimbo,nmn,songs,n,804
amatimbochoria,amatimb ɔʧɔɾ ia,ujaka,nmn,cluster mushroom,n,805
amatimo,amatimo,mikuki,nmn,spears,n,806
amatoimay’embura,amatoimajembu ɾ a,manyonyota,nmn,raindropes,n,807
amatoke,amat ɔ k ɛ,ndizi,nmn,bananas,n,808
amatonge,amat ɔ ŋ ɛ,matonge,nmn,balls of food,n,809
amatongo,amat ɔ ŋ ɔ,,,,,810
amatongo,amat ɔ ŋ ɔ,mahame,nmn,Ruins,n,811
amatuko,amatuko,siku,nmn,days,n,812
amatukoaya,amatukoaja,siku hizi,nmn,nowadays,n,813
a matukoy’okoiborwa,amatukojoko iꞵ o ɾ wa,siku za kuzaliwa,nmn,birthdays,n,814
amatunda,amatunda,matunda,nmn,fruits,n,815
a matundaamororo,amatunda:m ɔ : ɾɔɾɔ,,,,,816
amatungurieta,amatuŋu ɾ ieta,aina ya ngoma,nmn,type of Kisii dance,n,817
amaubio,amau ꞵi o,maombi ya msamaha,kt,the begging for mercy,n,818
amauko,amauko,barua,nmn,letters,n,819
amaumuntia,amaumuntia,Mei,nmn,May,n,820
amauncho,amaun ʧ o,Mafunju,nmn,papyrus reeds,n,821
amasangia,amasaŋia,,,,,822
a mautubi,amautu ꞵ i,hali ya uganga,nmn,wizardry,n,823
a mautub i,amautu ꞵ i,dawa dhidi ya uchawi,nmn,medication against witchdoctoring,n,824
amayianda,amajianda,,,,,825
amayomi,amajomi,mapenzi ya uongo,nmn,false love,n,826
amayore,amautu ꞵ i,usaliti katika mapenzi,nmn,betrayal in love,n,827
ambaria,amba ɾ ia,,,,,828
ameragererio,ame ɾ a ɣ e ɾ e ɾ io,,,,,829
amereka,ame ɾ eka,mezesheka,kt,made to swallow,v,830
ameria,ame ɾ ia,humezesha,kt,he make one swallow,v,831
ameria,ame ɾ ia,shakiza au chochea mbwa,kt,alert or set a dog to attack,v,832
amia,amia,meesha,kt,make grow,v,833
amo,am ɔ,,,,,834
a|amo,,pahalipamoja,kv,one place,adj,834
oboamo,oβoam ɔ,,,,,836
togetherness,,,,,,836
amogorere,amo ɣ e ɾ e ɾ e,,,,,837
amoroke,amo ɾ oke,amuite,kt,he.she names,v,838
amorokererigua,am ɔɾɔ ke ɾɛɾ i ɣ wa,mafunzo,nmn,training,n,839
amoyo,amojo,mbolea,nmn,fertilizer,n,840
ancha,an ʧ a,1 .penda,kt,love,v,841
itaba,,,,,,841
ancha-iga,,,,,,841
anchana,,,,,,841
ancha,,,,,,841
anchera,an ʧ e ɾ a,,,,,842
allow,,,,,,842
anchera,an ʧ e ɾ a,pendea,kt,love for,v,843
ancherana,an ʧ e ɾ ana,kubali,kt,accept,v,844
ancherana,an ʧ e ɾ ana,patana,kt,agree,v,845
anda,anda,,,,,846
ande,ande,,,,,847
andire,andi ɾ e,kukumbwa na taabu,kt,experiencing problems,v,848
ane,an ɛ,,,,,849
anga,a:ŋa,,,,,850
anga,aŋa,kataa,kt,refuse,v,851
anga,aŋa,,,,,852
anga,a:ŋa,,,,,853
angaigo !,a:ŋai ɣɔ,,,,,854
ang’e,aŋg ɛ,,,,,855
angoa,aŋoa,harakisha,kt,hurry,v,856
angoania,,harakishana,kt,hasten each other,v,856
angoia,aŋoia,harakisha,kt,hasten,v,857
angoerigwa,,harakishiwa,kt,be hastened for,v,857
angoigwa,,harakishwa,kt,be hastened,v,857
ani,ani,,,,,858
ania,ania,hunya,kt,he defeacated,v,859
ankio,anki ɔ,kesho,nmn,tomorrow,n,860
ankio,,kesho kutwa,nmn,the day after tomorrow,n,860
ankio,,,,,,860
ansa,ansa,kuwa tamu.mtamu,kt,become sweet,v,861
ansia,ansia,fanya iwe tamu.awe mtamu,kt,make something sweet,v,862
ao,a ɔ,kando,kh,separate,prep,863
aoao,a ɔ a ɔ,,,,,864
ao .,a ɔ,,,,,865
ao ao,a ɔ a ɔ,,,,,866
aoboia,a ɔ ꞵ ɔ ia,huogopesha,kt,he scares,v,867
aoboigwa,,aogopeshwa,kt,he is scared,v,867
aoboeria,,huogopeshea,kt,he scares for,v,867
aora,ao ɾ a,,,,,868
ara,a ɾ a,,,,,869
ara,a ɾ a,tandika,kt,spread (eg a bed),v,870
ara,a ɾ a,kumea mavuzi au kinena,kt,start growing pubic hair,v,871
ara,a ɾ a,kwaruza,kt,Scratch,v,872
arai,a ɾ ai,k. wapi,kh,where,prep,873
arana,a ɾ ana,,,,,874
arania,a ɾ ania,,,,,875
are,a ɾɛ,,,,,876
oboare,oβoa ɾɛ,,,,,877
umbali,,,,,,877
aang’e,,,,,,877
are,a ɾ e,,,,,878
aremono,,,,,,878
areya,a ɾɛ ja,mbali na,kh,far from,prep,879
aroka,a ɾ oka,tahiri,kt,get circumcised,v,880
arokia,,,,,,880
arora,a ɾ o ɾ a,aliona,kt,he saw,v,881
aroro,a ɾ a ɔɾɔ,,,,,882
ase,ase,,,,,883
ase,,,,,,883
ase,,,,,,883
ase,,,,,,883
ase,,,,,,883
ase,,,,,,883
ase,,,,,,883
ase,,,,,,883
ase,,,,,,883
ase,,,,,,883
kwa,,,,,,883
ase,,,,,,883
aseki ?,aseki,,,,,884
aseobonge,aseo ꞵ o ŋ e,,,,,885
ase,ase,mahali,nmn,place,n,886
asimora,asimo ɾ a,chemua,kt,sneeze,v,887
asimoriaomuana,asimo ɾ iaomwana,,,,,888
asinini,asinini,,,,,889
aso,aso,,,,,890
aso,aso,,,,,891
a ta,ata,pasua,kt,split,v,892
ata,,,,,,892
ata,,,,,,892
ata,,,,,,892
atana,atana,gawa,kt,split,v,893
baga,,,,,,893
atano,atan ɔ,,,,,894
tano,,,,,,894
ateka,ateka,,,,,895
ateka,,amepumzika,kt,he.she is resting,v,895
atoka,atoka,tamka,kt,pronounce,v,896
atora,ato ɾ a,tamka,kt,pronounce,v,897
atoregete,ato ɾ e ɣ ete,,,,,898
yalilipuka,,,,,,898
atoregete,ato: ɾ e ɣ ete,,,,,899
ayabo,aja ꞵ ɔ,yao,kv,theirs,adj,900
ayewee !,aj ɛ w ɛ :,,,,,901
aye,aj ɛ,,,,,902
ayense,ajense,,,,,903
ayerera,aje ɾ e ɾ a,harakisha,kt,(wewe mwenyewe) kt. hurry,v,904
ayereria,aje ɾ e ɾ ia,harakisha kitu au mtu,kt,hurry smbody.smthing,v,905
atera,átéɾà,pasulia,kt,split for.with,v,907
aterania,,pasuliana,kt,split for each other,v,907
atera,ate: ɾ à,Huimba,kt,he.she sings,v,908
aterwa,,,,,,908
atigua .,ati ɣ wa,,,,,909
baba .,βáβà,Mama,nmn,mother,n,915
Baba,,,,,,915
Baba,,,,,,915
baba,,,,,,915
baba,,,,,,915
baba,,,,,,915
baba,,,,,,915
Baba,βá:βá,,,,,916
babeire,,,,,,916
babaria .,βáβà ɾ ia,,,,,917
bababababa!,,,,,,917
babaria .,βá:βà ɾ ia,,,,,918
babaria .,βá:β ʹ a ɾ ia,,,,,919
babeire,βáβei ɾ e,wamechukizwa,kt,wamekasirika kt. they are angry,v,920
babo,ꞵ a ꞵɔ,,,,,921
baboria .,βá:βo ɾ ia,huuuliza,kt,they asked,v,922
baboria .,βá:βo: ɾ ia,,,,,923
baboria .,βá:β ɔɾ ia,,,,,924
baaboria .,βá:βo ɾʹ ia,,,,,925
bacha .,βá ʧ a,kengua,kt,mislead,v,926
bacha .,βá: ʧ a,,,,,927
bachecha .,βá: ʧɛʧ a,humenya. haumbua,kt,peel,v,928
bachecha .,βá: ʧɛʧ a,,,,,929
bachega .,βá: ʧɛɣ a,,,,,930
baga .,β ɛɣ a,,,,,931
baga .,βa ɣ a,,,,,932
Bageka,βa ɣ eka,,,,,933
kimbilia,,,,,,933
"run,",,,,,,933
bageka,βa ɣ eka,kengeuka,kt,made crooked,v,934
bageka .,βa ɣɛ k ʹ a,,,,,935
bageka .,β ʹ a ɣ eka,,,,,936
bageka .,β ˋ a ɣˋ ek ˋ a,,,,,937
bageka .,βa ɣ eka,,,,,938
b ageka .,βa ɣ eka,,,,,939
bagekera .,βa ɣ eke ɾ a,,,,,940
bagekera .,βa ɣ e:ke ɾ a,,,,,941
bagekera .,βa ɣɛ k ɛɾ a,,,,,942
bagekera .,βa ɣ eke ɾ a,,,,,943
bagekera,βa ɣ eke ɾ a,,,,,944
purukusha,,,,,,944
bagera .,βa ɣ e ɾ a,,,,,945
bagera .,βa ɣ e ɾ a,,,,,946
measure,,,,,,946
bagoka .,βa ɣ oka,,,,,947
bagora .,βa ɣ o ɾ a,,,,,948
bagora .,βa ɣ o ɾ a,,,,,949
bagotebania,βa ɣ ote ꞵ ania,,,,,950
bagotebania,βa ɣʹ ote ꞵ ania,wamekuchelewesha,kt,they have delayed you,v,951
bagotebania,βa ɣɔ t ɛꞵ ania,wanaambiana,kt,they tell each other,v,952
bainani .,βainani,,,,,953
baisaneke .,βaisaneke,,,,,954
baisaneke .,βaisaneke,,,,,955
baise .,βaise,,,,,956
baise .,βais ɛ,,,,,957
baiseke .,βaiseke,,,,,958
baiseke,,,,,,958
baisia,βaisia,,,,,959
baminto .,βaminto,,,,,960
bamura .,βamu ɾ a,,,,,961
bamura,,,,,,961
bamura,,,,,,961
bamura,,,,,,961
banchiri,βa:n ʧ i ɾ i,,,,,962
banda .,βanda,,,,,963
banda .,βanda,,,,,964
bandemo,,,,,,964
bang’ina omo .,βaŋginaomo,,,,,965
banto,βanto,,,,,966
banto,,,,,,966
banto,,,,,,966
banyagesangio .,βa ɲ a ɣ esaŋio,,,,,967
bara,βa ɾ a,hesabu,kt,count,v,968
barabwo,βa ɾ abw ɔ,,,,,969
baraganya,βa ɾ a ɣ a ɲ a,,,,,970
barira,βa ɾ i ɾ a,kuwa mwekundu,kt,turn red,v,971
barira .,βa ɾ i ɾ a,,,,,972
bariria,βa ɾ i ɾ ia,fanya iwe nyekundu,kt,turn something red,v,973
bariria .,β ʹ a: ɾ i ɾ ia,,,,,974
beka,βeka,,,,,975
weka,,,,,,975
place,,,,,,975
beka,,tia pagumu.mashakani,kt,put in trouble,v,975
beka,,,,,,975
add,,,,,,975
beka,,,,,,975
tayarisha,,,,,,975
put,,tia nguvuni,kt,arrest,v,975
beka,,funga,kt,lock,v,975
beka,,weka katikati,kt,put in the middle,v,975
beka,,kunya,kt,defeacate,v,975
beka,,tia pumzi,kt,put pressure,v,975
beka,,tia moyo,kt,give hope,v,975
abeka.,a ꞵ eka,,,,,976
bekera,,,,,,976
wekea,,,,,,976
bendoria .,βando ɾ ia,,,,,977
benchegara .,β ɛ n ʧɛɣɛɾ a,,,,,978
bene,β ɛ n ɛ,,,,,979
benena,β ɛ n ɛ na,,,,,980
haribu,,,,,,980
break,,,,,,980
benenigwa,β ɛ n ɛ ni ɣ wa,kimbizwa vichakani,kt,be chased through bushes,v,981
bengereria 1 .,βeŋe ɾ e ɾ ia,shurutisha,kt,betereria omonto egere akore egento atancheraneti. 2. egkr. sukuma kt. push,v,982
bengerwa,βeŋe ɾ wa,,,,,983
bera,βe ɾ a,chemka,kt,boil,v,984
bera,β ɛɾ a,shinda mahali,kt,stay,v,985
bera,β ɛ : ɾ a,,,,,986
witness,,,,,,986
b erekera,βe ɾ ke ɾ a,ita,kt,call,v,987
berekerera,,,,,,987
beria,βe ɾ ia,,,,,988
beroroka,,,,,,988
beta,βeta,,,,,989
pierce,,,,,,989
pierce,,,,,,989
betereria,βete ɾ e ɾ ia,lazimisha,kt,force something or somebody,v,990
biara,βia ɾ a,,,,,991
biarana,,,,,,991
biaria,,zalisha,kt,sire,v,991
biarwa,,,,,,991
biarwa .,βi ʹ a 1 : ɾ wa,,,,,992
biarwa,βia ɾ wa,,,,,993
biatora .,βiat ɔɾ a,,,,,994
biatora .,βiato ɾ a,,,,,995
bibe .,βi ꞵɛ,viwe,kt,to be,v,996
bibe .,βi: ꞵ e,,,,,997
bichara.,βi ʧ a ɾ a,,,,,998
bichoria .,βi ʧ o ɾ ia,,,,,999
bichoria .,βi ʧɔɾ ia,,,,,1000
bichoria .,βi ʧɔ : ɾ ia,,,,,1001
bichuko .,βi ʧ uko,,,,,1002
biete .,βiete,,,,,1003
bikebike .,βik ɛꞵ ik ɛ,,,,,1004
bikeri,βik ɛɾ i,,,,,1005
bikondo .,βik ɔ nd ɔ,,,,,1006
bikundo,βikundo,,,,,1007
bimba,βikmba,vimba,kt,swell,v,1008
bina,βi:na,jina la mtu,nmn,name of a person,n,1009
binga,βiŋa,kama,kt,they resemble,v,1010
binsari,βinsa ɾ i,jina la mtu,nmn,name of a person,n,1011
binyanya,βi ɲ a ɲ a,jina la mtu,nmn,name of a person,n,1012
bioka,β ʹ ioka,sitawi,kt,to grow,v,1013
bioka,βiok ʹ a,,,,,1014
biokia,βiokia,,,,,1015
biombera,βiombe ɾ a,viwili,kv,two,adj,1016
birati,βi ɾ ati,,,,,1017
birende,βi ɾ ende,vichunge,kt,take care of them,v,1018
biria,βi ɾ ia,,,,,1019
birobinde .,βi ɾɔꞵ inde,,,,,1020
bironga,βi ɾɔ ŋa,,,,,1021
birongo,βi ɾ oŋo,,,,,1022
birundu,βi ɾ undu,,,,,1023
bisa,βisa,ficha,kt,hide,v,1024
bisa,βisa,fichaficha,kt,hide continuously,v,1025
bisana,βisana,fichana,kt,hide each other,v,1026
bisia,βisia,funika,kt,cover,v,1027
bisieri,βisieri,,,,,1028
bisinyani,βisi ɲ ani,jina la kike,nmn,a woman’s name,n,1029
bisonga,βis ɔ ŋa,,,,,1030
bitange,βitaŋ ɛ,jina la mtu mwanamme,nmn,a male name,n,1031
bitato,βitato,vitatu,kv,three (things),adj,1032
bitega,βite ɣ a,,,,,1033
bow,,,,,,1033
Bitega,βite ɣ a,jina la mtu mwanamke,nmn,a female name,n,1034
bitengo,βit ɛ ŋ ɔ,jina la mtu mwanamke,nmn,a female name,n,1035
bitita,βitita,jina la mtu mwanamke,nmn,a female name,n,1036
bitutu,βitutu,jina la mtu mwanamke,nmn,a female name,n,1037
boa,βitita,,,,,1038
strap,,,,,,1038
wanda,,,,,,1038
grow,,,,,,1038
bobe,βo ꞵe,,,,,1039
bobemono,βi ꞵem ɔ n ɔ,,,,,1040
bochaberi,βoʧ a ꞵ e ɾ i,jina la mtu mwanamke,nmn,a female name,n,1041
bochera,βo ʧɛɾ a,nuna,kt,get annoyed,v,1042
boera,β ɔɛɾ a,fungia,kt,tie for,v,1044
boeto,βoeto,duara dufu,kv,oval,adj,1045
boganda,βo ɣ anda,Uganda,nmn,Uganda,n,1046
bogomba,βoɣ omba,jina la mtu mwanamme,nmn,a male name,n,1047
bogonko,βo ɣ omba,jina la mtu mwanamme,nmn,a male name,n,1048
bogoria,βo ɣ o ɾ ia,beba,kt,carry,v,1049
boguka,βo ɣ o ɾ ia,,,,,1050
boigo,β ɔ i ɣɔ,,,,,1051
boira,βoi ɾ a,,,,,1052
boirabokia,βoi ɾ a| ꞵ okia,,,,,1053
boire,βoi ɾ e,uchukue,kt,take it.them,v,1054
boka,β ʹ o:k ˋ a,amka,kt,wake,v,1055
boka,β ˋ ok ˋ a,,,,,1056
bokemingichi,βokemiŋi ʧ i,,,,,1057
bokeng’iti,βokeŋgiti,,,,,1058
bokiaboira,ꞵ okiaβoi ɾ a,,,,,1059
bokweriya,βokwe ɾ ija,,,,,1060
kawia,,,,,,1060
bomboria,βombo ɾ ia,kunya,kt,defeacate,v,1061
bonga,βo:ŋa,,,,,1062
bono,β ɔ :n ɔ,sasa,kv,now,adj,1063
bono,β ɔ n ɔ,,,,,1064
bonobono,βɔ n ɔ β ɔ n ɔ,,,,,1065
bonoiga,β ɔ n ɔ i ɣ a,,,,,1066
boombera,βo:mbe ɾ a,tutia,kt,add unto,v,1067
boombera,βo:mbe ɾ a,mapacha,kv,twins,adj,1068
boomboria,βo:mbo ɾ ia,haribu,kt,to spoil. destroy,v,1069
boomboria,βo:mbo ɾ ia,Kunya,kt,"defecate, shit",v,1070
boonche,βo:n ʧ e,,,,,1071
bora,βo: ɾ a,,,,,1072
nena,,,,,,1072
bora,βo ɾ a,,,,,1073
topatikata,,,,,,1073
boraya,βo ɾ aja,,,,,1074
borere,βo ɾ e ɾ e,kitandani,kh,inbed,prep,1075
boria,βo ɾ ia,ule,kv,that,adj,1076
boria,βo ɾ ia,uliza,kt,ask,v,1077
b oribori !,βo ɾ i ꞵ o ɾ i,,,,,1078
boriga,βo ɾ i ɣ a,jina la kiume,nmn,a male name,n,1079
borogochi,β ɔɾɔɣɔʧ i,,,,,1080
boronge,βo ɾ oŋe,,,,,1081
vizuri,,,,,,1081
laini,,,,,,1081
vile,,,,,,1081
correctly,,,,,,1081
bosa,βosa,,,,,1082
bila,,,,,,1082
useless,,,,,,1082
bosa,βo:sa,,,,,1083
bosongo,βosoŋo,,,,,1084
it,,,,,,1084
bosunere,βosune ɾ e,,,,,1085
egkr,,,,,,1085
botwaneti,βotwaneti,,,,,1086
ekr,,,,,,1086
bucha,βu ʧ a,chota,kt,to draw,v,1087
bucha,βu ʧ a,ongezeka,kt,to increase,v,1088
bucheeri,βu ʧɛɾ i,,,,,1089
ert,,,,,,1089
buna,βuna,,,,,1090
egkr,,,,,,1090
egkr,,,,,,1090
egkr,,,,,,1090
egkr,,,,,,1090
buna,βuna,,,,,1091
b unga,βuŋa,funga,kt,lock,v,1092
bunge,βuŋ ɛ,,,,,1093
buru,βu ɾ u,,,,,1094
butora,βuto ɾ a,,,,,1095
nacha,,,,,,1095
buatwa,βwatwa,shikwa,kt,be arrested,v,1096
buatwa,βwatwa,naswa,kt,be trapped,v,1097
buatwa,βwatwa,guiwa,kt,to be overtaken,v,1098
buatwa,βwatwa,,,,,1099
buenia,βw ɛ nia,suluhisha,kt,solve or find a solution to a problem,v,1100
resolve,,ponya,kt,cure,v,1100
buereka,βw ɛɾɛ ka,pasuka,kt,burst,v,1101
come,,,,,,1101
ateka,,,,,,1101
bueri,βw ɛɾ i,,,,,1102
bueria,βw ɛɾ ia,rarua,kt,tear,v,1103
bu’eria,βwe ɾ ia,moja yao,kv,one of them,adj,1104
buoge,βwo ɣ e,,,,,1105
"on,",,,,,,1105
buonda,βw ɛ nda,jina la mtu mwanamme,nmn,a man’s name,n,1106
buone,βw ɔ n ɛ,k. kwangu,kh,marital home,prep,1107
buoo,βwo:,,,,,1108
buoro,βw ɔɾɔ,,,,,1109
not,,,,,,1109
buororo,βw ɔɾɔɾɔ,,,,,1110
simply,,,,,,1110
chaa,ʧ á :,dharau,kt,despise,v,1118
ogosiereria,,,,,,1118
chaana,,,,,,1118
chaeka,,,,,,1118
abachaaine,,,,,,1118
wadharaulianao,,,,,,1118
nyankwana,,,,,,1118
chaera,ʧ ae ɾ à,,,,,1119
chaua,ʧ auà,,,,,1120
cha | bi,ʧ a:β ʹ i,,,,,1121
chabitia,ʧ a:βitià,,,,,1122
chabiti: chabitania,ʧ a:βitanià,,,,,1123
chabiteria(appl,,,,,,1123
chabumba,ʧ aβumba,,,,,1124
to,,,,,,1124
chachana,ʧ a: ʧ anà,,,,,1125
bewail,,,,,,1125
chaka,ʧ á:kà,,,,,1126
commence,,,,,,1126
begin,,,,,,1126
chaka,,,,,,1126
resume,,,,,,1126
chakia,ʧ á:kià,,,,,1127
pioneer,,,,,,1127
chakia,ʧ á:kià,,,,,1128
chana,ʧ á:nà,omboleza,kt,condole,v,1129
agachana,,alilia,kt,he.she cried,v,1129
chana,ʧ a:nà,,,,,1130
"clean up. Roba gose roberia ebinto, gose enkwana. v. agachana",,alipanga,kt,he/she prepared,v,1130
chanera,ʧ ane ɾ à,,,,,1131
chanerana,,,,,,1131
chanda,ʧ a:ndà,,,,,1132
distress,,,,,,1132
annoy,,,,,,1132
chanda: chandeka,ʧ andekà,,,,,1133
sumbuka,,,,,,1133
chandera.,,dharaulia,kt,Despise at,v,1133
charara,ʧʹ a ɾ à ɾ à,ruka,kt,leap,v,1134
chaburuti,ʧ a:βu ɾ uti,,,,,1136
checha,ʧɛʧ à,,,,,1137
chechera,,,,,,1137
checherana(recip,,,,,,1137
chechia,,,,,,1137
checha :,ʧɛʧ à,kata,kt,cut,v,1138
chechana,,,,,,1138
chechua,,,,,,1138
checheria,ʧ e ʧ e ɾ ià,,,,,1139
checherania,,,,,,1139
chega,ʧ egà,,,,,1140
chena,ʧ enà,,,,,1141
chibiriria,ʧiꞵiɾi ɾ ia,,,,,1142
chichiro,ʧiʧiɾ o,,,,,1143
chichongorori,ʧiʧoŋoɾoɾ i,marupurupu,nmn,allowances,v,1144
chiera,ʧ iɛɾ a,,,,,1145
heller,,,,,,1145
c hieri,ʧieɾ i,fahari,nmn,bulls,n,1146
chigoti,ʧiɣo ti,,,,,1147
chigoree,ʧi ɣoɾɛ :,beberu,nmn,he goats,n,1148
chikagwa,ʧikaɣ wa,kahawa,nmn,coffee,n,1149
c hikiro,ʧikiɾ o,kilo,nmn,kilos,n,1150
chikiromita,ʧikiɾ omita,,,,,1151
chikobia,ʧikɔꞵ ia,,,,,1152
chikonosi,ʧ ik ɔ n ɔ si,mapindi,nmn,meanders,n,1153
chimbambo tindia .,ʧ imbambotindia,,,,,1155
inebriate,,,,,,1155
chimbanderana,ʧ imbande ɾ na,,,,,1156
chimbaa,ʧ imba:,,,,,1157
chimbaratero,ʧ imba ɾ ate ɾ o,nyayo,nmn,soles,n,1158
chimbata,ʧ imbata,,,,,1159
chimbe,ʧ imbe,,,,,1160
chimbeba,ʧ imb ɛꞵ a,,,,,1161
chimbera,ʧ imbe ɾ a,,,,,1162
chimbere,ʧ imb ɛ:ɾɛ,,,,,1163
chimbere,ʧi mb ɛɾɛ,kuma,nmn,vaginas,v,1164
chimbero,ʧ imbe ɾ o,,,,,1165
chimbese,ʧ imbese,,,,,1166
chimbia,ʧ imbia,,,,,1167
korodani,,,,,,1167
chimbisi,ʧ imbi:si,,,,,1168
chimbisi,ʧ imbisi,,,,,1169
chimbone,ʧ imb ɔnɛ,punje za mbarika,nmn,seeds of a tree,n,1170
chimbongi,ʧ imboŋi,vidungadunga,nmn,weevils,n,1171
chimboro,ʧ imb ɔɾɔ,,,,,1172
chimboro,ʧ imbo ɾ o,,,,,1173
chunusi,,,,,,1173
chimbu,ʧ imbu,hulka,nmn,characteristics,n,1174
chimbwatereria,ʧ imbwate ɾ e ɾ ia,,,,,1175
vijisababu,,,,,,1175
chimengere,ʧ im ɛ ŋ ɛɾɛ,,,,,1176
chinchara,ʧ in ʧ a ɾ a,kucha,nmn,nails,n,1177
chinchigiri,ʧin ʧiɣiɾ i,,,,,1178
chinchoke,ʧinʧ oke,,,,,1179
chinchoroko,ʧinʧoɾ oko,choroko,nmn,pigeon peas,n,1180
chinchugu,ʧinʧuɣ u,njugu,nmn,groundnuts,n,1181
chinda,ʧ inda,,,,,1182
chindachia’amagoro,ʧindaʧiamaɣoɾ o,tekenye,nmn,jiggers,n,1183
chindenda,ʧind ɛ nda,udenda: udelele,nmn,drool,n,1184
chindengari,ʧi nd ɛ ŋa ɾ i,kizunguzungu,nmn,haze:dizziness,n,1185
chindengeri,ʧ ind ɛ ŋ ɛɾ i,hisia,nmn,senses,n,1186
chindo,ʧ indo,simba,nmn,lions,n,1187
chindoso,ʧ indoso,,,,,1188
mzingo,,,,,,1188
chindoteri,ʧ ind ɔ t ɛɾ i,,,,,1189
jonzi,,,,,,1189
chindoti,ʧ ind ɔ ti,,,,,1190
fahamu,,,,,,1190
chindoto,ʧ ind ɔtɔ,ndoto,nmn,dreams,n,1191
ching’ateri,ʧ iŋgate ɾ i,,,,,1192
uraibu,,,,,,1192
mazingaombwe,,,,,,1192
conjuring,,,,,,1192
chingabo,ʧ iŋa ꞵ o,vinyweleo,nmn,pores,n,1193
aase,,,,,,1193
chingamia,ʧ iŋamia,ngamia,nmn,camels,n,1194
chingatare,ʧ iŋata ɾɛ,pingu,nmn,handcuffs,n,1195
ching’enang’eni,ʧ iŋg ɛ naŋg ɛ ni,nyota,nmn,stars,n,1196
chingeni,ʧ iŋeni,,,,,1197
ching’eni,ʧ iŋg ɛ ni,mboga,nmn,vegetables,v,1198
chinget i,ʧiŋɛ ti,makende,nmn,testicles,n,1199
chingeti,ʧ iŋeti,viwavi,nmn,caterpillars,n,1200
chingi,ʧ iŋi,nzi,nmn,houseflies,n,1201
chingiki,ʧ iŋiki,kunyanzi,nmn,wrinkles,n,1202
chingo,ʧiŋɔ,,,,,1203
chingobi,ʧiŋoꞵ i,,,,,1204
ching’ondi,ʧ iŋg ɔ ndi,kondoo,nmn,sheep,n,1205
chingoko,ʧ iŋ ɔ k ɔ,kuku,nmn,chicken,n,1206
chinkungu,ʧ inkuŋu,za kike,nmn,female,n,1207
chingote,ʧ iŋote,,,,,1208
chingunenki,ʧ iŋun ɛ nki,mnyambuliko,nmn,concatenation of words,n,1209
chinguru,ʧ iŋu ɾ u,,,,,1210
power,,,,,,1210
chinkegeta,ʧ ink ɛɣɛ ta,,,,,1211
excessive,,,,,,1211
chinko,ʧ inko,kuni,nmn,firewood,n,1212
chinkongori,ʧ inkoŋo ɾi,kama kizunguzungu,nmn,dizziness,n,1213
chinkongoro,ʧi nkoŋo ɾ o,maneno ya kuropoka,nmn,blather,n,1214
chinkoro,ʧ inko ɾ o,,,,,1216
nzee,,,,,,1216
chinkuma,ʧ inkuna,uvumi,nmn,rumour,n,1217
chinsabaro,ʧ insa ꞵ a ɾ o,panda,nmn,branch,n,1218
chinsaga,ʧ insa ɣ a,,,,,1219
mchunga,,,,,,1219
chinsago,ʧ insa ɣ o,,,,,1220
chinsanako,ʧ insanako,,,,,1221
chinsengekeri,ʧ ins ɛ ŋ ɛ k ɛɾ i,alama za usemi,nmn,quotation marks,n,1222
chinsisimori,ʧ insisimo ɾ i,alama za mshangao,nmn,exclamation marks,n,1223
chinsoko,ʧ ins ɔ k ɔ,,,,,1224
chinsue,ʧ inswe,samaki,nmn,fish,n,1225
chintacho,ʧ inta ʧɔ,mateke,nmn,kicks,n,1226
eng’ombe,,,,,,1226
chintaka,ʧ intaka,maskini,nmn,poor,n,1227
chintakana,ʧ intakana,,,,,1228
chintamani,ʧ intamani,,,,,1229
chintambe,ʧ intambe,,,,,1230
chintamerana,ʧi ntame ɾ ana,kisingizio,nmn,blame,n,1231
c hinteri,ʧ int ɛɾ i,shada,nmn,tassel,n,1232
chintigatigi,ʧ inti ɣ at iɣi,makwapa,nmn,armpits,n,1233
chintogeri,ʧ int ɔɣɛɾ i,ufupisho,nmn,abbreviations,n,1234
chinyeni,ʧi ɲ eni,mboga,nmn,vegetables,n,1235
chinyia,ʧiɲ ia,,,,,1236
chisuse,ʧ isuse,,,,,1237
chinyinti,ʧiɲ inti,ufizi,nmn,palate,n,1238
chinyonga,ʧiɲɔ ŋa,matako,nmn,buttocks,n,1239
chinyongo,ʧiɲ oŋo,,,,,1240
chirumba,ʧiɾ umba,furungu,nmn,anklet,n,1241
chisemi,ʧ is ɛ mi,,,,,1242
ujuzi,,,,,,1242
know,,,,,,1242
skills,,,,,,1242
chisiko,ʧ isiko,visu vya kukatia nyasi,nmn,sickles,n,1243
chisogisi,ʧ is ɔɣ isi,soksi,nmn,socks,n,1244
chisokono,ʧ isokono,mtindi,nmn,sour milk,n,1245
chiunante,ʧ iunante,kilinge,nmn,rigmaroles,n,1246
chiirore,ʧ i: ɾ o ɾ e,zisahihishe,kt,correct them,v,1247
chikonini,ʧ ikonini,,,,,1248
china,ʧ i:na,,,,,1249
china,ʧ i :na,,,,,1250
egkr,,,,,,1250
chiombera,ʧi ombe ɾ a,,,,,1251
chingundo,ʧ iŋundo,,,,,1252
chiria,ʧiɾ ia,hula,kt,"they eat,",v,1253
chiria,ʧiɾ ia,,,,,1254
chirore,ʧiɾoɾ e,chungu,kt,become bitter,v,1255
chirore,ʧiɾɔɾɛ,,,,,1256
chirore,ʧiɾɔɾɛ,,,,,1257
choba,ʧɔꞵ a,,,,,1258
nyemelea,,,,,,1258
move,,,,,,1258
chochonia,ʧoʧ onia,,,,,1259
pick,,,,,,1259
pluck little by little v. imokia geke geke.,,,,,,1259
choka,ʧɔ ka,,,,,1260
roberia,,,,,,1260
beka,,,,,,1260
chokera,,,,,,1260
choka,ʧ oka,,,,,1261
okwaa,,,,,,1261
chokera,,,,,,1261
chonoka,ʧ onoka,,,,,1262
chonokia,,,,,,1262
choi,ʧ oi,,,,,1263
seldom,,,,,,1263
choria,ʧɔɾi a,toa matusi,kt,abuse,v,1264
watusianao,,,,,,1264
abanto bakoramana batari na masikani na kegori. ekeio egesaku getari na roreria rokanyeku . chorania,,io egesaku getari na roreria rokanyeku . chorania / ʧɔɾ ania/. egkr . toleana matusi,kt,abuse each other,v,1264
chororia,ʧɔɾɔɾ ia,,,,,1265
abagochororania,,,,,,1265
chuania,ʧ wania,,,,,1266
chwaneria,,,,,,1266
c huanokia,ʧ wanokia,peleka upesi sana,kt,take quickly,v,1267
siarokia,,,,,,1267
chuata,ʧ wata,,,,,1268
chwatera,,,,,,1268
chueria,ʧ w ɛɾ ia,pasua,kt,to split,v,1269
chwereria,,,,,,1269
eanga,eaŋa,,,,,1275
eangoie,eaŋoie,,,,,1276
eayererie,ea ȷ e ɾ e ɾ ie,jiharakishe,kt,hurry (yourself) up,v,1277
eangoie,,,,,,1277
eba,e ꞵ a,sahau,kt,forget,v,1278
ebachua,eβa ʧ wa,nyonga,nmn,thigh,n,1279
ebakora . ekerobo,eβak ɔɾ aeke ɾ o ꞵ o,robo / eβak ɔɾ aeke ɾ o ꞵ o / . ert. mvinje,nmn,cypress,n,1280
cupressus,,,,,,1280
ebakuri,eβaku ɾ i,bakuli,nmn,dish,n,1281
ebara,eβa ɾ a,aina ya mchanga unaolambwa na mifugo,nmn,"crude salt, form of soil found in luoland used as animal feed",n,1282
ebarara,eβa ɾ a ɾ a,kwarara,nmn,Ibis,n,1283
ebarare .,eβa ɾ a ɾɛ,mmoja kwa mapacha waliozaliwa wane,nmn,Quadruplet,n,1284
chibarare,,,,,,1284
ebarate,eβa ɾ ate,1. mkuki mrefu,nmn,long spear,n,1285
ebaratero,eβa ɾ ate ɾ o,1. mahali wasichana watahiriwa walitulia,nmn,"isolation, resting place for female initiates",n,1286
engaki,,,,,,1286
ebarimo,eβa ɾ imo,mwendawazimu,nmn,"madman, lunatic",n,1287
ebasueti,eβasweti,chatu,nmn,python,n,1288
ebate,ʹ eβat ɛ,bonde,nmn,valley,n,1289
ebate,eβ ʹ at ɛ,,,,,1291
eberebencha,eβe ɾ r ꞵ en ʧ a,,,,,1292
kipengee,,kijijini,nmn,pathway,n,1292
ebesa,eβ ɛ sa,pesa,nmn,money,n,1293
ebia -,eβia,vyao,nmn,theirs,n,1294
ebiabo,,vyao,nmn,theirs,n,1294
ebiaino,,vyenu,nmn,yours,n,1294
ebiane,,,,,,1294
ebiara,eβ ʹ ia ɾ a,huzaa,kt,it calfs,v,1295
enyora,,,,,,1295
ebiare,eβ ʹ ia ɾ e,azae,kt,it calfs,v,1296
ebiare,eβia ɾɛ,vizazi,nmn,generations,n,1297
ebiateko,eβiateko,"mikasa, milipuko",nmn,outbreak,n,1298
ebibe,eβi ꞵ e,,,,,1299
ebibengi,eβi ꞵ e ŋ i,,,,,1300
ebibese,eβi ꞵ ese,,,,,1301
wet,,,,,,1301
ebibibo,eβi ꞵ iꞵ o,,,,,1302
ebibiserero,eβi ꞵ ise ɾ e ɾ o,,,,,1303
ebicharichi,eβi ʧ a ɾ i ʧ i,,,,,1304
ebichege,eβi ʧɛɣɛ,chunjua,nmn,warts,n,1305
ebichingiriri,eβi ʧ iŋi ɾ i ɾ i,,,,,1306
ebichuni,eβi ʧ uni,,,,,1307
ebichunchugo,eβi ʧ un ʧ u ɣ o,,,,,1308
ebichure,eβi ʧ u: ɾɛ,,,,,1309
ebichwati,eβi ʧ wati,,,,,1310
ebiene,eβi ɛ n ɛ,,,,,1311
truth,,,,,,1311
ebiene,eβiene,butu,nmn,piece,n,1312
ebieni . chinyeni,eβieni ʧ i ɲ eni,,,,,1313
ebieni,eβieni,sura,nmn,looks,n,1314
ebierwa,eβi ɛɾ wa,,,,,1315
ebigeri,eβi ɣɛɾ i,jasho,nmn,sweat,n,1316
ebigokoro,eβi ɣɔ k ɔɾɔ,,,,,1317
ebigoro,eβi ɣ o ɾ o,,,,,1318
ebigoti,eβi ɣɔ ti,shingo,nmn,neck,n,1319
ebiikaransero,eβi:ka ɾ anse ɾ o,,,,,1320
ebiikaranso,eβi:ka ɾ anso,,,,,1321
ebiikaro,eβi:ka ɾ o,,,,,1322
ebikaani,eβika:ni,mti wa dawa,nmn,a type of herb,n,1323
ebikamago,eβikama ɣɔ,"makoongo, mashimo ya kupanda",nmn,holes dug for planting seeds,n,1324
ebike,eβik ɛ,,,,,1325
e bikerenyeri,eβik ɛɾɛɾ i,,,,,1326
ebikene,eβik ɛ n ɛ,sokwe,nmn,baboon,n,1327
e bikondo,eβik ɔ nd ɔ,,,,,1328
ebikone,eβik ɔ n ɛ,,,,,1329
ebikong’u,eβik ɔ ŋgu,,,,,1330
ebikorekanu,eβiko ɾ ekanu,,,,,1331
"halifu,",,,,,,1331
ebikoro,eβiko ɾʹ o,,,,,1332
ebikoro,eβiko ɾ o,,,,,1333
ebikorwa,eβik ɔɾ wa,,,,,1334
ebikungu,eβikuŋu,,,,,1335
ebimagani,eβima ɣ ani,visawe,nmn,synonyms,n,1336
ebimanyererio,eβima ɲ e ɾ e ɾ io,,,,,1337
ebimeri,eβim ɛɾ i,,,,,1338
ebimero,eβime ɾ o,,,,,1339
ebimincha,eβimin ʧ a,,,,,1340
ebiminchani,eβimin ʧ ani,vinyume,nmn,antonyms,n,1341
ebiminyo,e β imi ɲ o,,,,,1342
ebimisu,e β imisu,,,,,1343
ebimo,e βi m ɔ,,,,,1344
ebimocho,e β im ɔʧɔ,,,,,1345
ebimoni,eβimoni,,,,,1346
ebinera,eβin ɛ : ɾ a,,,,,1347
ebindogoria,eβindo ɣɔɾ ia,,,,,1348
ebiteng’e,eβit ɛ ŋg ɛ,mijilundi,nmn,slender feet,n,1349
ebinto,eβinto,,,,,1350
wealth,,,,,,1350
ebinyegera,eβi ɲɛɣɛɾ a,minyoo,nmn,worms,n,1351
e bionabio,eβiona ꞵ io,,,,,1352
ebioyi,eβioji,,,,,1353
ebiososu,eβios ɔ su,,,,,1354
ebioto,eβi ɔ t ɔ,,,,,1355
ebiototeria,eβi ɔ t ɔ t ɛɾ ia,,,,,1356
ebioyi,eβioji,kata kiu,kt,quench thirst,v,1357
ebiramo,eβi ɾ am ɔ,matusi au makuruhi,nmn,insult,n,1358
ebirato,eβi ɾ ato,viatu,nmn,shoes,n,1359
ebirecha,eβi ɾ e ʧ a,mapepo,nmn,demons,n,1360
ebiringani,eβi ɾ iŋani,biringanya,nmn,egg plant,n,1361
ebirore,eβi ɾɔɾɛ,1. miwani,nmn,spectacles,n,1362
ebirwanero,eβi ɾ wane ɾ o,silaha,nmn,weapons,n,1363
ebisaku,eβisaku,,,,,1364
ebisambeba,eβisambe ꞵa,,,,,1365
ebisamunye,eβisamu ɲ e,,,,,1366
ebisamusero,eβisamuse ɾ o,,,,,1367
ebisara,eβisa: ɾ a,1. vidondo,nmn,kindlings,n,1368
ebisara,eβisa ɾ a,1.ncha 2. mchonge. 3. kilele,nmn,apex,n,1369
ebisarara,eβisa ɾ a ɾ a,,,,,1370
ebisase,eβisase,,,,,1371
ebisasimero,eβisasime ɾ o,,,,,1372
ebisembe,eβisembe,,,,,1373
ebisena,eβisena,,,,,1374
ebisengere,eβiseŋe ɾ e,,,,,1375
ebisegenyi,eβis ɛɣɛɲ i,,,,,1376
ebisero,eβis ɛɾɔ,,,,,1377
ebisibi,eβisi: ꞵi,,,,,1378
ebisi,eβisi,zamu,nmn,duty: lot : turns,n,1379
ebisiekero,eβisieke ɾ o,,,,,1380
"gate’,",,,,,,1380
ebisieri,eβisie ɾ i,milango,nmn,doors,n,1381
ebisima,eβisima,visima,nmn,wells,n,1382
ebisimba,eβisimba,,,,,1383
ebisiriri,eβisi ɾ i ɾ i,,,,,1385
ebisisa,eβisisa,1.upele,nmn,scabies,n,1386
ebisoero,eβis ɔɛɾɔ,,,,,1387
ebisogora,eβiso ɣ o ɾ a,,,,,1388
ebisokera,eβisike ɾ a,,,,,1389
ebisokero,eβis ɔ :k ɛɾɔ,,,,,1390
ebisona,eβisona,,,,,1391
ebisono,eβis ɔ n ɔ,,,,,1392
ebisonsogoro,eβisonso ɣ o ɾ o,,,,,1393
ebisora,eβis ɔɾ a,,,,,1394
ebisukari,eβisuka ɾ i,,,,,1395
ebisumwa,eβisumwa,,,,,1396
ebisunkeri,eβisunke ɾ i,adhifari,nmn,foul body smell,n,1397
ebitabane,eβita ꞵ an ɛ,"tarakimu, sehemu za nambari",nmn,fractions,n,1398
ebitabaranye,eβita ꞵ a ɾ a ɲɛ,,,,,1399
ebitabo,eβita ꞵ o,,,,,1400
ebitaboramato,eβita ꞵ o ɾ amato,,,,,1401
ebitago,eβita ɣɔ,,,,,1402
ebitamase,eβitamase,,,,,1403
ebitamero,eβitame ɾ o,,,,,1404
vizingizio,,,,,,1404
ebitanko,eβitank ɔ,,,,,1405
ebitangisi,eβitaŋisi,ufupisho,nmn,abbreviations,n,1406
ebitaratara,eβita ɾ a ɾ a,makubazi,nmn,slippers,n,1407
ebitare,eβita ɾɛ,,,,,1408
ebitarenge,eβita: ɾɛ ŋɛ,,,,,1409
ebite,eβite,vijiti,nmn,sticks,n,1410
ebitega,eβit ɛɣ a,,,,,1411
ebitege,eβit ɛɣɛ,1. ekr. matege,kv,bow-legged,adj,1412
ebitena,eβite:na,1 . maneno matupu (bila vitendo),nmn,lipservice:empty talk,n,1413
ebiteng’e,eβit ɛŋgɛ,dhaifu,nmn,kv weak,n,1414
ebitengeri,eβitiŋe ɾ i,,,,,1415
ebiteni,eβiteni,vidondo,nmn,scraps of firewood,n,1416
ebitete,eβit ɛ :t ɛ,,,,,1417
ebitigari,eβiti ɣ a ɾ i,"mabaki, masalio,makombo(chakula), vilivyobaki",kv,"remains, leftovers, remnants",adj,1419
ebiting’u,eβitiŋgu,,,,,1420
ebitiro,eβiti ɾ o,,,,,1421
ebitoche,eβit ɔʧɛ,,,,,1422
ebitongua,eβitoŋwa,,,,,1423
ebitono,eβitono,,,,,1424
ebitono,eβit ɔ :n ɔ,,,,,1425
ebitororia,eβit ɔɾɔɾ ia,machachari. futuhi,nmn,comedy,n,1426
ebitotia,eβit ɔ tia,matongo,nmn,"tears,discharge from eyes",n,1427
ebitosi,eβit ɔ si,,,,,1428
ebitu,eβitu,,,,,1429
ebitugi,eβitu ɣ i,,,,,1430
ebituma,eβituma,,,,,1431
ebiture,eβitu ɾ e,,,,,1432
ebitureraigoro,eβitu ɾ e ɾ ai ɣ o ɾ o,,,,,1433
e bituarero,eβitwa ɾ e ɾ o,1. milki,nmn,possession,n,1434
ebituatua,eβitwatwa,aya,nmn,paragraphs,n,1435
ebiya,eβija,vizuri,nmn,good,n,1437
ebiyia,eβijia,,,,,1438
ebosi,eβosi,"nyweleo, kitundu kidogo",nmn,pore,n,1439
eboya,eβoja,kipara,nmn,baldness,n,1440
ebuga,eβu ɣ a,,,,,1441
buruma,,,,,,1441
ebundo,eβundo,tope,nmn,clay,n,1442
e bunge,eβuŋ ɛ,bunge,nmn,parliament,n,1443
etureti ya kebaki,eβu ɾ etijake ꞵ aki,Septemba,nmn,September,n,1444
eburi,eβu ɾ i,,,,,1445
egekengero,,,,,,1445
eburuburu,eβu ɾ u ꞵ u ɾ u,,,,,1446
ghasia,,,,,,1446
conflict,,,,,,1446
ebuta,eβuta,mkesho,nmn,vigil,n,1447
ebutore,eβuto ɾ e,jikate,kt,cut yourself,v,1448
ebutorane,,,,,,1448
ebuagi,eβwa ɣ i,Juni,nmn,June,n,1449
echae,e ʧ ae,mchai,nmn,tea plant,n,1450
chagara,e ʧ a ɣ a ɾ a,mbacha: kilichozeeka,nmn,kv old tool,n,1452
echenge,e ʧ e:ŋe,,,,,1453
echenge,e ʧ e:ŋe,,,,,1454
echobo,e ʧɔ ꞵ ɔ,,,,,1455
echongerio,e ʧ oŋe ɾ io,"1. kejeli, shutumu, tia waa",nmn,mockery,n,1456
echongerie,e ʧ oŋe ɾ ie,,,,,1457
echore,e ʧ o ɾɛ,jichague,kt,select yourself,v,1458
echorere,,jichagulie,kt,select for yourself,v,1458
echororio,e ʧ o ɾ o ɾ io,,,,,1459
libel,,mzaha,nmn,joke,n,1459
echorua,e ʧɔ : ɾ wa,taji,nmn,crown,n,1460
echuge,e ʧ u ɣ e,,,,,1461
echuma,e ʧ uma,1. chuma n. metal n. ekioma gekoroserigwa ebinto ebikon’gu kerage 2. juma,nmn,week,n,1462
echuni,e ʧ uni,makungu,kv,roar,v,1463
echurubei,e ʧ u ɾ u ꞵ ei,yavuyavu,nmn,"watery, sponge",n,1464
echuene,e ʧ w ɛ n ɛ,mtu hodari kwa kutenda mabaya,kv,an expert in vice,v,1465
eembokerana,e:mboke ɾ ana,zomeana kwa muda,kt,quarrel for a while,v,1466
eera,ɛ : ɾ a,hela,nmn,cent: heller (Germany),n,1467
e|eri,e: ɾ i,ndume,nmn,bull,n,1468
e|ero,e: ɾ o,baraza,nmn,sitting room,n,1469
e|etanaano,e:tanano,mzungusho,nmn,circulation,n,1470
e|etanie,e:tanie,,,,,1471
jitenganishe,,,,,,1471
egambo,e ɣ ambo,maongezi,nmn,a talk,n,1472
eganga,e ɣ aŋa,,,,,1473
lengo,,,,,,1473
nia,,,,,,1473
objective,,,,,,1473
goal,,,,,,1473
egechachaka,e ɣ e ʧ a ʧ aka,unyende,nmn,shriek,n,1474
egechambura,e ɣ e ʧ ambu ɾ a,1. zambarau,nmn,java plum,n,1475
egechabero,e ɣ a ʧ a ꞵ e ɾ o,,,,,1476
egechachano,e ɣ e ʧ a ʧ an ɔ,"piga kite, koroma,gumia",nmn,groan,n,1477
egechaine,ɛɣɛʧ aine,kilembwekeza,nmn,great-great great grandchild,n,1478
egechanchabe,e ɣ e ʧ an ʧ a ꞵ e,"kichepe, tambara",nmn,rag,n,1479
egechara,e ɣ e ʧ a ɾ a,kucha,nmn,finger nail,n,1480
ebichara,,,,,,1480
egecharichi,e ɣ e ʧ a ɾ i ʧ i,tambara,nmn,rag,n,1481
egechembene,e ɣ e ʧ embene,kilembwe,nmn,great – great grandchild,n,1482
egechencheberi,e ɣ e ʧ en ʧ e ꞵ e ɾ i,kikojozi,nmn,bed-wetter,n,1483
egechere,e ɣ e ʧ e: ɾ e,,,,,1484
egechine,e ɣ e ʧ ine,makengeza,nmn,squint-eyed,n,1485
egecho .,ɛɣɛʧ o,1. chuki,nmn,hatred,n,1486
egechona,e ɣ e ʧ ona,,,,,1487
tundu,,,,,,1487
engoro,,,,,,1487
egechondo,e ɣ e ʧ o:ndo,,,,,1488
egechorio,ɛɣɛʧɔɾ i ɔ,matusi,nmn,abuse,n,1489
egechuchu,e ɣ e ʧ u ʧ u,kifaranga,nmn,chick,n,1490
egechukero,e ɣ e ʧ uke ɾ o,bahili,nmn,miser,n,1492
egechume,e ɣ e ʧ ume,mkingabale,nmn,jimson weed. datura arborea.datura stramonium,n,1493
egechunchugo,e ɣ e ʧ un ʧ u ɣ o,,,,,1495
chujio,,,,,,1495
egechuni,e ɣ e ʧ uni,mdudu,nmn,insect,n,1496
egechure,e ɣ e ʧ u: ɾɛ,swara,nmn,antelope,n,1497
egechwati,e ɣ e ʧ wati,tambara,nmn,rag,n,1498
egechwechwe,e ɣ e ʧ we ʧ we,kwenzi:sauti ya watu itokanayo na vita au kifo,nmn,commotion,n,1499
egeichorio,e ɣ ei ʧ o ɾ io,nyongeza,nmn,additional,n,1500
egeikaranso,e ɣ eika ɾ ans ɔ,kikao,nmn,"seating, congregation",n,1501
egeikaransero,e ɣ eika ɾ anse ɾ o,kikalio,nmn,seat,n,1502
egeikaro,e ɣ eika ɾɔ,,,,,1503
ngurunga,,,,,,1503
egeiku,e ɣ eiku,shaibu,nmn,a very old man,n,1504
egeitubo,e ɣ eitu ꞵ o,vazi,nmn,cloth,n,1505
egeka,e ɣ eka,egesha,kt,park,v,1506
egeke,ɛɣɛ k ɛ,kidogo,kv,small,v,1507
egekengererio,e ɣ ekeŋe ɾ e ɾ io,ŋe ɾ e ɾ io/. ert. kikingio,nmn,shed,n,1508
egeki,e ɣ eki,mshipa kuumeni,nmn,penis muscle,n,1509
egekoba,ʹɛɣɛ k ɔ ꞵ ɔ,mdomo,nmn,lip,n,1510
egekobo,ɛɣɛ k ʹɔ : ꞵ ɔ,msindikizo,nmn,escort,n,1511
egekoe,ɛɣɛ k ɔɛ,bweta,nmn,hiccup,n,1512
egekogera,ɛɣɛ k ɔɣɛɾ a,,,,,1513
kusudi,,,,,,1513
egekondo,ɛɣɛ k ɔ nd ɔ,,,,,1514
egekone,ɛɣɛ k ɔ n ɛ,muujiza,nmn,miracle,n,1516
egekongo,ɛɣɛ k ɔ ŋ ɔ,tawi lililobaki baada ya kukatwa,nmn,stump,n,1517
egekong’u,ɛɣɛ k ɔ ŋgu,kigumu,kv,"hard, tough, difficult",adj,1518
egekorekanu,e ɣ eko ɾ ekanu,,,,,1519
kilichokangayika(na),,,,,,1519
egekori,ɛɣɛ k ɔɾ i,kitokono,nmn,coccyx,n,1520
egekoro,ʹ e ɣ eko ɾ o,,,,,1521
egekoro,e ɣ ek ʹ o ɾ o,,,,,1523
tari,,,,,,1523
egekorwa,ɛɣɛ k ɔɾ wa,,,,,1524
egekuba,e ɣ eku ꞵ a,1. kifua,nmn,chest,n,1525
egekuguche,e ɣ eku ɣ u ʧ e,kifukofuko,nmn,"cocoon,worm nest",n,1526
egekunekero,e ɣ ekuneke ɾ o,kifuniko,nmn,lid,n,1527
egekuneko,e ɣ ekuneko,kifuniko,nmn,lid,n,1528
egekunekero,,,,,,1528
e gekungu,e ɣ ekuŋu,1. jike,nmn,female,n,1529
e gekuro,e ɣ eku ɾ o,yowe,nmn,scream,n,1530
egena,e ɣ ena,,,,,1531
amini,,,,,,1531
egene,e ɣ ene,,,,,1532
aamini,,,,,,1532
eg ento,e ɣ ento,kitu,nmn,thing,n,1533
egetuatua,e ɣ etwatwa,aya,nmn,paragraph,n,1534
egera,e ɣ e ɾ a,jifunze,kt,learn,v,1535
egera,ɛɣɛɾ a,hupima,kt,it measures,v,1536
egesa,e ɣ esa,,,,,1537
egesabo,e ɣ esa,tawi,nmn,branch,n,1538
egesaisero,e ɣ esaise ɾ o,kirimba,nmn,basket for chicks,n,1539
egesaku,e ɣ esaku,1. mlango wa kulia wa sebule,nmn,door in the sitting room,n,1540
namna,,,,,,1540
aina,,,,,,1540
type,,,,,,1540
breed,,,,,,1540
egesambeba,e ɣ esamb ɛ ꞵ a,panya,nmn,tree dormouse,n,1541
egesami,e ɣ esami,kengewa,nmn,eagle,n,1543
egeke,,mwewe,nmn,hawk,n,1543
egesamunye,e ɣ esamu ɲ e,obk. chembelele,nmn,piece,n,1544
egesamusero,e ɣ esamuse ɾ o,ebisamusero obn.. chujio,nmn,filter,n,1545
e gesangere,e ɣ esaŋe ɾ e,kipopo,nmn,jointly: en masse,adj,1546
egesanko,e ɣ esank ɔ,nyumba ya kiwavi,nmn,"house, scalp",n,1547
e gesantare,e ɣ esanta ɾɛ,chungwa,nmn,orange,n,1548
rire,,,,,,1548
egesany i,e ɣ esa ɲ i,wayo,nmn,sole,n,1549
egesara,e ɣ es ʹ a: ɾ a,kidondo,nmn,kindling,n,1550
egesara,e ɣ esa ɾ a,kilele,nmn,apex,n,1551
egesarara,e ɣ esa ɾ a ɾ a,kichaka,nmn,bush,n,1552
egesase,e ɣ esase,panzi,nmn,grasshopper,n,1553
egesasimero,e ɣ esasime ɾ o,,,,,1555
kanisa,,,,,,1555
altari,,,,,,1555
altar,,,,,,1555
egesasimo,e ɣ esasimo,ibada,nmn,mass,n,1556
egesembe,e ɣ esembe,,,,,1557
waa,,,,,,1557
mottled,,,,,,1557
egesembe,e ɣ esembe,,,,,1558
egesegesa,ɛɣɛ s ɛɣɛ sa,,,,,1559
talkative,,,,,,1559
egesena,e ɣ esena,kimori,nmn,apron covering private parts,n,1560
egesengere,e ɣ eseŋe ɾ e,makubaliano ya mahari,nmn,dowry agreement,n,1561
egesengereri,ɛɣɛ s ɛ ŋ ɛɾɛɾ i,,,,,1562
anayesengenya,,,,,,1562
egesegenyi,ɛɣɛ s ɛɲ i,kibanzi,nmn,speck,n,1563
egeseri,ɛɣɛ s ɛɾ i,1. kidazi,nmn,head-scar,n,1564
geseri,,,,,,1564
egesero,ɛɣɛ s ɛɾɔ,,,,,1565
hide,,,,,,1565
leather,,,,,,1565
egesero,e ɣ ese ɾ o,,,,,1566
sacrifice,,,,,,1566
egesero,ɛɣɛ s ɛɾɔ,,,,,1567
egesero,ɛɣɛ s ɛɾɔ,manii yasiyo na kizazi,nmn,infertile sperms,n,1568
e gesiantere,e ɣ esiante ɾ e,,,,,1569
mkozi,,,,,,1569
egesibi,e ɣ esi ꞵ i,kisozi,nmn,sun bird,n,1570
e gesieri,e ɣ esie ɾ i,mlango,nmn,door,n,1572
egesima,e ɣ esima,kisima,nmn,well,n,1573
e gesindereo,e ɣ esinde ɾ eo,sidiria,nmn,brassiere,n,1574
egesingororo,e ɣ esiŋo ɾ o ɾ o,mbayuwayu,nmn,swallow,n,1575
egesinsi,e ɣ esi:nsi,majimoto,nmn,little black ant,n,1576
egesio,e ɣ esio,neema: baraka,nmn,blessing,n,1577
e gesiosio,e ɣ esiosio,mbukulia,nmn,"chatterbox, gossip, scandalmonger",n,1578
egesiri,e ɣ esi: ɾ i,,,,,1579
kisagalima,,agalima,nmn,small hoe,n,1579
e gesiriri,e ɣ esi ɾ i ɾ i,chenene,nmn,cricket,n,1580
egesisa,e ɣ esisa,kipele,nmn,pustules,n,1582
egesisimori,e ɣ esisimo ɾ i,,,,,1583
alama,,za mshangao,nmn,exclamation marks,n,1583
egesoero,ɛɣɛ s ɔɛɾɔ,kiingilio,nmn,inlet,n,1584
esogisi,ɛ s ɔɣ isi,soksi,nmn,socks,n,1585
egesogora,e ɣ eso ɣ o ɾ a,kiguru,nmn,lame,n,1586
egesogoro,e ɣ eso ɣ o ɾ o,kimeta,nmn,anthrax,n,1587
egesokera,ɛɣɛ s ɔ k ɛɾ a,,,,,1588
mbuge,,,,,,1588
mlafi,,,,,,1588
egesokero,ɛɣɛ s ɔ k ɛɾɔ,,,,,1589
exit,,,,,,1589
egesokero,e ɣ esoke ɾ o,aibu,nmn,shame,n,1590
egesona,e ɣ esona,veranda,nmn,verandah,n,1591
egesongo,e ɣ esoŋo,,,,,1592
egesonkoirua,ɛɣɛ s ɔ nk ɔ i ɾ wa,,,,,1593
egesonkoinyua,ɛɣɛ s ɔ nk ɔ i ɲ wa,,,,,1594
egesono,ɛɣɛ s ɔ n ɔ,,,,,1595
gasono,a ɣ asono,,,,,1596
risono,ɾ isono,,,,,1597
ebisono,e ꞵ isono,,,,,1598
egesora,ɛɣɛ s ɔɾ a,kereng’ende,nmn,dragon fly,n,1600
egesori,ɛɣɛ s ɔɾ i,kijito,nmn,stream,n,1602
egesubaeri,e ɣ esu ꞵ ae ɾ i,faili ya kesi,nmn,case-file,n,1603
egesukera,e ɣ esuke ɾ a,,,,,1604
hypocrite,,,,,,1604
Egesunte egetang’ani,e ɣ esunte: ɣ etaŋgani,,,,,1605
Egesunte gia kabere,e ɣ esunte ɣ iaka ꞵ e ɾ e,,,,,1606
egesure,e ɣ esu ɾ e,,,,,1607
tuff,,,,,,1607
egesurura,e ɣ esu ɾ u ɾ a,,,,,1608
accacia,,,,,,1608
egesururu,e ɣ esu ɾ u ɾ u,mbayuwayu,nmn,swallows,n,1610
egesusu,e ɣ esusu,,,,,1612
hare n. egesusu gianka,,sungura,nmn,rabbit,n,1612
orosana,,sungura,nmn,hare,n,1612
egesusuro,e ɣ esusu ɾ o,adhabu,nmn,discipline,n,1613
egeswa ( ki’enyoni ),e ɣ eswa,kiota,nmn,nest,n,1614
egetabane,e ɣ eta ꞵ an ɛ,sehemu ya nambari,nmn,fraction,n,1615
egetabaranye,e ɣ eta ꞵ a ɾ a ɲɛ,sehemu ya nambari,nmn,fraction,n,1616
egetabigu,e ɣ eta ꞵ i ɣ u,,,,,1617
egetaboramato,e ɣ eta ꞵ o ɾ amato,popo,nmn,bat,n,1619
egetago,e ɣ eta ɣ o,kwato,nmn,hoof,n,1621
egetamase,e ɣ etamase,kovu,nmn,dot,n,1623
egetamero,e ɣ etame ɾ o,kisingizio: kijisababu,nmn,Excuse,n,1624
egetamo,e ɣ etamo,Machi,nmn,March,n,1625
egetangisi,e ɣ etaŋisi,mfupisho,nmn,abbreviation,n,1626
egetango,e ɣ etaŋ ɔ,,,,,1627
kizuizi,,,,,,1627
egetangora,e ɣ etaŋ ɔɾ a,chanja,nmn,rack,n,1628
egetanko,e ɣ etaŋk ɔ,kizinda,nmn,hymen,n,1629
egetantanio,e ɣ etantanio,kisingizio:kijisababu,nmn,excuse,n,1630
egetaratara,e ɣ eta ɾ ata ɾ a,kubazi,nmn,sandle,n,1631
egetare,e ɣ eta ɾɛ,mwamba,nmn,rock,n,1633
egetarenge,e ɣ eta ɾɛ ŋ ɛ,kifundo cha mguu,nmn,ankle,n,1634
egete,e ɣ ete,kijiti,nmn,stick,n,1635
egetete,ɛɣɛ t ɛ t ɛ,kitata,nmn,first aid splint,n,1636
egetebereria,ɛɣɛ t ɛ ꞵ ɛɾɛɾ ia,kielezi,nmn,adverb,n,1637
egetega,e ɣ ete ɣ a,kijungu,nmn,cooking pot,n,1638
egeteko,ɛɣɛ t ɛ k ɔ,mwinuko,nmn,slope,n,1640
egetembe,ɛɣɛ t ɛ mb ɛ,mchinjadamu,nmn,wild banana. ensete ventri-cosum,n,1641
egetemo,ɛɣɛ t ɛ :m ɔ,jaribio,nmn,trial,n,1643
egeteneneri,e ɣ etenene ɾ i,,,,,1644
egetengereri,ɛɣɛ t ɛ ŋ ɛɾɛɾ i,,,,,1645
egetengeri,ɛɣɛ t ɛ ŋ ɛɾ i,,,,,1646
egetengero,ɛɣɛ t ɛ ŋ ɛɾɔ,1 . kikindo nmn . observatory. vantange point for watching out for enemies aase omonto ateneine arore egento gete gose arore omobisa ert. 2. ulingo,nmn,scarecrow,n,1647
egeteni,ɛɣɛ t ɛ ni,kidondo,nmn,"firewood, kindling",n,1648
egeteni,e ɣ ete:ni,kidondo,nmn,a small stool,n,1649
egeterere,ɛɣɛ t ɛɾɛɾɛ,1 . aina ya ndege type of bird ebiterere obn.. enyoni eyemo egosoa ase emete ya abakengi . 2. ert. aina ya mti,nmn,a type of herb,n,1650
egeticha,e ɣ eti: ʧ a,kitalu,nmn,garden,n,1651
egetigari,e ɣ eti ɣ a ɾ i,,,,,1652
balance,,,,,,1652
egetinge,e ɣ etiŋ ɛ,mtali,nmn,anklet,n,1653
egetingiro,e ɣ etiŋi ɾ o,kisigino,nmn,heel,n,1654
egeting’u,e ɣ etie ŋ gu,thabiti,nmn,strong,adj,1655
egetininti,e ɣ etininti,kidogo ajabu,kv,tiny,adj,1656
egetinkinye,e ɣ etinki ɲɛ,ndege mwimbaji,nmn,warbler,n,1657
egetirero,e ɣ eti ɾ e ɾ o,ngazi,nmn,ladder,n,1659
egetirimboko,e ɣ eti ɾ imboko,1. mteremko,nmn,downslope,n,1660
egetiro,e ɣ eti ɾ o,1. mwinuko,nmn,uphill,n,1661
egetitira,e ɣ etiti ɾ a,mtutumo,nmn,tremor,n,1662
egetitiro,e ɣ etiti ɾ o,,,,,1663
mshindo,,,,,,1663
thud,,,,,,1663
egetocho,ɛɣɛ t ɔʧɔ,aina ya vazi,nmn,cloth,n,1664
egetogomera,ɛɣɛ t ɔɣɔ m ɛɾ a,,,,,1665
bopo,,,,,,1665
egetone,ɛɣɛ t ɔ n ɛ,kitone,nmn,dot,n,1666
egetesi,e ɣ et ɛ si,,,,,1667
egetong’o,ɛɣɛ t ɔ ŋ ɔ,chongo,nmn,one-eyed,n,1668
egetongwa,ɛɣɛ t ɔ :ŋwa,kiumbe,nmn,"creature, creation",n,1669
egetono,ɛɣɛ t ɔ n ɔ,,,,,1670
"nodule,",,,,,,1670
egetonto,e ɣ eto:nto,gugumua,nmn,reed grass,n,1671
egetoreka,e ɣ eto ɾ eka,mkurupuko,nmn,outbreak,n,1673
egiateko,,,,,,1673
egetoreka,e ɣ eto ɾ eka,mwatuko,nmn,explosion,n,1674
egetosi,ɛɣɛ t ɔ si,kiambishi,nmn,prefix or suffix,n,1675
bosio,,kiambishi cha mbele,nmn,suffix,n,1675
gati,,kiambishi cha kati,nmn,infix,n,1675
magega,,kiambishi cha nyuma,nmn,prefix,n,1675
egetu,e ɣ etu,,,,,1676
egetuba,e ɣ etu ꞵ a,hori,nmn,manger,n,1677
orotuba,,,,,,1677
egetubegi,e ɣ etu ꞵ e ɣ u,,,,,1678
case,,,,,,1678
egetugi,e ɣ etu ɣ i,kisiki,nmn,stump,n,1679
egetuma,e ɣ etu:ma,1. mhindi,nmn,maize,n,1681
egetuma,e ɣ etuma,kidokezo,nmn,hint,n,1682
egetumbe,e ɣ etu:mbe,,,,,1683
three-footed,,,,,,1683
egetume,e ɣ etume,,,,,1684
egetume ekeroria,e ɣ etume:eke ɾ oria,,,,,1685
egetunguo,e ɣ etuŋuo,kitunguu,nmn,onion,n,1686
mbariri,,,,,,1686
allium,,,,,,1686
egetunguonyantondo,e ɣ etuŋuoŋantondo,,,,,1688
allium,,,,,,1688
egetunua,e ɣ etunwa,mlima,nmn,mountain,n,1690
egeture,e ɣ etu ɾ e,kifaa kilichotengenezwa na mhunzi,nmn,tool.implement made by blacksmith,n,1691
egetureri,e ɣ etu ɾɛɾ i,mbiu,nmn,horn,n,1692
egeturi,e ɣ etu ɾ i,,,,,1693
kifaa,,cha mhunzi,nmn,blacksmith’s tool,n,1693
egianse,e ɣ ianse,ajuza,nmn,a very old woman,n,1694
egiata,e ɣ iata,nguli,nmn,"hero, champion",n,1695
egiataneneku,e ɣ iataneneku,,,,,1696
kerusananirie,,,,,,1696
egiateko,e ɣ iateko,mkasa,nmn,outbreak,n,1697
egetoreka,,,,,,1697
egingire,e ɣ iŋi ɾ e,jinyoe,kt,shave yourself,v,1698
egiosi,e ɣ iosi,mti wa dawa,nmn,a type of herb,n,1699
egiososu,e ɣ i ɔ s ɔ su,,,,,1700
egioto,e ɣ i ɔ t ɔ,chura,nmn,frog,n,1701
egiototeria,e ɣ i ɔ t ɔ t ɛɾ ia,,,,,1703
egogo,e ɣɔ : ɣɔ,kogo,nmn,occiput,n,1704
egonde,e ɣɔ nd ɛ,jamii,nmn,community,n,1705
egora,e ɣɔ : ɾ a,,,,,1706
egoree,e ɣɔɾɛɛ,beberu,nmn,billy-goat,n,1707
egoti,e ɣ o:ti,koti,nmn,coat,n,1708
egoti,e ɣɔ :ti,kilima cha majabali,nmn,rocky hill,n,1709
egurube,e ɣ u ɾ u ꞵ e,"kinikizo, mzigo",nmn,luggage,n,1710
eguasi,e ɣ wasi,bahati,nmn,birthright,n,1711
egwaya.,e ɣ waja,,,,,1712
eguayaresi,e ɣ waja ɾɛ si,redio,nmn,radio,n,1713
e gueng’i,e ɣ w ɛ ŋgi,sehemu,nmn,part,n,1714
eiki,eiki,chuma,nmn,week,n,1715
einyore,ei ɲ o ɾ e,jikumbuke,kt,rembember yourself,v,1716
einyorie,ei ɲ o ɾ ie,jikumbushe,kt,remind yourselve,v,1717
e ira,ei ɾ a,ahadi,nmn,promise,n,1718
eiranerie,ei ɾ ane ɾ ie,,,,,1719
eiro,ei ɾ o,,,,,1720
eite,eite,jiue,kt,kill yourself,v,1721
eitimo,eitimo,,,,,1722
eiyerie,eije ɾ ie,,,,,1723
ekabao,eka ꞵ ao,,,,,1724
e kagwa,eka ɣ wa,1. mkahawa,nmn,coffee plant,n,1725
ekamagani,ekama ɣ ani,shujaa,nmn,war hero,n,1727
ekamati,ekamati,wifi,nmn,sister-in-law,n,1728
ekenyaberi,eke ɲ a ꞵ e ɾ i,,,,,1729
ekanye,eka ɲɛ,keti,kt,sit,n,1730
ekeagera,ekea ɣ e ɾ a,agera / ekea ɣ e ɾ a/ . ert. chipukizi,nmn,shoot,n,1731
ekeandera,ekeande ɾ a,andera / ekeande ɾ a/. ert. 1. mlima mgumu kupanda. steepy hill. aase bn egetunwa kere akongu gotira gochia igoro . 2. shamba gumu kulimika. hard ground egetii kere egekongu korema. 3. jambo gumu kukamilisha,nmn,hard task,n,1732
ekearamba,ekea ɾ amba,"aramba / ekea ɾ amba/ . ert. nyigu, mavu",nmn,wasp,n,1733
ekebaga,eke ꞵ a ɣ a,baga / eke ꞵ a ɣ a/ . ert. paka,nmn,cat,n,1735
ekebaki,eke ꞵ aki,baki / eke ꞵ aki/ . ert. kipungu,nmn,kite,n,1736
ekebao,eke ꞵ a ɔ,"bao / eke ꞵ a ɔ / . ert. mvugulio,mwanya",nmn,"gap, lacuna",n,1737
ekebao,eka ꞵ ao,,,,,1738
ekebara,eke ꞵ a ɾ a,bara / eke ꞵ a ɾ a/ . ert. choo,nmn,toilet,n,1739
ekebara,eke ꞵ a: ɾ a,bara / eke ꞵ a: ɾ a/ . ert. ubale,nmn,piece,n,1740
ebibara,,,,,,1740
e kebarachi,eka ꞵ a ɾ a ʧ i,1. mbacha,nmn,old garment,n,1741
enkogoto,,,,,,1741
ekebaracho,eka ꞵa ɾ a: ʧɔ,,,,,1742
ekebaranye,eka ꞵ a ɾ a ɲɛ,baranye / eka ꞵ a ɾ a ɲɛ / . ert. sehemu ya nambari,nmn,fraction,n,1743
ekebate,eka ꞵ at ɛ,,,,,1744
ekebe,eke ꞵ e,"be / eke ꞵ e/ . 1. ekr. kiovu, kibovu, kibaya",kv,"bad, spoilt",adj,1745
ekebee,ɛ k ɛꞵ ɛ :,bee / ɛ k ɛꞵ ɛ :/ . ert. kushoto,nmn,left handed,n,1746
ekebenda,eke ꞵ enda,benda / eke ꞵ enda/. ert. kibofu,nmn,bladder (in female),n,1747
ekebendu,eke ꞵ endu,bendu / eke ꞵ endu/ . ert. kibete,nmn,dwarf,n,1748
ekemigi,,,,,,1748
ekebengi,eke ꞵ e ŋ i,bengi / eke ꞵ e ŋ i/ . ert. mbwa mwitu,nmn,wild-dog,n,1749
ekebera,ɛ k ɛꞵ ɛ : ɾ a,bera / ɛ k ɛꞵ ɛ : ɾ a/ . ert. mtoki,nmn,"inflamed gland, bubo",n,1750
ebibera,,,,,,1750
ekebese,eke ꞵ ese,,,,,1751
uncooked,,,,,,1751
ekebetererio,eke ꞵ ete ɾ e ɾ io,betererio / eke ꞵ ete ɾ e ɾ io/ . ert. mshurutisho,nmn,coercion,n,1752
ekebetete,eke ꞵ etete,betete / eke ꞵ etete/ . ert. shuri,nmn,a person with large buttocks,n,1753
ekebeya,eke ꞵ e:ja,beya / eke ꞵ e:ja/ . ert. kibatari,nmn,small oil lamp,n,1754
ekebibo,eke ꞵiꞵ o,bibo / eke ꞵiꞵ o/ . ekr. kigumu,nmn,hard,n,1755
ekebiriti,eke ꞵ i ɾ iti,biriti / eke ꞵ i ɾ iti/ . ert. kiberiti,nmn,match,n,1756
ekebisi,eke ꞵi si,bisi / eke ꞵi si/ . ert. zamu,nmn,duty,n,1757
ekeboocha,ɛ k ɛ ꞵ ɔ : ʧ a,boocha / ɛ k ɛ ꞵ ɔ : ʧ a/ . ert. kibofu,nmn,urinary bladder (in men),n,1758
riboocha,,,,,,1758
ekebochi,ɛ k ɛ ꞵ ɔʧ i,bochi / ɛ k ɛ ꞵ ɔʧ i/ . ert . mabotea,nmn,vegetables that grow without being planted,n,1759
ekebogambi,eke ɣ ambi,bogambi / eke ɣ ambi/ . ekr. kikiongozi,kv,acting like a leader,adj,1760
ekebondo,ɛ k ɛ ꞵ ɔ nd ɔ,bondo / ɛ k ɛ ꞵ ɔ nd ɔ /. ert. lengelenge,nmn,blister,n,1761
ekebono,ɛ k ɛ ꞵ ɔ n ɔ,bono / ɛ k ɛ ꞵ ɔ n ɔ / . ert. kiuno,nmn,waist,n,1762
ekeborongose,eke ꞵ o ɾ oŋose,borongose / eke ꞵ o ɾ oŋose/ . ert. viringe,nmn,being rounded.curved,n,1764
ekeburo,eke ꞵ u: ɾ o,buro / eke ꞵ u: ɾ o/. ert. kaa la kinywa,nmn,palate,n,1766
ekebusi,eke ꞵ usi,busi / eke ꞵ usi/ . ert. paka,nmn,cat,n,1767
ekebaga,,,,,,1767
eng’iti,,,,,,1767
ekebuta,eke ꞵ uta,,,,,1769
ekebutore,eke ꞵ uto ɾ e,,,,,1770
akabutore,ak aꞵ utore,kakipande,nmn,a small piece,n,1771
ekebuatania,eke ꞵ watania,,,,,1772
"igo,",,,,,,1772
ekebuatero,eke ꞵ wate ɾ o,,,,,1773
ekebwe,eke ꞵ we,bwe / eke ꞵ we/ . ert. mbweha,nmn,"fox, jackal",n,1774
ekebwore,eke ꞵ wo ɾ e,,,,,1775
ekeegwa,ɛ k ɛɣ wa,,,,,1776
ekeemba,ɛ k ɛ :mba,,,,,1777
ekeene,ɛ k ɛ :n ɛ,,,,,1778
ekeene,eke:ne,,,,,1779
‘Eye,,,,,,1779
ekeera,eke: ɾ a,,,,,1780
ekeera,eke: ɾ a,"era / eke: ɾ a/ . 1. ert. korota, forota, shida katika kupumua",nmn,"wheezing,breathing problem",n,1781
ekeerera,eke: ɾ e ɾ a,,,,,1782
ekeero,ɛ k ɛ : ɾɔ,,,,,1783
ekeerwa,ɛ k ɛ : ɾ wa,erwa / ɛ k ɛ : ɾ wa/ . 1. ert. chombo cha chakula,nmn,utensil,n,1784
ekegabanyama,eke ꞵ a ɣ a ɲ ama,gabanyama / eke ꞵ a ɣ a ɲ ama/ . ert. vunjajungu,nmn,praying mantis,n,1785
ekega ki’omogongo,eke ɣ aki ɔ m ɔɣɔ ŋ ɔ,,,,,1786
ekegacherero,eke ɣ a ʧ e ɾ e ɾ o,,,,,1787
ekegachero,eke ɣ a ʧ e ɾ o,,,,,1788
ekegambero,eke ɣ ambe ɾ o,,,,,1789
ekegambi,eke ɣ ambi,,,,,1790
ekegege,ɛ k ɛɣɛɣɛ,,,,,1791
kidurusi,,,,,,1791
ekegengero,ɛ k ɛɣɛ ŋ ɛɾɔ,,,,,1792
ekegeni,ɛ k ɛɣɛ ni,,,,,1793
kigeni,,,,,,1793
ekegerero,ɛ k ɛɣɛɾɛɾɔ,,,,,1794
ekegige nyakeburo,eki: ɣ o ɲ ake ꞵ u ɾ o,,,,,1795
ekeginga,eke ɣ iŋa,,,,,1796
ekegima,eke ɣ ima,,,,,1797
ekegionkorio,eke ɣ i ɔ n ɔɾ i ɔ,,,,,1798
ekegobio,ɛ k ɛ ꞵ ɔɣ i ɔ,,,,,1799
ekegoborero,ɛ k ɛɣɔ ꞵ ɔɾɛɾɔ,,,,,1800
ekegochobe,eke ɣ o ʧ o ꞵ e,,,,,1801
amamira,,,,,,1801
ekegogwa,eke ɣ o ɣ wa,gogwa / eke ɣ o ɣ wa/ . ert. chepeo,nmn,cap,n,1802
ekegokoro,ɛ k ɛɣɔ k ɔɾɔ,,,,,1803
ekegonko,ɛ k ɛɣɔ nk ɔ,gonko / ɛ k ɛɣɔ nk ɔ / . ert. kifaduro,nmn,whooping cough,n,1804
ekegonkoru,ɛ k ɛɣɔ nk ɔɾ u,,,,,1805
ekegora,eke ɣ o ɾ a,,,,,1806
ekegoro,eke ɣ o ɾ o,,,,,1807
ekegotu,ɛ k ɛɣɔ tu,,,,,1808
ekegubo,eke ɣ u ꞵ o,,,,,1809
ekeguku,eke ɣ uku,,,,,1810
ekegunchururu,eke ɣ un ʧ u ɾ u ɾ u,,,,,1811
ekegunchururu,eke ɣ un ʧ u ɾ u ɾ u,,,,,1812
ekegundo,eke ɣ undo,,,,,1813
Ekegusii,eke ɣ usi:,,,,,1814
ekeguy e,eke ɣ uje,,,,,1815
ekegwankwa,eke ɣ wankwa,gwankwa / eke ɣ wankwa/ . ert. kipepeo,nmn,butterfly,n,1816
ekegwekaine,eke ɣ wekaine,,,,,1817
ekegwekaine,eke ɣ wekaine,,,,,1818
ekegwesi,eke ɣ wesi,,,,,1819
ekegwori,eke ɣ wo ɾ i,,,,,1820
alama,,za mshangao,nmn,exclamation marks,n,1820
ekeie,ɛ k ɛ ie,,,,,1821
ekeigorero,ekei ɣ o ɾ e ɾ o,,,,,1822
ekeinyo,ekei ɲ o,,,,,1823
ekeinyo,ekei ɲ o,,,,,1824
ekeinyo,ekei ɲ o,,,,,1825
ekeinyosi,ekei ɲɔ si,inyosi / ekei ɲɔ si /. ert. anayenyambanyamba,nmn,he who farts oftenly,n,1826
ekeinyorio,ekei ɲ o ɾ io,"inyorio / ekei ɲ o ɾ io/ . ert. kumbukizi, kumbukumbu",nmn,remembrance,n,1827
ekeiririato,eke ɾ i ɾ iat ɔ,iririato / eke ɾ i ɾ iat ɔ / . ert. kigelegele,nmn,ululation,n,1828
ekeiyererio,ekeije ɾ e ɾ io,,,,,1829
ekemagani,ekema ɣ ani,magani / ekema ɣ ani/ . ert. kisawe,nmn,s ynonym,n,1830
ekemama,ekemama,mama / ekemama/ . ert. muujiza,nmn,miracle,n,1831
ekemanyererio,ekema ɲɾ e ɾ io,,,,,1832
chapa,,,,,,1832
ekemao,ekema ɔ,,,,,1833
ekembobe,ekembo ꞵ e,,,,,1834
ekembobe,ekembo ꞵ e,mbobe / ekembo ꞵ e/ . ert. 1. uchochole wa muda,nmn,"hunger nmn. oboremerwa bw’endagera ase engaki enke, ko bore obotindi na obokong’u. 2. eriogi rinene ri’okogoserereia. 3. dhoruba. nmn. sudden calamity",n,1835
ekembuse,ekembuse,mbuse / ekembuse/ . ert. kimbunga,nmn,nmn. tornado,n,1836
ekemerenkania,ɛ k ɛ m ɛɾɛ nkania,merenkania / ɛ k ɛ m ɛɾɛ nkania /. ekr. kidomodomo,kv,chatterbox,n,1837
omonto,,,,,,1837
ekemero,ekeme ɾ o,mero / ekeme ɾ o/. ert. kidakatonge,nmn,epiglottis,n,1838
ekemeri,ɛ k ɛɾ i,,,,,1839
ekemeru,ekemeru,meru / ekemeru/ . ert. mwanaharamu,nmn,bastard,n,1840
ekemigi,ekemi ɣ i,migi / ekemi ɣ i/ . ert. kibete,nmn,dwarf,n,1841
ekemincha,ekemin ʧ a,mincha / ekemin ʧ a/ . ert. mkia,nmn,tail,n,1842
ekeminchani,ekemin ʧ ani,minchani / ekemin ʧ ani/ . ert. kinyume,nmn,antonyms,n,1843
ekeminyo,ekemi ɲ o,minyo / ekemi ɲ o/ . ert. kipande kidogo,nmn,piece,n,1844
ekemisu,ekemisu,misu / ekemisu/ . ert. zimwe,nmn,extinguished torch,n,1845
ekemo,ɛ k ɛ m ɔ,mo / ɛ k ɛ m ɔ / . ekr. kimoja,kv,one,adj,1846
bitari,,,,,,1846
ekemocho,ɛ k ɛ m ɔʧɔ,mocho / ɛ k ɛ m ɔʧɔ /. ert. dosari,nmn,"blemish, defect",n,1847
ekemoko,ekemoko,,,,,1848
ekemoko,ekemoko,,,,,1849
ekemoni,ekemoni,moni / ekemoni /. ert. paka,nmn,cat,n,1850
ekemonsere,ɛ k ɛ m ɔ ns ɛɾɛ,monsere / ɛ k ɛ m ɔ ns ɛɾɛ / . ert. ajuza,nmn,oldwoman,n,1851
ekemonyo,ɛ k ɛ m ɔɲɔ,monyo / ɛ k ɛ m ɔɲɔ /. ert. kivyonza mboga,nmn,amphid,n,1852
ekemore,ekemo ɾ e,more / ekemo ɾ e/ . ert. mwenge,nmn,glowing wisp of straw,n,1853
ekemoroki,ɛ k ɛ m ɔɾɔ ki,,,,,1854
ekemoya,ɛ k ɛ m ɔ,,,,,1855
ekemwa,ekemwa,,,,,1856
ekenagwa,ekena ɣ wa,,,,,1857
ekenama,ekenama,nama / ekenama/. ert. paja,nmn,thigh,n,1858
ekenanta,ekenanta,,,,,1859
ekenene,ɛ k ɛ n ɛ n ɛ,,,,,1860
ekenene,eke:nene,,,,,1861
ekenera,ɛ k ɛ n ɛɾ a,nera / ɛ k ɛ n ɛɾ a/ . ert. kupe,nmn,ticks,n,1862
ekeng’ara,ekeŋga ɾ a,ng’ara / ekeŋga ɾ a/ . ert. komba,nmn,small racoon-like animal,n,1863
ekeng’ara-ekenetu,ekeŋga ɾ a ɛ k ɛ n ɛ tu,,,,,1864
ekeng’arario,ekeŋga ɾ a ɾ io,ng’arario / ekeŋga ɾ a ɾ io/ . ert. Chamsha kinywa,nmn,breakfast,n,1865
ekeng’ereng’ere,ɛ k ɛ ŋg ɛɾɛɾɛ,,,,,1866
ekeng’ese,ekeŋgese,,,,,1867
ekenguserero,ekeŋgese ɾ e ɾ o,,,,,1868
ekengw’erere,ekeŋgwe ɾ e ɾ e,,,,,1869
ekenia,ekenia,,,,,1870
ekenogo,eken ɔɣɔ,nogo / eken ɔɣɔ /. ert. lugha,nmn,language,n,1871
ekenogo,eken ɔɣɔ,,,,,1872
ufidhuli,,,,,,1872
ekenoko,ɛ k ɛ n ɔ k ɔ,,,,,1873
ekenoru,ekeno ɾ u,,,,,1874
ekenuchi,ekenu ʧ i,,,,,1875
ekenunchi,ekenun ʧ i,,,,,1876
ekenungu,ekenuŋu,,,,,1877
ekenunguchu,ekenuŋu ʧ u,,,,,1878
ekenyabosaga,eke ɲ a ꞵ osa ɣ a,,,,,1879
ekenyagoree,eke ɲ a ɣɔɾɛ :,,,,,1880
ekenyambi,eke ɲ am ꞵ i,,,,,1881
ekenyamaino,eke ɲ amain ɔ,,,,,1882
ekenyamaiso,eke ɲ amais ɔ,,,,,1883
ekenyamato,eke ɲ amato,,,,,1884
ekenyamunyonge,eke ɲ amu ɲɔ ŋ ɛ,,,,,1885
ekenyamuanda,eke ɲ amwanda,,,,,1886
ekenyankoba,eke ɲ anko ꞵ a,,,,,1887
ekenyansa,eke ɲ ansa,nyansa / eke ɲ ansa/ . ert. kaptula,nmn,short trousers,n,1888
ekenyantagara,eke ɲ anta ɣ a ɾ a,,,,,1889
ekenyantarige,eke ɲ anta ɾ i ɣ e,,,,,1890
ekenyara,eke ɲ a ɾ a,,,,,1891
ekenyaroso,eke ɲ a ɾ oso,,,,,1892
kangambiti,,,,,,1892
ladybird,,,,,,1892
ekenyarote,eke ɲ a ɾ ote,,,,,1893
ekenyatago,eke ɲ ata ɣɔ,,,,,1894
ekenyatago,eke ɲ ata ɣɔ,,,,,1895
ekenyeke,ɛ k ɛɲɛ k ɛ,nyeke / ɛ k ɛɲɛ k ɛ / . ert. /chokea,nmn,stye,n,1896
ekenyika,eke ɲ ika,,,,,1897
ekenyika,eke ɲ ika,,,,,1898
ekenyinyoosi,eke ɲ i ɲ o:si,,,,,1899
ekenyobu,ɛ k ɛɲɔ ꞵ u,nyobu / ɛ k ɛɲɔ ꞵ u/. ert. kitovu,nmn,navel,n,1900
ekenyonge,ɛ k ɛɲɔ ŋ ɛ,,,,,1901
ekenyonyobu,ɛ k ɛɲɔɲɔ ꞵ u,nyonyobu / ɛ k ɛɲɔɲɔ ꞵ u/ . ert. kidevu,nmn,chin,n,1902
ekenyinyiro,,,,,,1902
ekenyoru,ɛ k ɛɲɔɾ u,,,,,1903
ekenyugua,eke ɲ u ɣ wa,,,,,1904
ekenyumanyuma,eke ɲ uma ɲ uma,,,,,1905
ekeobio,ekeo ꞵ io,,,,,1906
ekeobiria,ekeo ꞵi ɾ ia,obiria /ekeo ꞵi ɾ ia/. ert. kifaru,nmn,Rhinocerus,n,1907
ekeoge,ekeo ɣ e,,,,,1908
ekeombe,ekeombe,,,,,1909
ekeonga,ekeoŋa,,,,,1910
ekeongi,ekeoŋi,,,,,1911
ekeor e,ekeo ɾ e,or e / ekeo ɾ e/. ert. fuvu,nmn,"skull, cranium",n,1912
ekeore,ekeo ɾ e,,,,,1913
ekeoreri,ekeo ɾ e ɾ i,,,,,1914
ekeoru,ekeo ɾ u,,,,,1915
ekerachwoki,eke ɾ a ʧ woki,,,,,1916
ekerage,eke ɾ a ɣɛ,,,,,1917
ekemama,,,,,,1917
ekeragererio,eke ɾ a ɣ e ɾ e ɾ io,,,,,1918
ekeranguati,eke ɾ an ɣ wati,,,,,1919
eriobotrya,,,,,,1919
ekeraka,eke ɾ aka,raka / eke ɾ aka/ . ert. kiraka,nmn,patch,n,1920
ekerakura,eke ɾ aku ɾ a,,,,,1921
ekerama,eke ɾ ama,,,,,1922
ekerambautia,eke ɾ ambauti,rambautia / eke ɾ ambauti/ . ert. kimbunga,nmn,"whirlwind, cyclone",n,1923
ekeramokia,eke ɾ amokia,,,,,1924
ekerang’iti,eke ɾ aŋgiti,,,,,1925
ekeraori,eke ɾ ao ɾ i,,,,,1926
ekerarerero,eke ɾ a ɾ e ɾ e ɾ o,,,,,1927
ekerarero,eke ɾ a ɾ e ɾ o,,,,,1928
ekerato,eke ɾ ato,rato / eke ɾ ato/ . ert. 1. hedhi,nmn,menstruation,n,1929
ekerebi,ɛ k ɛɾɛ : ꞵ i,,,,,1930
ekerecha,eke ɾ e: ʧ a,recha / eke ɾ e: ʧ a/ . ert. 1. jina la kizazi,nmn,lineage name,n,1931
ekerege,ɛ k ɛɾɛɣɛ,,,,,1932
ekerema,eke ɾ ema,rema / eke ɾ ema/ ert. kiwete,nmn,cripple,n,1933
ekerenga.,ɛ k ɛɾɛ :ŋa,,,,,1934
nia,,,,,,1934
objective,,,,,,1934
ekerengererio,ɛ k ɛɾɛ ŋ ɛɾɛɾ i ɔ,,,,,1935
ekerengo,ɛ k ɛɾɛ ŋ ɔ,,,,,1937
ekerengo,ɛ k ɛɾɛ ŋ ɔ,,,,,1938
ekerentane,ɛ k ɛɾɛ ntan ɛ,,,,,1939
ekeriero,eke ɾ ie ɾ o,,,,,1940
ekerigisa,ɛ k ɛɾ i ɣ isa,,,,,1941
ekerimbota,ekerimb ɔ ta,,,,,1942
ekerimbota,ekerimb ɔ ta,rimbota / ekerimb ɔ ta/ . 1. ert. erieta riokorama omonto ore namaiso ko tari korora 2. upofu,nmn,erysipelas,n,1943
ekerindo,ekeri:ndo,,,,,1944
ekeringani,ekeriŋani,ringani / ekeriŋani/ . ert. biringanya,nmn,egg plant,n,1945
ekeriri,ekeri ɾ i,,,,,1946
ekeririanda,ekeri ɾ ianda,,,,,1947
ekerito,ekerit ɔ,,,,,1948
ekerengero,ɛ k ɛɾɛ ŋ ɔ,,,,,1949
ekero,ɛ k ɛɾʹɔ,,,,,1950
ekero,ʹɛ k ɛɾɔ,,,,,1951
ekerochi,ʹɛ k ɛɾɔʧ i,,,,,1952
ekerogo,ʹɛ k ɛɾɔɣɔ,rogo / ʹɛ k ɛɾɔɣɔ / . ert. kiti,nmn,chair,n,1953
ekerombeta,ʹɛ k ɛɾɔ mb ɛ ta,rombeta / ʹɛ k ɛɾɔ mb ɛ ta/. ert. kiroboto,nmn,flea,n,1955
ekerombeta,ɛ k ɛɾɔ mb ɛ ta,"rombeta / ɛ k ɛɾɔ mb ɛ ta/. ert. tarunpeta, baragumu",nmn,trumpet,n,1956
ekeromekero,eke ɾ omeke ɾ o,,,,,1957
ekeromo,ɛ k ɛɾɔ m ɔ,,,,,1958
dirt,,,,,,1958
ekeronga ki’eng’iti,ɛ k ɛɾɔ ŋakeŋgiti,,,,,1959
ekeronge,eke ɾ o:ŋo,ronge / eke ɾ o:ŋo/ . ekr. nyovu,kv,Straight,adj,1960
ekerongo,eke ɾ o:ŋo,,,,,1961
ekerorano,ɛ k ɛɾɔɾ an ɔ,,,,,1962
ekerore,ɛ k ɛɾɔɾɛ,rore / ɛ k ɛɾɔɾɛ / . ert. kioo,nmn,glass,n,1963
ekeroro,eke ɾ o ɾ o,,,,,1964
ekerore ki’amaiso,ɛ k ɛɾɔɾɛ kiamais ɔ,rore ki’amaiso / ɛ k ɛɾɔɾɛ kiamais ɔ / . ert . Miwani,nmn,Spectacles,n,1965
e kerore ki’enyomba,ɛ k ɛɾɔɾɛ kie ɲ omba,,,,,1966
ekerumbasi,eke ɾ umbasi,rumbasi / eke ɾ umbasi/ . ert. Kimombo,nmn,English,n,1967
ekerundo,eke ɾ undo,,,,,1968
ekerwanero,eke ɾ wane ɾ o,rwanero / eke ɾ wane ɾ o/ . ert. silaha,nmn,weapon,n,1969
ekeucheeche,ekeu ʧ e ʧ e,,,,,1970
ekeuge,ekeu ɣ e,uge / ekeu ɣ e/ ert . nge,nmn,scorpion,n,1971
ekeunduganu,ekeundu ɣ anu,,,,,1972
ekeunduguru,ekeundu ɣ u ɾ u,,,,,1973
ekeungurieta,ekeuŋu ɾ ieta,,,,,1974
ekeuno,ekeuno,,,,,1975
ekeunia,ekeunia,,,,,1976
ekeuroku,ekeu ɾ oku,,,,,1977
ekeyego,ɛ k ɛ j ɛɣɔ,,,,,1978
ekeyia,ekejia,yia / ekejia/. ekr. ebiyia. obn. kipya,kv,new,adj,1979
ekeyongo,ɛ k ɛ j ɛ ŋ ɔ,,,,,1980
ekeyundi,ekejundi,,,,,1981
ekiabo,ekia ꞵɔ,,,,,1982
ekiabuso,ekia ꞵu so,,,,,1983
ekiagaso,ekia ɣ aso,,,,,1984
ebiagaso,,,,,,1984
irritation,,,,,,1984
ekiage,ekia ɣ e,,,,,1985
ekiambokero,ekiamboke ɾ o,,,,,1986
ekiana,ekiana,,,,,1987
ekiane,ekian ɛ,,,,,1988
ekianekerero,ekianeke ɾ e ɾ o,,,,,1989
ekiao,ekia ɔ,,,,,1990
ekiara,ekia ɾ a,kidole,nmn,finger,n,1991
ebiara,,,,,,1991
ekiaramba,ekia ɾ amba,nyigu,nmn,wasp,n,1992
ebiaramba,,,,,,1992
manyigu,,,,,,1992
eki are,ekia ɾ e,,,,,1993
ekiebeneni,ekie ꞵ eneni,,,,,1994
eki’ebisio,ekie ꞵ isio,,,,,1995
ekiebisio,ekie ꞵ isio,,,,,1996
ekiebundi,ekie ꞵ undi,,,,,1997
ekeera,,,,,,1997
ekiegeso,ekie ɣ eso,"kwikwi, kikwefukwefu",nmn,hiccups (hicough),n,1998
ekiemurunganio,ekiemu ɾ uŋanio,,,,,1999
ekieng’ereri,ɛ ki ɛ ŋg ɛɾɛɾ i,,,,,2000
ekieonchi,ekieon ʧ i,,,,,2001
ekieri,ekie ɾ i,,,,,2003
ekige .,eki: ɣ e,,,,,2004
ekigo,eki ɣ e,,,,,2005
ekiiriri,eki: ɾ i ɾ i,,,,,2006
ekiiritanio,eki: ɾ itanio,,,,,2007
ekio,ekio,,,,,2008
ekenyene,,,,,,2008
ekioboero,eki ɔ ꞵ ɔɛɾ i ɔ,,,,,2009
ekioge,ekio ɣ e,,,,,2010
ekiogoto,ekio ɣ oto,,,,,2011
ekioma,ekioma,,,,,2012
ekiomia’nse,ekiomianse,sakitu,nmn,hoar frost,n,2013
ekiondo,eki ɔ nd ɔ,chondo,nmn,small basket,n,2014
ekiongoreka,ekioŋo ɾ eka,kiungulia,nmn,hiccup,n,2015
ekiongotira,eki ɔ ŋoti ɾ o,/kisogo,nmn,nape of the neck,n,2016
ekiore,ekio ɾ e,fuvu,nmn,skull,n,2017
ekiore,ekio ɾ e,,,,,2018
ekiorekanda,ekio ɾ ekanda,,,,,2019
ekioro,ekio ɾ o,,,,,2020
ekiorokereria,eki ɔɾɔ k ɛɾɛɾ ia,,,,,2021
ekiorokio,ekio ɾ okio,,,,,2022
ekiro,eki ɾ o,kilo,nmn,kilogram,n,2023
ekiromita,eki ɾ omita,kilomita,nmn,kilometer,n,2024
ekiya,ekija,kizuri,kv,good,adj,2025
ekobia,ɛ k ɔ ꞵ i a,kofia,nmn,hat,n,2026
ekoe,ɛ k ɔɛ,ikupe,kt,it gives,v,2027
ekomberie,ɛ k ɔ mb ɛɾ ie,,,,,2028
ekorere,,,,,,2028
ekong’a,ekoŋga,,,,,2029
ekonosi,ek ɔ n ɔ si,1. mapindi,nmn,meander,n,2030
ekonu,ekonu,,,,,2031
ekore,ɛ k ɔɾɛ,,,,,2032
ekorere,ɛ k ɔɾɛɾɛ,,,,,2033
ekorere,eko ɾ e ɾ e,,,,,2034
ekomberie,,,,,,2034
ekorere,eko ɾ e ɾ e,,,,,2035
ekorere,eko ɾ e ɾ e,,,,,2036
ekori,eko ɾ i,,,,,2037
path,,,,,,2037
ekorokombo,eko ɾ ombe,,,,,2038
ekumbe,eku:mbe,,,,,2039
ekungo,ekuŋo,,,,,2040
ekurutu,eko ɾ utu,,,,,2041
ekwambe,ekwambe,ngamia,nmn,camel,n,2042
ekwaya,ekwaja,kwaya,nmn,choir,n,2043
emachacho,ema ʧ a ʧɔ,,,,,2044
embaki,embaki,,,,,2045
embarakera,emba ɾ ake ɾ a,,,,,2046
embaratero,emba ɾ ate ɾ o,wayo,nmn,sole,n,2047
embaririburure,emba ɾ i ɾ i ꞵ u ɾ u ɾɛ,,,,,2048
e mbaroki,emba ɾ oki,,,,,2049
embata,embata,1. bata,nmn,duck,n,2050
embe,embe,,,,,2051
embeba,ɛ mb ɛꞵ a,panya,nmn,rat,n,2052
nyagesembe,,panya,nmn,crested rat,n,2052
embene,ɛ mb ɛ n ɛ,,,,,2053
embera,embe ɾ a,kaburi,nmn,grave,n,2054
embere,ɛ mb ɛɾɛ,kuma,nmn,vagina,n,2055
embese,embese,,,,,2056
embia,embia,,,,,2057
embiribiri,embi ɾ i ꞵ i ɾ i,mavi ya mbuzi au kondoo,nmn,dropping of a goat or sheep,n,2058
embisi,embi:si,mbaazi,nmn,pea,n,2059
embisi,ʹ embi:si,,,,,2060
embibo,embi ꞵ o,ngumu,kv,strong,adj,2061
emboba,embo ꞵ a,,,,,2062
emboga,ɛ mb ɔɣ a,,,,,2063
emboga ototo,ɛ mb ɔɣ aototo,,,,,2064
embongi,emboŋi,kidungadunga,nmn,weevil,n,2065
embori,embo ɾ i,mbuzi,nmn,goat,n,2066
emboro,ɛ mb ɔɾɔ,mboo,nmn,penis,n,2067
obosacha,,,,,,2067
emboro,embo ɾ o,,,,,2068
kiwe,,,,,,2068
embororwa,embo ɾ o ɾ wa,,,,,2069
purpurea,,,,,,2069
embuche,embu ʧ e,mvi,nmn,grey hair,n,2070
embugabobe,embu ɣ a ꞵ o ꞵ e,,,,,2071
embura,embu ɾ a,mvua,nmn,rain,n,2072
omoubera,,mpepea,nmn,rain with strong wind,n,2072
omwobo,,ekr. mvua ya vuli,nmn,lesser rains,n,2072
embusu,embusu,kikono,nmn,withered hand,n,2073
embute,embute,mdomo wa kibuyu uliopanuka,nmn,swollen neck of gourd,n,2074
embwatereria,embwate ɾ e ɾ ia,,,,,2075
kisingizio,,,,,,2075
scapegoat,,,,,,2075
emebimberang’umbu,eme ꞵ imbe ɾ aŋgumbu,,,,,2076
emechando,eme ʧ ando,,,,,2077
boreba,,,,,,2077
emechini,eme ʧ ini,,,,,2078
emechinierigana,eme ʧ inie ɾ i ɣ ana,,,,,2079
emeenga,ɛ m ɛ :ŋa,,,,,2080
emeki,emeki,,,,,2081
ememera,ɛ m ɛ m ɛɾ a,,,,,2082
emeng’ororia,ɛ m ɛ ŋg ɔɾɔɾ ia,,,,,2083
emeng’uso,emeŋguso,,,,,2084
emenige,emeni ɣ e,,,,,2085
emeningoyo,emeniŋ ɔ j ɔ,,,,,2086
disgusting,,,,,,2086
emenuga,emenu ɣ a,,,,,2087
emenungu,emenuŋu,,,,,2088
emenyago,eme ɲ a ɣ o,,,,,2089
emenyari,eme ɲ a ɾ i,,,,,2090
emerera,ɛ m ɛɾɛɾ a,,,,,2091
emerindo,emeindo,,,,,2092
emesache,emesa ʧ e,,,,,2093
emesache,emesa ʧ e,,,,,2094
emesaro,emesa ɾ o,,,,,2095
emeseke,ɛ m ɛ s ɛ k ɛ,,,,,2096
emetago,emeta ɣɔ,,,,,2097
emete,emete,,,,,2098
emeyio,emejio,,,,,2099
birende,,,,,,2099
emiaka rigana,emiaka ɾ i ɣ ana,,,,,2100
emioro,emio ɾ o,,,,,2101
emioro,emi ɔɾɔ,,,,,2102
emioyo,emi ɔ j ɔ,koromeo,nmn,Gullet,n,2103
emirimita,emi ɾ imita,milimita,nmn,millimetre,n,2104
emita,emita,mita,nmn,metre,n,2105
echimirimita,,,,,,2105
emondo,emondo,,,,,2106
emondo,em ɔ nd ɔ,,,,,2107
emonyo,em ɔɲɔ,chungu,nmn,soldier ant,n,2108
emoreka,emo ɾ eka,gari,nmn,vehicle,n,2109
emontasuru,emontasu ɾ u,mwewe,nmn,pigeon hawk,n,2110
emoti,emo:ti,mwanzi,nmn,bamboo,n,2111
emuma,emu:ma,,,,,2112
emurwa,emu ɾ wa,,,,,2113
emututerie,emutute ɾ ie,,,,,2114
enamerero,ename ɾ e ɾ o,,,,,2115
enchage,en ʧ a ɣ e,pundamilia,nmn,zebra,n,2116
enchangararia,en ʧ aŋa ɾ a ɾ ia,,,,,2117
enchangera,en ʧ aŋ ɛɾ a,,,,,2118
enchani,en ʧ ani,sentensi,nmn,sentence,n,2119
enchara,en ʧ a ɾ a,njaa,nmn,hunger,n,2120
enche,en ʧ e,,,,,2121
enchengeria,en ʧ eŋe: ɾ ia,,,,,2122
enchera,en ʧ e ɾ a,,,,,2123
way,,,,,,2123
enching’inda,en ʧ iŋginda,,,,,2124
enchogochi,en ʧ o ɣ o ʧ i,,,,,2125
enchogu,ɛ n ʧɔɣ u,ndovu,nmn,elephant,n,2126
enchoke,en ʧ oke,nyuki,nmn,bee,n,2127
enchonga,en ʧ oŋa,ekr mwanamke mfitini aliyegonganisha wanaume katika mapenzi,nmn,kv immoral woman intent on making men feud over her,n,2128
enchoronge,ɛ n ʧɔɾɔ ŋ ɛ,,,,,2129
enchorongi,ɛ n ʧɔɾɔ ŋi,,,,,2130
enchugu,en ʧ u ɣ u,,,,,2131
groundnut,,,,,,2131
enda,ʹ end ˋ a,1. tumbo,nmn,"stomach,belly",n,2132
okogoro,,funza,nmn,jiggar,n,2132
omobere,,,,,,2132
omotue,,chawa,kt,head louse,n,2132
endagera,end ʹ a ɣ e ɾ a,chakula,nmn,food,n,2133
endamuamu,endamwamu,,,,,2134
kijicho,,,,,,2134
endania,endania,,,,,2135
endanke,endank ɛ,,,,,2136
endarera,enda ɾ e ɾ a,,,,,2137
ende,ende,,,,,2138
endege,ɛ nd ɛɣɛ,,,,,2139
endege,ɛ nd ɛɣɛ,kombamoyo,nmn,rafters,n,2140
endemero,endeme ɾ o,,,,,2141
endemerwa,endeme ɾ wa,,,,,2142
endemi,ɛ nd ɛ mi,,,,,2143
endemu,ɛ nd ɛ mu,,,,,2144
enderema,ɛ nd ɛɾɛ ma,,,,,2145
endiba,end iꞵ a,kilindi,nmn,place of deep water,n,2146
endichero,endi ʧ e ɾ o,,,,,2147
endiere,endie ɾ o,kimelea,nmn,parasite,n,2148
endigererio,endi ɣ e ɾ e ɾ io,,,,,2149
endigitani,endi ɣ itani,,,,,2150
endo,endo,simba,nmn,lion,n,2151
endobe,endo ꞵ e,,,,,2152
endobo,ɛ nd ɔ ꞵ ɔ,kigumba,nmn,arrowhead,n,2153
endobo,ɛ nd ɔ ꞵɔ,kengee,nmn,spear head,n,2154
endonge,endoŋe,nyoofu,nmn,straight,n,2155
endoka,end ʹ oka,,,,,2156
endoka,ʹ endoka,,,,,2157
endokera,endoke ɾ a,Sinukia,kt,fall on something,v,2158
endokera,endoke ɾ a,hunitapikia,kt,it vomits,v,2159
endora,endo ɾ a,Sinua,kt,push over,v,2160
endora,ɛ nd ɔɾ a,Anionapo.huniona,kt,it sees me,v,2161
endorera,endore ɾ a,Sinulia,kt,uproot,v,2162
endorera,ɛ nd ɔɾɛɾ a,hunionea,kt,ananionea. kt. It seems to me,v,2163
endorero,ɛ nd ɔɾɛɾɔ,mboni,nmn,pupil,n,2164
endoro,endoro,chungu,kv,bitter,adj,2165
endorue,endorwe,kongosho,nmn,pancreas,n,2166
endoto,ɛ nd ɔ t ɔ,,,,,2167
njozi,,,,,,2167
enduma,enduma,wanga,nmn,arrowroot,n,2168
endumo,endumo,ngurumo,nmn,"rumble, roar, crash",n,2169
enduruche,endu ɾ u ʧɛ,kombeo,nmn,sling,n,2170
endurume,endu ɾ ume,kifafa,nmn,epilepsy,n,2171
endwari,endwa ɾ i,ugonjwa,nmn,"malady, disease, ailment, illness",n,2173
nda,,uvimbe wa wengu,nmn,splenic abscess,n,2173
enebo,ene ꞵ o,,,,,2174
mapendeleo,,,,,,2174
enero,ɛ n ɛɾɔ,mkundu,nmn,anus,n,2175
enyuma,,,,,,2175
engabi,eŋa ꞵ i,abi / eŋa ꞵ i/. ert. pundamilia,nmn,zebra,n,2176
engaki,eŋaki,"aki / eŋaki/ . ert. kipindi, wakati",nmn,"season, era",n,2177
emburaenyinge,,mvua ya masika,nmn,wet season,n,2177
obokendu,,,,,,2177
"kipindi cha baridi nmn. cold season n. ekero keria kiobokendu obonge omogaso okomenia ake naende orima, bokoba omotienyi b’Ebwagi, Engoromomi amo n’Eriete. engaki y’eriberera",,"ro keria kiobokendu obonge omogaso okomenia ake naende orima, bokoba omotienyi b’Ebwagi, Engoromomi amo n’Eriete. engaki y’eriberera / eŋakije ɾ i ꞵ e ɾ e ɾ a/. ert. hari",nmn,hot season,n,2177
engako,eŋak ɔ,ako / eŋak ɔ / . ert. pango la samaki katika ukingo,nmn,fish hole,n,2178
engamia,eŋamia,amia / eŋamia/ . ert. ngamia,nmn,camel,n,2179
eng’ana,eŋgana,’ana / eŋgana/ . ert. 1. neno,nmn,a word,n,2180
eng’atiato,eŋgatiati ɔ,’atiato / eŋgatiati ɔ / . ert. Januari,nmn,January,n,2181
engegu,ɛ ŋ ɛɣ u,egu / ɛ ŋ ɛɣ u/ . ert. ufukoni,nmn,bank,n,2182
oroche,,ufukoni mwa mto,nmn,riverbank,n,2182
enyancha,,,,,,2182
engekana,eŋekana,ekana / eŋekana/ . egkr. kingama,kt,barricade.obstruct,v,2183
eng’enang’eni,ɛ ŋg ɛ naŋg ɛ ni,,,,,2184
kimulimuli,,,,,,2184
glow,,worm n. ching’enang’eni obn.. egechuni gekoiruruka botuko gekomesia oborabu korwa magega. 2. nyota,nmn,star,n,2184
engencho,eŋen ʧ o,"encho / eŋen ʧ o/ . ert. jinsi, namna",nmn,"how, manner",n,2185
eng’endanse,eŋgendanse,’endanse / eŋgendanse/ . ert. . nyoka,nmn,snake,n,2186
engendia,ɛ ŋ ɛ ndia,endia / ɛ ŋ ɛ ndia/. ert. nauli,nmn,bus fare,n,2187
eng’engerisi,eŋgeŋe ɾ isi,’engerisi / eŋgeŋe ɾ isi/. ert. 1. kinundu,nmn,lump,n,2188
engeni,eŋeni,eni / eŋeni/ . ekr geni,kv,new,adj,2189
eng’era,eŋge ɾ a,’era / eŋge ɾ a/ . ert. nyati,nmn,buffalo,n,2190
eng’era y’omogaso,eŋge ɾ ajomo ɣ aso,’era y’omogaso / eŋge ɾ ajomo ɣ aso/. ert. jua kali,nmn,scorching heat from the sun,n,2191
engera,eŋe ɾ a,"era / eŋe ɾ a/ . egkr. zidi, shinda",kt,"exceed, overwhelm, outweigh",v,2192
engere,ɛ ŋ ɛɾɛ,ere / ɛ ŋ ɛɾɛ / . ert. iliyopimwa,nmn,something already measured,n,2193
eng’eria,ɛ ŋg ɛɾ ia,"’eria / ɛ ŋg ɛɾ ia/ . ert. 1. tuzo, malipo",nmn,"reward, pay",n,2194
engeti,ɛ ŋ ɛ ti,eti / ɛ ŋ ɛ ti/. ert. kiwavi,nmn,caterpillar or army worm,n,2195
engi,eŋi,i / eŋi/. ert. inzi,nmn,housefly,n,2196
engige,eŋi ɣ e,ige / eŋi ɣ e/ . ert. nzige,nmn,locust,n,2197
eng’iti,eŋgiti,’iti / eŋgiti/ . ert. 1. mnyama,nmn,animal,n,2198
eng’itororoku,eŋgito ɾ o ɾ oku,,,,,2199
weak,,,,,,2199
engiya,eŋija,iya / eŋija/ . ekr. nzuri,nmn,good,adj,2200
engo,ɛ ŋ ɔ,o / ɛ ŋ ɔ /. ert. chui,nmn,leopard,n,2201
engobo,ɛ ŋ ɔꞵɔ,obo / ɛ ŋ ɔꞵɔ / . ert. nguo (ya kitamaduni),nmn,( traditional) cloth,n,2202
engoko,ɛ ŋ ɔ k ɔ,oko / ɛ ŋ ɔ k ɔ /. ert. kuku,nmn,chicken,n,2203
eng’ombeeaberi,ɛ ŋg ɔ mb ɛ :a ꞵe ɾ i,,,,,2205
bakari,,,,,,2205
eng’ombe eeri,ɛ ŋg ɔ mb ɛ :e: ɾ i,’ombe eeri / ɛ ŋg ɔ mb ɛ :e: ɾ i/. ert. ng’ombe dume,nmn,/bull/,n,2207
engoncho,eŋon ʧ o,oncho / eŋon ʧ o/ . ert. chiriku,nmn,robin chat,n,2209
eng’ondi,ɛ ŋg ɔ ndi,,,,,2210
engonkero,ɛ ŋg ɔ nk ɛɾɔ,,,,,2211
chuchu,,la ziwa,nmn,nipple,n,2211
eng’oo,eŋgo:,,,,,2212
engoro,eŋo ɾ o,oro / eŋo ɾ o/ . ert. shimo,nmn,hole,n,2213
echindo,,tundu la simba,nmn,lion’s den,n,2213
engoro,ɛ ŋ ɔɾɔ,oro / ɛ ŋ ɔɾɔ /. ert. Mungu,nmn,God,n,2214
omotongi,,,,,,2214
engoromomi,eŋo ɾ omomi,oromomi / eŋo ɾ omomi/ . ert. Julai,nmn,July,n,2215
eng’ororo,ɛ ŋg ɔɾɔɾɔ,’ororo / ɛ ŋg ɔɾɔɾɔ / . ert. 1. sauti ya ndovu,nmn,sound made by elephants,n,2216
eng’ororo,ɛ ŋg ɔɾɔɾɔ,,,,,2217
nyororo,,,,,,2217
tender,,,,,,2217
soft,,,,,,2217
engote,eŋote,ote / eŋote/ . 1. ert. mkungu,nmn,banana trunk,n,2218
engote,eŋote,ote / eŋote/ . ert. nyembamba,nmn,narrow,n,2219
etari,,,,,,2219
engotu,ɛ ŋg ɔ tu,otu / ɛ ŋg ɔ tu/ . ekr. kuukuu,kv,old,adj,2220
etari,,,,,,2220
enguba,eŋu ꞵa,uba / eŋu ꞵa / . ert. ngao,nmn,shield,n,2221
engubo,eŋu ꞵ o,ubo / eŋu ꞵ o/ . ert. kiboko,nmn,hippopotamus,n,2222
eng’uko,eŋguk ɔ,’uko / eŋguk ɔ / . ert. fuko,nmn,mole,n,2223
eng’unguri,eŋguŋu ɾ i,’unguri / eŋguŋu ɾ i/ . ert. mahari yanayolipwa baada ya kifo cha mme,nmn,dowry paid after death of husband,n,2224
eng’usanano,eŋgusanan ɔ,,,,,2225
conflict,,,,,,2225
eniania,eŋuniania,,,,,2226
eninganingi,eniŋaniŋi,,,,,2227
mkosi,,,,,,2227
eningoyi,eniŋoji,,,,,2228
enka,eŋka,,,,,2229
enkanda,eŋkanda,,,,,2230
etwori,,,,,,2230
enkanga,eŋkaŋa,,,,,2231
kanga,,,,,,2231
enkangoreri,eŋkaŋo ɾ e ɾ i,,,,,2232
enkarangania,eŋka ɾ aŋania,,,,,2233
enkarango,eŋka ɾ aŋ ɔ,,,,,2234
enkerembi,eŋk ɛɾɛ mbi,,,,,2235
enkina,eŋkina,,,,,2236
enkobi,eŋko ꞵ i,,,,,2237
enkogoto,eŋk ɔɣɔ t ɔ,,,,,2238
enkondu,eŋk ɔ ndu,,,,,2239
enkongo,eŋkoŋo,mchekecho,nmn,sifting,n,2240
enkong’ontamote,ɛ ŋk ɔ ŋg ɔ ntamote,,,,,2241
enkongori,ɛ ŋk ɔ ŋ ɔɾ i,,,,,2242
enkoreko,eŋko ɾ eko,,,,,2243
omochakano,,,,,,2243
enkoro,ɛ ŋk ɔɾɔ,,,,,2244
moyo,,,,,,2244
enkoro,eŋko ɾ o,,,,,2245
ya,,zamani,kv,old,adj,2245
eyaetire,,,,,,2245
enkoromba,eŋko ɾ omba,mbu,nmn,mosquito,n,2247
enkororo,eŋko ɾ o ɾ o,,,,,2249
enkoyo,eŋkojo,,,,,2250
enkundi,eŋkundi,,,,,2251
enkung’untero,eŋkuŋgunte ɾ o,,,,,2252
enkununu,eŋkununu,,,,,2253
enkuria,eŋku ɾ ia,,,,,2254
enkuru,eŋku ɾ u,,,,,2255
enkuruma,eŋku ɾ uma,,,,,2256
enkuana,eŋkwana,1. gumzo,nmn,talk,n,2257
enkuare,eŋkwa ɾɛ,kware,nmn,quail,n,2258
enono,enono,kichaka,nmn,bush,n,2259
orosana,,,,,,2259
enoru,eno ɾ u,nono,kv,fat,adj,2260
ensabageri,ensa ꞵ a ɣ e ɾ i,anayevizia,nmn,the one ambushing,n,2261
ensagara,ensa ɣ a ɾ a,mjusi,nmn,lizzard,n,2262
ensakia,ensakia,mwanga,nmn,first light,n,2263
ensama,ensama,,,,,2264
kinembe,,,,,,2264
ensanako,ensanako,siafu,nmn,safari ant,n,2265
ensara,ensa ɾ a,1. ( y’eritimo ) mshale,nmn,arrow,n,2266
ensarimache,ensa ɾ ima ʧ e,,,,,2267
ensase,ensase,,,,,2268
ense,ense,,,,,2269
aase,,,,,,2269
enseomueya,enseomweja,tambarare,kv,plain land,adj,2270
enseka,enseka,,,,,2271
enseke,ɛ ns ɛ k ɛ,,,,,2272
ensemo,ɛ ns ɛ m ɔ,,,,,2273
enseri,ense ɾ i,mwanaharamu,nmn,bastard,n,2274
ensetua,ensetwa,,,,,2275
ensika,ensika,,,,,2276
ekerantane,,,,,,2276
ensimi,ensimi,sisimizi,nmn,black ant,n,2277
ensiororia,ensio ɾ o ɾ ia,"1. kizunguzungu, kisunzi",nmn,dizziness,n,2278
obotengereria,,,,,,2278
ensiru,ensi ɾ u,potevu,nmn,"gone lost, gone astray",adj,2279
ensiru,ensi ɾ u,,,,,2280
patella,,,,,,2280
ensoko,ɛ ns ɔ k ɔ,1. chemichemi,nmn,spring,n,2281
ensona,ensona,kiroboto,nmn,flea,n,2282
ensonga,ɛ ns ɔ ŋa,,,,,2283
ensombiro,ɛ ns ɔ mbi ɾɔ,,,,,2284
mfitini,,,,,,2284
ensoti,ɛ ns ɔ ti,tai,nmn,vulture,n,2285
ensuguteri,ensugute ɾ i,uvimbe wa ubongo,nmn,brain tumor,n,2286
ensure,ensu ɾ e,kunguni,nmn,bedbug,n,2287
ensue,enswe,samaki,nmn,fish,n,2288
entabagu,enta ꞵ a ɣ u,nyong’onyevu,nmn,tired (of animal),v,2289
entabanana,enta ꞵ anana,anayepapia jambo,nmn,hasty person,n,2290
entaka,entaka,maskini,kv,poor,adj,2291
entakana,entakana,yatima,nmn,orphan,n,2292
entakore,entako ɾ e,,,,,2293
entambe,entambe,refu,kv,tall,adj,2294
entamori,entam ɔɾ i,,,,,2295
entang’ori,entaŋg ɔɾ i,,,,,2296
entaro,enta ɾɔ,chale,nmn,incision,n,2297
entegi,enta ɣ i,mlinda lango,nmn,goalkeeper,n,2298
entemi,entemi,1 . kiherehere,nmn,palpitation of the heart,n,2299
entenenera,entaŋg ɔɾ i,kaimu,nmn,acting (in a position),n,2300
entengeri,ɛ nt ɛ ŋ ɛɾ i,1. mshenga aliyetumwa na mshenga mwingine,nmn,go-between of another go-between,n,2301
enteri,ɛ nt ɛɾ i,ala,nmn,musical instrument,n,2302
entetere,ɛ nt ɛ t ɛɾɛ,,,,,2303
entetere,ɛ nt ɛɾɛɾɛ,Tembe,nmn,Tablet,n,2304
entigari,enti ɣ a ɾ i,nakisi,kv,deficit,adj,2305
entigatigi,enti ɣ ati ɣ i,kwapa,nmn,armpit,n,2306
entimi,entimi,,,,,2307
enting’u,entiŋgu,,,,,2308
entirero,enti ɾ e ɾ o,,,,,2309
kipandio,,,,,,2309
entobe,ento ꞵ e,budaa,nmn,lump,n,2311
entoberanse,ɛ nt ɔ ꞵɛ ɾ anse,,,,,2312
entobu,ɛ nt ɔ ꞵ u,mbivu,kv,ripe,n,2313
entongori,ɛ nt ɔ ŋ ɔɾ u,1. aliyetangulia kutahiriwa first lad to be circumcised amongst peers omomura otang’anete omote ase ogosarwa 2. cha kwanza:wa kwanza,kv,first,adj,2314
entonu,ɛ nt ɔ nu,inayotamanika,kv,desirable,v,2315
entorobi,ɛ nt ɔɾ ɔꞵ i,,,,,2316
entuboka,entu ꞵ oka,chemichemi,nmn,sping,n,2317
ensoko,,,,,,2317
entuga,entu ɣ a,kumbikumbi,nmn,white ant in flying stage,n,2318
entugokori,entu ɣ oko ɾ i,,,,,2319
entuka,entuka,,,,,2320
mashapo,,,,,,2320
entunda,entunda,,,,,2321
entuno,entuno,,,,,2322
enturubo,entu ɾ u ꞵ o,ukoga,nmn,dirt in water,n,2323
enturumi,entu ɾ umi,,,,,2324
enturutumbi,entu ɾ utumbi,,,,,2325
entuari,entwa ɾ i,mbwa msasi,nmn,hound,n,2326
enyaini,e ɲ aini,uvimbe wa ini,nmn,liver cirrhosis,n,2328
enyakeberia,e ɲ ak ɛ ꞵ ɛɾ ia,ndigano,nmn,east coast fever,n,2329
enyakeringicha,e ɲ ak ɛɾ iŋi ʧ a,homa ya uti wa mgongo,nmn,meningitis,n,2330
enyamoko,e ɲ amoko,ndui,nmn,small pox,n,2331
enyakoira,e ɲ akoi ɾ a,kupatwa mwezi,nmn,lunar eclipse,n,2332
enyakueumia,e ɲ akweumia,bundi,nmn,owl,n,2333
enyama,e ɲ ama,nyama,nmn,meat,n,2335
enyamaomotanda,e ɲ amaomotanda,,,,,2336
enyamarigiri,e ɲ ama ɾ i ɣ i ɾ i,ugonjwa wa kupooza,nmn,polio,n,2337
enyambu,e ɲ ambu,,,,,2338
lumbwi,,,,,,2338
enyameni,e ɲ am ɛ ni,miereka,nmn,wrestling,n,2340
enyamokirimbi,e ɲ amoki ɾ imbi,tauni,nmn,plague,n,2341
enyamoreo,e ɲ am ɔɾɛɔ,ukimwi,nmn,AIDS,n,2342
enyamori,e ɲ am ɔɾ i,dang’a,nmn,colostrum,n,2343
enyamosono,e ɲ am ɔ s ɔ n ɔ,kisonono,nmn,gonorrhoea,n,2344
enyamuchera,e ɲ amu ʧɛɾ a,,,,,2345
enyamueri,e ɲ amwe ɾ i,tisho,nmn,scare,n,2347
enyancha,e ɲ an ʧ a,,,,,2348
ziwa,,,,,,2348
sea,,,,,,2348
lake,,,,,,2348
enyanchaba,e ɲ an ʧ a ꞵ a,kiwavifahari,nmn,peacock caterpillar,n,2349
enyanchereri,e ɲ an ʧ e ɾ e ɾ i,,,,,2351
chichiri:,,mlungula,nmn,bribe,n,2351
enyang’au,e ɲ aŋgau,fisi,nmn,hyena,n,2352
enyang’auenyerere,e ɲ aŋgau ɛɲɛɾɛɾɛ,kingugwa,nmn,hyena,n,2353
enyang’eni,e ɲ aŋgeni,,,,,2354
mpupu,,,,,,2354
enyang’I,e ɲ aŋgi,mamba,nmn,crocodile,n,2355
enyanyeni,e ɲ a ɲ eni,,,,,2356
enyarinda,e ɲ a ɾ inda,,,,,2357
enyaro,e ɲ a ɾɔ,,,,,2358
enyaronyansi,e ɲ a ɾ o ɲ ansi,,,,,2359
enyasore,e ɲ as ɔɾɛ,,,,,2360
enyeke,ɛɲɛ k ɛ,,,,,2361
nafaka,,,,,,2361
chembe,,,,,,2361
enyenya,ɛɲɛɲ a,,,,,2362
enyeri,ɛɲɛɾ i,,,,,2363
enyia,e ɲ ia,mpya,kv,new,adj,2364
enyibori,e ɲ iꞵ o ɾ i,,,,,2365
enyiborero,e ɲ i ꞵ o ɾ e ɾ o,,,,,2366
enyigo,e ɲ i ɣ o,,,,,2367
enyomba,e ɲ omba,,,,,2369
enyonga,ɛɲɔ ŋa,tako,nmn,buttock,n,2370
enyongesa,ɛɲɔ ŋ ɛ sa,Jumamosi,nmn,Saturday. Jewish Sabbath,n,2371
enyongo,e ɲ oŋo,chungu,nmn,pot,n,2372
enyongore,ɛɲɔ ŋ ɔɾɛ,nyungunyungu,nmn,millipede,n,2373
enyoni,ɛɲɔ ni,ndege,nmn,bird,n,2374
enyuma,e ɲ uma,mkundu,nmn,anus,n,2375
eoncho,eon ʧ o,ekr. kiruka njia,nmn,kv unfaithful woman,n,2376
eono,eono,kigego au kaidi,nmn,stubborn or obstinate,n,2377
eoro,eo ɾ o,mafuriko,nmn,flash floods (on micro scale),n,2378
eorori,eo ɾ o ɾ i,,,,,2379
eosi,eosi,,,,,2380
eparaendonge,epa ɾ aendoŋe,,,,,2381
era,ɛɾ a,Pepeta,kt,winnow,v,2382
erangachi,e ɾ aŋa ʧ i,,,,,2383
erang’o,e ɾ aŋgo,,,,,2384
eraro,e ɾ a ɾ o,,,,,2385
ere,e ɾ e,1. ilivyo,kv,it is,adj,2386
ere,ɛɾɛ,,,,,2387
ore,,,,,,2387
erego,e ɾ e ɣ o,kinu,nmn,mill,n,2388
erenga ?,e ɾ eŋa,mingapi?,kv,how many?,adj,2389
erera,ɛɾʹɛɾ a,,,,,2390
erera,ʹɛɾɛɾ a,,,,,2391
Koikera,,,,,,2391
erera,ʹ e ɾ e ɾ a,,,,,2392
erera,ʹɛɾɛɾ a,,,,,2393
erera,ʹɛɾɛ : ɾ a,nyendea,kt,slink,v,2394
ererigwa,ɛɾɛɾ i ɣ wa,pokezwa,kt,be passed something to,v,2395
ererwa,ɛɾɛɾ wa,ishiwa,kt,run out of,v,2396
ereru,e ɾ e ɾ u,mkingiko,nmn,cross beam,n,2397
eri’abere,e ɾ ia ꞵ e ɾ e,Jumanne,nmn,Tuesday,n,2398
eriana,ɾ iana,,,,,2399
eri’ane,e ɾ ian ɛ,Jumatano,nmn,Wednesday,n,2400
eriansa,e ɾ iansa,,,,,2401
eriarimo,e ɾ ia ɾ im ɔ,Jumapili,nmn,Sunday,n,2402
eri’atanonarimo,e ɾ iatanona ɾ im ɔ,Ijumaa,nmn,Friday,n,2403
eri’atato,e ɾ iatato,Jumanne,nmn,Tuesday,n,2404
eriso,e ɾ is ɔ,,,,,2405
erieta,e ɾ ieta,,,,,2406
erio,e ɾ io,,,,,2407
erita,e ɾ ita,1. lita,nmn,litre,n,2408
e ro,e ɾɔ,,,,,2409
ero !,e ɾ o,,,,,2410
huyo!,,,,,,2410
danger!,,,,,,2410
erobia,e ɾ o ꞵ ia,rupia,nmn,Indian rupees,n,2411
erombe,e ɾ ombe,,,,,2412
umati,,,,,,2412
procession,,,,,,2412
erore,ɛɾɔɾɛ,ione,kt,it sees,v,2413
erore,e ɾ o ɾ e,iwe kali,kt,it becomes bitter,v,2414
eroro,e ɾ o: ɾ o,,,,,2415
erosie,e ɾɔ sie,,,,,2416
erot i,ɛɾɔ ti,,,,,2417
erurumo,ɛɾɔɾɛ,,,,,2418
esabagera,esa ꞵ a ɣ e ɾ a,,,,,2419
esabagero,esa ꞵ a ɣ e ɾ o,,,,,2420
esabu,esa ꞵ u,,,,,2421
esagasaga,esa ɣ asa ɣ a,,,,,2422
esagati,esa ɣ ati,disemba,nmn,december,n,2423
esagero,esa ɣ e ɾ o,mbuni,nmn,ostrich,n,2424
esagini,esa ɣ ini,,,,,2425
esaka,esaka,,,,,2426
esamasi,esamasi,,,,,2427
esamusamu,esamusamu,,,,,2428
esangonde,esa ɣɔ nd ɛ,,,,,2429
esang’una,esaguna,,,,,2430
esararaenterere,esa ɾ a ɾ a ɛ nt ɛɾɛɾɛ,,,,,2431
esarare,esa ɾ a ɾ e,,,,,2432
esaro,esa: ɾɔ,,,,,2433
esasati,esa:sati,,,,,2434
esasi,esa:si,,,,,2435
esegesege,ɛ s ɛɣɛ s ɛɣɛ,"kasheshe, mgogoro",nmn,disagreement,n,2436
esere,ɛ s ɛɾɛ,,,,,2437
eserebano,ɛ s ɛ r ɛ ꞵ an ɔ,,,,,2438
a,,,,,,2438
esese,ɛ s ɛ s ɛ,kifua kikuu,nmn,tuberculosis,n,2439
esese,esese,umbwa,nmn,dog,n,2440
esiachorio,esia ʧ o ɾ io,,,,,2441
obonyira,,,,,,2441
esiaererio,esiae ɾ e ɾ io,,,,,2442
esibeni,esi ꞵ eni,,,,,2443
esigani,esi ɣ ani,,,,,2444
esigara,esi ɣ a ɾ a,,,,,2445
esigiti,esi ɣ iti,,,,,2446
esikati,esikati,rinda,nmn,skirt,n,2447
esiko,esi:ko,,,,,2448
esiko,esiko,,,,,2449
esimba,esi:mba,,,,,2450
esimbage,esimba ɣ e,,,,,2451
esimbore,esimba ɾ e,,,,,2452
enyagesusuka,e ɲ a ɣ esusuka,,,,,2453
esiong’o,esi ɔ ŋg ɔ,,,,,2454
esiongorokano,esioŋo ɾ okano,,,,,2455
esiororia,esio ɾ o ɾ ia,,,,,2456
esiri,esi ɾ i,1. chuki,nmn,permanent hatred,n,2457
amanyinga,,saratani ya damu,nmn,leukemia,n,2457
amauga,,saratani ya mifupa,nmn,bone cancer,n,2457
emioro,,s aratani ya pua,nmn,nasal cancer,n,2457
erini,,saratani ya ini,nmn,liver cirrhosis,n,2457
erino,,saratani ya meno,nmn,teeth cancer,n,2457
erisangwa,,saratani ya ngozi,nmn,skin cancer,n,2457
eriso,,saratani ya meno,nmn,eye cancer,n,2457
esiri y’oromeme,esi ɾ ij ɔɾɔ m ɛ m ɛ,saratani ya ulimi,nmn,tongue cancer,n,2458
esiriria,esi ɾ i ɾ ia,,,,,2459
esiterero,esite ɾ e ɾ o,chuku,nmn,exaggeration,n,2460
esitima,esitima,umeme,nmn,electricity,n,2461
esogono,eso ɣ ono,,,,,2462
kombamwiko,,,,,,2462
esogota,eso ɣ ota,msokoto,nmn,improvised paper cigar,n,2463
esoke,ɛ s ɔ k ɛ,,,,,2464
jivishe,,,,,,2464
esoroko,ɛ s ɔɾɔ k ɔ,hasira ya ghafla,nmn,rage,n,2465
esororo,ɛ s ɔɾɔɾɔ,sauti ya mahubiri,nmn,voice of preacher,n,2466
esororoko,ɛ s ɔɾɔɾɔ k ɔ,,,,,2467
esosera,esose ɾ a,,,,,2468
ugaga,,nmn. spirogyra n. egento kenga eusi ekoranda amache igoro ere machani kabichi. nigo ekobucha na gotuma amache atereime. 2. homa ya malaria,nmn,malaria,n,2468
esosobe,esoso ꞵ e,,,,,2469
esuguye,esu ɣ uje,faida,nmn,profit,n,2470
esukwano,esukwan ɔ,safari ya kulazimishwa,nmn,forced journey,n,2471
e surancha,esu ɾ an ʧ a,mbingiri,nmn,ocinum suave,n,2472
eta,eta,pita,kt,pass,v,2473
etagachi,eta ɣ a ʧ i,,,,,2474
perimeter,,,,,,2474
etagachi,eta ɣ a ʧ i,tumbo,nmn,stomach,n,2475
enda,,,,,,2475
e taganya,eta ɣ a ɲ a,lukuki,nmn,plenty,n,2476
oromboro,,,,,,2476
etago,eta ɣɔ,ngunja,nmn,clay soil used for decoration,n,2477
etagore,eta ɣ o ɾ e,iezi nunua,kv,that which can’t buy,adj,2478
entaima,entaima,,,,,2479
etama,etama,,,,,2480
tatoroka,,,,,,2480
etamang’eo,etamaŋg ɛɔ,chupi,nmn,panty,n,2481
etambauta,etambauta,afriti,nmn,evilly disposed,n,2482
etang’ang’a,etaŋgaŋga,,,,,2483
inconsiderate,,,,,,2483
etambauta,etambauta,,,,,2484
pepo,,,,,,2484
etambauta,etambauta,,,,,2485
one,,,,,,2485
etangausi,etaŋausi,,,,,2486
zingiber,,,,,,2486
etanguche,etaŋu ʧ e,,,,,2487
etania,etania,,,,,2488
etantaura,etantau ɾ a,,,,,2489
etano,etan ɔ,,,,,2490
etego,ɛ t ɛɣɔ,"kaswende, sekeneko",nmn,syphils,n,2491
etekere,ɛ t ɛ k ɛɾɛ,,,,,2492
etenene,ɛ t ɛ n ɛ n ɛ,,,,,2493
etenene,etenene,,,,,2494
etengo,ɛ t ɛ ŋ ɔ,dengu,nmn,green gram,n,2495
etente,ɛ t ɛ nt ɛ,,,,,2496
eteyo,ɛ t ɛ j ɔ,,,,,2497
eteniteni,ɛ t ɛ nit ɛ ni,,,,,2498
etiero,eti ɛɾɔ,,,,,2499
etinini,etinini,,,,,2500
etitikano,etitikan ɔ,,,,,2501
eting’ana,etiŋgana,,,,,2502
etiritiri,eti ɾ iti ɾ i,,,,,2503
etiritiri,eti ɾ iti ɾ i,,,,,2504
etochi,ɛ t ɔʧ i,kurunzi,nmn,torch,n,2505
etogonyo,ɛ t ɔɣɔɲɔ,,,,,2506
rebuke,,,,,,2506
etoigo,ɛ t ɔ i ɣɔ,gharika,nmn,floods (on macro scale),n,2507
etono,ɛ t ɔ :n ɔ,,,,,2508
etore,eto: ɾ e,,,,,2509
etoria,eto ɾ ia,,,,,2510
etoto,etoto,,,,,2511
etunga,etuŋa,,,,,2512
etugo,etuŋo,,,,,2513
eturubano,etu ɾ u ꞵ an ɔ,,,,,2514
etugeka,etu ɣ eka,,,,,2515
etukia,etu:kia,,,,,2516
etureti,etu ɾ eti,,,,,2517
eubi,eu ꞵ i,,,,,2518
eunya,eu ɲ a,,,,,2519
euramba,eu ɾ amba,,,,,2520
eururu,eu ɾ u ɾ u,,,,,2521
eunguru,euŋu ɾ u,,,,,2522
eutere,eute ɾ e,,,,,2524
to,,,,,,2524
euti,euti,,,,,2525
euyayero,eujaje ɾ o,,,,,2526
eyanga,ejaŋa,,,,,2527
eyangaenyia,ejaŋae ɲ ia,,,,,2528
eyemo,ɛ j ɛ m ɔ,,,,,2529
eyemo,ɛ j ɛ m ɔ,,,,,2530
eyioyerio,ejioje ɾ o,,,,,2531
gaba,ɣ a ꞵ a,"gawa,",kt,Share. divide,v,2537
gabana,,,,,,2537
gabanera,,,,,,2537
gabera,,,,,,2537
gaberwa,,,,,,2537
gabeka,,,,,,2537
gabigwa,,,,,,2537
gacha,ɣ a ʧ a,weka,kt,keep,v,2538
gechabore,ɣ e ʧ a ꞵ o ɾ e,,,,,2539
getirianda,,,,,,2539
gachie,ɣ a ʧ ie,,,,,2540
gachie,ɣ a ʧ ie,,,,,2541
garagaria,ɣ a ɾ a ɣ a ɾ ia,,,,,2542
garagaria,ɣ a ɾ a ɣ a ɾi a,fanya mtu atapike,kt,nauseate,v,2543
garagaria,ɣ a ɾ a ɣ a ɾ ia,,,,,2544
bore,,,,,,2544
annoy,,,,,,2544
gechinchio,ɣ e ʧ in ʧ io,machinjioni,nmn,abattoir,n,2545
gemba,ɣ emba,,,,,2546
gembana,ɣ embana,,,,,2547
gera,ɣ e ɾ a,pima,kt,measure,v,2548
gera,ɣ e ɾ a,,,,,2549
gesa,ɣ esa,,,,,2550
gesa,ɣ esa,,,,,2551
gesa,ɣɛ sa,vuna,kt,harvest,v,2552
gesa,ɣɛ sa,kuwa macho,kt,keep vigil. alert. watch,v,2553
gesa,ɣɛ sa,ongeza,kt,add,v,2554
gesera,ɣɛ s ɛɾ a,,,,,2555
gesua,ɣɛ swa,,,,,2556
geserua,ɣɛ s ɛɾ wa,,,,,2557
gesieri,ɣ esie ɾ i,,,,,2558
gesieri,ɣ esie ɾ i,,,,,2559
gesogono,ɣ eso ɣ ono,,,,,2560
keyore,,,,,,2560
gechabore,,,,,,2560
getirianda,,,,,,2560
gesunere,ɣ esune ɾ e,kichunie au chuna kitu uongezee kingine,kt,pinch a little for something,v,2561
geta -,ɣ eta,,,,,2562
gete,ɣ ete,,,,,2563
geticha,ɣ et ʹ i ʧ a,huzuia,kt,it blocks,v,2564
geticha,ɣʹ eti ʧ a,,,,,2565
getichera,ɣ eti ʧ e ɾ a,,,,,2566
geticherera,ɣ eti ʧ e ɾ e ɾ a,,,,,2567
getii,ɣ eti:,,,,,2568
malishoni,,,,,,2568
getirianda,ɣ eti ʧeɾ a,,,,,2569
gechabore,,,,,,2569
getonere,ɣe t ɔ n ɛɾɛ,,,,,2570
getonere,ɣ et ɔ :n ɛɾɛ,"kitamani, kutamani kitu",kt,make one to desire something,v,2571
getong’o,ɣ et ɔ ŋg ɔ,,,,,2572
gia,ɣ ia,,,,,2573
gicha,ɣ i: ʧ a,,,,,2574
ginda,ɣ i:nda,doea,kt,linger,v,2575
ginda,ɣ i:nda,gusa,kt,dirty. besmirch,v,2576
gindigwa,ɣ indi ɣ wa,gusishwa,kt,apply,v,2577
gingira,ɣ iŋi ɾ a,nyoa,kt,shave,v,2578
gingira,ɣ iŋi ɾ a,laghai,kt,deceive,v,2579
gioka,ɣ ioka,,,,,2580
gioka,ɣ i ɔ ka,kikawaka,kt,lit,v,2581
gira,ɣ i ɾ a,,,,,2582
kata,,,,,,2582
boycott,,,,,,2582
gira,ɣ i: ɾ a,,,,,2583
giramora,ɣ i ɾ amo ɾ a,,,,,2584
giramorani,ɣ i ɾ amo ɾ ani,toana jasho,kt,make each other sweat,v,2585
giramoria,ɣ i ɾ amo ɾ ia,,,,,2586
giramorigwa,,,,,,2586
girigeria,ɣ i ɾ i ɣɛɾ ia,limbika,kt,stint,v,2587
gita,ɣ ita,,,,,2588
gita,ɣ ita,,,,,2589
gitera,ɣ ite ɾ a,,,,,2590
gitera .,ɣ ite ɾ a,,,,,2591
gitera .,ɣ ite ɾ a,,,,,2592
give,,,,,,2592
gobora,ɣɔꞵɔɾ a,chokoa,kt,pick teeth,v,2593
gobora,ɣɔꞵɔɾ a,,,,,2594
goborua,ɣɔꞵɔɾ wa,chokoleshwa,kt,retribution,v,2595
gocha,ɣ o ʧ a,,,,,2596
gocha,ɣɔʧ a,kwaa,kt,Stumble,v,2597
gocha,ɣ o: ʧ a,unda,kt,"make from, newfangle",v,2598
gochabera,ɣ o ʧ a ꞵ e ɾ a,Kunadi,kt,"decorate , adorn",v,2599
gochengeria,ɣ o ʧ eŋe ɾ ia,,,,,2600
gochera,ɣ o ʧ e ɾ a,,,,,2601
gochera,ɣɔʧɛɾ a,,,,,2602
gochia,ɣ o ʧ ia,,,,,2603
kuenda,,,,,,2603
gochia,,,,,,2603
gochia,,,,,,2603
gochia,,,,,,2603
gochia,,,,,,2603
gochia,,,,,,2603
gochia,,,,,,2603
gochia,,,,,,2603
inwards,,,,,,2603
gochia,,,,,,2603
gochia,,,,,,2603
aroka,,,,,,2603
gochia,,,,,,2603
gochobera,ɣɔʧɔꞵɛɾ a,,,,,2604
gochobera,ɣɔʧɔꞵɛɾ a,,,,,2605
goika,ɣ oika,shuka.teremka,kt,come down.alight or descend,v,2606
goika,ɣ oika,,,,,2607
goika,ɣ oika,,,,,2608
goka,ɣ o:ka,ng’oka,kt,become unfixed,v,2609
goka,ɣ o:ka,,,,,2610
goka,ɣɔ :ka,furahi,kt,be happy,v,2611
gokera,ɣ o:k ɛɾ a,furahia,kt,be happy for,v,2612
gokora,ɣ oko ɾ a,ng’oa,kt,unfix,v,2613
gokora,,,,,,2613
gonkia,ɣɔ :nkia,,,,,2614
gonkia,ɣɔ :nkia,nyonyesha,kt,suckle,v,2615
goragora,ɣɔ : ɾ a ɣɔ : ɾ a,,,,,2616
gosaba,ɣ osa ꞵ a,,,,,2617
kufanya,,,,,,2617
kusali,,,,,,2617
to,,,,,,2617
goserorerana,ɣ ose ɾ o ɾ e ɾ ana,pakuliana chakula,kt,serving each other food,v,2618
gosiira,ɣ osi: ɾ a,toa msaada,kt,to help,v,2619
gosereria,ɣɔ s ɛɾɛɾ ia,fukuzia,kt,chase for,v,2620
gosoroma,ɣɔ s ɔɾɔ ma,azima,kt,borrow,v,2621
gota,ɣɔ ta,zeeka,kt,grow old,v,2622
gotaborerana,ɣ ota ꞵ o ɾ e ɾ ana,mnyoleana au toleana ndizi kutoka kwa chane,kt,pluck. dole out such as of bananas,v,2623
gotera,ɣɔ t ɛɾ a,,,,,2624
get,,,,,,2624
gouterera,ɣ oute ɾ e ɾ a,"fitinisha, hamakisha au chonganisha",kt,fire up.agitate,v,2625
gundia,ɣ undia,fanya kitu kioze,kt,make delay or rot,v,2626
gunkwara,ɣ unkwa ɾ a,,,,,2627
balloon,,,,,,2627
curve,,,,,,2627
Gusii,ɣ usi:,,,,,2628
gwaaa !,ɣ w ʹ a:,,,,,2629
gwaaa !,ɣ w ˋ a:,,,,,2630
gwancha kianda gia ikomi,ɣ wan ʧ akianda ɣ iaikomi,penda sana,kt,have great love,v,2631
guatogeka,ɣ wa:to ɣ eka,tamkwa,kt,pronounceable,v,2632
gue -,ɣ we,,,,,2633
kwa-,,,,,,2633
cha-,,,,,,2633
guera,ɣ we ɾ a,toshea,kt,suffice,v,2634
iguera,i ɣ we ɾ a,,,,,2640
ikomi,ikomi,,,,,2641
"kumi na nne.fourteen. enamba ere bosio ase ikomi na echingwanse isato,magega ase ikomi na echingwanse isano ase omobaro. ikomi na echingwanse isano",,,,,,2641
eyemo,,,,,,2641
ibere,,,,,,2641
isato,,,,,,2641
imaanore,im ʹ a:no ɾ e,,,,,2642
imaanore,,,,,,2642
imaanorere,,,,,,2642
imaanorie,,,,,,2642
imanoorie,,,,,,2642
imanore,imano ɾ e,,,,,2643
imanorere,ima:no ɾ e ɾ e,,,,,2645
imanorie,imano ɾ ie,,,,,2646
imbagekie,imba ɣ ekie,,,,,2647
imbarabare,imba ɾ a ꞵ a ɾɛ,,,,,2648
imbarabare,imba ɾ a ꞵ a ɾ e,,,,,2649
imbere,imb ɛ : ɾɛ,,,,,2650
imbere,imb ɛ : ɾɛ,,,,,2651
imbereo,imb ɛ : ɾɛɔ,,,,,2652
imberete,imb ɛ : ɾɛ t ɛ,,,,,2653
imbenore,imbeno ɾ e,,,,,2654
imenterwa,im ɛ :nt ɛɾ wa,,,,,2655
imoki,imoki,,,,,2656
indaira,indai ɾ a,,,,,2657
indanyuoma,inda ɲ woma,,,,,2658
indarie,ʹ inda ɾ ie,,,,,2659
indarie,ind ʹ a ɾ ie,,,,,2660
lay,,,,,,2660
indarie,ind ʹ a: ɾ ie,,,,,2661
inde,inde,,,,,2662
indemere,indeme ɾ e,,,,,2663
indengere,ind ɛ ŋ ɛɾɛ,,,,,2664
indibie,indi ꞵ ie,,,,,2665
indie,indie.,,,,,2666
indimerie,indime ɾ ie,,,,,2667
indimerie,indime ɾ ie,,,,,2668
indimie,indimie,,,,,2669
indorie,ind ɔɾ ie,,,,,2670
indorie,indo ɾ ie,,,,,2671
ing’iranere,iŋg iɾ ane ɾi e,,,,,2672
ing’iranere,iŋgi ɾ ane ɾ e,,,,,2673
ing’iranere,iŋgi ɾ ane ɾ e,,,,,2674
ingoika,iŋoika,,,,,2675
ingokora,iŋoko ɾ a,,,,,2676
ingokora,iŋ ɔ k ɔɾ a,,,,,2677
inkainyora,inkai ɲ o ɾ a,,,,,2678
inkamanya,inkama ɲ a,,,,,2679
ikaransa,ika ɾ ansa,,,,,2680
ikaransa,ika ɾ ansa,,,,,2681
inkeiraneria,inkei ɾ ane ɾ ia,,,,,2682
inkerengereria,ink ɛɾɛ ŋ ɛɾɛɾ ia,,,,,2683
inkogotie,inko ɣ otie,,,,,2684
inkoigwa,inkoi ɣ wa,,,,,2685
inkoira,inkoi ɾ a,,,,,2686
inkoirana,inkoi ɾ ana,,,,,2687
inkoirurukigua,inkoi ɾ u ɾ uki ɣ wa,,,,,2688
inkorie,inko ɾ ie,,,,,2689
inkorie,inko ɾ ie,,,,,2690
inkorie,inko ɾ ie,,,,,2691
inkorore,ink ɔɾɔɾɛ,,,,,2692
inkorore,ink ɔɾɔɾɛ,,,,,2693
inkure,inku: ɾ e,,,,,2694
inkure,inku ɾ e,,,,,2695
i nkurure,inku ɾ u ɾ e,,,,,2696
insa,insa,,,,,2697
insa,insa,saa,nmn,Time. hour,n,2698
inye,i ɲɛ,,,,,2699
ere,,,,,,2699
ira,i ɾ a,,,,,2700
irera,,,,,,2700
ira,,,,,,2700
ira,,,,,,2700
ira,,,,,,2700
ira,,,,,,2700
ira,,,,,,2700
ira,,,,,,2700
ira,,,,,,2700
ira,,,,,,2700
ira,i ɾ a,,,,,2701
irera,,,,,,2701
to,,,,,,2701
irerwa,,,,,,2701
ira,i: ɾ a,,,,,2702
i rana,i ɾ ana,,,,,2703
irianyi,i ɾ ia ɲ i,,,,,2704
irianyi ya bosongo,i ɾ i aɲ ija ꞵ osoŋo,,,,,2705
irianyi ya mocha,i ɾ ia ɲ ijamo ʧ a,,,,,2706
iroka,i ɾ oka,,,,,2707
irokana,i ɾ okana,,,,,2708
irora,i ɾ o ɾ a,,,,,2709
irorera,i ɾ o ɾ e ɾ a,,,,,2710
irura,i ɾ u ɾ a,,,,,2711
iruruka,i ɾ u ɾ uka,,,,,2712
irurukania,i ɾ u ɾ ukania,,,,,2713
irurukeria,i ɾ u ɾ uke ɾ ia,peperushia,kt,fly for,v,2714
irurukia,i ɾ u ɾ ukia,peperusha,kt,fly,v,2715
isaneka,isaneka,,,,,2716
isanekania,isanekania,,,,,2717
isanekia,isanekia,,,,,2718
isano,isan ɔ,,,,,2719
tano,,,,,,2719
isano n’emo,isan ɔ n ɛ m ɔ,,,,,2720
isano na isato,isan ɔ naisato,,,,,2721
isamarere,isama ɾ e ɾ e,,,,,2722
isato,isato,,,,,2723
itorora,itorora,,,,,2724
itororera,itororera,,,,,2725
itororoka,itororera,"yakatiririka, chiririka, churura, derereka, dondoka,",kt,"trickle, drip it poured",v,2726
agaitororoka,,"yakatiririka, chiririka, churura, derereka, dondoka,",kt,"trickle, drip it poured",v,2726
agaitororoka,,"yakasisimuka, shtua, mstuko, sisimusha, dharuba",kt,"to be shocked, startled, surprise",v,2726
iya,ija,,,,,2727
ka-ng’o?,kaŋgo,,,,,2733
kabuna,ka ꞵ una,gavana,nmn,governor,n,2734
kaki,kaki,,,,,2735
kani,kani,,,,,2736
kara,ka ɾ a,,,,,2737
Kayaga,kaja ɣ a,jina la mtu,nmn,person’s name,n,2738
kayaga,kaja ɣ a,,,,,2739
keba,k ɛ β a,,,,,2740
keba,k ɛ βa,,,,,2741
keba,k ɛ βà,,,,,2742
snip,,,,,,2742
nibble,,,,,,2742
kebana,k ɛ βana,,,,,2743
kebana,keβánà,,,,,2744
kebara,keβa ɾ a,,,,,2745
loo,,,,,,2745
kebara,keβá ɾ à,,,,,2746
Kebata,k ɛ βata,,,,,2747
kebatema,keβat ɛ :ma,,,,,2748
kebe,k ɛ β ɛ,,,,,2749
kebe,,,,,,2749
kebee,k ɛ β ɛ :.,,,,,2750
(=,,,,,,2750
kebee .,keβe:,,,,,2751
kebene,keβénè,,,,,2752
kebene,k ɛ β ɛ n ɛ,,,,,2753
kebindi,keβi:ndi,,,,,2754
Kebindi,k ʹ eβi:ndi,,,,,2755
keboiseke,keβoisekè,,,,,2756
kebomuanyabanto,keβ ɔ mwa ɲ a ꞵ anto,,,,,2757
kebonde,keβo:nde,,,,,2758
kebonyangongo,keβo ɲ aŋ ɔ ŋ ɔ,,,,,2759
kee,k ɛ :,,,,,2760
keeria,ke: ɾ ia,,,,,2761
keira,kei ɾ a,,,,,2762
keirana,kei ɾ ana,,,,,2763
keire,kei ɾ e,,,,,2764
keire,kei ɾ e,,,,,2765
kebomoyo,k ɛꞵɔ m ɔ: j ɔ,,,,,2766
kebomoyo,k ɛꞵɔ m ɔ :j ɔ,,,,,2767
kenga,ke:ŋa,,,,,2768
kenga,ke:ŋa,,,,,2769
kenga,ke:ŋa,,,,,2770
keria,ke ɾ ia,,,,,2771
keria,ke ɾ ia,,,,,2772
kina,ki:na,,,,,2773
koa,k ɔ a,ert. kupa,kt,nmn. to give,v,2774
koama,koama,,,,,2775
koara,koa ɾ a,gwara,kt,scratch,v,2776
kobera,k ɔ : ꞵɛɾ a,,,,,2777
kobera,ko ꞵ e ɾ a,tokota,kt,to boil,v,2778
kobereria,,,,,,2778
kobera,k ɔꞵɛ : ɾ a,,,,,2779
kobua,ko ꞵ ua,,,,,2780
kobwatachinderu,ko ꞵ wata ʧ ind ɛɾ u,,,,,2781
koetania,koetania,,,,,2782
koetania,koetania,,,,,2783
koetania,koetania,,,,,2784
kogotoonoonigua,k ɔɣɔ t ɔ :n ɔ :ni ɣ wa,,,,,2785
kokogaangaigua,koko ɣ a:ŋai ɣ wa,,,,,2786
komuemoteri,komw ɛ m ɔ t ɛɾ i,,,,,2787
kong’iranere,koŋgi ɾ ane ɾ e,,,,,2788
korende,ko ɾ ende,,,,,2789
korera,k ɔɾɛɾ a,,,,,2790
korera,k ɔɾɛɾ a,,,,,2791
korerera,k ɔɾɛɾɛɾ a,,,,,2792
koreria,ko ɾ e ɾ ia,,,,,2793
korereria,,,,,,2793
koreria,k ɔɾɛɾ ia,,,,,2794
korimera,ko ɾ ime ɾ a,,,,,2795
kemumi,kemumi,,,,,2796
kouterera,koute ɾ e ɾ a,,,,,2797
kuma.,kuma.,julikana. manyekana. agakuma / a ɣ akuma / egkr. alijulikana,kt,became famous,v,2798
agakuma,,alijulikana,kt,became famous,v,2798
kumba.,kumba,,,,,2799
kumbaria.,kumba:ria,,,,,2800
kumbata,ku:mbata,,,,,2801
kumera,ku:mera,,,,,2802
kumia.,kumia,,,,,2803
kundeka,kundeka,,,,,2804
kundeka,kundeka,,,,,2805
kundora,kundo ɾ a,,,,,2806
kuria,ku ɾ ia,,,,,2807
kuruma,ku ɾ uma,,,,,2808
kurura,ku ɾ u ɾ a,,,,,2809
kurura,ku ɾ u ɾ a,,,,,2810
kua,kwa,,,,,2811
kuaa,kwa:,,,,,2812
kuaa,kwa:,,,,,2813
kuaba,kwa ꞵ a,huwa,kt,to become,v,2814
Kwaba,kwa ꞵ a,,,,,2815
kuabo,kwa ꞵɔ,,,,,2816
kuao,kwao,,,,,2817
kuagara,kwa ɣ a ɾ a,,,,,2818
kuanya,kw ʹ a ɲ a,nyakua.bwakua,kt,smuggle,v,2819
kuanya,kwa ɲʹ a,,,,,2820
mabere,maβ ɛ : ɾɛ,,,,,2826
machani kabichi,ma ʧ anika ꞵ i ʧ i,,,,,2827
magunkura,ma ɣ unku ɾ a,kichinichini,nmn,clandestine,n,2828
maiso a bakungu,maisoa ꞵ akuŋu,machweo,kv,dusk,adj,2829
maiso marore,mais ɔ ma ɾɔɾɛ,,,,,2830
mambia,mambia,1 . kesho,kv,tomorrow,adj,2831
chuni,,kesho alfajiri,kv,tomorrow at dawn,adj,2831
enyoni,,,,,,2831
mami sabu,mamisa ꞵ u,,,,,2832
mamincha ya irianyi ya mocha,mamin ʧ ajai ɾ ia ɲ ijamo ʧ a,,,,,2833
manora,ma:no ɾ a,1. funua,kt,reveal,v,2834
operate v. manorwa,,funuliwa,kt,be revealed,v,2834
manorera,,,,,,2834
manora,mano ɾ a,,,,,2835
ng’oa,,nanga,kt,embark (on a journey),n,2835
maraba,ma ɾ a ꞵ a,hudhurungi,nmn,brown,n,2836
Marendi,ma ɾ endi,,,,,2837
mareti,ma ɾ eti,,,,,2838
marigiti,ma ɾ i ɣ iti,sokoni,nmn,market,n,2839
masagiro,masa ɣ i ɾ o,"buku , ndezi",nmn,"jerboa , giant rat",n,2840
masamu,ma:samu,,,,,2841
masentero,mas ɛ nt ɛɾɔ,,,,,2842
masio ombera,masiombe ɾ a,,,,,2843
matibe,mati ꞵ e,kisukari,nmn,diabetes,n,2844
me !,m ɛ,,,,,2845
menta,m ɛ nta,,,,,2846
menterwa,,,,,,2846
mekia,mekia,,,,,2847
menengai,m ɛ n ɛ ŋai,,,,,2848
menya,m ɛɲ a,,,,,2849
menya,m ɛɲ a,,,,,2850
mera,m ɛɾ a,mea,kt,grow,v,2851
mera,me ɾ a,,,,,2852
mera,me ɾ a,,,,,2853
mimintia,mimintia,gugumia.gugumiza,kt,to empty,v,2854
mobucha-ibu,mo ꞵ u ʧ ai ꞵ u,,,,,2855
moba,m ɔꞵ a,mnakuwa,kt,you become,v,2856
mobaso,mo ꞵ aso,mchana,nmn,daytime,n,2857
mobaso,,adhuhuri,nmn,noon,n,2857
mobere,mo ꞵ e ɾ e,,,,,2858
mobere,m ɔꞵɛɾɛ,,,,,2859
mochore,m ɔʧɔɾɛ,,,,,2860
mochoro,mo ʧ o ɾ o,,,,,2861
Mogusii,mo ɣ usi:,mwanzilishi wa jamii ya Abagusii,nmn,forefather of the Abagusii community,n,2862
moguancha,mo ɣ wan ʧ a,saba,nmn,seven,n,2863
moine,moin ɛ,nne,nmn,four,n,2864
moiko,mo i k ɔ,hatima au mwisho,nmn,end of something,n,2865
moka-momura,mokamomu ɾ a,mkazamwana,nmn,daughter in law,n,2866
mokendo,mokendo,,,,,2867
monia,monia,,,,,2868
monyanya,mo ɲ a ɲ a,nane,nmn,eight,n,2869
monyinga,mo ɲ i:ŋa,potevu(mali),nmn,"lost, misused or wasted wealth",n,2870
morangua,mo ɾ aŋwa,,,,,2871
moserengeti,m ɔ s ɛɾɛ ŋ ɛ ti,,,,,2872
mosocho,moso ʧ o,zambarau,nmn,purple,n,2873
motangi,motaŋi,,,,,2874
motasuru,motasu ɾ u,kozi,nmn,pigeon hawk,n,2875
motato,motat ɔ,tano,nmn,five,n,2876
motende ka,m ɔ t ɛ nd ɛ ka,sita,nmn,six,n,2877
motonere,m ɔ t ɔ n ɛɾɛ,mpambe,kt,adorn someone,v,2878
motonere,m ɔ t ɔ :n ɛɾɛ,mtamani mwenzako,kt,desire one near you,v,2879
motono,m ɔ t ɔ n ɔ,kumi,nmn,ten,n,2880
mobere,,kumi na mbili,nmn,twelve,n,2880
mogwancha,,kumi na saba,nmn,seventeen,n,2880
moine,,kumi na nne,nmn,fourteen,n,2880
mokendo,,kumi na tisa,nmn,ninteen,n,2880
monyanya,,kumi na nane,nmn,eighteen,n,2880
motano,,kumi na tano,nmn,fifteen,n,2880
motato,,ekr. kumi na tatu,nmn,kv. thirteen,n,2880
motende,,ekr. kumi na sita,nmn,kv. sixteeen,n,2880
moyemo,,ekr. kumi na moja,nmn,kv. eleven,n,2880
motumbere,motumbe ɾ e,muongezee,kt,add for,v,2881
motumere,motume ɾ e,mrukie,kt,jump on someone,v,2882
moyoyo,mojojo,jambo jepesi,kv,light task,adj,2883
munyia,mu ɲ ia,sengenya au fitini,nmn,backbite,n,2885
mueno,mweno,,,,,2886
muochochi,mwo ʧ o ʧi,,,,,2887
kudokeza,,,,,,2887
na,na,,,,,2893
nay’echingaki,naje ʧ iŋaki,,,,,2894
na ayande,najande,na kadhalika,nmn,et cetra,n,2895
nabote,na ꞵɔ t ɛ,,,,,2896
naende,naende,,,,,2897
nara,na ɾ a,,,,,2898
narerera,na ɾ e ɾ e ɾ a,zoelea,kt,acquaint with,v,2899
ndi !,ndi,sauti inayoashiria giza totoro,kv,description of total darkness,adj,2900
ndindindi !,ndindindi,sauti ya mwigo ya kamba nane ilipokuwa inajaribiwa,kv,"sound made by a harp, when tuning",adj,2901
neba,n ɛ : ꞵ a,,,,,2902
walau,,,,,,2902
falau,,,,,,2902
nengeta,n ɛ ŋ ɛ ta,,,,,2903
nengetana,,,,,,2903
nengetwa,,,,,,2903
nenoria,neno ɾ ia,,,,,2904
ng’a,ŋga,,,,,2905
egere,,,,,,2905
nario,,,,,,2905
nabo,,,,,,2905
boigo,,,,,,2905
ng’akierabe,ŋgakie ɾ a ꞵɛ,,,,,2906
ng’urana,ŋgu ɾ ana,,,,,2907
ng’uria obomera,ŋgu ɾ ia ɔꞵɔ m ɛɾ a,,,,,2908
nguria eero,ŋgu ɾ iae: ɾ o,,,,,2909
ng’urisia,ŋgu ɾ isia,,,,,2910
ng’urisigua,ŋgu ɾ isi ɣ wa,,,,,2911
ng’waa !,ŋgwa:,sauti inayotokana na mwendo wa ndege mkubwa,kv,sound of a flying large bird,adj,2913
no’ogaya,n ɔ : ɣ aja,mahali patulivu,nmn,serene and peaceful environment,n,2914
nonya,n ɔ : ɲ a,,,,,2915
nyabainati - mase,ɲ a ꞵ ainatimas ɛ,ert . malaya,kv,nmn. prostitute,n,2916
nyagecha,ɲ a ɣɛʧ a,jina la utani kwa mwanamke,nmn,derisory term for a lady,n,2917
nyagechuechue,ɲ a ɣ e ʧ w ɛʧ w ɛ,mwanamke anayependa kupiga nduru ovyo,nmn,a rowdy woman,n,2918
omonyagechuechue,,,,,,2918
nyaibu,ɲ ai ꞵ u,ekr. kijivujivu,nmn,kv. grey,n,2919
nyakeburo,ɲ ake ꞵ u ɾ o,kibogoyo,nmn,toothless person,n,2920
nyamani,ɲ amani,,,,,2921
nyamesanchua,ɲ amesan ʧ wa,,,,,2922
Nyandwenyi,ɲ andw ɛɲ i,mwaka 1889 ambapo ng’ombe wengi walikufa,nmn,the year 1889 when there was an outbreak of a deadly cattle disease,n,2923
nyangumi,ɲ aŋumi,,,,,2924
nyara,ɲ a ɾ a,weza,kt,be able.to succeed v . okobua.okobichoka ase ogokora egento gete e.e. Mecha nabo akonyara korosia enchengeria y’omogusii. nyarwa / ɲ a ɾ wa/. egkr. wezwa kt. be overcome,v,2925
nyarwa,,wezwa,kt,be overcome,v,2925
nyiera,ɲ ie ɾ a,machwea ya jua,kh,sunset(direction),prep,2926
nyiroria,ɲ a ɾ o ɾ ia,topoa,kt,escape narrowly,v,2927
nyora,ɲɔɾ a,,,,,2928
find v. nyora omwana,,zaa,kt,give birth,v,2928
enyangi,,funga ndoa,kt,wed,v,2928
- nyua,ɲ wa,,,,,2929
nyuee !,ɲ we:,,,,,2930
nyuera,ɲ we :ɾ a,nywea,kt,be absorbed,v,2931
nyuera,ɲ we: ɾ a,,,,,2932
obiso,oβi:s ɔ,macho vikombe,nmn,a person with small eyes,n,2938
oboaateri,oβoa:te ɾ i,hali ya kuficha kitu,nmn,hiding of something,n,2939
oboarigania,oβoa ɾ i ɣ ania,mwaliko,nmn,usher or invitation,n,2940
oboba,ɔ β ɔ :βa,uyoga,nmn,mushroom,n,2941
obobaari,oβoβa: ɾ i,upasuaji,nmn,surgery or operation,n,2942
obobasagania,oβoβasa ɣ ania,,,,,2943
obobe,oβoβe,ubaya,nmn,badness,n,2944
obogima,,,,,,2944
obobene,ɔ β ɔ β ɛ :n ɛ,upweke,nmn,loneliness,n,2945
obobisa,oβoβisa,uadui,nmn,enemity,n,2946
obobui,oβoβui,ushindi,nmn,victory,n,2947
obobuatero,oβoβwa:t ɔ,shikio,nmn,holder or handler,n,2948
obobwato,oβoβwa:t ɔ,vijipaja,nmn,small thighs,n,2949
obobueria,oβoβw ɛɾ ia,,,,,2950
spliting,,,,,,2950
obochage,oβo ʧ a ɣ e,ndizi ambayo haijakomaa,nmn,immature banana,n,2951
obochage,oβ ɔʧ a ɣ e,hali ya kuwa na wake wengi,nmn,polygamy,n,2952
obochanchaboki,oβo ʧ an ʧ aβoki,uzee,nmn,ageing,n,2953
ekegotu,,,,,,2953
obocharia,oβo ʧ a ɾ ia,chambo,nmn,bait,n,2954
obochege,ɔ β ɔʧɛɣɛ,vipele,nmn,pimples,n,2955
obochichiba,ɔ β ɔʧɪ : ʧɪ βa,,,,,2956
obochobereri,ɔ β ɔʧɔ β ɛɾɛɾi,ustawishaji,nmn,establishment,n,2957
obochurubei,oβo ʧ u ɾ uβei,umajimaji,nmn,wateriness,n,2958
obochueria,oβo ʧ w ɛɾ ia,mraruo,nmn,tearing,n,2959
oboembeki,ɔ β ɔɛ mb ɛ ki,uaili,nmn,blame,n,2960
oboendegeri,ɔ β ɔɛ nd ɛɣɛɾ i,mchachato chachato,nmn,slow walk,n,2961
oboetanano,o ꞵ oetanano,mduara,nmn,circle,n,2962
obogaang a,oβo ɣ a:ŋa,ufisadi,nmn,corruption,n,2963
obogara,oβo ɣ a ɾ a,,,,,2964
hali,,,,,,2964
swallowing,,,,,,2964
obogetirianda,oβo ɣ eti ɾ ianda,,,,,2965
"uchi,",,,,,,2965
nakedness,,,,,,2965
obogiata,oβo ɣ iata,umahiri,nmn,skillful,n,2966
obogima,oβo ɣ ima,maisha.uzima,nmn,"to be alive ekerengo ki’obomoyo bw’ebitongwa ase kera ekemo keria gekoeyana, oboikeranu bweng’encho amo n’enchera y’okobao na kogenderera goikera engaki obomoyo botario ime yaito. obogimabw’obotaka ert.egtb .maisha ya umaskini nmn.. kt. living in poverty",n,2967
obogima,,egtb. maisha ya utengamano,nmn,kt. peaceful life,n,2967
obogima,,,,,,2967
obogima,,oro Nyasae buna omogwekano bw’ayubu omouz i ert..egtb . maisha ya kumwogopa mungu mfano wa Ayubu Muuzi,nmn,kt. God fearing kind of life like that of Job of the land of Uz,n,2967
obogisangio,oβo ɣ isaŋi ɔ,,,,,2969
cooperation,,,,,,2969
obogotu,ɔβɔɣɔt u,,,,,2970
old-age,,,,,,2970
oboguka,oβo ɣ uka,hali ya kuwa kinamizi,nmn,having a bent back or stoop,n,2971
oboguenia,oβo ɣ w ɛ nia,,,,,2972
treatment,,,,,,2972
oboguono,oβo ɣ wo:no,uzuzu,nmn,Idiocy,n,2973
oboia,ɔ β ɔ ia,ogofya,kv,scares,v,2974
oboichire,oβoi ʧ i ɾ e,muawana kutoka kwa uliyemsaidia,kt,getting unexpected help from a person you helped,v,2975
oboigatua,o ꞵ oi ɣ atwa,,,,,2976
being,,,,,,2976
oboigotu,o ꞵ oi ɣ otu,,,,,2977
hali,,ya kuridhika,nmn,contentedness,n,2977
oboikaro,o ꞵ oika ɾ o,,,,,2978
aase,,,,,,2978
oboitaai,o ꞵ oita:i,upelelezi,nmn,probe,n,2979
oboiti,o ꞵ oiti,uuaji,nmn,killing or extermination,n,2980
oboitong’o,o ꞵ oit ɔŋɔ,,,,,2981
oboitorooroku,o ꞵ oito ɾ o: ɾ oku,,,,,2982
oboitwania,o ꞵ oitwania,upungufu,nmn,half-fullness,n,2983
obokabara,o ꞵ oka ꞵ a ɾ a,mchezo wa watoto,nmn,children’s play,n,2984
obokama,o ꞵ okama,mifugo ya mtu inayoonyesha utajiri wake,nmn,many cows and other domestic animals owned by one that reflected riches,n,2985
obokangare,o ꞵ okaŋa ɾ e,majani yaliyokatwa na kukauka,nmn,mulch,n,2986
obokang’iti,o ꞵ okaŋgiti,unyeti wa jino,nmn,sensitive teeth,n,2987
obokaya,o ꞵ okaja,,,,,2988
the,,,,,,2988
oboke,o ꞵ o:ke,,,,,2989
oboke,ɔꞵɔ k ɛ,,,,,2990
uchache,,,,,,2990
smallness,,,,,,2990
obokendesu,ɔꞵɔ k ɛ nd ɛ su,wakati wa baridi,nmn,cold,n,2991
koba,,,,,,2991
obokemi,ɔꞵɔ k ɛ mi,wivu,nmn,envy,n,2992
obokenonoku,o ꞵ okenonoku,//mawewa,nmn,cleanliness (esp. of water),n,2993
obokoobi,ɔꞵɔ k ɔ : ꞵ i,msindikizo,nmn,escort,n,2994
obokumbe,o ꞵ okumbe,ukombo,nmn,crookedness,n,2995
obomaame,o ꞵ oma:me,ujomba,nmn,to be in-laws,n,2996
obomanyi,o ꞵ oma ɲ i,,,,,2997
intelligence,,,,,,2997
obomo,ɔꞵɔ m ɔ,umoja,nmn,unity,n,2998
obomoyo,ɔꞵɔ m ɔ j ɔ,,,,,2999
obomuramuru,o ꞵ omu ɾ amu ɾ u,machweo,nmn,dusk,n,3000
obomuabo,o ꞵ omwa ꞵɔ,undugu,nmn,kinship or relation,n,3001
obonamereri,o ꞵ ona:me ɾ e ɾ i,udoeaji,nmn,gate crashing / frequenting someone’s place during meal time,n,3002
obonang’i,o ꞵ onaŋgi,hali ya kukomba,nmn,scraping out,n,3003
obonche,o ꞵ on ʧ e,ubinafsi,nmn,selfishness,n,3004
obonchore,o ꞵ o:n ʧ o ɾ e,unyogovu,nmn,overcooked stuff,n,3005
obonchoreria,o ꞵ on ʧ o ɾ e ɾ ia,biashara,nmn,trade,n,3006
oboneni,o ꞵ oneni,ridhaa,nmn,compensation for death,n,3007
obong’achi,o ꞵ oŋga ʧ i,ert mazingizio,nmn,false accusation,n,3008
obongo,ɔꞵɔ ŋ ɔ,kenge,nmn,monitor lizard,n,3009
obongo,ɔꞵɔ ŋ ɔ,ubongo,nmn,brain,n,3010
obong’ondo,ɔꞵɔ ŋg ɔ nd ɔ,unenepaji wa shingo,nmn,fat deposits on the neck,n,3011
obonianke,o ꞵ onianke,theluji,nmn,snow,n,3012
obooneri,ɔꞵɔ ŋ ɛɾ i,uonevu,nmn,discrimination,n,3013
obontacho,o ꞵ onta ʧɔ,vijiteke,nmn,kicks of a child,n,3014
obonyansi,o ꞵ o ɲ ansi,,,,,3015
obonyika,o ꞵ o ɲ ika,utakatifu,nmn,"holiness, saintly",n,3016
obonyinyeru,o ꞵ o ɲ i ɲ e ɾ u,,,,,3017
unyanyapaa,,,,,,3017
obonyiu,o ꞵ o ɲ iu,hali ya kitu au mahali kuwa majimaji,nmn,"watery, wetness",n,3018
oborabu,o ꞵ o ɾ a ꞵ u,uangavu,nmn,light,n,3019
oboragira,o ꞵ o ɾ a ɣ i ɾ a,,,,,3020
oboragira,o ꞵ o ɾaɣiɾ a,,,,,3021
oborembo,o ꞵ o: ɾ embo,ulimbo,nmn,"birdlime, glue",n,3022
oboremerua,ɔꞵɔɾɛ ma,,,,,3023
ukosefu,,,,,,3023
oboremi,o ꞵ o ɾ emi,ukulima,nmn,Farming,n,3024
oboremu,ɔꞵɔɾɛ mu,upungufu,nmn,shortage,n,3025
oborengi,ɔꞵɔɾɛ ŋi,,,,,3026
oboremereria,ɔꞵɔɾɛ m ɛɾɛɾ ia,,,,,3027
hali,,,,,,3027
sufferance,,,,,,3027
oborianania,o ꞵ o ɾ ianania,,,,,3028
ubazazi,,,,,,3028
oboriekeri,o ꞵ o ɾi eke ɾ i,ɾ i /. ert. kufungia kama vile mahabusu,nmn,imprisonment,n,3029
oboriri,o ꞵ o ɾ i ɾ i,,,,,3030
ujinga,,,,,,3030
stupidity,,,,,,3030
oborogochi,ɔꞵɔɾɔɣɔʧ i,ukombo,nmn,crookedness,n,3031
obororo,ɔꞵɔɾɔɾɔ,utitiri,nmn,chicken lice,n,3032
obororo,o ꞵ o ɾ o ɾ o.,uchungu,nmn,bitterness,n,3033
oborosia,ɔꞵɔɾɔ sia,ukarabati,nmn,repair,n,3034
oborototi,oꞵ o ɾ ototi,uagizaji,nmn,inspection,n,3035
oboroye,ɔꞵɔɾɔ j ɛ,uhazi,nmn,castration,n,3036
oboroye,o ꞵ o ɾ oje,,,,,3037
usiri,,,,,,3037
oboruoti,o ꞵ o ɾ uoti,,,,,3038
ufalme,,,,,,3038
leadership,,,,,,3038
oboruaire,o ꞵ o ɾ wai ɾ e,ugonjwa,nmn,disease,n,3039
endwari,,,,,,3039
oborwaire,,homa ya matumbo,nmn,typhoid,n,3039
oborwaire,,uvimbe wa wengu,nmn,splenic abscess,n,3039
oborwaire,,ugonjwa wa mishipa ya ubongo,nmn,stroke,n,3039
oborwaire,,pepopunda,nmn,tetanus,n,3039
oborwaire,,tezi la kooni,nmn,tonsilitis,n,3039
oborwaire,,utapia mlo,nmn,kwashiokor,n,3039
oborwaire,,ugonjwa wa moyo,nmn,heart failure,n,3039
oborwaire,,kisukari,nmn,diabetes,n,3039
oborwaire,,malale,nmn,trypanosomiasis,n,3039
oborwaire,,jipu,nmn,nettle rash,n,3039
obosae,o ꞵ osae,ujana,nmn,youth,n,3040
obosacha,o ꞵ osa ʧ a,uume,nmn,manhood,n,3041
obosache,o ꞵ osa ʧ e,hali ya kutatizika na kuvumilia shida,nmn,being troubled,n,3042
obosagani,o ꞵ osa ɣ ani,ushambulizi,nmn,attack,n,3043
obosani,o ꞵ osani,urafiki,nmn,friendship,n,3044
obosaria,o ꞵ osa ɾ ia,uhalifu,nmn,crime,n,3045
obosegere,o ꞵ ose ɣ e ɾ e,ulimbwende,nmn,showy women dance,n,3046
obosera,o ꞵ ose ɾ a,uchachu,nmn,fermented gruel mixed with cinum suave,n,3047
obosi,o ꞵ osi,unga,nmn,flour,n,3048
obosigerania,o ꞵ osi ɣ e ɾ ania,,,,,3049
provocation,,,,,,3049
obosigeri,o ꞵ osi ɣ e ɾ i,hali ya kuchachisha au kuudhi,nmn,provocation,n,3050
obosio,o ꞵ osio,uso,nmn,face,n,3051
obosiru,o ꞵ osi ɾ u,uangamizo,nmn,collapse of,n,3052
obosisa,o ꞵ osisa,upele,nmn,scabies,n,3053
obosongo,o ꞵ osoŋo,sumu,nmn,poison,n,3054
obosumberi,o ꞵ osumberi,hali ya kuhitaji,nmn,pester for help,n,3055
obotambe,o ꞵ otambe,,,,,3056
urefu,,,,,,3056
obotanda,o ꞵ otambe,vijitanda,nmn,small beds,n,3057
obotandori,o ꞵ otando ɾ i,upasuaji,nmn,split firewood,n,3058
obotatererei,o ꞵ otate ɾ e ɾ ei,manuku,nmn,imitation,n,3059
obotaba,o ꞵ ota ꞵ a,,,,,3060
kigugumizi,,,,,,3060
obotabagu,o ꞵ ota ꞵ a ɣ u,unyogovu,nmn,being worn out by work,n,3061
obotabibu,o ꞵ ota ꞵ i ꞵ u,,,,,3062
little(ness),,,,,,3062
obotaburia,o ꞵ ota ꞵ u ɾ ia,,,,,3063
grabbing,,,,,,3063
obotacho,o ꞵ ota ʧɔ,sakafu,nmn,floor,n,3064
obotage,o ꞵ ota ɣ e,dhuluma na uchawi,nmn,oppression,n,3065
obotaka,o ꞵ otaka,,,,,3066
ufukara,,,,,,3066
obotangi,o ꞵ otaŋi,uzuio,nmn,impediment,n,3067
obotantare,o ꞵ otanta ɾ e,"uchaga, kilili, mimbari",nmn,rack,n,3068
obotenenku,o ꞵ otenenku,,,,,3069
wealth,,,,,,3069
obotoereru,ɔꞵɔ t ɔɛɾɛɾ u,,,,,3070
utulivu,,,,,,3070
calmness,,,,,,3070
obotongore,ɔꞵɔ t ɔ ŋ ɔɾɛ,mlimbuko,kv,first fruits,adj,3071
obotonu,ɔꞵɔ t ɔ nu,,,,,3072
ashiki,,,,,,3072
obotoru,ɔꞵɔ t ɔɾ u,umande,nmn,dew,n,3073
oboturi,o ꞵ otu ɾ i,ufuaji chuma,nmn,iron of steel,n,3074
oboturubanu,o ꞵ otu ɾ u ꞵ anu,vurugo,nmn,v confusion,n,3075
uvurugaji,,wa kitu km maji,nmn,stiring of water,n,3075
obotusereri,o ꞵ otuse ɾ e ɾ i,,,,,3076
obotuaneti,o ꞵ otwaneti,,,,,3077
yasiyojaa,,,,,,3077
not,,,,,,3077
obotuenyatuenyi,o ꞵ otwe ɲ atwe ɲ i,,,,,3078
fraud,,,,,,3078
obotwomi,o ꞵ otwomi,usukumaji,nmn,the act of pushing,n,3079
obouko,o ꞵ ouko,,,,,3080
oboumberania,o ꞵ oumbe ɾ ania,,,,,3081
mzozo,,,,,,3081
conflict,,,,,,3081
oboumoku,o ꞵ oumoku,tutumvi,nmn,swellings,n,3082
obounereria,o ꞵ oune ɾ e ɾ ia,,,,,3083
cheating,,,,,,3083
oboundi,o ꞵ oundi,aina ya nyasi,nmn,crab grass,n,3084
oburutu,o ꞵ o ɾ utu,baruti,nmn,explosives,n,3085
obuaranse,o ꞵ wa ɾ anse,aina ya mti,nmn,type of creeping tree with medicinal value,n,3086
obuanchani,o ꞵ wan ʧ ani,,,,,3087
obuanga,o ꞵ waŋa,,,,,3088
obuari,o ꞵ wa ɾ i,,,,,3089
heri,,,,,,3089
obueng’e,o ꞵ weŋge,,,,,3090
dwarfness,,,,,,3090
enchera,,,,,,3090
obuenyanyuri,o ꞵ we ɲ a ɲ u ɾ i,ukokotevu,nmn,slow walk,n,3091
obueri,o ꞵ we ɾ i,zizi,nmn,pen,n,3092
obuesabageri,o ꞵ wesa ꞵ a ɣ e ɾ i,,,,,3093
obuesuri,o ꞵ wesu ɾ i,,,,,3094
separation,,,,,,3094
obueteganderi,o ꞵ wete ɣ ande ɾ i,uchanji kuni wa pekee,nmn,the trait of being a lone woodcutter,n,3095
obueyeyi,o ꞵ wejeji,Mkisii alipokataa kwenda shuleni mzungu alipokuja,nmn,term used to discourage schooling during colonialism,n,3096
obuoge,o ꞵ wo ɣ e,,,,,3097
obuokia,o ꞵ w ɔ kia,mwako,nmn,light,n,3098
obuoro,o ꞵ w ɔɾɔ,,,,,3099
ogocha,okomanya kujua nmu,,,,,3100
ogochamia,o ɣ o ʧ amia,kushika kasi,kt,to accelerate,v,3101
ogochabera,o ɣ o ʧ amia,,,,,3102
kuremba,,,,,,3102
to,,,,,,3102
ogochana,o ɣ o ʧ ana,kutoa machozi ya mamba,kt,Shading crocodile tears,v,3103
ogochanchaboka,o ɣ o ʧ an ʧ a ꞵ oka,,,,,3104
to,,,,,,3104
ogocharoroka,o ɣ o ʧ a ɾ o ɾ oka,kurukaruka mitini afanyavyo nyani,kt,hop or jump from one place to another,v,3105
ogochecheria,ɔɣɔʧɛʧɛɾ ia,kukejeli au beza,kt,to belittle or taunt,v,3106
ogochencha,ɔɣɔʧɛ n ʧ a,kuwa na masimango,kt,backbite,v,3107
ogochenga,o ɣ o ʧ eŋa,kuwa na masimang’o au vijembe,kt,to belittle or taunt,v,3108
ogocheng’eria,o ɣ o ʧ eŋge: ɾ ia,"eleza, kufafanua",kt,"to explain, define",v,3109
ogochera,ɔɣɔʧɛɾ a,kupogoa,kt,to prune,v,3110
ogochingirira,o ɣ o ʧ iŋi ɾ i ɾ a,,,,,3111
kung’ong’a,,,,,,3111
ogochongeria,o ɣ o ʧo ŋe ɾ ia,,,,,3112
ogochonchoreka,ɔɣɔʧɔ n ʧɔɾɛ ka,kunyonyotoka,kt,to get scabs,v,3113
ogochonchora,ɔɣɔʧ n ʧɔ : ɾ a,kuwa na masimang’o,kt,to backbite,v,3114
ogochororia,ɔɣɔʧɔɾɔɾ ia,,,,,3115
to,,,,,,3115
ogochoria,ɔɣɔʧɔɾ ia,tuzua au tukana,kt,"abuse, for a long time",v,3116
ogochoronkania,ɔɣɔʧɔɾɔ nkania,kukimbia bila kupumzika,kt,to walk.run without a break,v,3117
ogochuata,o ɣ o ʧ wata,kuchapa,kt,to beat,v,3118
Ogoga,ɔɣɔɣ a,kunywa au kula kwa pupa,kt,gobble,v,3119
ogoikamerera,o ɣ oikame ɾ e ɾ a,kujikaza utimize jambo gumu km kukabiliana na nyuki ili kufikia asali,kt,to persevere and persist or withstand pain,v,3120
ogoikera,o ɣ oike ɾ a,,,,,3121
gasp,,,,,,3121
ogoikerigua,o ɣ oike ɾ i ɣ wa,kuwa na maumivu,kt,experiencing pain,v,3122
ogoikerigua,o ɣ oike ɾ i ɣ wa,kushushiwa,kt,reaching for or be brought down for,v,3123
ogoisanekia,o ɣ oisanekia,kuridhisha au tosheleza mtu,kt,to please or satisfy someone,v,3124
ogoisania,o ɣ oisania,kutosheleza,kt,to get or make something enough,v,3125
ogoitibana,o ɣ oiti ꞵ ana,,,,,3126
ogoitibania,o ɣ oiti ꞵa nia,,,,,3127
stuffed,,,,,,3127
ogoitinyana.,o ɣ oiti ɲ ana,,,,,3128
ogoitorora,o ɣ oito ɾ o ɾ a,,,,,3129
kumimina,,kumwagiwa,kt,be poured on,v,3129
lessen,,,,,,3129
reduce,,,,,,3129
ogoitororwa,,kumwagwa,kt,to be poured,v,3129
ogokambageria,o ɣ okamba ɣ e ɾ ia,kutanua miguu,kt,to make long steps,v,3130
ogokangara,o ɣ okaŋa ɾ a,kuhoji,kt,to interrogate,v,3131
ogokayaga,o ɣ okaja ɣ a,kula ugali mkavu,kt,eat flour meal without vegetables,v,3132
ogokea,ɔɣɔ k ɛ a,kukipa,kt,to give,v,3133
ogokea,ɔɣɔ k ɛ a,pungua,kt,to diminish or become less,v,3134
ogokengana,o ɣ okeŋana,,,,,3135
kujificha,,,,,,3135
concealing,,,,,,3135
ogokera,o ɣ oke ɾ a,pungukia,kt,"diminish, to be reduced for or get depleted",v,3136
ogokererigua,ɔɣɔ k ɛɾɛɾ i ɣ wa,kupewa au kula nyama ya wizi,kt,eating stolen meat,n,3137
ogokeria,ɔɣɔ ke ɾ ia,kumchinja mnyama uliyemwiba,kt,slaughtering an animal that you stole,v,3138
ogokerigua,ɔɣɔ k ɛɾ i ɣ wa,kutotimiza haja,kt,not achieving one’s goal,v,3139
ogokerigua,ɔɣɔ k ɛɾ i ɣ wa,punguziwa,kt,"be diminished for or, made less",v,3140
ogokerua,ɔɣɔ k ɛɾ wa,watu wengine kutumia kifaa kukupa kitu,kt,people use a tool to give you something,v,3141
ogokerechana,ɔɣɔ k ɛɾɛʧ ana,,,,,3142
kujificha,,,,,,3142
ogokererigua,ɔɣɔ k ɛɾɛɾ i ɣ wa,pakuliwa chakula kingi,kt,to served with plenty of food,v,3143
ogokeria,ɔɣɔ k ɛɾ ia,kupanga njama,kt,plan properly or timing,v,3144
ogokeria,o ɣ oke ɾ ia,kuandaa chakula kwa wingi,kt,food in plenty,v,3145
ogokiamora,o ɣ okiamo ɾ a,kuchomoza kwa jua baada ya ukungu,kt,shining of the sun in the morning,v,3146
ogokinania,o ɣ okinania,kumenyana na mtu,kt,wrestling,v,3147
ogokinania,o ɣ okinania,kung’oa mti mkubwa,kt,uproot a big tree,v,3148
ogokinania,o ɣ okinania,kukuzana,kt,assist each other develop or grow,v,3149
ogokinia,o ɣ okinia,,,,,3150
fanya,,,,,,3150
glorify,,,,,,3150
ogokobotia,ɔɣɔ k ɔꞵɔ tia,funga kitu au mtu kamba ghafla,kt,fasten suddenly,v,3151
ogokobotigua,ɔɣɔ k ɔꞵɔ ti ɣ wa,kukoeshwa,kt,be hooked,v,3152
ogokoga,o ɣ oko ɣ a,,,,,3153
to,,,,,,3153
ogokomera,ɔɣɔ k ɔ m ɛɾ a,kupanda,kt,planting,v,3154
ogokoma,ɔɣɔ k ɔ ma,kumtakia mtu akonde,kt,bewitch someone to become slender,v,3155
ogokomontana,o ɣ okomontana,,,,,3156
kufurukuta,,,,,,3156
restless,,,,,,3156
rolling,,,,,,3156
ogokubia,o ɣ oku ꞵ ia,,,,,3157
temper,,,,,,3157
ogokundora,o ɣ okundo ɾ a,kufundua,kt,untie,v,3158
ogokuria,o ɣ oku ɾ ia,,,,,3159
annoy,,,,,,3159
ogokurura,o ɣ oku ɾ u ɾ a,kukokota,kt,dragging,v,3160
ogokuruguta,o ɣ oku ɾ u ɣ uta,,,,,3161
ogokumbata,o ɣ okumbata,"kufumbatia, kumbatia",kt,"cross fingers, embrace",v,3162
ogokuyia,o ɣ okujia,kupiga kofi ghafla,kt,slap slightly,v,3163
ogokua,o ɣ okwa,kufa,kt,dying,v,3164
kifo,,,,,,3164
death,,,,,,3164
ogosaa,o ɣ osa:,kuendesha,kt,to diorrhoea,v,3165
ogosaba,o ɣ osa ꞵ a,,,,,3166
kusali,,,,,,3166
requesting,,,,,,3166
ogosagana,o ɣ osa ɣ ana,kushambulia,kt,attacking,v,3167
ogosambeka,o ɣ osambeka,,,,,3168
be,,,,,,3168
ogosambeka,o ɣ osambeka,,,,,3169
kujikaza,,utimize haja,kt,trying to achieve,v,3169
ogosamberia,o ɣ osambe ɾ ia,kuchomelea kifaa km. chuma,kt,i ronsmithing,v,3170
ogosamora,o ɣ osamo ɾ a,,,,,3171
kugoka,,,,,,3171
ogosamusa,oɣ osamusa,kuchuja au kutingisha kwa nguvu,kt,shake with energy,v,3172
ogosarara,o ɣ osa ɾ a ɾa,kuongezeka,kt,to multiply,v,3173
ogosasokia,o ɣ osasoka,kukanza,kt,warming,v,3174
ogosabagera,o ɣ osa ꞵ a ɣ e ɾ a,kuvizia,kt,"to ambush, waylay",v,3175
ogosaka,o ɣ osaka,kulundika au kuweka kidogokidogo ufikishe kiwango,kt,pile up,v,3176
ogosanerua,o ɣ osane ɾ wa,kutamaniwa,kt,be desired,v,3177
ogoseba,o ɣ ose ꞵ a,kutokosekana. kuwepo mahali kila wakati,kt,being available,v,3178
ogosegaanania,o ɣ ose ɣ anania,kusingiziana kuhusu shughuli fulani,kt,excuses not to do a certain task,v,3179
ogosesia,ɔɣɔ s ɛ sa,nolesha au fanya mtu atie jembe au panga makali,kt,make a person to sharpen,v,3180
ogosesia,ɔɣɔ s ɛ sa,kukoholeza,kt,make cough,v,3181
ogosesia,o ɣ osesia,sihi au bembeleza kwa muda,kt,plead for a long time,v,3182
ogosemia,ɔɣɔ s ɛ mia,kuhekimisha au shauri,kt,to educate or counsel,v,3183
ogosetora,o ɣ oseto ɾ a,kuvuruga sherehe,kt,spoiling or breaking a meeting,v,3184
ogosibasibia,o ɣ osi ꞵ asi ꞵ ia,kuoshaosha,kt,haphazard cleaning,v,3185
ogosiboka,o ɣ osi ꞵ oka,kufunguka kama vile kamba iliyofunga ng’ombe,kt,unfastening or unknot,v,3186
kuwa,,,,,,3186
be,,,,,,3186
ogosigeka,o ɣ osi ɣ eka,kuweka msingi imara wa jambo na kupata heshima,kt,lay a strong foundation and earn respect,v,3187
ogosiginyia,o ɣ osi ɣ i ɲ ia,kusumbua hadi upate haja,kt,nagging,v,3188
ogosikora,o ɣ osiko ɾ a,ondoa kivunde ili utengeneze pombe,kt,stop fermentation and enter the next stage of making beer,v,3189
ogosina,o ɣ osi:na,,,,,3190
sinusitis,,,,,,3190
ogosina,o ɣ osi:na,tumia maji moto uondoe manyoya ya kuku,kt,use hot water to enable plucking of feathers,v,3191
ogosininia,o ɣ osininia,kufanya kidogo,kt,make small,v,3192
ogosingerera,o ɣ osiŋe ɾ e ɾ a,,,,,3193
kukaza,,,,,,3193
ogosika,o ɣ osika,kuheshimu,kt,to respect,v,3194
ogosikora,o ɣ osiko ɾ a,kudharau au kutoheshimu tena,kt,stop respecting or despise,v,3195
ogosikua,o ɣ osikwa,,,,,3196
to,,,,,,3196
ogosimeka,o ɣ osimeka,kupanda,kt,planting,v,3197
ogosimeka,o ɣ osimeka,kuanza uhusiano,kt,establish a relationship,v,3198
ogosininia,o ɣ osininia,kudunisha au kufanya kidogo,kt,diminishing,v,3199
ogosiomeria,o ɣ osiome ɾ ia,kuchungulia,kt,cast a glance at or peep at,v,3200
ogosiomia,o ɣ osiomia,,,,,3201
ogosiongoroka,o ɣ osioŋo ɾ oka,kurandia kitu,kt,go behind something,v,3202
ogosiora,o ɣ osio ɾ a,kumaliki au kulima shamba mara ya kwanza,kt,breaking virgin ground,v,3203
ogosiorora,oɣ osio ɾ o ɾa,kudhuru au kusumbua,kt,rattle or disturb,v,3204
ogosiria,o ɣ osi ɾ ia,,,,,3205
ogosisa,o ɣ osisa,,,,,3206
kubisha,,,,,,3206
complicating,,,,,,3206
arguing,,,,,,3206
ogosisa,o ɣ osisa,kusongomeza vile mnyama anavyojifungafunga kwa kamba,kt,knotting,v,3207
ogosiserania,o ɣ osise ɾ ania,kusongomezena vile wanyama wanavyojifungafunga kwa kamba,kt,knotting,v,3208
ogosoka,ɔɣɔ s ɔ ka,visha au valisha mtu nguo,kt,dress,v,3209
ogosoka,ɔɣɔ s ɔ :ka,,,,,3210
fencing,,,,,,3210
ogosoka,ɔɣɔ s ɔ ka,kutundiza,kt,pile,v,3211
ogosoka,ɔɣɔ s ɔ :ka,kutoka,kt,going out,v,3212
ogosoka,o ɣ oso:ka,kuaibika au kufedheheka,kt,to get ashamed,v,3213
ogosokia,o ɣ oso:kia,kuaibisha,kt,to cast shame on something,v,3214
ogosokia,ɔɣɔ s ɔ :kia,kutoa,kt,getting something or somebody out of a place,v,3215
ogosomeka,ɔɣɔ s ɔ m ɛ ka,,,,,3216
kuchoma,,,,,,3216
ogosongorora,o ɣ osoŋo ɾ o ɾ a,,,,,3217
kuinua,,juu,kt,raising something,v,3217
ogosocha,o ɣ oso ʧ a,kupepeta au kupembua,kt,winnowing,v,3218
ogosonsoka,o ɣ osonsoka,,,,,3219
kuchongoka,,,,,,3219
ogosora,ɔɣɔɾɔɾ a,,,,,3220
kusai,,,,,,3220
provoking,,,,,,3220
ogosorogona,o ɣ oso ɾ o ɣ ona,,,,,3221
gnaw,,,,,,3221
ogosorora,ɔɣɔ s ɔɾɔɾ a,,,,,3222
reprieve,,,,,,3222
ogosugunania,o ɣ osu ɣ unania,ning’iniza kitu mkononi,kt,hold by hanging,v,3223
ogosumberera,o ɣ osumb ɛɾɛɾ a,,,,,3224
kuwa,,mahali ukitarajia chakula,kt,hanging around expecting food,v,3224
ogosunga,o ɣ osu:ŋa,kuangika,kt,hanging,v,3225
ogosunguria,o ɣ osuŋu ɾ ia,"kutembea kwa mguu mmoja, pengine baada ya kuteguka",kt,"skip, hop,esp. after injuring a leg",v,3226
ogosusura,o ɣ osusu ɾ a,kuponda,kt,to crush,v,3227
ogotabataba,o ɣ ota ꞵ ata ꞵ a,kupapasa,kt,grope for,v,3228
ogotaacha,o ɣ ota: ʧʹ a,kuteka,kt,arresting or fetching of water,v,3229
ogotaacha,o ɣ ot ʹ a: ʧ a,,,,,3230
utoro,,,,,,3230
ogotaachicha,o ɣ ota: ʧ i ʧ a,kutokuja,kt,not coming,v,3231
okoba,,,,,,3231
ogotaakana,o ɣ ota:kana,kutochapana au kutopigana,kt,not beating each other,v,3232
ogotaambereria,o ɣ ota:mbe ɾ e ɾ ia,,,,,3233
spoiling,,,,,,3233
ogotaantaga,o ɣ ota:nta ɣ a,kutembea kama matege,kt,walk with outspread legs,v,3234
ogotaatera,o ɣ ota:te ɾ a,kubatua au saidia mtoto kutembea,kt,supporting a child.sickling to walk,v,3235
ogotabigua,o ɣ ota ꞵ i ɣ ua,kosesha thamani,kt,cause loss of value,v,3236
ogotaboboka,o ɣ ota ꞵ o ꞵ oka,kubumburuka,kt,coming out of sleep suddenly,v,3237
ogotaboria,o ɣ ota ꞵ o ɾ ia,kubwakua or kuchukua kutoka kwa mtu ghafla,kt,to snatch,v,3238
ogotagera,o ɣ ota ɣ e ɾ a,,,,,3239
clodhopping,,,,,,3239
ogotagekigua,o ɣ ota ɣ eki ɣ wa,kukimbizwa,kt,be chased,v,3240
ogotandagana,oɣ otanda ɣ ana,kurusha viungo vya mwili,kt,to spread hands and feet,v,3241
ogotang’ang’a,o ɣ otaŋgaŋga,,,,,3242
kuchanganyikiwa,,,,,,3242
stranded,,,,,,3242
ogotangareka,o ɣ otaŋa ɾ eka,kuwa na kimbelembele,kt,to do things alone,v,3243
ogotaroroka,o ɣ ota ɾ o ɾ oka,kukimbia kasi au kuchomoka,kt,"running fast, dashing",v,3244
ogotatabaga,o ɣ otata ꞵ a ɣ a,kutochoka,kt,not getting tired,v,3245
ogoteengoria,o ɣ oteŋo ɾ ia,,,,,3246
ogoteeria,o ɣ ote ɾ ia,kuimbisha au ongoza katika wimbo,kt,to make to sing or be a soloist,v,3247
ogotegesia,o ɣ ote ɣ esia,kuwa macho,kt,being vigilant,v,3248
ogotegora,o ɣ ote ɣ o ɾ a,kung’oa,kt,to uproot,v,3249
transfer,,,,,,3249
ogotekena,o ɣ otekena,kuguguna kwa maumivu,kt,"contemptuous sound, out of pain",v,3250
ogotema,o ɣ otema,kujaribu,kt,trying,v,3251
ogotenenera,o ɣ otenene ɾ a,,,,,3252
to,,,,,,3252
ogotiena,o ɣ otiena,kucheza,kt,to play,v,3253
okogosoria,,,,,,3253
ogotieria,o ɣ otie ɾ ia,kutia makali,kt,"to whet, sharpen",v,3254
ogotiesanigua,o ɣ otiesani ɣ wa,kuumwa kichwa,kt,having headache,v,3255
ogotiesanigua,o ɣ otiesani ɣ wa,kuchezacheza kwa utosi wa mtoto,kt,moving of fontanalle,v,3256
panting,,,,,,3256
ogotiga,o ɣ oti ɣ a,,,,,3257
dropping,,,,,,3257
leaving,,,,,,3257
divorcing,,,,,,3257
ogoticherera,o ɣ oti ʧ e ɾ e ɾ a,,,,,3258
doing,,,,,,3258
kuzika,,,,,,3258
fill,,,,,,3258
ogotingora,o ɣ otiŋo ɾ a,kulegeza,kt,to losen,v,3259
okobichoria,,,,,,3259
ogotimbochoria,o ɣ otimbo ʧɔɾ ia,"kububujika, vile maji yatokavyo kwenye mfereji au damu inavyochururiza wakati mtu ameumia",kt,to spurt,v,3260
ogotimbora,o ɣ otimbo ɾ a,kutoboa au kuchoma kisu au mkuki kwa nguvu ile kutoa kilicho ndani,kt,to pierce so as something come out,v,3261
ogotimboria,o ɣ otimbo ɾ ia,kupitisha maji,kt,to flush,v,3262
ogotingicha,o ɣ otiŋi ʧ a,kupepesuka,kt,tottering,v,3263
ogotingoka,o ɣ otiŋoka,kufunguka ghafla,kt,self unfasten,v,3264
ogotinkonya,o ɣ otinko ɲ a,,,,,3265
okoba,,,,,,3265
ogotira,o ɣ oti: ɾ a,kupanda,kt,to go uphill,v,3266
ogotindigana,o ɣ otindi ɣ ana,,,,,3267
ebinto,,,,,,3267
ogotinga,o ɣ otiŋa,kukaza,kt,to tighten,v,3268
ogoting’u,o ɣ otiŋgu,thabiti,kv,strong,adj,3269
ogoto,ɔɣɔ t ɔ,chura,nmn,frog,n,3270
ogoto,o ɣ oto,sikio,nmn,ear,n,3271
ogotoba,ɔɣɔ t ɔꞵ a,kuiva,kt,to become ripe,v,3272
ogotobeka,ɔɣɔ t ɔꞵɛ ka,kuvumbika,kt,to cover to ripen,v,3273
ogotobekera,,kuvumbikia,kt,to ripen something for somebody,v,3273
ogotobekera,o ɣ oto ꞵ eke ɾ a,ɾ a/. egkr. kutuwekea,kt,to put for us,v,3274
ogotobia,o ɣ oto ꞵ ia,pika ugali kiasi kidogo,kt,cook some little food,v,3275
ogotogonyia,ɔɣɔ t ɔɲ ia,kuondoa kidogo kidogo kama maji mtungini,kt,remove bit by bit as water dwindles,v,3276
ogotona,ɔɣɔ t ɔ na,,,,,3277
to,,kugawa,kt,to distribute,v,3277
ogotobia,ɔɣɔ t ɔꞵ ia,kupita kiasi katika uovu,kt,exceed in evil,v,3278
ogotocha,ɔɣɔ t ɔʧ a,kudonea,kt,pecking,v,3279
ogotocha,ɔɣɔ t ɔʧ a,,,,,3280
scathe,,,,,,3280
ogotondererigua,o ɣ otonde ɾiɣ wa,kubelengwa au shauliwa,kt,to be shown in order to provoke or entice one’s desire for something,v,3281
ogotongia,ɔɣɔ t ɔ ŋia,kuchokoza au kuzusha ugomvi,kt,to vex or ignite a quarrel,v,3282
ogotongia,ɔɣɔ t ɔ ŋia,washa moto au choma,kt,lighting fire or burning,v,3283
ogotononania,ɔɣɔ t ɔ nania,kushauana,kt,to exhibit to each other,v,3284
ogotononteria,o ɣ ototononte ɾ ia,,,,,3285
embellish,,,,,,3285
to,,,,,,3285
ogotuba,o ɣ otu ꞵ a,kututia,kt,to return soil into a hole,v,3286
ogotuba,o ɣ otu ꞵ a,kufunika,kt,to cover,v,3287
ogotuka,o ɣ otuka,,,,,3288
to,,,,,,3288
ogotung’atung’a,o ɣ otuŋgatuŋga,kututusa,kt,to grope,v,3289
ogotungora,o ɣ otuŋo ɾ a,kumaliza,kt,to finish,v,3290
ogotungorarirema,o ɣ otuŋo ɾ ae ɾ i ɾ ema,kumaliza kulima,kt,to finish tiling,v,3291
ogotungora,o ɣ otuŋo ɾ a,kuua mtu,kt,to kill somebody,v,3292
ogotunya,o ɣ otu ɲ a,kufuata,kt,to follow,v,3293
ogotura,o ɣo tu ɾ a,kuamsha,kt,to wake,v,3294
ogoturubana,o ɣ otu ɾ u ꞵ ania,kusambaratisha,kt,scattering,v,3295
ogoturunkania,o ɣ otu ɾ unkania,fingirisha au biringisha. kuendesha kitu chini kwa kukizungusha,kt,to roll something,v,3296
ogotutura,o ɣ otutu ɾ a,kugugumiza,kt,stammering,v,3297
ogotumba,o ɣ otumba,,,,,3298
to,,,,,,3298
kerero,,,,,,3298
ogotungia,o ɣ otuŋia,kurithi tabia,kt,to inherit,v,3299
ogotungia,o ɣ otuŋia,,,,,3300
motivate,,,,,,3300
ogotunturoka,o ɣ otuntu ɾ oka,,,,,3301
kurauka,,,,,,3301
ogoturatura,o ɣ otu ɾ atu ɾ a,kupepesuka,kt,to sway while drunk,v,3302
ogotua,o ɣ otwa,,,,,3303
kutundua,,,,,,3303
ogotua,o ɣ otwa,kutema,kt,spitting,v,3304
kunyesha,,,,,,3304
ogotuenyatuenya,o ɣ otw ɛɲ atw ɛɲ a,kulaghai,kt,to beguile.deceive,v,3305
ogotuererera,o ɣ otwe ɾ e ɾ a,kunyeshea,kt,raining on,v,3306
ogotuomera,o ɣ otwome ɾ a,kufika ukingoni,kt,to reach the end of,v,3307
oguanchera,oɣ wan ʧ e ɾ a,kupurukusha,kt,to neglect,v,3308
ogwasiora,o ɣ wasio ɾ a,,,,,3309
to,,,,,,3309
oguata,o ɣ wata,kupasua,kt,splitting,v,3310
oguatana,,kupasuana,kt,splitting each other,v,3310
oguatana,o ɣ watana,kusumbuana au kugombana kila wakati,kt,quarreling continuously,v,3311
oguatanana,,,,,,3311
separating v. egento bn obori bore aase ime y’ekebekero gete borosigwe omonto oyomo aire boke n’oyonde boke okwo n’ogwatanana ogwaterania,,,,,,3311
turns,,,,,,3311
oguaterania,o ɣ wate ɾ ania,kuhara damu,kt,to diarrhoea blood,v,3312
oguaterania,o ɣ wate ɾ ania,,,,,3313
kuainisha,,,,,,3313
sorting,,,,,,3313
oguekona,o ɣ wekona,kujitia hamnazo,kt,to befuddle oneself,v,3314
oguekoera,o ɣ w ɛkɔɛɾ a,,,,,3315
kujivuna,,,,,,3315
oguekunyoria,o ɣ weku ɲ o ɾ ia,kujifilisha,kt,become a spendthrift,v,3316
oguesiarera,o ɣ wesia ɾ e ɾ a,,,,,3317
jitawanya,,,,,,3317
oguesura,o ɣ wesu ɾ a,kukwepa kazi,kt,"to dodge, skulk, stint work",v,3318
oguesungerigua,o ɣ wesuŋe ɾ i ɣ wa,kuwa na mzigo-mtu,kt,having a human burden,v,3319
oguetacha,o ɣ weta ʧ a,kujikanganya katika mwendo,kt,to mistep,v,3320
oguetakoria,o ɣ wetako ɾi a,Kujikuna,kt,scratching oneself,v,3321
ogueteka,o ɣ w ɛ t ɛ ka,kujiteka,kt,on the spot,v,3322
oguetegandera,o ɣ wete ɣ ande ɾ a,kujichanjia kuni,kt,to selfishly log trees for oneself,v,3323
ogueteng’eria,o ɣ w ɛ t ɛ ŋge ɾ ia,,,,,3324
kujipotosha,,,,,,3324
ogueteng’eria,o ɣ w ɛ t ɛ ŋge ɾ ia,kujitenga,kt,isolating oneself,v,3325
oguetiema,o ɣ wetiema,kujijaribu kufanya jambo fulani gumu,kt,challenging oneself,v,3326
oguetiema,o ɣ wetiema,kushinda au kukaa na wanaokushinda kiumri,kt,be in company of senior people,v,3327
oguetinyoreria,o ɣ weti ɲ o ɾ eria,kujisumbulia kilicho mbali,kt,troubling oneself over something you don’t have,v,3328
oguetogia,o ɣ w ɛ t ɔɣ ia,,,,,3329
kujitukuza,,,,,,3329
oguetoora,o ɣ w ɛ t ɔɾ a,kujilaza,kt,"sleeping in bed, albeit shortly",v,3330
oguetora,o ɣ w ɛ t ɔɾ a,kushiriki katika uganga,kt,participate in sorcery,v,3331
oguetora,o ɣ w ɛ t ɔɾ a,kujisifu,kt,bragging,v,3332
oguetosa,o ɣ w ɛ t ɔ sa,kuongeza tija,kt,earning some economic gain,v,3333
oguosora,o ɣ w ɔsɔɾ a,kombolewa,kt,to be shooed,v,3334
oguosa,o ɣ w ɔ :sa,,,,,3335
to,,,,,,3335
oguosweta,o ɣ w ɔ sw ɛ ta,kufumua,kt,to unkindle faggots,v,3336
okoakania,okoakania,kulima,kt,to till land,v,3337
okoatera,okoate ɾ a,kuchukua mateka,kt,take captive,v,3338
okoatera,okoate ɾ a,kuficha kitu kisikopatikana,kt,stashing,v,3339
okoagageria,okoa ɣ a ɣ e ɾ ia,,,,,3340
tiptoe,,,,,,3340
okoagagia,okoa ɣ a ɣ ia,,,,,3341
bustle/,,,,,,3341
okoagagia,okoa ɣ a ɣ ia,,,,,3342
okoaganana,okoa ɣ anana,kupapia au kuchugachuga,kt,"to do what you cannot manage to, rush",v,3343
okoagera,okoa ɣ e ɾ a,kunyoosha au kurekebisha,kt,correct somebody,v,3344
okoangokana,okoaŋokana,kuavyaa mimba,kt,to abort or miscarry,v,3345
okoba,ɔ k ɔꞵ a,,,,,3346
being,,,,,,3346
okoba,ɔ k ɔꞵ a,,,,,3347
okobaaka,oko ꞵ a:ka,kupea msimbo au jina la lakabu,kt,nickname,v,3348
okobaaka,oko ꞵ a:ka,kutukuza au kusifu,kt,praising,v,3349
okobandororoka,oko ꞵ ando ɾ o ɾ oka,kujipenyeza,kt,penetrating,v,3350
okobasia,oko ꞵ asia,,,,,3351
kuonyesha,,kuchinja mnyama,kt,leading in slaughtering,v,3351
okobagera,oko ꞵ a ɣ e ɾ a,kugawia,kt,sharing,v,3352
okogaba,oko ɣ a ꞵ a,kugawa,kt,to share,v,3353
okobarangorerua,oko ꞵ a ɾ aŋo ɾ e ɾ wa,kujengewa jumba,kt,be built for a large house,v,3354
okobaranya,oko ꞵ a ɾ a ɲ a,mgawanyo wa mashamba,nmn,land adjudication,n,3355
okobaranya,oko ꞵ a ɾ a ɲ a,kukata nyama vipande,kt,cutting rib-meat,v,3356
okobasagana,oko ꞵ asa ɣ ana,kuwashambulia,kt,to attack them,v,3357
okobasagania,oko ꞵ asa ɣ ania,kukurupusha,kt,to ambush,v,3358
okobasia,oko ꞵ asia,kuoza msichana mdogo,kt,marrying off without proposal,v,3359
okobasia,oko ꞵ as ʹ ia,kusumbua,kt,nagging,v,3360
okobekerania,oko ꞵ eke ɾ ania,ɾ ania/. egkr. kuongeza,kt,"to add to, pile, put together",v,3361
okobengereria,oko ꞵ eŋe ɾ e ɾ ia,kushinikiza,kt,pressurize,v,3362
okobeta,oko ꞵ eta,kudanganya,kt,to lie,v,3363
okobeta,oko ꞵ eta,,,,,3364
kuchoma,,u,kt,piercing with a sharp object,v,3364
okobetana,oko ꞵ etana,,,,,3365
kuchomana,,kwa silaha,kt,piercing each other,v,3365
okobekerera,oko ꞵ eke ɾ e ɾ a,ɾ e ɾ a/. egkr. kusingizia,kt,to accuse falsely,v,3366
okoberekerera,oko ꞵ eke ɾ e ɾ a,ɾ e ɾ a/ egkr. kuitaita,kt,calling persistently,v,3367
okoberekigua,oko ꞵ e ɾ egi ɣ wa,kuelekwa,kt,getting a child on the back,v,3368
okoberekigua,oko ꞵ e ɾ egi ɣ wa,kuwa na mimba,kt,getting pregnancy,v,3369
okoberereka,ɔ k ɔꞵɛɾɛɾɛ ka,kukunja,kt,bending,v,3370
okoberoka,oko ꞵ e ɾ oka,kububujika,kt,bursting out,v,3371
okoberokia,oko ꞵ e ɾ okia,samaki kuonekana au kuelea kwa muda,kt,the act of fish suddenly appearing before disappearing under water,v,3372
okoberokia,oko ꞵ e ɾ okia,kuibuka au kuonekana kwingine,kt,emerge or appear elsewhere,v,3373
okoberorokaeriote,oko ꞵ e ɾ o ɾ okae ɾ iote,kutonesha kidonda,kt,injure an old wound,v,3374
okobimbachimbere,oko ꞵ imbae ʧ imbe: ɾ e,ugonjwa wa kuvimba matiti,nmn,condition of sweling breasts,n,3375
okobira,oko ꞵ i ɾ a,kuchutama,kt,squatting,v,3376
okobiyoyia,oko ꞵ ijojia,kugombeza sana,kt,derision or quarreling,v,3377
okobiribera,oko ꞵ i ɾ i ꞵ e ɾ a,"kuchocheana, kukabiliana hadi kupigana",kt,to confront,v,3378
okobiringisa,oko ꞵ i ɾ iŋisa,,,,,3379
scrubbing,,,,,,3379
okobirora,oko ꞵ i ɾ o ɾ a,"kutoa majini ghafla, kuvuliwa",kt,"remove from water, fish out",v,3380
okobirora,oko ꞵ i ɾɔɾ a,kuviona,kt,seeing them,v,3381
okobirorwa,oko ꞵ i ɾ o ɾ wa,kuvuliwa,kt,fishing out,v,3382
okoboera,oko ꞵ oe ɾ a,kufungia k.m kuni,kt,to tie for,v,3383
okoboera,oko ꞵ oe ɾ a,kuvizia adui,kt,to wait in ambush or to spy on,v,3384
okobonchora,ɔ k ɔꞵɔ n ʧɔɾ a,kukwama,kt,to be stuck (in a puddle),v,3385
okobocha,ɔ k ɔꞵɔʧ a,kununa,kt,to sulk,v,3386
okobombotana,ɔ k ɔꞵɔ mb ɔ tana,kununa kwa hasira,kt,become sullen,v,3387
okobombotana,ɔ k ɔꞵɔ mb ɔ tana,kunona,kt,fattening,v,3388
okobosa,oko ꞵ osa,,,,,3389
tilling,,,,,,3389
okobota,ɔ k ɔꞵɔ ta,kununa,kt,be sullen,v,3390
okoboyaboyia,oko ꞵ oja ꞵ ojia,,,,,3391
to,,,,,,3391
okobosa,oko ꞵ osa,kulimbikiza,kt,storing,v,3392
okobuchu,oko ꞵ u ʧ u,kwingi,kv,"plenty, in excess of",adj,3393
okobumbatia,oko ꞵ umbatia,kufundia,kt,to bolt,v,3394
okobutora,oko ꞵ uto ɾ a,kukata,kt,to cut,v,3395
okobutoriabutoria,oko ꞵ uto ɾ ia ꞵ uto ɾ ia,,,,,3396
whip,,,,,,3396
okobuchecha,oko ꞵ u ʧɛʧ a,kukua,kt,to grow big,v,3397
okobutiara,oko ꞵ utia ɾ a,kututumka,kt,to swell,v,3398
okoebereria,ɔ k ɔɛꞵɛɾɛɾ ia,,,,,3399
to,,,,,,3399
okoecheria,ɔ k ɔɛʧɛɾ ia,kufanya kitu kimasomaso au wazi,kt,doing something openly and straight,v,3400
okoengecha,ɔ k ɔɛ ŋ ɛʧ a,kupepesuka,kt,to sway,v,3401
okoera,ɔ k ɔɛɾ a,kupelea,kt,"serving on, e.g giving rice on a plate",v,3402
okoera,okoe ɾ a,"mshindo wa maji, yakivuma",nmn,sound of a river,n,3403
okoenekeri,ɔ k ɔɛ n ɛ k ɛɾ i,,,,,3404
obstinate,,,,,,3404
okoenekia,ɔ k ɔɛ n ɛ kia,,,,,3405
ascertain,,,,,,3405
okoererua,ɔ k ɔɛɾɛɾ wa,kuishiwa,kt,diminishing in value be depleted of,v,3406
okoetereria,ɔ k ɔɛ t ɛɾɛɾ ia,kupendelea mmoja,kt,favour one with more,v,3407
okoetiaamanyinga,okoetia: ama ɲ iŋa,’ombe ert. ugonjwa wa ng’ombe kutoa damu,nmn,cow disease where a cow bleeds,n,3408
okogangaera,oko ɣ aŋae ɾ a,kupotoka,kt,to become wicked,v,3409
okogangera,oko ɣ aŋe ɾ a,kufundira,kt,to stuff vegetables into a pot,v,3410
okoganya,oko ɣ a ɲ a,kungoja,kt,"to wait, bide time",v,3411
okogaragaria,oko ɣ a ɾ a ɣ a ɾ ia,kufanya utapike,kt,tomake vomit,v,3412
annoy,,,,,,3412
okogarama,oko ɣ a ɾ ama,kusakama,kt,bolting of food,v,3413
okogaramerera,oko ɣ a ɾ ame ɾ e ɾ a,,,,,3414
lie,,,,,,3414
okogareia,oko ɣ a ɾ eia,kupanua,kt,widen or expand,v,3415
okogasa,oko ɣ asa,"kukazia jambo fulani, kutafuta kitu kwa udi na uvumba",kt,"relentless effort to do something, strive for",v,3416
okonyaba,,,,,,3416
okorigia,,,,,,3416
okogataa,oko ɣ a ɲ ta:,,,,,3417
debilitated,,,,,,3417
okogekeria,oko ɣ eke ɾ ia,ɾ ia/. egkr. kutetea au tora,kt,cackle,v,3418
okogesa,ɔ k ɔɣɛ sa,kuvuna,kt,to harvest,v,3419
okogesa,ɔ k ɔɣɛ :sa,,,,,3420
okoginda,oko ɣ i:nda,kudoea,kt,to stay in one place for a long time,v,3421
okogindia,oko ɣ i:ndia,kuwa na mguso wa kitu kiogevu,kt,smear with a little liquid,v,3422
okogikinyoria,oko ɣ iki ɲ o ɾ ia,,,,,3423
kuvuruta,,,,,,3423
uproot,,,,,,3423
okogireka,oko ɣ i ɾ eka,kuzirai,kt,to go into a coma,v,3424
okogirigeenta,oko ɣ i ɾ i ɣ e:nta,kunyeka,kt,glitter,v,3425
okogirigeria,oko ɣ i ɾ i ɣ e ɾ ia,kuchuma,kt,earn a living,v,3426
okogirokia,oko ɣ i ɾ okia,kuonja chakula ikiwa umeshiba,kt,"taste, to taste food to satisfy the host of your satiety",v,3427
abagirokia,a ꞵ a ɣ i ɾ okia,waonja,nmn,tasters,n,3428
okogirokia,oko ɣ i ɾ okia,kufika ghafla,kt,reach for a moment,v,3429
okogirokia,oko ɣ i ɾ okia,kupasha moto,kt,to warm,v,3430
okogobera,ɔ k ɔɣɔꞵɛɾ a,,,,,3431
paving,,,,,,3431
okogobia,ɔ k ɔɣɔꞵ ia,kudaka,kt,catching,v,3432
okogobigwa,ɔ k ɔɣɔꞵ i ɣ wa,koeshwa,kt,be hooked,v,3433
okogomania,oko ɣ omania,,,,,3434
kumenyana,,,,,,3434
okogomeria,oko ɣ ome ɾ ia,,,,,3435
okogomia,oko ɣ omia,,,,,3436
seize,,,,,,3436
okogomigua,oko ɣ omi ɣ wa,kumteka ng’ombe kwa pua na pembe,kt,being seized,v,3437
okogomigua,oko ɣ omi ɣ wa,kumkabwa,kt,overwhelmed,v,3438
okogonga,oko ɣ oŋa,kuroga,kt,bewitch,v,3439
okogonga,oko ɣ oŋa,kusia,kt,throw soil on black-ants,v,3440
okogora,oko ɣ o ɾ a,kununua,kt,to buy,v,3441
okonchoria,,,,,,3441
okogororokia,ɔ k ɔɣɔɾɔɾɔ kia,kafara ya kutakasa baada ya mazishi,kt,cleansing after burial,v,3442
okogota,ɔ k ɔɣɔ ta,,,,,3443
kuishi,,,,,,3443
senility,,,,,,3443
okogotu,ɔ k ɔɣɔ tu,kuukuu,kv,old,adj,3444
okogoyana,ɔ k ɔɣɔ jana,kuzimia,kt,to faint,v,3445
okogurua,oko ɣ u ɾ ua,kunoga,kt,"to become wealthy, powerful, influential",v,3446
okogua,oko ɣ wa,,,,,3447
kufanana,,,,,,3447
okoguanyoka,oko ɣ wa ɲ oka,,,,,3448
to,,,,,,3448
okoguonyora,oko ɣ wa ɲ o ɾ a,kusabili,kt,plucking,v,3449
okoguonya,oko ɣ wo ɲ a,kutoa pete ya mguu wakati mwanamke ametalikiwa,kt,removing the anklet of a woman after divorce,v,3450
okoigora,okoi ɣ o ɾ a,kufungua,kt,opening,v,3451
okoiguana,okoi ɣ wana,,,,,3452
kuelewana,,,,,,3452
okoimaara,okoima: ɾ a,ungojezi wa bibi arusi,kt,be a bestmaid,v,3453
okoinaga,okoia ɣ a,kula kupita kiasi,kt,eat too much,v,3454
okoindaindia,okoindaindia,kujikaza,kt,taking on too much,v,3455
okoineka,okoineka,,,,,3456
okoing’ora,okoiŋg ɔɾ a,kutoa kuni zote kutoka uchagani,kt,to remove all firewood from cache,v,3457
okoingiria,okoiŋi ɾ ia,,,,,3458
crestfallen,,,,,,3458
okoinyanga,okoi ɲ aŋa,kutoa urithi,kt,to give inheritance,v,3459
okoinyora,okoi ɲ o ɾ a,kukumbuka,kt,to remember,v,3460
okoiranerera,okoi ɾ ane ɾ e ɾ a,rejelea,kt,to refer to,v,3461
okoirora,okoi ɾɔɾ a,kunyoosha au kurekebisha kosa,kt,to correct,v,3462
okoirora,okoi ɾ o ɾ a,kurudia,kt,to repeat,v,3463
okoirura,okoi ɾ u ɾ a,kupepeta,kt,winnow,v,3464
okoiruruka,okoi ɾ u ɾ uka,kupepea,kt,to fly,v,3465
okoirurukia,okoi ɾ u ɾ ukia,kumkimbiza au kufukuza mtu kwa kasi,kt,chase,v,3466
okoirurukigua,okoi ɾ u ɾ uki ɣ wa,kupeperushwa,kt,to be flown,v,3467
okoiyeria,okoije ɾ ia,,,,,3468
to,,,,,,3468
okoiyeria,okoije ɾ ia,,,,,3469
scandalize,,,,,,3469
okomaeria,okomae ɾ ia,kuchungulia,kt,cast a glance at.peep at,v,3470
okomagaka,okoma ɣ aka,,,,,3471
kupindapinda,,,,,,3471
okomagana,okoma ɣ ana,,,,,3472
kufanana,,,,,,3472
okomagana,okoma ɣ ana,,,,,3473
wrath,,,,,,3473
okomagana,okoma ɣ ana,kutwaa,kt,to fit,v,3474
okomang’ora,okomaŋgo ɾ a,kumega,kt,to bite,v,3475
okomechera,okome ʧ e ɾ a,kutakata,kt,to clear,v,3476
okomekamekia,okomekamekia,kung’arisha,kt,make to glitter,v,3477
okomeria,okome ɾ ia,kumezesha,kt,make swallow,v,3478
okomeria,okome ɾ ia,kumeleza,kt,make grow,v,3479
okomesia,okome ɾ ia,,,,,3480
to,,,,,,3480
okominua,okominwa,kuwa na uyabisi wa tumbo,kt,be constipated,v,3481
okominyaminyerereia,okomi ɲ ami ɲ e ɾ e ɾ eia,,,,,3482
kusukumia,,,,,,3482
squeeze,,,,,,3482
okominyerere,okomi ɲ e ɾ e ɾ e,kuminginya,kt,to con,v,3483
okominaminia,okominaminia,kutikisa,kt,to wag,v,3484
okomingiriara,okomiŋi ɾ ia ɾ a,,,,,3485
to,,,,,,3485
okominyaminyora,okomi ɲ ami ɲ o ɾ a,monyoamonyoa,kt,to bite,v,3486
okominyora,okomi ɲ o ɾ a,kumonyoa,kt,to break off,v,3487
okominua,okominwa,kuwa na msokoto wa tumbo,kt,constipation,v,3488
okomisa,okomisa,kuzimika,kt,going off of light,v,3489
okomintoria,okominto ɾ ia,,,,,3490
amaira,,,,,,3490
okomogia,ɔ k ɔ m ɔɣ ia,ukokonyezo,kt,to blink,v,3491
okomokia,okomokia,usingizi wa kimang’amung’amu,kt,to doze (on and off),v,3492
konya,,,,,,3492
okomonia,okomonia,ert chimbuko,kt,peep (of sun),v,3493
okomugania,okomu ɣ ania,,,,,3494
fumbatia,,,,,,3494
enclose,,,,,,3494
okomugania,okomu ɣ ania,,,,,3495
grasp,,,,,,3495
okomunyia,okomu ɲ ia,,,,,3496
to,,,,,,3496
okomuramura,okomu ɾ amu ɾ a,kujificha,kt,hide,v,3497
okomuramura,okomu ɾ am uɾ a,machweo,nmn,dusk,n,3498
okomuria,okomu ɾ ia,kuondoa au kufichua kitu kutoka kilikofichwa,kt,to bring something out of hiding,v,3499
okomuroka,okomu ɾ oka,kuondoka mafichoni kwa ghafla,kt,come out of hiding place suddenly,v,3500
okomurokia,okomu ɾ okia,,,,,3501
to,,,,,,3501
okomuama,okomwama,kuchafuka,kt,to get dirty,v,3502
okomuoroka,okomwo ɾ oka,kufajaa,kt,sudden death,v,3503
okonama,okonama,kudoea,kt,to hang around food uninvited,v,3504
okonamerera,okoname ɾ e ɾ a,,,,,3505
kurombeza,,,,,,3505
okonanageria,okonana ɣ e ɾ ia,,,,,3506
to,,,,,,3506
okonang’a,okonaŋga,,,,,3507
clean,,,,,,3507
okonacha,okona ʧ a,kukata,kt,to cut,v,3508
okonacherera,okona ʧ e ɾ e ɾ a,kukatiza,kt,to stop,v,3509
okonachia,okona ʧi a,,,,,3510
reject,,,,,,3510
okonanta,okonanta,,,,,3511
glued,,,,,,3511
okonarerera,okona ɾ e ɾ e ɾ a,,,,,3512
be,,,,,,3512
okonena,okonena,kufidi,kt,compensate,v,3513
okonenganengia,ɔ k ɔ n ɛ ŋan ɛ ŋia,,,,,3514
kupeperusha,,,,,,3514
shake,,,,,,3514
okong’ainia,okoŋgainia,kuerevusha,kt,to enlighten,v,3515
okongata,okoŋata,,,,,3516
shibisha,,,,,,3516
have,,,,,,3516
okong’ata,okoŋgata,shindisha kwa njaa,kt,to starve,v,3517
okong’ereta,ɔ k ɔ ŋg ɛɾɛ ta,kuzibwa koo ukizungumza,kt,have a sore throat,v,3518
okong’eng’ania,ɔ k ɔ ŋg ɛ ŋania,’ania / ɔ k ɔ ŋg ɛ ŋania/. egkr. katiana sehemu ndogo km nyama,kt,chop or bite meat for each other,v,3519
okong’esang’esa,ɔ k ɔ ŋg ɛ saŋgesa,,,,,3520
sokota,,,,,,3520
dysmenorrhea,,,,,,3520
okong’itia,ɔ k ɔ ŋgitia,,,,,3521
to,,,,,,3521
okong’ocha,ɔ k ɔ ŋg ɔʧ a,kukaza shingo kama ishara ya utundu,kt,obstinacy,v,3522
okong’ororia,ɔ k ɔ ŋg ɔɾɔɾ ia,,,,,3523
make,,,,,,3523
okong’osia,ɔ k ɔ ŋg ɔs ia,kudokeza,kt,to hint,v,3524
okong’urorua,okoŋgu ɾ o ɾ wa,kupururwa,kt,to shred,v,3525
okong’usa,okoŋgusa,kuvuta,kt,to pull,v,3526
okoniachokera,okonia ʧ ok eɾ a,,,,,3527
kufyatuka,,,,,,3527
through,,,,,,3527
escape,,,,,,3527
okoniga,okoni ɣ a,kutatanisha,kt,confuse,v,3528
egento,,,,,,3528
okonigera,okoni ɣ e ɾ a,,,,,3529
kuthibitiwa,,,,,,3529
okoningich a,okoniŋi ʧ a,kusukuma kwa nguvu,kt,to ram.push forcefully,v,3530
okonogoyia,okono ɣ ojia,,,,,3531
nenepesha,,,,,,3531
fatten,,,,,,3531
okonucha,okonu ʧ a,kwama au jambo kutokamilika,kt,to get to the end of something,v,3532
okonyaba,oko ɲ a ꞵ a,,,,,3533
okonyabana,oko ɲ a ꞵ ana,,,,,3534
to,,,,,,3534
okonyagaara,oko ɲ a ɣ a: ɾ a,,,,,3535
have,,,,,,3535
okonyagaaria,oko ɲ a ɣ a: ɾ ia,andaa chakula kwa wingi,kt,plenty of food,v,3536
okonyanyura,oko ɲ a ɲ u ɾ a,,,,,3537
forcing,,,,,,3537
okonyeganyeega,ɔ k ɔɲɛɣ a ɲɛ : ɾ a,,,,,3538
kulegea,,,,,,3538
okonyia,oko ɲ ia,kutota,kt,to drench,v,3539
to,,,,,,3539
okonyia,oko ɲi a,kupya,kv,new,adj,3540
okonyirororia,oko ɲ i ɾ o ɾ ia,,,,,3541
tear,,,,,,3541
okominchoria,,,,,,3541
okonyinyera,oko ɲ i ɲɛɾ a,,,,,3542
to,,,,,,3542
okonyititora,oko ɲ itito ɾ a,kuchuja,kt,to filter,v,3543
okonyititorigua,oko ɲ itito ɾ i ɣ wa,kuchujishwa,kt,be sprinkled,v,3544
okonyitotoreria,oko ɲ itito ɾ ia,kuchujia,kt,to filter for,v,3545
okonyobori a,ɔkɔɲɔꞵɔɾ ia,kudadisi,kt,to query,v,3546
to,,,,,,3546
okonyororoka,oko ɲ o ɾ o ɾ oka,kumiminika,kt,spill,v,3547
okonyororia,oko ɲ o ɾ o ɾ ia,,,,,3548
to,,,,,,3548
okonyororoki a,oko ɲ o ɾ o ɾ okia,kumiminisha,kt,to spill,v,3549
okonyuganyuga,oko ɲ u ɣ a ɲ u ɣ a,kutikisa,kt,to shake,v,3550
okonyunyuntua,oko ɲ u ɲ untwa,kuwa na maumivu ya viungo,kt,experience joint pains,v,3551
okonywera,oko ɲ we ɾ a,kukolea,kt,flavoured with,v,3552
okoobia,oko: ꞵ ia,kusaka mtu umdhulumu,kt,search for a person with an intention to cause harm,v,3553
okoombia,oko:mbia,,,,,3554
okoonchorana,oko:n ʧ o ɾ ana,,,,,3556
kukoroga,,,,,,3556
kupendushana,,,,,,3556
to,,,,,,3556
to,,,,,,3556
okoonia,ɔ k ɔ :nia,kuuza,kt,to sell,v,3557
okoononta,oko:nonta,,,,,3558
kufurusha,,,,,,3558
okoonontua,oko:nontwa,furushwa,kt,be dislocated,v,3559
okoosia,oko:sia,,,,,3560
kukirihi,,,,,,3560
to,,,,,,3560
okootora,oko:to ɾ a,,,,,3561
to,,,,,,3561
okorambaria,oko ɾ amba ɾ ia,kunyoosha mkono,kt,stretch to pick something,v,3562
okoramera,oko ɾ ame ɾ a,kulaani,kt,to curse,v,3563
okoramata,oko ɾ amata,kunata,kt,to stick to something,v,3564
okoramatereria,oko ɾ amate ɾ e ɾ ia,kushindilia,kt,"press down, superimpose",v,3565
okoranchoka,oko ɾ an ʧ oka,,,,,3566
okoraria,oko ɾ a ɾ ia,kutangaza,kt,to broadcast,v,3567
okorarokia,oko ɾ arokia,kuharibia mtu jina,kt,slander someone,v,3568
okorasa,oko ɾ asa,,,,,3569
pierce,,,,,,3569
shoot,,kuchipuka kwa mmea,kt,sprouting,v,3569
okorea,ɔ k ɔɾɛ a,,,,,3570
become,,,,,,3570
okorengera,ɔ k ɔɾɛ ŋ ɛɾ a,,,,,3571
chunga,,,,,,3571
okorekera,ɔ k ɔɾɛ k ɛɾ a,,,,,3572
stunted,,,,,,3572
okoremera,ɔ k ɔɾɛ ma ɾ a,kujasiri,kt,brave,v,3573
okoriekera,oko ɾ ieke ɾ a,,,,,3574
imprison,,,,,,3574
okorigereria,oko ɾ i ɣ e ɾ e ɾ ia,,,,,3575
kuangalia,,,,,,3575
to,,,,,,3575
okorigisia,oko ɾ i ɣ isi,kuungusha,kt,to scorch,v,3576
okorichora,oko ɾiʧ o ɾ a,fungua kamba ya ng’ombe,kt,unfasten an animal,v,3577
okorimboria,oko ɾ imbo ɾ ia,pitia njia ya mkato,kt,take a shortcut,v,3578
okorimoa,oko ɾ imoa,,,,,3579
mislead,,,,,,3579
okorina,oko ɾ ina,,,,,3580
okorindoria,oko ɾ indo ɾ ia,kupua,kt,to sprint,v,3581
okoronda,oko ɾ onda,,,,,3582
okoroka,oko ɾ o:ka,tapika,kt,vomit,v,3583
okoroka,oko ɾ oka,,,,,3584
name,,,,,,3584
relate,,,,,,3584
okororia,oko ɾ o ɾ ia,elekeza,kt,allocate,v,3585
okororigua,oko ɾ o ɾ i ɣ wa,kuelekezwa,kt,be allocated a piece of land,v,3586
okorosia,oko ɾ osia,chosha,kt,tire,v,3587
okoruma,oko ɾ uma,nguruma,kt,roar,v,3588
okorusanania,oko ɾ usanania,ondoa,kt,"to subtract, dismantle, separate",v,3589
okoruta,oko ɾ uta,kurusha,kt,throw,v,3590
okorutana,oko ɾ utana,kuzomeana,kt,querrel,v,3591
okoruterana,oko ɾ ute ɾ ana,kurushiana,kt,throw to each other,v,3592
okorucharucha,oko ɾ u ʧ a ɾ u ʧa,,,,,3593
kuyumbayumba,,,,,,3593
totter,,,,,,3593
okorumba,oko ɾ umba,tia mkono pangoni au majini na kuyavuruga,kt,dip hand in a hole or water and stir it,v,3594
okorumbasa,oko ɾ umbasa,,,,,3595
vunda,,,,,,3595
okorumbereria,oko ɾ umbe ɾ e ɾ ia,,,,,3596
hurl,,,,,,3596
okorumbororwa,oko ɾ umbo ɾ o ɾ wa,chomolewa km samaki kutoka matopeni,kt,get fished out,v,3597
okorungucha,oko ɾ uŋu ʧ a,vurumisha,kt,hurl,v,3598
okorunguchwa,oko ɾ uŋu ʧ wa,vurumishiwa,kt,be hurled,v,3599
okorusia,oko ɾ usia,ert kutoa,kt,remove,v,3600
okorusiachianga,oko ɾ usiae ʧ iaŋa,ert kuvua nguo,kt,nmn . strip,v,3601
okorusiaeriso,oko ɾ usiae ɾ iso,kukodoa,kt,nmn. look at sternly or stubbornly,v,3602
okoruta,oko ɾ uta,kurusha,kt,throw,v,3603
okorua,oko ɾ wa,kutoa,kt,give,v,3604
okoruoka,oko ɾ woka,kemea,kt,shout at to scare,v,3605
okosegasega,okose ɣ ase ɣ a,kukurika,kt,busy oneself,v,3606
okouchecha,okou ʧ e ʧ a,pokea mtoto aliyezaliwa kabla ya siku zake,kt,receive a child born before nine months,v,3607
okoumata,okoumata,kuhuzunika,kt,be saddened,v,3608
okounereria,okoune ɾ e ɾ ia,nyanyasa,kt,deprive,v,3609
okoura,okou ɾ a,ert kunyanganya,kt,to snatch,v,3610
okourungutania,okou ɾ uŋutania,pekua,kt,to search quickly,v,3611
okorurwa,oko ɾ u ɾ wa,,,,,3612
washwa,,,,,,3612
kasirika,,,,,,3612
get,,,,,,3612
get,,,,,,3612
okounenkia,okounenkia,ert dadisi,kt,investigate,v,3613
okouyauyia,okoujauja,pasha moto,kt,warming vegetables,v,3614
okoyia,okojia,kupya,kv,new,adj,3615
gotari,,,,,,3615
okoyia,okojia,,,,,3616
kuchomeka,,,,,,3616
to,,kupata hasara,kt,to get losses,v,3616
okoyioka,okojioka,kuwa na mkorogo wa tumbo,kt,having a stomach-ache,v,3617
okoyiokerigwa,okojioke ɾ i ɣ wa,ert. funuliwa mambo mazito ya kitambo,kt,revelation of past painful events,v,3618
okuogeia,okuogeia,tia makali,kt,sharpen,v,3619
okuaa,okwa:,chuna mboga,kt,to pluck,v,3620
okuagagia,okwa ɣ a ɣ ia,,,,,3621
kuna,,,,,,3621
scratch,,pembua magugu,kt,weed,v,3621
okuambora,okwambo ɾ a,,,,,3622
salvage,,,,,,3622
okuana,okwana,,,,,3623
kudeka,,,,,,3623
mooing,,,,,,3623
okuarama,okwarama,kutofanya kazi baada ya mazishi,kt,rest from work after burial,v,3624
okuarania,okwa ɾ ania,kutandaza,kt,to make level,v,3625
okuareria,okwa ɾ e ɾ ia,kulaza,kt,to lay for,v,3626
okuaroota,okwa ɾ o:ta,kutakasa vifaa vya mazishi,kt,cleansing burial tools,v,3627
okuarora,okwa ɾ o ɾ a,kuezua,kt,to untatch grass-house roof,v,3628
okueambamba,okweambamba,kukimbilia kazi ambayo huiwezi,kt,to take on a task you cannot do,v,3629
okueba,okwe ꞵ a,,,,,3630
experience,,,,,,3630
okuebanyanera,okwe ꞵ a ɲ ane ɾ a,pisha,kt,to make room in small space,v,3631
okuebanyerana,okwe ꞵ a ɲ ane ɾ ana,songeana,kt,make room for each other,v,3632
okuebatanta,okwe ꞵ atanta,kutoroka adui,kt,to flee from an enemy,v,3633
okueberegenyaneria,okw ɛꞵɛɾɛɣɛɲ ane ɾ ia,kujituma,kt,to go on an errand when the one sent refuses,v,3634
okueberegenyerania,okw ɛꞵɛɾɛɣɛɲɛɾ ania,kuminyana,kt,to squeeze into small space,v,3635
okuebonia,okw ɛꞵɔ nia,kuminyana,kt,squeeze,v,3636
okuebonia,okw ɛꞵɔ nia,kuzungumza bila watu kukujali,kt,talk to self,v,3637
okuegara,okwe ɣ a ɾ a,kujiamini,kt,atheistic feeling,v,3638
okuegareria,okwe ɣ a ɾ e ɾ ia,kukaa na tamaa ya ubinafsi,kt,greedness,v,3639
okuegaria,okwe ɣ a ɾ ia,kujilimbikizia,kt,"amass wealth, covet",v,3640
okuegeka,okwe ɣ eka,kwegemea,kt,lean on,v,3641
okuegorora,okw ɛɣɔɾɔɾ a,,,,,3642
kuinuka,,,,,,3642
okwerusia,,,,,,3642
okuemotia,okw ɛ m ɔ tia,jitia hamnazo,kt,pretence,v,3643
okuegogia,okw ɛɣɔɣ ia,goka,kt,retch,v,3644
okuegosa,okw ɛɣɔ sa,shtuka,kt,get a shock,v,3645
okuemuria,okwemu ɾ ia,kujificha usionekane,kt,hide,v,3646
okuenana,okwenana,kulimatia,kt,"to laze, drag, work",v,3647
okueng’ea,okweŋgea.,,,,,3648
brief,,,,,,3648
gokeeka,,,,,,3648
okuenyanyura,okwe ɲ a ɲ u ɾ a,,,,,3649
okuenyonga,okw ɛɲɔ ŋa,kuenda wa taratibu,kt,to traipse,v,3650
okuerambora,okwe ɾ ambo ɾ a,,,,,3651
to,,,,,,3651
okuerayora,okwe ɾ aj ɔɾ a,mchachato,kt,slow and careful walking,v,3652
okueriba,okwe ɾ i ꞵ a,,,,,3653
bar,,,,,,3653
get,,,,,,3653
okuerindoria,okwe ɾ indo ɾ ia,jikokoteza,kt,drag,v,3654
okuerina,okwe ɾ ina,kujinyima,kt,self-denial,v,3655
okuerosi,okwe ɾɔ si,jitakasa,kt,cleanse oneself,v,3656
okuetisia,okwetisia,rondea,kt,seek attention by self- display,v,3657
okueumeria,okweume ɾ ia,kulaani,kt,curse,v,3658
okuogia,okwo ɣ ia,suza,kt,"rinse, wash or clean",v,3659
okuogia,okwo ɣ ia,"kufanya mtu apige kelele, puliza",kt,"cause to make noise, blare, sound",v,3660
okuogoga,okwo ɣ o ɣ a,,,,,3661
nyang’anyana,,chakula,kt,scramble for food,v,3661
okuogogisia,okwo ɣ o ɣ isia,monyolesheshea,kt,scramble with,v,3662
okuogogua,okw ɔɣɔɣ wa,ng’ang’ania chakula,kt,struggle for free food,v,3663
okuongora,okw ɔ ŋ ɔɾ a,,,,,3664
kutenga,,,,,,3664
isolate,,,,,,3664
okuororobia,okw ɔɾɔɾɔꞵi a,,,,,3665
easen,,,,,,3665
ombera,ombe ɾ a,theneen,nmn,two,n,3667
ombia,ombia,puuza,kt,ignore,v,3668
ombogeria,ombo ɣ e ɾ ia,kasi ya kuteremka ugali kwa nyama kuelekea tumboni,nmn,speed of ugali. meat being swallowed,n,3669
omenta,omenta,,,,,3670
gallant,,,,,,3670
omoa.,ɔ m ɔ a,,,,,3671
omoaka,omoaka,,,,,3672
omoangarimo,omoaŋa ɾ imo,anemia,nmn,anaemia,n,3673
omoateri,omoate ɾ i,anayeficha vitu visipatikane,nmn,he who secretly hides things,n,3674
omoameria,omoame ɾ ia,,,,,3675
anayechochea,,,,,,3675
agitator,,,,,,3675
omoangarimo,omoaŋa ɾ imo,ukosefu wa damu,nmn,anaemia,n,3676
omoaragati,omoa ɾ a ɣ ati,,,,,3677
mkereza,,,,,,3677
omoasikobi,omoasik ɔꞵ i,askofu,nmn,bishop,n,3678
omobakora,omo ꞵ ako ɾ a,,,,,3679
cupressus,,,,,,3679
omobani,omo ꞵ ani,,,,,3680
omobasagania,omo ꞵ asa ɣ ania,mkurupushi,nmn,a person who ambushes,n,3681
omobaso,omo ꞵ aso,mchana,nmn,daytime,n,3682
omobayayi,omo ꞵ ajaji,mzururaji,nmn,wanderer,n,3683
omobegu,omo ꞵ e ɣ u,ekr. anayeitaita,nmn,kv. he that calls,adj,3684
omoberekeri,omo ꞵ e ɾ eke ɾ i,ɾ i/. ert. mchomaji,nmn,one who pierces,n,3685
omobiare,omo ꞵ ia ɾɛ,,,,,3686
omobibo,omo ꞵ i ꞵ o,mgumu,kv,strong person,adj,3687
omobimberang’umbu,omo ꞵ imbe ɾ aŋgumbu,mti uliotumiwa na waganga,nmn,a tree used by witchdoctors,n,3688
omobiri,omo ꞵ i ɾ i,mwambao,nmn,coastline,n,3689
omobiringisi,omo ꞵ i ɾ iŋisi,msuguaji,nmn,he who rubs,n,3690
omobombi,omo ꞵ ombi,mfinyanzi,nmn,potter,n,3691
omobono,ɔ m ɔꞵɔ n ɔ,,,,,3692
racinus,,,,,,3692
omobonoomoke,ɔ m ɔꞵɔ n ɔ :m ɔ k ɛ,,,,,3693
racinus,,,,,,3693
omobonoomonene,ɔ m ɔꞵɔ n ɔ :m ɔ n ɛ n ɛ,,,,,3694
ricinus,,,,,,3694
omoboraka,omo ꞵ o ɾ aka,,,,,3695
omochanchabori,omo ʧ an ʧ a ꞵ o ɾ i,mkongwe,nmn,old person,n,3696
omochandi,omo ʧ andi,"mnyanyasaji, katili",nmn,"persecutor, oppressor",n,3697
omochandua,omo ʧ an ʧ a ꞵ o ɾi,mteswa,nmn,oppressed,n,3698
omochangararia,omo ʧ aŋa ɾ a ɾ ia,Istiwai,nmn,Equator,n,3699
omocharari,omo ʧ a ɾ a ɾ i,mrukaji,nmn,jumper,n,3700
omocharoroki,omo ʧ a ɾ o ɾ oki,mkwezi,nmn,climber,n,3701
omochegachege,omo ʧ e ɣ a ʧ e ɣ e,,,,,3702
pink,,,,,,3702
cassia,,,,,,3702
omochege,omo ʧ e ɣ e,mchokozi,nmn,kv. aggravating person,adj,3703
omochie,omo ʧ ie,,,,,3704
omochieomogare,omo ʧ ieomo ɣ a ɾ e,,,,,3705
omochieomonene,omo ʧ ie ɔ m ɔ n ɛ n ɛ,,,,,3706
omochigichi,omo ʧ i ɣ i ʧ i,,,,,3707
hafifu,,,,,,3707
omochiiri,omo ʧ i: ɾ i,,,,,3708
omochiurua,omo ʧ iu ɾ wa,anayenyanganywa ng’ombe,nmn,he who loses cows to thieves,n,3709
omochonoku,omo ʧ onoku,mweledi,nmn,knowledgeable.pundit,n,3710
omoe,ɔ m ɔɛ,umpe,kt,to give,v,3711
omoembeki,omoembeki,muaili,nmn,one who blames,n,3712
omoemi,omoemi,,,,,3713
a,,,,,,3713
omoereriguya,ɔ m ɔɛɾɛɾ i ɣ wa,mpokezi,nmn,receptionist,n,3714
oyore,,,,,,3714
omoegaego,omoe ɣ ae ɣ o,kukurukakara,nmn,anxious.hurried preparations,n,3715
omoembe,omoembe,mwembe,nmn,mango tree,n,3716
omoeti,omoeti,anayepita,nmn,passerby,n,3717
omogabi,omo ɣ a ꞵ i,mgavi,nmn,"doler,sharer",n,3718
omogaka,omo ɣ aka,,,,,3719
omogaanga,omo ɣ a:ŋa,ert fisadi,nmn,corrupt person,n,3720
omogangaia,omo ɣ aŋaia,mpotoshi,nmn,deceiver,n,3721
omogangaigua,omo ɣ aŋai ɣ wa,,,,,3722
mpotovu,,,,,,3722
omogaso,omo ɣ aso,jua,nmn,heat from the sun,n,3723
omogasoomororo,omo ɣ aso:mo ɾ o ɾ o,,,,,3724
omogayani,omo ɣ ajani,,,,,3725
arbitrator,,,,,,3725
omogeni,omo ɣ eni,ert mgeni,kv,nmn. visitor,adj,3726
omogesi,omo ɣ esi,mvunaji,nmn,"reaper,harvester",n,3727
omogiro,omo ɣ i ɾ o,mgomo,nmn,go slow,n,3728
omogirokia,omo ɣ i ɾ okia,ekr. muonja chakula,nmn,taster,n,3729
omogisangio,omo ɣ asaŋi,,,,,3730
peer,,,,,,3730
omogo,ɔ m ɔɣɔ,mdomo wa chungu,nmn,the mouth of a pot,n,3731
omogonchoro,omo ɣ on ʧ o ɾ o,mkenge,nmn,albizia gummifera,n,3732
omogongonaerigatara,ɔ m ɔɣɔ ŋ ɔ nae ɾ i ɣ ata ɾ a,viungo vya nyama alivyopewa mwenye nyumba: mgongo na utumbo,nmn,parts of meat eaten by the owner: back and intestines,n,3733
omogongoogosoka,ɔ m ɔɣɔ ŋ ɔ : ɣɔ s ɔ :ka,,,,,3734
haemorrhoids,,,,,,3734
omogongooguatia,ɔ m ɔɣɔ ŋ ɔ : ɣ wa:tia,maumivu ya mgongo,nmn,paining back,n,3735
omogonono,ɔ m ɔɣɔ n ɔ n ɔ,mawenge,nmn,conjuctivitis,n,3736
omogoragoria,omo ɣ o ɾ a ɣ o ɾ ia,mvurugaji,nmn,"one that causes disturbance, spoiler",n,3737
omonto,,,,,,3737
omogoroba,ɔ m ɔɣɔɾɔ : ꞵ a,"jioni, alasiri",nmn,evening,n,3738
omogotu,ɔ m ɔɣɔ tu,mzee,kv,old,adj,3739
Omogusii,ɔ m ɔɣu si:,,,,,3741
omoibi,omoi ꞵ i,mwizi,nmn,thief,n,3742
omoiberua,omoi ꞵ e ɾ wa,mwibiwa,nmn,the person whose property has been stolen,n,3743
omoibore,omoi ꞵ o ɾ e,umzae,kt,you give birth to him,v,3744
omoibore,omoi ꞵ o ɾ e,mzawa,nmn,"national, the born",n,3745
omoiboria,omorabi ert mzalisha,,,,,3746
omoiborua,omoi ꞵ o ɾ wa,mzaliwa,nmn,the born,n,3747
omoigami,omoi ɣ ami,,,,,3748
omoigotia,omoi ɣ otia,ekr. mlezi,nmn,caretaker,n,3749
omoigotu,omoi ɣ otu,ert mkarimu,nmn,kv. hospitable,n,3750
omoigua,omoi ɣ wa,mpwa,nmn,nephew,n,3751
omoiguaone,omoi ɣ w ɔ e,mpwangu,nmn,my nephew,n,3752
omoiguaoito,omoi ɣ waoito,mpwetu,nmn,our nephew,n,3753
omigwaoye,omoi ɣ wa ɔ j ɛ,mpwake,nmn,his nephew,n,3754
omoika,omoika,mwenye radhi,nmn,contented person,n,3755
omoikororo,omoiko ɾ o ɾ o,,,,,3756
roho,,,,,,3756
spirit,,,,,,3756
omoing’onyi,omoiŋg ɔɲ i,kuwa na masizi,nmn,sooty.burnt pot,n,3757
omoinchirisiti,omoin ʧ i ɾ isiti,,,,,3758
omonyagesagane,omo ɲ asa ɣ ane,,,,,3759
spathodea,,,,,,3759
omoinyanteri,omoi ɲ ante ɾ i,anayependa kulalamika,nmn,a pathological complainer,n,3760
omonto,,,,,,3760
omoinyanti,omoi ɲ anti,dhalimu,nmn,"dictator, oppressor",n,3761
omoinyanto,omoi ɲ anto,dhalimu,nmn,oppressor,n,3762
omoigami,omoi ɣ ami,,,,,3763
omoinyangi,omoi ɲ aŋi,,,,,3764
finyana,,,,,,3764
where,,,,,,3764
omoirori,omoi ɾ o ɾ i,ert mrudiaji,nmn,repeater,n,3765
omoiruri,omoi ɾ u ɾ i,mpepetaji,nmn,thresher,n,3766
omoiruruki,omoi ɾ u ɾ uki,ekr . mpepetaji,nmn,winnower,n,3767
omoirurukia,omoi ɾ u ɾ ukia,,,,,3768
rubani,,,,,,3768
pilot,,,,,,3768
omoisia.,omoisia,,,,,3769
ore,,,,,,3769
omoitai,omoitai,jasusi,nmn,he who probes another,n,3770
omoitong’o,omoitoŋgo,,,,,3771
"graceful,gentle",,,,,,3771
omoitororoku,omoito ɾ o ɾ oku,,,,,3772
emaciated,,,,,,3772
omokabiri,omoka ꞵ i ɾ i,,,,,3773
grevillea,,,,,,3773
omokatinari,omokatina ɾ i,kadinali,nmn,cardinal,n,3774
omoki,omoki,mshipa,nmn,vein,n,3775
omokia,omokia,idili.bidii,nmn,effort,n,3776
omokirindoni,omoki ɾ indoni,aina ya mti,nmn,a type of tree,n,3777
omoko,ɔ m ɔ k ɔ,,,,,3778
okorama,,,,,,3778
omoko,omoko,,,,,3779
ficus,,,,,,3779
omokobotia,ɔ m ɔ k ɔꞵɔt ia,,,,,3780
fastener,,,,,,3780
omokomoni,omokomoni,,,,,3781
madagascariensis,,,,,,3781
omokonono,omokomonono,aina ya mti,nmn,a type of tree,n,3782
omokoro,omoko ɾ o,wa zamani,kv,old,adj,3783
omokorogoinua,ɔ m ɔ k ɔɾɔɣɔ inwa,,,,,3784
dovyalis,,,,,,3784
omokubinyongo,omoku ꞵ i ɲ oŋo,mti ulio dawa ya mamba,nmn,medicinal herb,n,3785
Omokubio,omoku ꞵ io,Jumapili,nmn,Sunday,n,3786
omokundekane,omokundekane,,,,,3787
kasisi,,,,,,3787
pastor,,,,,,3787
omokundeki,omokundeki,,,,,3788
wizzard,,,,,,3788
abanto,,,,,,3788
omokung’eria,omokuŋg ɛɾ ia,mdakizi,nmn,one who interrupts,n,3789
omokunyi,omoku ɲ i,,,,,3790
omokure,omoku ɾɛ,ert mdubira,nmn,a person with bad luck,n,3791
omokure,omoku ɾɛ,anayeitikia ushauri,kv,obedient,adj,3792
omokurumi,omoku ɾ umi,ekr. mfisadi,nmn,kv. corrupt person,n,3793
omokurungunya,omoku ɾ uŋu ɲ a,,,,,3794
dovylis,,,,,,3794
omokururo,omoku ɾ u ɾ o,,,,,3795
ukambi,,,,,,3795
omokuerua,omokwe ɾ wa,,,,,3796
omomiomio,omomiomio,chipukizi,nmn,shoot,n,3797
omomongeri,omomoŋe ɾ i,ekr. msarifu,nmn,planner,n,3798
omomoroki,ɔ m ɔ m ɔɾɔ ki,mwanamumme mlalamishi,nmn,complainer. loud-mouthed man,n,3799
omomure,omomu ɾɛ,,,,,3800
rauvolfia,,,,,,3800
omonang’i,omonaŋgi,anayekomba,nmn,he who scrapes out,n,3801
omoncheria,omon ʧ e ɾ ia,mdakizi,nmn,one who interrupts,n,3802
omondende,ɔ m ɔ nd ɛ nd ɛ,mti wa dawa,nmn,a type of herb,n,3803
omongeche,omoŋe ʧe,,,,,3804
crotolaria,,,,,,3804
omong’oni,omoŋgoni,mtakatifu,nmn,holy,n,3805
omosiani,,,,,,3805
omong’ori,ɔ m ɔ ŋg ɔɾ i,ert mwandishi,nmn,kv. scribbler,adj,3806
Omonguru,omoŋu ɾ u,,,,,3807
omong’uroro,omoŋgu ɾ o ɾo,mti uliotengeneza ghala,nmn,a tree that was used to make granaries,n,3808
omong’uso,omoŋguso,raghba,nmn,desire,n,3809
omonkunakuna,omonkunakuna,aina ya mti,nmn,a kind of tree,n,3810
omonoku,omonoku,mnofu,nmn,flesh meat,n,3811
omonto,omonto,mtu,nmn,a person,n,3812
Omonto - buense,omonto ꞵ wense,,,,,3813
Omonugunoobarema,omonu ɣ uno :ꞵ a ɾ ema,Februari,nmn,February,n,3814
omonyanchoka,omo ɲ an ʧ oka,aina ya mti,nmn,a type of tree,n,3815
omonyandamuamu,omo ɲ andamwamu,,,,,3816
omonyankoba,omo ɲ anko ꞵ a,jani linalotibu,nmn,a medicinal herb,n,3817
omonyantira,omo ɲ anti ɾ a,"jani linalotibu, aina ya mti",nmn,medicinal herb/ herb used to heal,n,3818
omonyabibe,omo ɲaꞵ i ꞵ e,ekr. mwenye dhambi,nmn,kv. sinner,n,3819
omonyabogundo,omo ɲ a ꞵ o ɣ undo,maharimu,nmn,kv. relatives who cannot marry,n,3820
omonyabutotia,omo ɲ a ꞵ utotia,aina ya mti,nmn,a type of tree,n,3821
omonyagetuanga,omo ɲ a ɣ etwaŋa,aina ya mti,nmn,a type of tree,n,3822
omonyakeamo,omo ɲ akeamo,,,,,3823
mhafidhina,,nmn,kv,conservative,n,3823
omonyakerende,omo ɲ ake ɾ ende,,,,,3824
cassipourea,,,,,,3824
omonyakige,omo ɲ aki ɣ e,aina ya mti,nmn,warburgia ugandensis,n,3825
omonyakiongore,omo ɲ akioŋo ɾ e,,,,,3826
hard,,,,,,3826
omonyamabi,omo ɲ ama ꞵi,,,,,3827
teldet,,,,,,3827
ekebegia,,,,,,3827
omonyamanengo,omo ɲ amaneŋo,aina ya mti,nmn,rhammus staddo,n,3828
omonyang’o i,omo ɲ aŋg ɔ i,mpyaro,kv,possessed quarrelsome person,adj,3829
omonyankoba,omo ɲ anko ꞵ a,aina ya mti,nmn,a type of tree,n,3830
omonyantondo,omo ɲ ant ɔ nd ɔ,aina ya mmea wa sumu,nmn,jimson weed,n,3831
omonyasore,omo ɲ as ɔɾɛ,,,,,3832
omonyasumo,omo ɲ asumo,aina ya mti,nmn,jimson weed,n,3833
omonyenche,ɔ m ɔɲɛ n ʧɛ,aina ya mti,nmn,medicinal herb,n,3834
omonyenye,ɔ m ɔɲɛɲɛ,mchunga,nmn,tender spider weed,n,3835
omonyenya,ɔ m ɔɲɛɲ a,,,,,3836
acasia,,,,,,3836
omonyia,ɔ m ɔɲ ia,,,,,3837
trema,,,,,,3837
omonyinkua,ɔ m ɔɲ inkwa,aina ya mti ulio dawa,nmn,type of tree,n,3838
omonyirira,ɔ m ɔɲ i ɾ i ɾ a,,,,,3839
manyunyu,,,,,,3839
raindrops,,,,,,3839
omonyoboria,ɔ m ɔɲɔꞵɔɾ ia,,,,,3840
eavesdropper,,,,,,3840
omonyoboria,ɔmɔɲɔꞵɔɾ ia,,,,,3841
mdukuzi,,,,,,3841
faultfinder,,,,,,3841
omonyuganyugi,ɔ m ɔɲ u ɣ a ɲ u ɣ i,ekr. anayetikisa,nmn,kv. shaker,n,3842
omonua,omonwa,mdomo,nmn,mouth,n,3843
omoombogani,omo:mbo ɣ ani,malaya,nmn,prostitute,n,3844
omoong’ora,ɔ m ɔ : ɲ go ɾ a,"utajiri wa haraka haraka, aina ya wimbi",nmn,wealth acquired quickly,n,3845
omoongori,ɔ m ɔ : ɲ go ɾ i,mpyaro,nmn,one who uses obscene language,n,3846
Omonto,,,,,,3846
omoragererigua,omo ɾ a ɣ e ɾ e ɾ i ɣ wa,ekr . maleuni,nmn,cursed one,n,3847
omori,om oɾ i,mzizi,nmn,root,n,3848
omori,omo: ɾ i,njia iliyoundwa na mtu au mnyama,nmn,route made in bush by a human.animal,n,3849
omorondo,omo ɾ ondo,,,,,3850
muundi,,,,,,3850
omororia,omo ɾ o ɾ ia,mbinja,nmn,whistle,v,3851
omoroti,ɔ m ɔɾɔ ti,jasusi,nmn,spy,n,3852
omosamuusi,omosamusi,anayechuja,nmn,he who filters,n,3853
omosore,omoso ɾ e,,,,,3854
omonto,,,,,,3854
omoraa,omo ɾ aa,,,,,3855
parinari,,,,,,3855
omoragererigua,omo ɾ a ɣ e ɾeɾ i ɣ wa,ekr. mlaanifu,nmn,kv. cursed,n,3856
omorakera,omo ɾ ak ɛɾ a,kiangazi,nmn,drought,n,3857
omorambeka,omo ɾ ambeka,refu,kv,long thing e.g road,adj,3858
omorasi,omo ɾ asi,ekr. mlenga mshale,nmn,shooter,n,3859
omorembe,ɔ m ɔɾɛ mb ɛ,,,,,3860
calmness,,,,,,3860
serenity,,,,,,3860
omoremia,ɔ m ɔɾɛ mia,,,,,3861
omorendarenda,omo ɾ enda ɾ enda,mti wa dawa,nmn,a type of herb,n,3862
omorere,ɔ m ɔɾɛɾɛ,,,,,3863
cry,,,,,,3863
omorerema,ɔ m ɔɾɛɾɛ ma,mti wa miba,nmn,thorny tree,n,3864
omorerobwenyang’au,omo ɾ e ɾ obwe ɲ aŋgau,mtakawa,nmn,tulip,n,3865
omoresano,ɔ m ɔɾɛ sano,riahi,nmn,flatulence,n,3866
omoriekeri,omo ɾ ieke ɾ i,mteka nyara,nmn,kidnapper,n,3867
omoribo,omo ɾ i ꞵo,,,,,3868
speck,,,,,,3868
omorindo,omo ɾ indo,,,,,3869
mawimbi,,,,,,3869
omorimo,omo ɾ imo,,,,,3870
liar,,,,,,3870
omoringamu,omo ɾ iŋamu,,,,,3871
eucalyptus,,,,,,3871
omoroka,ɔ m ɔɾɔ :ka,,,,,3872
omoroke,omo ɾ oke,umuite,kt,to name,v,3873
omorototi,omo ɾ ototi,mtu anayefanya forodhani,nmn,customs officer,n,3874
omorororia,omo ɾ o ɾ ia,,,,,3875
vernonia,,,,,,3875
omoroso,ɔ m ɔɾɔ s ɔ,uchovu,nmn,"fatigue, tiredness",n,3876
omorurumo,omo ɾ u ɾ umo,,,,,3877
person,,,,,,3877
omorurumu,omo ɾ u ɾ umi,kaidi,nmn,obstinate,n,3878
omorua,omo ɾ wa,,,,,3879
omoruanereri,omo ɾ wane ɾ e ɾi,mtetezi,nmn,rights activist,n,3880
omoruanererua,omo ɾ wane ɾ e ɾ wa,mtetewa,nmn,the defended,n,3881
omosabakua,omosa ꞵ akwa,aina ya mti,nmn,psiadia puctulata,n,3882
omosabisabi,omosa ꞵi sa ꞵ i,,,,,3883
sesbania,,,,,,3883
omosagano,omosa ɣ ano,,,,,3884
vizia,,,,,,3884
omosambaigoro,omosambai ɣ o ɾ o,mti wa dawa,nmn,a type of shrub,n,3885
omosambarao,omosamba ɾ ao,,,,,3886
syzgium,,,,,,3886
omosando,omosando,kipuku,nmn,epidemic,n,3887
omosandobw’echingoko,omosando ꞵ we ʧ iŋ ɔ k ɔ,ugonjwa wa kuku,nmn,newcastle,n,3888
omosarange,omosa ɾ aŋ ɛ,nmn. bikira,nmn,kv. virgin,n,3889
omosareku,omosa ɾ eku,,,,,3890
criminal,,,,,,3890
sinner,,,,,,3890
omosaria,omosa ɾ ia,mhalifu,nmn,criminal,n,3891
omosegi,omose ɣ i,,,,,3892
mchonganishi,,,,,,3892
omonto,,,,,,3892
omosenger e,omoseŋe ɾ e,aina ya mmea uliotumika kama kifagio,nmn,broom,n,3893
omosenia,ɔ m ɔ s ɛ nia,aina ya mti,nmn,a type of herb,n,3894
omosenseria,ɔ m ɔ s ɛ ns ɛɾ ia,ert mdukizi,nmn,kv. gossiper,n,3895
omosere,omosere,ekr. mwanamme aliyetaliki,nmn,kv. divorcee-man,adj,3896
omosia,omosia,,,,,3897
omosiani,omosiani,mtukufu,kv,glorious,adj,3898
omosiekeri,omosieke ɾ i,,,,,3899
omosigeri,omosi ɣ e ɾ i,,,,,3900
mchochezi,,,,,,3900
omosiginyia,omosi ɣ i ɲ ia,mbishi,nmn,vicious person,n,3901
omosiginyigua,omosi ɣ i ɲ i ɣ wa,ert kaidi,nmn,kv. obstinate person,n,3902
omosingereri,omosi ɲ e ɾ e ɾ i,mradidi,nmn,he who stresses,n,3903
omosinginyi,omosiŋi ɲ i,ert mdowea,nmn,kv. gatecrasher,n,3904
omosiongoroko,omosio ɲ o ɾ oko,kizinga,nmn,perimeter,n,3905
omosiororo,omosio ɾ o ɾ o,kichaa cha ng’ombe,nmn,mad cow disease,n,3906
omosobeti,ɔ m ɔ s ɔꞵɛ ti,aina ya mti,nmn,croton macrosta-chyus,n,3907
omosocho,omoso ʧ o,,,,,3908
omosota,ɔ m ɔ s ɔ ta,zeruzeru,nmn,albino,n,3909
omosumbeeri,omosumb ɛ : ɾ i,,,,,3910
mwombaji,,nmn,kv,"needy person, beggar",n,3910
omosunte,omosunte,giza,nmn,darkness,n,3911
omosueneno,omosw ɛ n ɛ n ɔ,mnyiriro,nmn,log used by children in play,n,3912
omotabari,omota ꞵ a ɾ i,,,,,3913
omotakanua,omotakanwa,ert . mjane,nmn,widow,n,3914
omotanabwe’echinchoke,omotana ꞵ we ʧi n ʧ oke,mzinga wa nyuki,nmn,bee hive,n,3915
omotanchaboku,omontan ʧ a ꞵ oku,mkongwe sana,nmn,old person,n,3916
omotanchaborerua,omontan ʧ a ꞵ orerwa,anayepasuliwa kuni,nmn,he who is split firewood for,n,3917
omotanchabori,omontan ʧ a ꞵ o ɾ i,mchanja kuni,nmn,he who splits firewood,n,3918
omotandege,omotand ɛɣɛ,aina ya mti,nmn,black wattle.acasia mearnsi,n,3919
omotang’oria,omotaŋg ɔɾ ia,,,,,3920
a,,,,,,3920
omotantanu,omotantanu,mchanganyikiwa,kv,a confused person,adj,3921
omote,omote,mti,nmn,tree,n,3922
omoitebere,omoite ꞵ e ɾ e,,,,,3923
righteous,,,,,,3923
omotebere,ɔ m ɔ t ɛꞵɛɾɛ,umsemee,kt,talk on one’s behalf,v,3924
omotenenku,omotenenku,,,,,3925
wealthy,,,,,,3925
omoteneneri,omotenene ɾ i,,,,,3926
patron,,,,,,3926
omoteneneri,omotenene ɾ i,,,,,3927
godmother,,,,,,3927
guardian,,,,,,3927
omotenoki,omotenoki,ekr. mwenye tamaa,kv,nmn. covetous person,n,3928
omonto,,,,,,3928
omotenoku,omotenoku,,,,,3929
kaidi,,kv,nmn,obstinate,adj,3929
omotenu,omotenu,ekr. jasiri,nmn,kv. brave,n,3930
omotere,omote ɾ e,mrenda,nmn,vegetable-weed used for food,n,3931
omotiania,omotiania,ert mwapishaji,nmn,"kv. one who administers an oath, commissioner of oaths",n,3932
omotimbi,omotimbi,"ekr. anayechafua maji, mvurugaji maji",nmn,kv. the one that stirs water,n,3933
omonto,,,,,,3933
omotindogoro,omotind ɔɣɔɾɔ,mkarakara,nmn,passion fruit,n,3934
omotindu,omotindu,mlevi,kv,drunk person,adj,3935
omotino,omotino,kiziwi,kv,a deaf person,adj,3936
omotirimbokia,omoti ɾ imbokia,anayezika,nmn,undertaker,n,3937
omotimoko,omotimoko,,,,,3938
omoting’u,omotiŋgu,thabiti,kv,strong,adj,3939
omotomani,omotomani,,,,,3940
mkware,,,,,,3940
omotora,omoto ɾ a,ekr. mpangaji,nmn,kv. tenant,n,3941
omotuni,omotuni,ekr. mwonja,nmn,kv. taster,n,3942
omotunyani,omotu ɲ ani,ekr. mfuasi,nmn,kv. follower,n,3943
omoturubanu,omotu ɾ u ꞵ anu,,,,,3944
aliyepotoshwa,,nmn,kv,confused person,n,3944
omotuseri,omotuse ɾ i,ekr. mwanamme aliyempachika mkewe mimba kabla ya mtoto kukomaa,nmn,kv. man who impregnates wife who is suckling,n,3945
omotuserigua,omotuse ɾ i ɣ wa,ert mwanamke aliyeshika mimba kabla ya mtoto kukomaa,nmn,kv. woman who became pregnant while suckling,n,3946
omotue,omotwe,kichwa,nmn,head,n,3947
omotweone,,kichwangu,nmn,my head,n,3947
omotweoo,,kichwacho,nmn,your head,n,3947
omotuomi,omotwomi,msukumaji,nmn,a pusher,n,3948
omoubera,omou ꞵ e ɾ a,tufani ya mvua,nmn,rainstorm,n,3949
omoumaterua,omoumate ɾ wa,ert mkiwa,nmn,kv. bereaved,n,3950
omoumberia,omoumbe ɾ ia,,,,,3951
cantakerous,,,,,,3951
omouru,omou ɾ u,,,,,3952
vitex,,,,,,3952
omonyameuru,,,,,,3952
(,,,,,,3952
omoyioobirende,omojio ꞵ i ɾ ende,sime,nmn,somali sword,n,3953
omoyiooino,omojio:ino,Kisenu,nmn,your knife,n,3954
omuaga,omwa ɣ a,upepo mkali,nmn,strong wind,n,3955
omuanchari,omwan ʧ a ɾ i,ekr. anayetoa makaa motoni,nmn,kv. he that removes hot charcoal,n,3956
omuango,omwaŋo,mwepesi,nmn,"kv. a quick person, speedy",adj,3957
omuasiaku,omwasiaku,ekr. mchangamfu,nmn,cheerful person,n,3958
omuatananeko,omwatananeko,mgawanyiko,nmn,differences,n,3959
omuatia-iuga,omwatiaiu ɣ a,mti wa dawa,nmn,a medicinal herb,n,3960
omueburugunyi,omwe ꞵ u ɾ u ɣ u ɲ i,ert mlalavi,nmn,kv. restless sleeper,n,3961
omuechechi,omw ɛʧɛʧi,,,,,3962
omueiranani,omwei ɾ anani,anayejitweza,kv,self-deprecatory person,adj,3963
omueminchi,omwemin ʧ i,"ekr. mkata tamaa, si mvumilivu",nmn,"kv. desperate, one who gets annoyed quickly",n,3964
omueng’ereri,omw ɛ ŋ ɛɾɛɾ i,ekr. mliachoyo,nmn,grumbler,n,3965
omuengereri,omweŋe ɾ e ɾ i,msira,nmn,"upright, peace-seeker",n,3966
omueremo,omw ɛɾɛ mo,mteremko,nmn,slope,n,3967
omuererembia,omw ɛɾɛɾɛ mbia,ert mlalamikaji,nmn,kv. he that complains,n,3968
Omweri,omwe ɾ i,wakati wa heri.jina la mtu,nmn,good times.name of a person,n,3969
Omweri,omw ɛɾi,ert mpembuaji,nmn,kv. threshers,n,3970
omuesoanani,omw ɛ soanani,ekr. mdukizi,nmn,kv. intruder,n,3971
omonto,,,,,,3971
omuetegander i,omw ɛ t ɛɣ ande ɾ i,mchanji kuni wa pekee,nmn,a lone woodcutter,n,3972
omueya,omw ɛ ja,tambarare,nmn,plain,n,3973
Omwenyanyuri,omwe ɲ a ɲ u ɾ i,,,,,3974
omwochogano,ɔ mw ɔʧɔɣ ano,kizaazaa,nmn,turmoil,n,3975
omwogia,omwo ɣ ia,mwosha,nmn,rinser,n,3976
omwogogi,omwo ɣ o ɣ i,mchuna mboga,nmn,the one who plucks vegetables,n,3977
omwogonyi,omw ɔɣɔɲ i,ekr. mwanamke aliyetalikiwa,nmn,divorced woman,n,3978
omooroteri,omwo ɾ ote ɾ i,shujaa,nmn,hero,n,3979
omuosi,omw ɔ si,,,,,3980
mwata,,,,,,3980
o’na,ona,,,,,3981
onchimbo,on ʧ imbo,fumbwe,nmn,paradise whydah,n,3982
ong’ara,oŋga ɾ a,"mtukuka, mheshimiwa",kv,"glorified person, distinguished",adj,3983
ong’iranerie,oŋgi ɾ ane ɾ ie,unijibu,kt,answer me,v,3984
onye,ɔɲɛ,,,,,3985
onyore,,,,,,3985
onyore,ɔɲɔɾɛ,,,,,3986
onyoro,ɔɲɔɾɔ,choa,nmn,ringworm(on foot),n,3987
oroanga,o ɾ oaŋa,,,,,3988
ringworm,,,,,,3988
oroagania,o ɾ oa ɣ ania,uhitaji,nmn,neediness,n,3989
oroari,o ɾ oa ɾ i,vita vya kikabila,nmn,tribal conflict,n,3990
orobabera,o ɾ o ꞵ a ꞵ e ɾ a,buibui mkubwa,nmn,tarantula,n,3991
orobere,ͻɾͻꞵɛɾɛ,titi,nmn,breast,n,3992
orobibo,o ɾ o ꞵ i ꞵ o,mgumu,kv,strong,adj,3993
orochara,o ɾ o ʧ a ɾ a,kucha,nmn,nail,n,3994
oroche,o ɾ o ʧ e,,,,,3995
oroera,ͻɾͻɛɾ a,,,,,3996
hearsay,,,,,,3996
orogare,o ɾ o ɣ a ɾ e,uteo,nmn,ephah,n,3997
orogeni,ͻɾͻɣɛ ni,geni,kv,new,adj,3998
orogonchi,o ɾ o ɣ on ʧ i,matungamavi,nmn,feet bent inside and not bow legged,n,3999
orogonyi,o ɾ o ɣ o ɲ i,undu,nmn,comb,n,4000
orogonyi,o ɾ o ɣ o ɲ i,hori ya ng’ombe aliyezaa,nmn,food trough for animals,n,4001
orogoro,o ɾ o ɣ o ɾ o,,,,,4002
oroima,o ɾ oima,kongosho,nmn,pancreas,n,4003
orokanya,o ɾ oka ɲ a,,,,,4004
orokanya,o ɾ oka ɲ a,vundo,nmn,smell,n,4005
oroko,o ɾ oko,ukuni,nmn,firewood,n,4006
orokore,o ɾ oko ɾ e,mrija,nmn,siphon,n,4007
orokore,o ɾ oko: ɾ e,uumalize,kt,finish,v,4008
orokoro,o ɾ oko ɾ o,ya kitambo,kv,old,adj,4009
orome,o ɾ ome,uume,kt,you bite,v,4010
oromeme,o ɾ omeme,ulimi,nmn,tongue,n,4011
oromo,ɔɾɔ m ɔ,,,,,4012
a,,,,,,4012
oromboro,o ɾ ombo ɾ o,lukuki,nmn,plenty,n,4013
orokanya,,,,,,4013
oronyambobe,o ɾ o ɲ ambo ꞵ e,buibui,nmn,spider,n,4014
ororabani,o ɾ o ɾ o ɾ a ꞵ ani,,,,,4015
fury,,,,,,4015
orosanyi,o ɾ osa ɲ i,,,,,4016
ujuizi,,,,,,4016
orosanyi,o ɾ osa ɲ i,ukofi,nmn,palm of hand,n,4017
orosea,ɔɾɔ sea,kituguta,nmn,cheekbone,n,4018
orosingo,o ɾ osi ɲ o,mdomo wa ungo,nmn,the mouth of a basket,n,4019
orosoni,o ɾ osoni,chakula kwa mtumwa,nmn,food for the captive,n,4020
orototera,o ɾ otote ɾ a,mawe yaliyoyeyuka,nmn,lava,adj,4021
orotu,o ɾ otu,,,,,4022
oruaka,o ɾ waka,fununu,nmn,rumour,n,4023
oruembereria,o ɾ wembe ɾ ia,,,,,4024
nyemelea,,,,,,4024
orueng’e,o ɾ weŋge,fupi,kv,short,adj,4025
orueni,o ɾ weni,,,,,4026
orwerwe,o ɾ w ɛɾ w ɛ,fira,nmn,spitting cobra,n,4027
orwomo,o ɾ womo,kavu,kv,dry,adj,4028
otatiga,otati ɣ a,,,,,4029
oyera,ɔ j ɛɾ a,inukia,kt,improve,v,4030
oyo,ojo,huyu,kv,this,adj,4031
oyoiga,ojoi ɣ a,huyu hapa,kv,knsh. this one,conj,4032
oyoito,ojoito,wetu,kv,ours,adj,4033
otari,,,,,,4033
oyoo! yoo oyoo!,ojo:jo:ojo:,ert nyiso au kitikio katika tohara ya wavulana,nmn,kv. male circumcision song,n,4034
oyone,ojone,wangu,kv,mine,adj,4035
pa!,pa,,,,,4041
pentatatori,pentato ɾ i,,,,,4042
pi!,pi,,,,,4043
paragaka,pa ɾ a ɣ aka,,,,,4044
po!,p ɔ,,,,,4045
pu!,pu,,,,,4046
raa,ɾ a :,,,,,4052
raba,ɾ a ꞵa,,,,,4053
raba,ɾ a ꞵ a,,,,,4054
rabia,ɾ a ꞵi a,,,,,4055
raberia,,,,,,4055
raera,ɾ ae ɾ a,,,,,4056
randerera,ɾ ande ɾ e ɾa,,,,,4057
randorora,ɾ ando ɾ o ɾ a,,,,,4058
rara,ɾ a ɾ a,,,,,4059
rara,ɾ a ɾ a,lalia masikio,kt,to relax,v,4060
rarisereria,ɾaɾ ise ɾ e ɾ ia,,,,,4061
raua,ɾ aua,,,,,4062
rema,ɾ e:ma,,,,,4063
rema3,ɾɛ ma,,,,,4064
rera,ɾ e ɾ a,,,,,4065
kondea,,,,,,4065
rera,ɾ e: ɾ a,,,,,4066
sumbukia,,,,,,4066
plead,,,,,,4066
rerera,,,,,,4066
rererana,,,,,,4066
rero,ɾɛɾɔ,ert. leo,kv,nmn. today,n,4067
rero,,,,,,4067
resana,ɾɛ :sana,,,,,4068
resania,,,,,,4068
Riarimo,ɾi a ɾ im ɔ,Jumapili,nmn,Sunday,n,4069
riagaga,ɾiaɣaɣ a,kaa,nmn,crab,n,4070
riagura,ɾ ia ɣ u ɾ a,,,,,4072
riaki,ɾi aki,,,,,4073
chichiri:,,mlungula,nmn,bribe,n,4073
riami,ɾ iami,,,,,4074
riana,ɾ iana,kulana,kt,to eat each other,v,4075
riana,ɾ iána,,,,,4076
riana,ɾ iana,,,,,4077
ri’ane,ɾ ian ɛ,Jumatano,nmn,Wednesday,n,4078
ri ansa,ɾ iansa,,,,,4079
riara,ɾ ia ɾ a,,,,,4080
riaora,ɾ iao ɾ a,,,,,4081
Ri’atano,ɾ iatano,Alhamisi,nmn,Thursday,n,4082
Ri’atato,ɾ iatato,Jumanne,nmn,Tuesday,n,4083
riba,ɾ i: 𝛃 a,banika,kt,be blocked,v,4084
riba,ɾ i: 𝛃 a,kingamisha,kt,make to lie across,v,4085
ribaga,ɾ i 𝛃 a ɣ a,,,,,4086
ribagoki,ɾ i 𝛃 a ɣ oki,,,,,4087
ribambo,ɾi 𝛃 a:mbo,,,,,4088
ribanchore,ɾ i 𝛃 an ʧɔɾ è,,,,,4089
gugu,,,,,,4089
ribangore,ɾ i 𝛃 aŋ ɔɾ è,,,,,4090
ribare,ɾ i 𝛃 a: ɾ è,,,,,4091
ribarongo,ɾ i 𝛃 ar ɔ ŋ ɔ,,,,,4092
ribe,ɾ i 𝛃ɛ,,,,,4093
ribe,ɾ i: 𝛃 e,baya,kv,bad,adj,4094
ribega,ɾ i 𝛃ɛɣ a,mmego,nmn,morsel,n,4095
ribego,ɾɪ 𝛃 e ɣ o,,,,,4096
ribego,ɾ i 𝛃 e ɣ o,,,,,4097
ribembeni,ɾ i 𝛃 ɛ mb ɛ ni,,,,,4098
hermaphrodite,,,,,,4098
riberera,ɾ i 𝛃ɛɾɛɾ a,,,,,4099
ribetu,ɾ i 𝛃 e:tu,,,,,4100
emoko,,,,,,4100
eribero,,,,,,4100
ribi,ɾ i:βi,,,,,4101
ribi,ɾiβi,,,,,4102
ribibo,ɾ i 𝛃 i 𝛃 ò,gumu,kv,strong,adj,4103
ribiria,ɾ iβi ɾ ia,suguo,nmn,millstone,n,4104
riboa,ɾ iβ ɔ a,1. kifurushi,nmn,bundle,n,4105
riboa,ɾ iβ ɔ a,,,,,4106
riboba,ɾ i 𝛃 óβa,mgunda,nmn,land tilled before,n,4107
ribobore,ɾ i 𝛃ɔ𝛃ɔɾɛ,,,,,4108
ribocha,ɾ i 𝛃 ó ʧ a,,,,,4109
ribomboita,ɾ i 𝛃ɔ mb ɔ ita,,,,,4110
ribondo,ɾ i 𝛃ɔ :nd ɔ,,,,,4111
ribonyi,ɾ i 𝛃ɔ : ɲ i,,,,,4112
ribora,ɾ i 𝛃ɔ : ɾ à,,,,,4113
ribora,ɾ i 𝛃ɔɾ a,,,,,4114
ribota,ɾ i 𝛃ɔ :ta,,,,,4115
ribu,ɾ i: 𝛃 u,,,,,4116
ribuche,ɾ i 𝛃 u: ʧ è,,,,,4117
ribumburi,ɾ i 𝛃 umbu ɾ i,,,,,4118
ribundu,ɾ i: 𝛃 u:ndu,,,,,4119
Ribunekana,ɾ i 𝛃 unekana,,,,,4120
joint,,,,,,4120
riburuga,ɾ i: 𝛃 u ɾ ú ɣ a,,,,,4121
ribururu,ɾ i: 𝛃 u ɾ ú ɾ ù,,,,,4122
ribusi,ɾi𝛃 usi,,,,,4123
ributia,ɾi𝛃 utia,,,,,4124
togwa,,,,,,4124
richa,ɾi:ʧ a,huja,kt,it comes.it happens,v,4125
richanchabe,ɾi:ʧ an ʧ a 𝛃 è,,,,,4126
ekr,,,,,,4126
richara,ɾ i: ʧ a ɾ a,,,,,4127
richoki,ɾiʧ óki,,,,,4128
richore,ɾ i ʧɔ re,,,,,4129
rie,ɾiɛ,lipe,kt,give him.her,v,4130
riembe,ɾ i ɛ mb ɛ,,,,,4131
mangifera,,,,,,4131
riende,ɾ i ɛ nd ɛ,,,,,4132
rieta,ɾ ieta,nomino,nmn,noun,n,4133
rieta,,,,,,4133
Riete,ɾ iéte,Agosti,nmn,August,n,4134
riicho,ɾ i: ʧɔ,,,,,4135
rigachi,ɾ i ɣ a ʧ i,,,,,4136
rigami,ɾ i ɣ ami,koleo,nmn,tongs,n,4137
rigana,ɾ i ɣ ána,,,,,4138
ikomi,,,,,,4138
riganda,ɾ i ɣ anda,,,,,4139
rigangera,ɾ i: ɣ aŋè ɾ a,,,,,4140
eigatero,,,,,,4140
rigangora,ɾ i: ɣ aŋ ɔɾ a,,,,,4141
rigas i,ɾ i: ɣ a:si,,,,,4142
rigata,ɾ i: ɣ a:ta,,,,,4143
comatose,,,,,,4143
rigatwa,ɾiɣ atwa,,,,,4144
rige,ɾ i: ɣˋɛ,,,,,4145
rige,ɾ i: ɣʹɛ,,,,,4146
rigecha,ɾ i ɣɛ : ʧ a,papasi,nmn,spirillum tick,n,4147
rigechara,e ɾ i ɣɛ e ʧ a ɾ a,,,,,4148
rigege,ɾ i ɣɛɣɛ,,,,,4149
nyakiara,,,,,,4149
rigegu,ɾ i ɣɛɣ u,gego,nmn,molar tooth,n,4150
rigeki,ɾ i ɣɛ ki,panya kivuno,nmn,harvest mouse,n,4151
rigena,ɾ i :ɣ ena,jiwe,nmn,stone,n,4152
rigeri rieng’e,ɾ i ɣɛɾ i ɾ ieŋe,,,,,4153
cnicas,,,,,,4153
rigesa,ɾ i ɣɛ sa,,,,,4154
rigicho,ɾ i ɣiʧɔ,,,,,4155
erigana,,,,,,4155
rigio,ɾ i ɣ io,,,,,4156
rigocho,ɾiɣ i ʧɔ,,,,,4157
rigoko ri’eriote,ɾ i ɣ oko ɾ ie ɾ iote,,,,,4158
rigoko ri’esuguria,ɾ i ɣ oko ɾ iesu ɣ u ɾ ia,,,,,4159
rigontonyi,ɾ i ɣɔ :nt ɔɲ i,,,,,4160
rigori,ɾ i ɣ o ɾ i,,,,,4161
rigoro,ɾ i ɣ o ɾ o,,,,,4162
rigoro,ɾ i: ɣ o ɾ o,,,,,4163
guu,,,,,,4163
rigota,ɾ i ɣɔ ta,,,,,4164
engaki,,,,,,4164
rigundo,ɾ i ɣ u:ndo,bovu,kv,rotten,adj,4165
rigwarembe,ɾ i: ɣ wa: ɾ embe,,,,,4166
dhalimu.dictator or oppressor.,,,,,,4166
rigwata,ɾ i ɣ wata,,,,,4167
rigwono,ɾ i ɣ wo:no,,,,,4168
omonto,,,,,,4168
riiba,ɾ i:βa,laiba,kt,he.she steals,v,4169
riigota,ɾ i│igota,,,,,4170
riitona,ɾ i:t ɔ na,,,,,4172
rikabu,ɾ ika ꞵ u,,,,,4173
rikairo,ɾ ikai ɾ o,,,,,4174
rikanda,ɾika:nda,,,,,4175
a,,,,,,4175
rikanya,ɾ ika ɲ a,,,,,4176
rikara,ɾ ika ɾ a,,,,,4177
rikarate,ɾ ika: ɾ a te,,,,,4178
mjinga,,,,,,4178
rikiritania,ɾ iki ɾ itania,,,,,4179
riko 1.,ɾi k ɔ,,,,,4180
riko 2.,ɾ i:k ɔ,,,,,4181
rikobu,ɾ ik ɔ ꞵ u,tunda bichi,kv,unripe fruit,adj,4182
rikobu,ɾ ik ɔꞵ u,/tovu,nmn,a big navel,n,4183
rikomi|erimo,ɾ ikomie ɾ im ɔ,,,,,4184
kumi,,wanse eyemo ekr. kumi na moja,kv,eleven,adj,4184
kumi,,,,,,4184
rikomo,ɾ ikomo,,,,,4185
rikonde,ɾ ikonde,,,,,4186
worm,,,,,,4186
rikone,ɾ ikone,,,,,4187
rikongiro,ɾ ik ɔ ŋi ɾɔ,,,,,4188
zebrina,,,,,,4188
rikongo,ɾ ik ɔ ŋ ɔ,,,,,4189
rikongori,ɾ ikoŋo ɾ i,,,,,4190
also,,,,,,4190
rikonu,ɾ ikonu,,,,,4191
rikora,ɾ iko ɾ a,,,,,4192
rikora,ɾ iko ɾ a,,,,,4193
‘’Erikora,,,,,,4193
rikori,ɾ iko ɾ i,,,,,4194
rikori,ɾ iko: ɾ i,,,,,4195
rikorobo,ɾ iko ɾ o ꞵ o,,,,,4196
rikorogoto,ɾ iko ɾ o ɣ oto,,,,,4197
rikorokoro,ɾ iko ɾ oko ɾ o,,,,,4198
rikorokoro,ɾ ik ɔɾɔ k ɔɾɔ,,,,,4199
rikorominyo,ɾ ik ɔɾɔ mi ɲɔ,,,,,4200
rikorongote,ɾ iko ɾ oŋote,,,,,4201
rikororera,ɾ iko ɾ o ɾ e ɾ a,,,,,4202
rikoru,ɾ ik ɔɾ u,,,,,4203
rikoyori’obori,e ɾ ikojo ɾ i ɔꞵɔɾ i,,,,,4205
rikuba,ɾ iku ꞵ a,,,,,4206
kikohozi,,,,,,4206
rikumia,ɾ ikumia,,,,,4207
rikundesi,ɾ ikund ɛ si,ukungu,nmn,mist,n,4208
rikura,ɾ iku ɾ a,,,,,4209
aase,,,,,,4209
rikuru,ɾ iku ɾ u,,,,,4210
rikwege,ɾ ikw ɛɣɛ,,,,,4211
donda,,,,,,4211
rimama,ɾ imama,,,,,4212
rimaya,ɾ imaja,zuzu,nmn,buffoon,n,4213
rimemenyu,ɾ imeme ɲ u,mtini,nmn,slow person,n,4214
rimera,ɾ ime ɾ a,,,,,4215
rimi,ɾ imi,umande,nmn,dew,n,4216
rimimi,ɾ i:mimi,,,,,4217
high,,,,,,4217
rimisu,ɾ imisu,,,,,4218
uvundo,,,,,,4218
rimocha,ɾ im ɔʧ a,kosa,nmn,offence,n,4219
rimong’o,ɾ imoŋgo,baradhuli,nmn,buffoon,n,4220
rimonto,ɾ imo:nto,,,,,4221
rimore .,ɾ imo ɾ e,,,,,4222
mwanga,,mkubwa,nmn,torch,n,4222
rimoro,ɾ im ɔ : ɾɔ,,,,,4223
rimoroki,ɾ im ɔ : ɾɔ ki,,,,,4224
rimote,ɾ imote,,,,,4225
rimu,ɾ imu,bato,nmn,ringworm,n,4226
rimuge,ɾ i:muge,,,,,4227
rimuge,ɾ imuge,,,,,4228
rimura,ɾ imu ɾ a,,,,,4229
rimura,ɾ i :mu ɾ a,,,,,4230
rinamerera,ɾ i:name ɾ e ɾ a,,,,,4231
rinani,ɾ i:nani,,,,,4232
rinani,ɾ i:nani,,,,,4233
rinde,ɾ i:nde,,,,,4234
rineberia,ɾ in ɛ :β ɛɾ i a,,,,,4235
omwanchereria,,,,,,4235
rinebi,ɾ in ɛ :βi,,,,,4236
omwanchereria,,,,,,4236
rinebo,ɾ in ɛ :β ɔ,,,,,4237
ring’ana,ɾ i: ŋgana,,,,,4238
ring’ang’ara .,ɾ i: ŋga:ŋga ɾ a,,,,,4239
ring’iti,ɾ i: ŋgiti,linyimivu,kv,a big selfish person,adj,4240
ring’orong’oru,ɾ i: ŋg ɔɾɔ ŋg ɔɾ u,tezi,nmn,goitre,n,4241
ring’ombe,ɾ i: ŋg ɔ mb ɛ,,,,,4242
ligombe,,,,,,4242
ring’ondi,ɾ i: ŋg ɔ :ndi,,,,,4243
ring’orongoche,ɾ i: ŋg ɔɾɔ ŋ ɔʧ e,,,,,4244
adam’s,,,,,,4244
ring’weng’we,ɾ í:ŋg w ɛ ŋg w ɛ,,,,,4245
rini,ɾ i:ni,,,,,4246
rino,ɾ i:n ɔ,,,,,4247
rinoru,ɾ i:no ɾ u,,,,,4248
rinyaganyaga,ɾiɲaɣaɲaɣ a,,,,,4249
rinyama,ɾiɲ ama,,,,,4250
rinyamara,ɾiɲ ama ɾ a,tandu,nmn,centipede,n,4251
rinyamoutoki,ɾ i ɲ amoutoki,,,,,4252
rinyatundo,ɾɪɲ atund ɔ,,,,,4253
rinyenyi,ɾ i ɲɛɲ i,,,,,4254
murderer,,,,,,4254
rinyo,ɾiɲ o,,,,,4255
rinyo,ɾiɲ o,panya milia,nmn,stripped grass mouse,n,4256
rinyongo,ɾiɲ o ŋ o,,,,,4257
rio,ɾ íò,,,,,4258
riobereria,ɾ ioβ e ɾeɾ ia,hinikizo,nmn,deception.hocus pocus,n,4259
rioga,ɾ io ɣ a,,,,,4260
rioga riroro,ɾ io ɣ a ɾ í ɾ o ɾ o,,,,,4261
tithoniadiversiolia,,,,,,4261
rioka,ɾ io ka,,,,,4262
rioka,ɾ ioka,pekee,kt,only,v,4263
rioma,ɾ i ɔ ma,,,,,4264
riomana,ɾ iomana,,,,,4265
rionde,ɾiɔ nd ɛ,,,,,4266
upright,,,,,,4266
riondi,ɾ i ɔ ndi,,,,,4267
morsel,,,,,,4267
rioria,ɾ io: ɾ ia,,,,,4268
riote,ɾ iote,kidonda,nmn,wound,n,4269
rioto,ɾ i ɔ t ɔ,,,,,4270
rirangeria,ɾ i ɾ á ŋ e ɾ ia,,,,,4271
rirara - muana,ɾ i ɾ á: ɾ a |mwana,,,,,4272
zingizi,,,,,,4272
riraro,ɾ i ɾ á: ɾɔ,,,,,4273
riraro,ɾ i: ɾ á : ɾɔ,,,,,4274
rire,ɾ i: ɾ e,wingu,nmn,cloud,n,4275
rireko,ɾ i: ɾ eko,bega,nmn,shoulder,n,4276
rirema,ɾ i: ɾ ema,mlimo,nmn,digging,n,4277
riremerua,ɾ i ɾ e:m e ɾ wa,,,,,4278
rirongototi,ɾ i ɾɔ :ŋ ɔ t ɔ :ti,,,,,4279
riroria,ɾiɾɔ:ɾi a,,,,,4280
costus,,,,,,4280
gosegeta,,,,,,4280
na,,,,,,4280
riroroche,ɾ i ɾ o ɾ o: ʧ e,,,,,4281
riru,ɾ i: ɾ u,,,,,4282
riruma,ɾ i: ɾ uma,,,,,4283
risa,ɾ i: sa,,,,,4284
risabagera,ɾ i saβa ɣ e ɾ a,,,,,4285
risabese,ɾ i saβ ɛ s ɛ,,,,,4286
risabeso,ɾ i saβ ɛ s ɔ,,,,,4287
risabeso,ɾ i saβ ɛ s ɔ,,,,,4288
risagara,ɾ i sa: ɣ a ɾ a,,,,,4289
risagisa,ɾ i sa ɣ isa,,,,,4290
risakara,ɾ i saka ɾ a,,,,,4291
risakwa,ɾ i sakwa,,,,,4292
muhindi,,,,,,4292
risameso,ɾ i sam ɛ s ɔ,,,,,4293
risami,ɾ i sa:mi,,,,,4294
risancha,ɾ i sa:n ʧ a,,,,,4295
esirate,,,,,,4295
risang’ina,ɾ isaŋina,,,,,4296
risankwa,ɾ i sankwa,,,,,4297
risanyi,ɾ i sa ɲ i,,,,,4298
risara,ɾ i sa: ɾ a,,,,,4299
erieta,,,,,,4299
risara,ɾ i sa ɾ a,,,,,4300
risaramuenya,ɾ i sa ɾ a mwe ɲ a,,,,,4301
risaramuenye,ɾ i sa ɾ a mw ɛɲɛ,,,,,4302
risaria,ɾ i sa: ɾ ia,,,,,4303
risaroche,ɾɪ sa: ɾɔʧ e,,,,,4304
rise,ɾɪ : se,,,,,4305
rise,ɾ i: se,,,,,4306
riseko,ɾ i sek ɔ,,,,,4307
risengereri,ɾ i se ŋ e ɾeɾ i,huntha,nmn,kv. hermaphrodite,adj,4308
risenia,ɾ i s ɛ :nia,,,,,4309
risense,ɾ i s ɛ :n sɛ,,,,,4310
risensemu,ɾ i s ɛ ns ɛ mu,,,,,4311
riseri,ɾ i: s ɛɾ i,,,,,4312
risese,ɾ i se:se,,,,,4313
risese,ɾ i se:se,,,,,4314
risiakeria,ɾ i siake ɾ ia,ufujaji,nmn,desfalcation,n,4315
risibi,ɾ i si: 𝛃 ɪ,,,,,4316
risika,ɾ i sika,,,,,4317
riso,ɾ i:so,,,,,4318
riso,ɾ i:so,kadiri,kv,to be sure,adj,4319
riso,ɾ i:so,pendeza,kt,be attractive,adj,4320
risombe,ɾ i:sombe,,,,,4321
risosa,ɾ i:so:sa,,,,,4322
risungia,ɾ isu: ŋia,,,,,4323
risuri,ɾ isu ɾ i,,,,,4324
risua,ɾ isu ɾ i,,,,,4325
rita,ɾ ita,,,,,4326
ritaboboki,ɾ itaβo 𝛃 oki,,,,,4327
ritabu,ɾ itaβu,,,,,4328
erigetabu,,,,,,4328
ritagaro,ɾ itaga ɾ o,,,,,4329
r itakuna,ɾ itakuna,,,,,4330
ritambombo,ɾ itambombo,,,,,4331
ritang’ate,ɾ itaŋgat ɛ,,,,,4332
ritang’ate,ɾɪ: taŋgat ɛ,,,,,4333
ritaturi,ɾ i:ta:tu: ɾ i,,,,,4334
ritaturi,ɾ i:ta:tu: ɾ i,shemali,nmn,fog,n,4335
rite,ɾ i:te,ladha,nmn,taste,n,4336
rite,ɾ i:te,,,,,4337
riteba,ɾ i:te 𝛃 a,,,,,4338
ritegeri,ɾ i:t ɛɣɛɾ i,,,,,4339
riteke,ɾ it ɛ: k ɛ,,,,,4341
riteng’o,ɾ i:t ɛ ŋg ɔ,,,,,4342
ritera,ɾ i:t ɛ : ɾ a,,,,,4343
riterege,ɾ i:t ɛɾɛɣɛ,,,,,4344
ritete,ɾɛ :t ɛ :t ɛ,,,,,4345
ritierio,ɾ i:tie ɾ io,,,,,4346
whetting,,,,,,4346
ritimo,ɾ i:ti mo,,,,,4347
ritiro,ɾ i:ti ɾ o,,,,,4348
rito,ɾi :to,,,,,4349
ritogonyia,ɾ i:t ɔɣɔɲ ia,,,,,4350
ritombe,ɾ i:to mbe,,,,,4351
enyomba,,,,,,4351
ritondo,ɾ i:tondo,,,,,4352
ritondo,ɾ i:tondo,,,,,4353
mamincha,,,,,,4353
ritonto,ɾ i:t ɔ :nt ɔ,,,,,4354
ritontonya,ɾ i:t ɔ nt ɔɲ a,,,,,4355
ritoronge,ɾ i: tɔɾɔ ŋ ɛ,,,,,4356
ritororo,ɾ i:to ɾ o ɾ o,,,,,4357
ritundariroro,ɾ i:unda ɾ i ɾ o ɾ o,,,,,4358
ritunwa,ɾ i:tunwa,,,,,4359
ritusia,ɾ itusi,,,,,4360
ritutu,ɾ i:tu:tu,,,,,4361
rituturi,ɾ i:tutu ɾ i,,,,,4362
ritwania,ɾ i:twania,,,,,4363
ritwe,ɾ i:twe,,,,,4364
erimotwe,,,,,,4364
riuga .,ɾ iu ɣ a,,,,,4365
riuge,ɾi u ɣ e,,,,,4366
riumbagero,ɾ iumba ɣ e ɾ o,,,,,4367
riumbagero ri’echimonyo ert.,,,,,,4367
riuro,ɾ iu ɾ o,,,,,4368
riyenga,ɾiȷɛ ŋa,,,,,4369
riyeria,ɾi:ȷeɾ ia,,,,,4370
obn,,,,,,4370
riyia,ɾiȷ ia,egtnn. jipya,kv,new,adj,4371
riyio,ɾiȷ io,,,,,4372
riyioyeria,ɾiȷioȷeɾi a,,,,,4373
riyo,ɾiȷ o,ngozi,nmn,skin.hide,n,4374
robago,ɾo𝛃agɔ,,,,,4375
robebe,ɾo𝛃 eβe,,,,,4376
roche,ɾo:ʧ e,,,,,4377
roche,ɾoʧ e,,,,,4378
roche,ɾɔʧ e,,,,,4379
roe,ɾɔ e,patia.pea,kt,give to,v,4380
roe,ɾ oe,,,,,4381
rogito,ɾoɣ ito,,,,,4382
rogito,ɾoɣ ito,,,,,4383
romereria,ɾ ome ɾéɾ ia,shikilia,kt,tightly hold,v,4384
romiaamakori,ɾ omia│amako ɾ i,fuatilia sana,kt,follow or search something with determination,v,4385
romia,ɾ omia,,,,,4386
roria,ɾɔɾ ia,angalia,kt,face,v,4387
rota,ɾɔ :ta,chunguza,kt,spy,v,4388
rota,ɾɔt a,ota,kt,dream,v,4389
chunguzana,,,,,,4389
spy,,,,,,4389
roterana,ɾɔ :terana,oteana,kt,dream for each other,v,4390
ruseria,ɾ use ɾ ia,,,,,4391
shout,,,,,,4391
-rua,ɾ wa,toa,kt,to give,v,4392
ruambero,ɾ wambe ɾ o,,,,,4393
mbio,,,,,,4393
rueba,ɾ weβa,,,,,4394
sabusia,sa ꞵ usia,,,,,4400
safisha,,,,,,4400
sabusia,,,,,,4400
sabusia,,,,,,4400
saia,saia,harisha,kt,make diarrhoea,v,4401
sakora,sako ɾ a,mzembe,nmn,lazy,n,4402
samanana,samanana,,,,,4403
anayeshuta,,,,,,4403
he,,,,,,4403
samberebere,samb eɾeꞵeɾ e,mpayukaji,kv,chatterer,v,4404
saota,saota,mzembe,nmn,lazy,n,4405
sara,s ˋ a :ɾʹ a,hisi uchungu. umia,kt,hurt. feel pain in part of your body,v,4406
sareria,,,,,,4406
sara,s ʹ a: ɾˋ a,tahiri.tia jando au kumbi,kt,circumcise,v,4407
saria,sa ɾ ia,haribu,kt,destroy.spoil. damage.ruin,v,4408
sareria,,,,,,4408
sareria,sa ɾ e ɾi a,,,,,4409
sarota,sa ɾ ota,mwanamme anayejililia. effeminate man,nmn,a man who likes to cry,n,4410
se !,se,,,,,4411
white,,,,,,4411
sega,se: ɣ a,paliza au wapalizanao,kv,instigate,v,4412
abagosegana,a ꞵ a ɣ ose ɣ ana,,,,,4413
abagosegetana,a ꞵ a ɣ ose ɣ etana,wanaochocheleanao,kv,those that instigate each other,n,4414
senyisenyi !,se ɲ ise ɲi,,,,,4415
serera,se ɾ e ɾ a,"peleka kwa nia mbaya, njama",kt,escort with ill intentions,v,4416
sisa,sisa,,,,,4417
complicate,,,,,,4417
sogoria,s ɔɣɔɾi a,,,,,4418
soka,sɔk à,ingiza,kt,insert,v,4419
soka,so:kà,aibika,kt,get ashamed,v,4420
sokania,,aibishana,kt,ashame each other,v,4420
soka,s ɔ :kà,toka,kt,get out,v,4421
sokania,,,,,,4421
soma,s ɔ :mà,soma,kt,read,v,4422
somera,,,,,,4422
somigwa,,,,,,4422
somia,,,,,,4422
someria,,,,,,4422
someria,,,,,,4422
somania,,,,,,4422
somaneria,,,,,,4422
somaneria,,,,,,4422
somerania,,,,,,4422
soong’oong’a,so:ŋgo:ŋga,simamia mbali,kt,stand at a distance,v,4423
soonsogeria,sonso ɣ e ɾ ia,,,,,4424
sora,so ɾ a,,,,,4425
sorokia,so ɾ okia,chochea,kt,incite,v,4426
sugusu,su ɣ usu,,,,,4427
sugusu ya mocha,su ɣ usu ja mo ʧ a,,,,,4428
suentera,swente ɾ a,songeana,kt,move slowly on buttocks,v,4430
taa,ta:,,,,,4436
tabana,taβana,,,,,4437
tabana,ta:βa:na,,,,,4438
tabanera,,,,,,4438
tabara,taβa ɾ a,papasa,kt,coax,v,4439
tabara,taβa ɾ a,,,,,4440
tabarera egkr. rigeria. tabarera egkr asiwalilie .kt not cry for you. tabarera egkr asiwalee. kt not be taken be care by smn. tabarerera egkr asiwalelee kt not be taken care for tabarerwa,,,,,,4440
tagama,ta ɣ ama,,,,,4441
tagamera egkr. Ogokora egekoro ki’ogotama ~ okworokia kwo’omokungu akworokia obokungu bwaye/ enyiborero yaye ase okoigora ebinama biaye (=tambararera) tagamera,,,,,,4441
taagamerwa asiegemewe. Shouldn’t be leaned on. tagamerana,,,,,,4441
obokungu,,,,,,4441
tagana,ta ɣ ana,,,,,4442
taganera,,,,,,4442
taganera,ta: ɣ ane ɾ a,,,,,4443
taganerigua,ta: ɣ ane ɾ igwa,Asihitajiwe,kt,shouldn’t be demanded for,v,4444
tagania,ta ɣ ania,,,,,4445
tagania,ta: ɣ ania,,,,,4446
taganeria,ta: ɣ ane ɾ ia,,,,,4447
omonto,,,,,,4447
taganereria,ta: ɣ ane ɾ e ɾ ia,,,,,4448
taganererigwe,,,,,,4448
tagoka,ta: ɣɔ :ka,,,,,4449
tagoka,ta ɣ óka,,,,,4450
tagoka.,ta ɣ ó ɾ a,,,,,4451
tagora,ta ɣ ó ɾ a,bomoa,kt,demolish,v,4452
tagorwa,,bomolewa,kt,become demolished,v,4452
tagoka,,,,,,4452
tagoria,,,,,,4452
tagorwa,,,,,,4452
tagorigwa,,,,,,4452
tagoria,ta: ɣ ó ɾ ia,,,,,4453
tagorwa,,,,,,4453
tagorigwa,,,,,,4453
tagorua .,ta: ɣ o ɾ wa,,,,,4454
tagorua,ta: ɣ o ɾ wa,,,,,4455
tamera,tame ɾ a,,,,,4456
tamera,ta:me ɾ a,,,,,4457
tambarara,tamba ɾ a ɾ a,,,,,4458
tambararera,,,,,,4458
tambararerana,,,,,,4458
tamera,tame ɾ a,,,,,4459
tamera,ta:m ɛɾ a,,,,,4460
tamera .,ta:me ɾ a,,,,,4461
tata,tata,,,,,4462
teba,t ʹɛ :βa,,,,,4463
ongea,,,,,,4463
speak,,,,,,4463
teba,tɛ :β ˊ a,isiwe,kt,should not be,v,4464
teba,teβa,tasika,kt,become sterile,v,4465
tebia,teβia,tasisha,kt,Sterilize. make barren or sterile,v,4466
tebia,tɛ βia,Arifu/ambia,kt,inform,v,4467
tebora,teβo ɾ a,,,,,4468
tebora,te:βo ɾ a,isikose,kt,let it not miss,v,4469
teka,t ɛ :ka,,,,,4470
kaanga,,,,,,4470
temana,t ɛ mana,,,,,4471
temana,t ɛ :mana,,,,,4472
temana,temana,,,,,4473
tamera,tame ɾa,,,,,4474
tamera,tá:me ɾ a,,,,,4475
tamera,ta:mé ɾ a,,,,,4476
tamera,tam ɛ́ɾ a,,,,,4477
tenena,tenena,simama,kt,Stand,v,4478
tenena,,,,,,4478
tenena-koboria,,,,,,4478
tenena-,,,,,,4478
tenena,,,,,,4478
tenena borego egtb. Echoke,,,,,,4478
tenena-ime,,,,,,4478
tenteria,t ɛ nt ɛ ria,dekeza au kuza mtoto kwa kumbembeleza tu,kt,to taddle/ mollycoddle,v,4479
tenteria,t ɛ :nt ɛɾ ia,,,,,4480
tenteria,t ɛ :nt ɛɾ ia,,,,,4481
tera,t ɛ:ɾ a,imba,kt,sing,v,4482
terera,,imbia,kt,sing for,v,4482
tererwa,,imbiwa,kt,be sung for,v,4482
tererana,,imbiana,kt,sing for each other,v,4482
teria,,,,,,4482
teria,te ɾ ia,,,,,4483
teria,t ɛɾi a,,,,,4484
ticha,ti: ʧ a,funga,kt,close,v,4486
tichana,,fungana,kt,close each other,v,4486
tichera,,,,,,4486
close,,,,,,4486
ticherera,,,,,,4486
tichagora,ti ʧaɣoɾa,fukua,kt,dig,v,4487
tichagorera,,,,,,4487
dig,,,,,,4487
tiga,ti ɣ a,acha,kt,stop,v,4488
tigana,,achana,kt,leave each other,v,4488
tiganera,,achania,kt,leave each other,v,4488
tigera,,achia,kt,leave for,v,4488
tigerana,,achiana,kt,leave for each other,v,4488
tigera,,songa,kt,move,v,4488
tigeria,,songesha,kt,to move,v,4488
tigatigia,ti ɣ ati ɣ ia,,,,,4489
tigatigania,,,,,,4489
t imba,timba,chafua,kt,make dirty,v,4490
timba,tí:mba,,,,,4491
timba-,ti:mba,,,,,4492
timbari,timba ɾ i,siwataki,kt,I don’t need you,v,4493
tinda,tinda,lewa,kt,get drunk,v,4494
tindia,,lewesha,kt,make drank,v,4494
tinda -,tinda-,,,,,4495
tindanywoma,tinda ɲ w ɔ ma,sijaoa,kt,not yet married,v,4496
tindakonywoma,,sijakuoa bado,kt,not yet married to you,v,4496
tindabanywoma,,sijawaoa,kt,I have not married them,v,4496
tindaboria,tindaβo ɾ ia,,,,,4497
tindia,tindiá,kuwa mkali,kt,become harsh,v,4498
tindia,tindià,nisile,kt,not to eat,v,4499
tinga,tiŋa,,,,,4500
tingora,tiŋó ɾ a,legeza,kt,losen,v,4501
tingora,tíŋo ɾ a,,,,,4502
tinkoboria,tink ɔ β ɔɾ ia,sitaokoa,kt,I will not redeem,v,4503
tinkoboria,tinkoβo ɾ ia,sitauliza,kt,I will not ask,v,4504
tinkoboria,tinkoβo ɾ ia,sitaula,kt,I will not eat it,v,4505
tinkoria,tinko ɾ ia,sitakula,kt,I will not eat,v,4506
tindia,tindía,,,,,4507
lewesha,,,,,,4507
inebriate,,,,,,4507
tindia,tíndia,kuwa mkali,kt,be brutal,v,4508
tindia,tindia,nisile,kt,not to eat,v,4509
tinga,tiŋa,funga sana,kt,tie tightly,v,4510
tingania,,,,,,4510
ting’a,tíŋga,,,,,4511
ting’a,tiŋga,,,,,4512
kebonguru,,,,,,4512
ting’a,ti:ŋga,,,,,4513
tingania,tiŋania,funga sana,kt,tie tightly,v,4514
ting’igua,tiŋgigwa,Imarishwa,kt,Strengthen,v,4515
ting’igua,tiŋgigwa,,,,,4516
t ing’iting’i,tiŋgitiŋgi,tanakali ya kuma nyama,kt,swallowing meat,v,4517
tingora,tiŋo ɾ a,,,,,4518
tinkobatindia,tinkoβatindia,sitawalevya,kt,I will not intoxicate them,v,4520
tinkobiboria,tinkoβiβ ɔɾi a,sitavikomboa,kt,I will not redeem them,v,4521
tinkobiboria,tinkoβiβo ɾ ia,sitaviuliza,kt,I will not ask them,v,4522
tinkomoboria,tinkomoβo ɾ ia,sitamuuliza,kt,I will not ask him,v,4523
tinkomotindia,tinkomotindia,sitamlevya,kt,I will not intoxicate him,v,4524
tiria,t iɾ ia,,,,,4525
to,,,,,,4525
tiria,ti ɾ ia,,,,,4526
tiria,ti ɾ ia,,,,,4527
tiritiri !,titi ɾ i,,,,,4528
toba,ti ɾ ia,,,,,4529
tobera,,-ivia,kt,get ripe at/ for,v,4529
toba,t ɔ βa,tunakuwa,kt,we be/become,v,4530
tobe,t ɔ β ɛ,tuwe,kt,let’s be/become,v,4531
tobere,,,,,,4531
tuwe,,,,,,4531
tobereo,,tuwepo,kt,let’s be there,v,4531
intogenda,,,,,,4531
tobera,,t unashinda,kt,we stay,v,4531
tobeka,t ɔ β ɛ ka,,,,,4532
tobeka,toβeka,,,,,4534
usivae,,,,,,4534
tobeka,toβeka,,,,,4535
tobobera,t ɔ β ɔ β ɛɾ a,,,,,4536
to,,,,,,4536
Enga,,,,,,4536
toma,toma,,,,,4537
tomana,,,,,,4537
tomana,tomana,,,,,4538
tomanya,toma ɲ a,,,,,4539
tomuamere,tomwamé ɾ e,tukalie mchafu,kt,get dirty fo us,v,4540
tomuamere,tomwáme ɾ e,tumzalie,kt,to bear him,v,4541
tona,t ɔ na,pamba,kt,decorate,v,4542
tonia,tonia,benua,kv,protrude,v,4543
tonia,to:nia,usinye,kt,don’t defaecate,v,4544
tonia,t ɔ :nia,nyega,kt,appetize,v,4545
tonda .,to:nda,,,,,4546
tonera,t ɔ :n ɛɾ a,,,,,4548
tonera,t ɔ n ɛ : ɾ a,,,,,4549
tonga,to:ŋa,,,,,4550
tonga,to:ŋa,umba,kt,create,v,4551
tonga,toŋa,,,,,4552
tonga,toŋa,,,,,4553
tonga,toŋa,,,,,4554
tontonya,tonto ɲ a,,,,,4555
tonya,to ɲ a,,,,,4556
tonyia,,,,,,4556
tora,to ɾ a,,,,,4557
toria,,,,,,4557
toreka,to ɾ eka,,,,,4558
toreka,to: ɾ eka,,,,,4559
toreka,to ɾ eka,,,,,4560
toria,to: ɾ ia,,,,,4561
toria,to ɾ ia,,,,,4562
toroba,to ɾ oβa,,,,,4563
andama,,,,,,4563
toroba,t ɔɾɔ βa,,,,,4564
oengerete,osonsogete gochia egogo. torobania,,,,,4566
torobania egkr. penya kt. Pass through narrow way v. okoba gokonyora,kogokora,penya,kt,Pass through narrow way,v,4567
mosiabano,,,,,,4567
ania,,Usitasize,kt,To make barren,v,4567
enkwana,,,,,,4567
torobania okoboko egkr. To mislay v. torobania okogoro egkr dislocate a leg torobania obogambi egkr. misrule torobania obokoreri egkr. mix up work. To misappropriate v. torobania obotebereria egkr. To misadvise v. torobania oroiboro egkr. To misgenate v. torobania obotebia egkr. To misinterpret v. torobania oboteneneri egkr. To misrepresent v. torobania enywomo egkr. To misalliance v. torobania kobwata amang’ana egkr. To misapprehend v. torobania korwa singo egkr. Overawe v. torobania korenga obori egkr. Overbalance v. torobania oroiboro egkr. Overbear v. torobania rigori egkr. Overcharge v. torobania chinguru egkr/ okobua egkr. shinda. overcome v. Torobania chimbusuro egkr. lima mno hadi rutuba ikaisha. overcrop v. Torobania okorwa egkr. ovadrafti. overdraft. Torobania obwesoki egkr kupitisha mavazi. overdress v. Torobania oborundia,obogendia egkr. Overdrive v. torobania okobao kwe’ebiro,"To mislay v. torobania okogoro egkr dislocate a leg torobania obogambi egkr. misrule torobania obokoreri egkr. mix up work. To misappropriate v. torobania obotebereria egkr. To misadvise v. torobania oroiboro egkr. To misgenate v. torobania obotebia egkr. To misinterpret v. torobania oboteneneri egkr. To misrepresent v. torobania enywomo egkr. To misalliance v. torobania kobwata amang’ana egkr. To misapprehend v. torobania korwa singo egkr. Overawe v. torobania korenga obori egkr. Overbalance v. torobania oroiboro egkr. Overbear v. torobania rigori egkr. Overcharge v. torobania chinguru egkr/ okobua egkr. shinda. overcome v. Torobania chimbusuro egkr. lima mno hadi rutuba ikaisha. overcrop v. Torobania okorwa egkr. ovadrafti. overdraft. Torobania obwesoki egkr kupitisha mavazi. overdress v. Torobania oborundia/obogendia egkr. Overdrive v. torobania okobao kwe’ebiro/chingaki egkr. kuchelewa. overdue v. torobania chingegu/omogo egkr. fulika, overflow v. torobania gokina egkr. -lokua upesi mno. overgrown v. torobania enkina/rikina egkr. kukua upesi mno. overgrowth v. tororobania riebire egkr. Egkr. wekelea mkono, funika.put over-arm v. torobania oborengeria egkr. suka upya. To overhaul v. torobania omochengo egkr. sismuka kupindukia. be overjoyed v. torobania egurube egkr. totilia maanani.to overlook v. torobania oborigererira egkr. Juujuu",kt,overly,adv,4568
torobekanerwa,,,,,,4568
banto,,,,,,4568
tuba,tuβa,,,,,4569
tubera,,,,,,4569
tuberera,tuβe ɾ e ɾ a,,,,,4570
tuga,tu ɣ a,"fuga, lea. rear, keep, nurse tugana / tu ɣ ana / egkr. Leana",kt,To nurture each other,v,4571
tugana,,Leana,kt,To nurture each other,v,4571
tugera,,Lelea,kt,To nurture for,v,4571
tugerwa,,Lelewa,kt,Be assisted in nurturing,v,4571
omino,,,,,,4571
tugerwa,,Lelewakwa,kt,Be nurtured at,v,4571
tugama,tu ɣ ama,,,,,4572
amaru,,,,,,4572
tugamera,,,,,,4572
tugamera,,,,,,4572
tugamera,tu ɣ ame ɾ a,,,,,4573
tuka,tuka,Peleleza/dadisi,kt,Investigate,v,4574
tukera,tuke ɾ a,1. dadisikwa,kt,To investigate in,v,4575
okobisa,,,,,,4575
tukerwa,,,,,,4575
ogosiekerwa,,,,,,4575
tuna,tuna,onja,kt,taste,v,4576
tunera,,Onjea,kt,To taste on behalf,v,4576
tunia,,onjesha,kt,Make to taste,v,4576
tunigwa,,Onjeshwa,kt,Be made to taste,v,4576
tura,tu ɾ a,amsha,kt,to wake somebody ogokora omonto akore chitoro,v,4577
2. egkr. fua chuma kt. forging irons v. okoba gogokora emeremo y’okobaraga,,fua chuma,kt,forging irons,v,4577
omoragori,,,,,,4577
turua,,,kt,To be forged,v,4577
okorisigwa,,,,,,4577
turerua,,,,,,4577
turerua,,,,,,4577
turua,tu ɾ wa,amushwa,kt,To be awakened,v,4578
okogworerwa,,,,,,4578
otige,,,,,,4578
turia,tu ɾ ia,1 . pangusa. wipe. Ogoturia rimi korwa obonyansi igoro oete maambia gose magega ke embura yature. 2. Kaanga,kt,To fry,v,4579
turia,tu ɾ ia,,,,,4580
turuchana,tu ɾ u ʧ ana,,,,,4581
turuchania,,,,,,4581
kweruchana,,,,,,4581
tunda,tunda,"1. kusuka. shake, churn. Okoba kogosagisa amabere are ekerandi na konyaatanana amaguta agwa aba ao amaguta ao, naro omogusii arenge gw’etontia, gwetontia omobere na koigosera chingobo. 2. waza, fikiri sana",kt,To think over,v,4582
turutana,tu ɾ utana,,,,,4583
turua,tu: ɾ wa,,,,,4584
tueba.,twe:βá,twasahau,kt,we forgot,v,4585
tueba .,twe:βá,,,,,4586
twebera,,,,,,4586
tuebera.,twe: ꞵeɾ a,,,,,4587
tuegia.,twe ɣ ia,Tunaigiza,kt,We imitate,v,4588
tueka,tweka,pekee,kv,we alone,adj,4589
tueka,tweka,,,,,4590
tuensi,tweka,sote,kv,we all,adj,4591
tuera,twe ɾ a,,,,,4592
chunia,,kt. Cut for. Kobutorera. Konachera omonto omosie gose ritoke korwa mogondo. E.e. Twera omwana omosie achie koria. Nachera omwana omosie 3. . temea,kt,"spit on ,",v,4592
uchanana .,u ʧ anana,dhoruba,kt,eing tosed about,v,4598
uchanana,u ʧ anana,,,,,4599
ukoma,ukoma,ukoma,nmn,leprosy,n,4600
ukora,uk ɔɾ a,"pofuka ,",kt,become blind,v,4601
ukoria,,pofusha,kt,makeblind,v,4601
ukoria,,,,,,4601
umama,umama,,,,,4602
umamera,,,,,,4602
umamia,,,,,,4602
umera,ume ɾ a,kuta,kt,encounter,v,4603
umera,ume ɾ a,ambatana,kt,come into contact with,v,4604
umerana,,kutana,kt,meet one another,v,4604
umerwa,,,,,,4604
umoka,umoka,,,,,4605
umokera,,mwagikia,kt,pouron,v,4605
umoka,umoka,,,,,4606
umokera,,vamia,kt,mob up,v,4606
umora,umo ɾ a,mwaga,kt,pour,v,4607
umorerana,,,,,,4607
umorerana,,,,,,4607
umoria,,,,,,4607
umora,umo ɾ a,tutia,kt,fill,v,4608
umoria,umo ɾ ia,,,,,4609
umoria,umo ɾ ia,,,,,4610
una,una,kubingiria,kt,to elbow. hitsmn,v,4611
unana,,,,,,4611
unia .,u:nia,,,,,4612
unia .,unia,,,,,4613
unenkia,un ɛ ŋkia,peleleza,kt,investigate. interview,v,4614
2,,,,,,4614
unya,u ɲ a,nusa,kt,sniff,v,4615
unya,u ɲ a,peleleza,kt,investigate,v,4616
ura,u: ɾ a,,,,,4617
disinherit,,,,,,4617
urana,,,,,,4617
urana,,,,,,4617
urera,,,,,,4617
urama,u ɾ ama,,,,,4618
uramera,,,,,,4618
uramia,,,,,,4618
uramerwa,,,,,,4618
uramerana,,,,,,4618
uramania,,,,,,4618
uta 1 .,u:ta,,,,,4619
uta 2 .,u:ta,,,,,4620
uta,,,,,,4620
uta,,,,,,4620
uta .,u:ta,,,,,4621
utera,,vuvishia . tengezea,kt,make fire for,v,4621
uterera,,,,,,4621
uterana,,,,,,4621
uterera .,ute ɾeɾ a,,,,,4622
utererana,,,,,,4622
uterera .,ute ɾ e ɾ a,karipia,kt,castigate,v,4623
utia .,utia,ponea,kt,escape,v,4624
utia .,utia,kunyamba. kutoa mashuzi. kushuta,kt,fart,v,4625
utia .,utia,lazimisha,kt,force to make a fire,v,4626
utana .,utana,,,,,4627
utanera,,,,,,4627
utererana,,,,,,4627
uteranana,ute ɾ anana,,,,,4628
utoka,utoka,,,,,4629
uuiii !,u:i:,,,,,4630
yaba,ȷ a 𝛃 a,furikia,kt,overflow,v,4636
yaba.,ȷ a 𝛃 a,inakuwa,kt,it happens,v,4637
yabia.,ȷ a 𝛃 ia,"jaza furukisha, pomoni",kt,overfill.make to overflow,v,4638
yabiara .,ȷ a 𝛃 ia ɾ a,,,,,4639
yabiaria,,,,,,4639
yabiara.,ȷ a 𝛃 ia ɾ a,,,,,4640
yabo.,ȷ a 𝛃ɔ,yao,kv,theirs,adj,4641
yabora .,ȷ a 𝛃ɔɾ a,,,,,4642
yagera,ȷ a ɣ e ɾ a,,,,,4643
yaika,ȷ aika,imefika,kt,it reaches,v,4644
yaikera,ȷ aike ɾ a,ikafikia,kt,it reaches,v,4645
yaito,ȷ aito,yetu,kv,ours,adj,4646
yane.,ȷ ane,yangu,kv,mine,adj,4647
yaya.,ȷ a ȷ a,,,,,4648
la!,,,,,,4648
yiera.,ȷ ie ɾ a,,,,,4649
be,,,,,,4649
yiera.,ȷ i ɛɾ a,,,,,4650
yioka.,ȷ ioka,,,,,4651
nauseate,,,,,,4651
yiora.,ȷ io ɾ a,,,,,4652
cause,,,,,,4652
to,,,,,,4652
yoka.,ȷ oka,pekee,kv,only,adj,4653
yonsi.,ȷ onsi,yote,kv,all,adj,4654
yoyera.,ȷɔȷɛɾ a,lisha,kt,feed,v,4655
