Column1,Column2,Column3
HEA_00001,Health,Ministry of Health urges residents of Nyandarua County to complete the full recommended vaccination dose following a rise in reported tuberculosis cases.
HEA_00002,Health,CDC urges residents of Taita-Taveta County to seek immediate testing at the nearest health facility following a rise in reported cyclosporiasis cases.
HEA_00003,Health,SHA (Social Health Authority) urges residents of Embu County to use insecticide-treated mosquito nets every night following a rise in reported dengue fever cases.
HEA_00004,Health,CDC urges residents of Tharaka-Nithi County to avoid contact with contaminated water sources following a rise in reported dengue fever cases.
HEA_00005,Health,Ministry of Health - Reproductive Health Unit reminds the public that free cholera screening is available at all public health centres in Vihiga County this May.
HEA_00006,Health,Kenya Medical Association reminds the public that free measles screening is available at all public health centres in Kiambu County this May.
HEA_00007,Health,Division of Disease Surveillance and Response reminds the public that free cyclosporiasis screening is available at all public health centres in Garissa County this February.
HEA_00008,Health,Division of Disease Surveillance and Response urges residents of Turkana County to seek immediate testing at the nearest health facility following a rise in reported typhoid cases.
HEA_00009,Health,CDC calls on parents in Wajir County to have children under five screened for malaria during the July outreach.
HEA_00010,Health,Public health advisory: Kenya Red Cross warns of increased HIV/AIDS risk in Siaya County and advises the public to use insecticide-treated mosquito nets every night.
HEA_00011,Health,SHA (Social Health Authority) reminds the public that free tuberculosis screening is available at all public health centres in Kilifi County this November.
HEA_00012,Health,Notice: SHA (Social Health Authority) confirms a cyclosporiasis outbreak alert for Kitui County. Residents are advised to report any suspected cases to community health volunteers.
HEA_00013,Health,Division of Disease Surveillance and Response calls on parents in Isiolo County to have children under five screened for HIV/AIDS during the June outreach.
HEA_00014,Health,Kenya Red Cross reminds the public that free malaria screening is available at all public health centres in Kisii County this November.
HEA_00015,Health,Public health advisory: KEMSA warns of increased tuberculosis risk in Kericho County and advises the public to complete the full recommended vaccination dose.
HEA_00016,Health,Kenya Medical Association calls on parents in Nyandarua County to have children under five screened for dengue fever during the November outreach.
HEA_00017,Health,Division of Disease Surveillance and Response reminds the public that free cholera screening is available at all public health centres in Tana River County this April.
HEA_00018,Health,Notice: Kenya Medical Association confirms a tuberculosis outbreak alert for Nyandarua County. Residents are advised to use insecticide-treated mosquito nets every night.
HEA_00019,Health,Notice: KEMRI confirms a cyclosporiasis outbreak alert for Kisumu County. Residents are advised to avoid contact with contaminated water sources.
HEA_00020,Health,Kenya Red Cross reminds the public that free dengue fever screening is available at all public health centres in Mandera County this April.
HEA_00021,Health,Public health advisory: Kenya Red Cross warns of increased meningitis risk in Vihiga County and advises the public to avoid contact with contaminated water sources.
HEA_00022,Health,Notice: KEMRI confirms a Rift Valley Fever outbreak alert for Mandera County. Residents are advised to seek immediate testing at the nearest health facility.
HEA_00023,Health,SHA (Social Health Authority) urges residents of Marsabit County to avoid contact with contaminated water sources following a rise in reported measles cases.
HEA_00024,Health,Public health advisory: SHA (Social Health Authority) warns of increased meningitis risk in Samburu County and advises the public to avoid contact with contaminated water sources.
HEA_00025,Health,Public health advisory: Kenya Red Cross warns of increased malaria risk in Bomet County and advises the public to use insecticide-treated mosquito nets every night.
HEA_00026,Health,Notice: Division of Disease Surveillance and Response confirms a cyclosporiasis outbreak alert for Wajir County. Residents are advised to complete the full recommended vaccination dose.
HEA_00027,Health,Ministry of Health calls on parents in Nairobi County to have children under five screened for typhoid during the December outreach.
HEA_00028,Health,Public health advisory: KEMSA warns of increased typhoid risk in Narok County and advises the public to use insecticide-treated mosquito nets every night.
HEA_00029,Health,Public health advisory: KEMRI warns of increased measles risk in Marsabit County and advises the public to use insecticide-treated mosquito nets every night.
HEA_00030,Health,Public health advisory: Ministry of Health warns of increased Rift Valley Fever risk in Bungoma County and advises the public to seek immediate testing at the nearest health facility.
HEA_00031,Health,Division of Disease Surveillance and Response urges residents of Kirinyaga County to complete the full recommended vaccination dose following a rise in reported cholera cases.
HEA_00032,Health,Public health advisory: SHA (Social Health Authority) warns of increased Rift Valley Fever risk in Taita-Taveta County and advises the public to seek immediate testing at the nearest health facility.
HEA_00033,Health,Public health advisory: KEMSA warns of increased Rift Valley Fever risk in Mandera County and advises the public to use insecticide-treated mosquito nets every night.
HEA_00034,Health,Kenya Red Cross reminds the public that free cyclosporiasis screening is available at all public health centres in Kajiado County this October.
HEA_00035,Health,CDC reminds the public that free tuberculosis screening is available at all public health centres in Nairobi County this December.
HEA_00036,Health,Notice: Kenya Medical Association confirms a HIV/AIDS outbreak alert for Homa Bay County. Residents are advised to avoid contact with contaminated water sources.
HEA_00037,Health,Public health advisory: Ministry of Health - Reproductive Health Unit warns of increased tuberculosis risk in Wajir County and advises the public to seek immediate testing at the nearest health facility.
HEA_00038,Health,Notice: Ministry of Health confirms a tuberculosis outbreak alert for Vihiga County. Residents are advised to use insecticide-treated mosquito nets every night.
HEA_00039,Health,Ministry of Health reminds the public that free cholera screening is available at all public health centres in Lamu County this December.
HEA_00040,Health,SHA (Social Health Authority) reminds the public that free malaria screening is available at all public health centres in Kilifi County this June.
HEA_00041,Health,Public health advisory: KEMRI warns of increased Rift Valley Fever risk in Nyandarua County and advises the public to complete the full recommended vaccination dose.
HEA_00042,Health,Public health advisory: KEMSA warns of increased meningitis risk in Nairobi County and advises the public to avoid contact with contaminated water sources.
HEA_00043,Health,Ministry of Health - Reproductive Health Unit reminds the public that free malaria screening is available at all public health centres in Uasin Gishu County this April.
HEA_00044,Health,Kenya Medical Association urges residents of Turkana County to avoid contact with contaminated water sources following a rise in reported cyclosporiasis cases.
HEA_00045,Health,SHA (Social Health Authority) urges residents of Tana River County to seek immediate testing at the nearest health facility following a rise in reported HIV/AIDS cases.
HEA_00046,Health,KEMRI reminds the public that free Rift Valley Fever screening is available at all public health centres in Tharaka-Nithi County this September.
HEA_00047,Health,Kenya Medical Association reminds the public that free Rift Valley Fever screening is available at all public health centres in Meru County this May.
HEA_00048,Health,SHA (Social Health Authority) reminds the public that free malaria screening is available at all public health centres in Nandi County this September.
HEA_00049,Health,CDC urges residents of Mombasa County to complete the full recommended vaccination dose following a rise in reported tuberculosis cases.
HEA_00050,Health,Ministry of Health - Reproductive Health Unit calls on parents in Laikipia County to have children under five screened for cyclosporiasis during the April outreach.
HEA_00051,Health,KEMSA urges residents of Samburu County to report any suspected cases to community health volunteers following a rise in reported cyclosporiasis cases.
HEA_00052,Health,Kenya Red Cross calls on parents in Elgeyo-Marakwet County to have children under five screened for dengue fever during the December outreach.
HEA_00053,Health,KEMSA calls on parents in Tharaka-Nithi County to have children under five screened for tuberculosis during the May outreach.
HEA_00054,Health,CDC urges residents of Tana River County to seek immediate testing at the nearest health facility following a rise in reported HIV/AIDS cases.
HEA_00055,Health,Ministry of Health - Reproductive Health Unit urges residents of Narok County to seek immediate testing at the nearest health facility following a rise in reported measles cases.
HEA_00056,Health,Public health advisory: SHA (Social Health Authority) warns of increased meningitis risk in Meru County and advises the public to seek immediate testing at the nearest health facility.
HEA_00057,Health,Kenya Medical Association reminds the public that free tuberculosis screening is available at all public health centres in Wajir County this October.
HEA_00058,Health,Public health advisory: Ministry of Health warns of increased cyclosporiasis risk in Busia County and advises the public to use insecticide-treated mosquito nets every night.
HEA_00059,Health,Public health advisory: CDC warns of increased tuberculosis risk in Murang'a County and advises the public to report any suspected cases to community health volunteers.
HEA_00060,Health,Kenya Red Cross reminds the public that free typhoid screening is available at all public health centres in Trans Nzoia County this March.
HEA_00061,Health,Division of Disease Surveillance and Response calls on parents in Lamu County to have children under five screened for Rift Valley Fever during the January outreach.
HEA_00062,Health,Public health advisory: SHA (Social Health Authority) warns of increased tuberculosis risk in Lamu County and advises the public to use insecticide-treated mosquito nets every night.
HEA_00063,Health,Notice: KEMSA confirms a tuberculosis outbreak alert for Turkana County. Residents are advised to report any suspected cases to community health volunteers.
HEA_00064,Health,Notice: KEMSA confirms a typhoid outbreak alert for Nandi County. Residents are advised to use insecticide-treated mosquito nets every night.
HEA_00065,Health,Public health advisory: Ministry of Health warns of increased typhoid risk in Homa Bay County and advises the public to seek immediate testing at the nearest health facility.
HEA_00066,Health,Kenya Red Cross reminds the public that free dengue fever screening is available at all public health centres in Wajir County this February.
HEA_00067,Health,Kenya Red Cross reminds the public that free tuberculosis screening is available at all public health centres in Nyeri County this October.
HEA_00068,Health,Notice: KEMRI confirms a typhoid outbreak alert for Migori County. Residents are advised to use insecticide-treated mosquito nets every night.
HEA_00069,Health,Kenya Red Cross calls on parents in Tana River County to have children under five screened for cyclosporiasis during the February outreach.
HEA_00070,Health,Notice: Ministry of Health confirms a measles outbreak alert for Mombasa County. Residents are advised to report any suspected cases to community health volunteers.
HEA_00071,Health,Ministry of Health - Reproductive Health Unit reminds the public that free cyclosporiasis screening is available at all public health centres in Bomet County this December.
HEA_00072,Health,Public health advisory: Ministry of Health warns of increased measles risk in Wajir County and advises the public to use insecticide-treated mosquito nets every night.
HEA_00073,Health,Division of Disease Surveillance and Response urges residents of Vihiga County to avoid contact with contaminated water sources following a rise in reported measles cases.
HEA_00074,Health,Ministry of Health reminds the public that free cholera screening is available at all public health centres in Kirinyaga County this June.
HEA_00075,Health,Notice: KEMRI confirms a malaria outbreak alert for Migori County. Residents are advised to report any suspected cases to community health volunteers.
HEA_00076,Health,Public health advisory: Kenya Medical Association warns of increased measles risk in Busia County and advises the public to complete the full recommended vaccination dose.
HEA_00077,Health,KEMSA reminds the public that free measles screening is available at all public health centres in Uasin Gishu County this January.
HEA_00078,Health,Notice: Kenya Medical Association confirms a tuberculosis outbreak alert for Homa Bay County. Residents are advised to report any suspected cases to community health volunteers.
HEA_00079,Health,SHA (Social Health Authority) reminds the public that free Rift Valley Fever screening is available at all public health centres in Samburu County this January.
HEA_00080,Health,KEMRI reminds the public that free typhoid screening is available at all public health centres in Baringo County this June.
HEA_00081,Health,KEMRI reminds the public that free tuberculosis screening is available at all public health centres in Kwale County this November.
HEA_00082,Health,Division of Disease Surveillance and Response calls on parents in Nyandarua County to have children under five screened for typhoid during the February outreach.
HEA_00083,Health,Notice: CDC confirms a dengue fever outbreak alert for Trans Nzoia County. Residents are advised to report any suspected cases to community health volunteers.
HEA_00084,Health,SHA (Social Health Authority) urges residents of Makueni County to report any suspected cases to community health volunteers following a rise in reported meningitis cases.
HEA_00085,Health,SHA (Social Health Authority) urges residents of Bungoma County to report any suspected cases to community health volunteers following a rise in reported HIV/AIDS cases.
HEA_00086,Health,CDC calls on parents in Wajir County to have children under five screened for meningitis during the July outreach.
HEA_00087,Health,Kenya Red Cross reminds the public that free cyclosporiasis screening is available at all public health centres in Kilifi County this December.
HEA_00088,Health,CDC urges residents of Kericho County to report any suspected cases to community health volunteers following a rise in reported tuberculosis cases.
HEA_00089,Health,SHA (Social Health Authority) calls on parents in Homa Bay County to have children under five screened for meningitis during the June outreach.
HEA_00090,Health,Notice: SHA (Social Health Authority) confirms a dengue fever outbreak alert for Nairobi County. Residents are advised to report any suspected cases to community health volunteers.
HEA_00091,Health,Division of Disease Surveillance and Response calls on parents in Trans Nzoia County to have children under five screened for typhoid during the December outreach.
HEA_00092,Health,Public health advisory: KEMSA warns of increased cyclosporiasis risk in Tharaka-Nithi County and advises the public to complete the full recommended vaccination dose.
HEA_00093,Health,Public health advisory: Kenya Red Cross warns of increased cholera risk in Trans Nzoia County and advises the public to report any suspected cases to community health volunteers.
HEA_00094,Health,Notice: KEMRI confirms a meningitis outbreak alert for Elgeyo-Marakwet County. Residents are advised to report any suspected cases to community health volunteers.
HEA_00095,Health,Ministry of Health - Reproductive Health Unit calls on parents in Nandi County to have children under five screened for tuberculosis during the November outreach.
HEA_00096,Health,Public health advisory: Ministry of Health - Reproductive Health Unit warns of increased malaria risk in Isiolo County and advises the public to report any suspected cases to community health volunteers.
HEA_00097,Health,Public health advisory: Division of Disease Surveillance and Response warns of increased typhoid risk in Taita-Taveta County and advises the public to complete the full recommended vaccination dose.
HEA_00098,Health,KEMSA reminds the public that free tuberculosis screening is available at all public health centres in Kwale County this January.
HEA_00099,Health,SHA (Social Health Authority) calls on parents in Baringo County to have children under five screened for meningitis during the July outreach.
HEA_00100,Health,Kenya Medical Association reminds the public that free tuberculosis screening is available at all public health centres in Nakuru County this July.
HEA_00101,Health,Ministry of Health reminds the public that free tuberculosis screening is available at all public health centres in Garissa County this July.
HEA_00102,Health,CDC reminds the public that free dengue fever screening is available at all public health centres in Baringo County this January.
HEA_00103,Health,SHA (Social Health Authority) reminds the public that free Rift Valley Fever screening is available at all public health centres in Baringo County this March.
HEA_00104,Health,Public health advisory: CDC warns of increased Rift Valley Fever risk in Bungoma County and advises the public to use insecticide-treated mosquito nets every night.
HEA_00105,Health,Public health advisory: Kenya Medical Association warns of increased measles risk in Bomet County and advises the public to avoid contact with contaminated water sources.
HEA_00106,Health,Kenya Red Cross calls on parents in Machakos County to have children under five screened for typhoid during the November outreach.
HEA_00107,Health,Public health advisory: Ministry of Health - Reproductive Health Unit warns of increased typhoid risk in Siaya County and advises the public to avoid contact with contaminated water sources.
HEA_00108,Health,Kenya Red Cross urges residents of Machakos County to report any suspected cases to community health volunteers following a rise in reported HIV/AIDS cases.
HEA_00109,Health,Public health advisory: SHA (Social Health Authority) warns of increased tuberculosis risk in Mandera County and advises the public to avoid contact with contaminated water sources.
HEA_00110,Health,KEMRI reminds the public that free cyclosporiasis screening is available at all public health centres in Lamu County this July.
HEA_00111,Health,Notice: CDC confirms a cholera outbreak alert for Baringo County. Residents are advised to complete the full recommended vaccination dose.
HEA_00112,Health,Kenya Medical Association calls on parents in Vihiga County to have children under five screened for cholera during the December outreach.
HEA_00113,Health,Public health advisory: Kenya Medical Association warns of increased HIV/AIDS risk in Laikipia County and advises the public to report any suspected cases to community health volunteers.
HEA_00114,Health,Kenya Medical Association calls on parents in Kericho County to have children under five screened for dengue fever during the December outreach.
HEA_00115,Health,Public health advisory: KEMRI warns of increased typhoid risk in Nakuru County and advises the public to avoid contact with contaminated water sources.
HEA_00116,Health,Ministry of Health calls on parents in Samburu County to have children under five screened for cyclosporiasis during the June outreach.
HEA_00117,Health,Ministry of Health - Reproductive Health Unit reminds the public that free dengue fever screening is available at all public health centres in Mandera County this October.
HEA_00118,Health,Kenya Medical Association urges residents of Vihiga County to seek immediate testing at the nearest health facility following a rise in reported cholera cases.
HEA_00119,Health,KEMSA calls on parents in Baringo County to have children under five screened for cholera during the March outreach.
HEA_00120,Health,Notice: Kenya Medical Association confirms a Rift Valley Fever outbreak alert for Murang'a County. Residents are advised to report any suspected cases to community health volunteers.
HEA_00121,Health,Notice: Kenya Medical Association confirms a typhoid outbreak alert for Nyandarua County. Residents are advised to seek immediate testing at the nearest health facility.
HEA_00122,Health,Ministry of Health calls on parents in Kericho County to have children under five screened for HIV/AIDS during the January outreach.
HEA_00123,Health,SHA (Social Health Authority) reminds the public that free cholera screening is available at all public health centres in Kisumu County this January.
HEA_00124,Health,KEMRI reminds the public that free measles screening is available at all public health centres in Kwale County this October.
HEA_00125,Health,KEMSA reminds the public that free malaria screening is available at all public health centres in Laikipia County this November.
HEA_00126,Health,Public health advisory: KEMRI warns of increased typhoid risk in Baringo County and advises the public to report any suspected cases to community health volunteers.
HEA_00127,Health,SHA (Social Health Authority) reminds the public that free malaria screening is available at all public health centres in Isiolo County this May.
HEA_00128,Health,Public health advisory: Ministry of Health warns of increased cyclosporiasis risk in Kirinyaga County and advises the public to avoid contact with contaminated water sources.
HEA_00129,Health,SHA (Social Health Authority) reminds the public that free tuberculosis screening is available at all public health centres in Vihiga County this December.
HEA_00130,Health,Kenya Red Cross urges residents of Migori County to use insecticide-treated mosquito nets every night following a rise in reported malaria cases.
HEA_00131,Health,Division of Disease Surveillance and Response urges residents of Kericho County to seek immediate testing at the nearest health facility following a rise in reported HIV/AIDS cases.
HEA_00132,Health,Public health advisory: Division of Disease Surveillance and Response warns of increased Rift Valley Fever risk in Mombasa County and advises the public to seek immediate testing at the nearest health facility.
HEA_00133,Health,Division of Disease Surveillance and Response calls on parents in Siaya County to have children under five screened for measles during the August outreach.
HEA_00134,Health,KEMSA calls on parents in Nairobi County to have children under five screened for typhoid during the September outreach.
HEA_00135,Health,Public health advisory: CDC warns of increased cyclosporiasis risk in Laikipia County and advises the public to use insecticide-treated mosquito nets every night.
HEA_00136,Health,Notice: Division of Disease Surveillance and Response confirms a typhoid outbreak alert for Machakos County. Residents are advised to avoid contact with contaminated water sources.
HEA_00137,Health,Ministry of Health - Reproductive Health Unit reminds the public that free cyclosporiasis screening is available at all public health centres in Kakamega County this October.
HEA_00138,Health,Notice: Ministry of Health confirms a measles outbreak alert for Nakuru County. Residents are advised to avoid contact with contaminated water sources.
HEA_00139,Health,Division of Disease Surveillance and Response reminds the public that free typhoid screening is available at all public health centres in Makueni County this June.
HEA_00140,Health,Public health advisory: Kenya Red Cross warns of increased dengue fever risk in Bomet County and advises the public to complete the full recommended vaccination dose.
HEA_00141,Health,KEMRI urges residents of Nairobi County to use insecticide-treated mosquito nets every night following a rise in reported Rift Valley Fever cases.
HEA_00142,Health,Ministry of Health - Reproductive Health Unit reminds the public that free Rift Valley Fever screening is available at all public health centres in Kisumu County this December.
HEA_00143,Health,Ministry of Health calls on parents in Taita-Taveta County to have children under five screened for tuberculosis during the May outreach.
HEA_00144,Health,KEMRI calls on parents in Kirinyaga County to have children under five screened for meningitis during the November outreach.
HEA_00145,Health,Notice: Ministry of Health - Reproductive Health Unit confirms a HIV/AIDS outbreak alert for Bomet County. Residents are advised to avoid contact with contaminated water sources.
HEA_00146,Health,Public health advisory: Division of Disease Surveillance and Response warns of increased Rift Valley Fever risk in Turkana County and advises the public to report any suspected cases to community health volunteers.
HEA_00147,Health,Notice: Kenya Red Cross confirms a tuberculosis outbreak alert for Kitui County. Residents are advised to report any suspected cases to community health volunteers.
HEA_00148,Health,CDC urges residents of Kisii County to complete the full recommended vaccination dose following a rise in reported tuberculosis cases.
HEA_00149,Health,Kenya Red Cross calls on parents in Nairobi County to have children under five screened for dengue fever during the October outreach.
HEA_00150,Health,Public health advisory: Kenya Red Cross warns of increased typhoid risk in Garissa County and advises the public to complete the full recommended vaccination dose.
HEA_00151,Health,Notice: KEMSA confirms a dengue fever outbreak alert for Kirinyaga County. Residents are advised to complete the full recommended vaccination dose.
HEA_00152,Health,Notice: Ministry of Health confirms a typhoid outbreak alert for Tana River County. Residents are advised to complete the full recommended vaccination dose.
HEA_00153,Health,SHA (Social Health Authority) calls on parents in Mombasa County to have children under five screened for typhoid during the October outreach.
HEA_00154,Health,Ministry of Health - Reproductive Health Unit calls on parents in Nandi County to have children under five screened for measles during the June outreach.
HEA_00155,Health,Kenya Red Cross urges residents of Laikipia County to avoid contact with contaminated water sources following a rise in reported malaria cases.
HEA_00156,Health,SHA (Social Health Authority) calls on parents in Kakamega County to have children under five screened for cholera during the November outreach.
HEA_00157,Health,KEMSA reminds the public that free malaria screening is available at all public health centres in Kakamega County this May.
HEA_00158,Health,SHA (Social Health Authority) reminds the public that free meningitis screening is available at all public health centres in Bomet County this July.
HEA_00159,Health,Public health advisory: KEMRI warns of increased Rift Valley Fever risk in Kajiado County and advises the public to avoid contact with contaminated water sources.
HEA_00160,Health,Notice: Kenya Medical Association confirms a meningitis outbreak alert for Kirinyaga County. Residents are advised to seek immediate testing at the nearest health facility.
HEA_00161,Health,Public health advisory: SHA (Social Health Authority) warns of increased tuberculosis risk in Embu County and advises the public to report any suspected cases to community health volunteers.
HEA_00162,Health,KEMSA urges residents of Machakos County to seek immediate testing at the nearest health facility following a rise in reported dengue fever cases.
HEA_00163,Health,Ministry of Health reminds the public that free meningitis screening is available at all public health centres in Uasin Gishu County this August.
HEA_00164,Health,Kenya Red Cross calls on parents in Kilifi County to have children under five screened for typhoid during the April outreach.
HEA_00165,Health,Notice: Ministry of Health - Reproductive Health Unit confirms a tuberculosis outbreak alert for Lamu County. Residents are advised to report any suspected cases to community health volunteers.
HEA_00166,Health,Public health advisory: KEMRI warns of increased dengue fever risk in Elgeyo-Marakwet County and advises the public to complete the full recommended vaccination dose.
HEA_00167,Health,Kenya Red Cross reminds the public that free cholera screening is available at all public health centres in Marsabit County this February.
HEA_00168,Health,Kenya Red Cross reminds the public that free meningitis screening is available at all public health centres in Bungoma County this December.
HEA_00169,Health,Notice: Ministry of Health - Reproductive Health Unit confirms a typhoid outbreak alert for Wajir County. Residents are advised to avoid contact with contaminated water sources.
HEA_00170,Health,Notice: CDC confirms a Rift Valley Fever outbreak alert for Kericho County. Residents are advised to seek immediate testing at the nearest health facility.
HEA_00171,Health,Public health advisory: Ministry of Health warns of increased HIV/AIDS risk in Elgeyo-Marakwet County and advises the public to use insecticide-treated mosquito nets every night.
HEA_00172,Health,Notice: Ministry of Health confirms a meningitis outbreak alert for Taita-Taveta County. Residents are advised to use insecticide-treated mosquito nets every night.
HEA_00173,Health,Kenya Red Cross urges residents of Kakamega County to avoid contact with contaminated water sources following a rise in reported measles cases.
HEA_00174,Health,Public health advisory: Ministry of Health - Reproductive Health Unit warns of increased meningitis risk in Nyandarua County and advises the public to avoid contact with contaminated water sources.
HEA_00175,Health,SHA (Social Health Authority) calls on parents in Laikipia County to have children under five screened for cyclosporiasis during the June outreach.
HEA_00176,Health,Notice: Division of Disease Surveillance and Response confirms a measles outbreak alert for Homa Bay County. Residents are advised to report any suspected cases to community health volunteers.
HEA_00177,Health,Ministry of Health - Reproductive Health Unit calls on parents in Nyeri County to have children under five screened for cyclosporiasis during the November outreach.
HEA_00178,Health,Public health advisory: Ministry of Health warns of increased HIV/AIDS risk in Baringo County and advises the public to report any suspected cases to community health volunteers.
HEA_00179,Health,Notice: SHA (Social Health Authority) confirms a cholera outbreak alert for Trans Nzoia County. Residents are advised to use insecticide-treated mosquito nets every night.
HEA_00180,Health,Kenya Medical Association calls on parents in Tana River County to have children under five screened for dengue fever during the April outreach.
HEA_00181,Health,Notice: Ministry of Health - Reproductive Health Unit confirms a cholera outbreak alert for Siaya County. Residents are advised to complete the full recommended vaccination dose.
HEA_00182,Health,Notice: CDC confirms a Rift Valley Fever outbreak alert for Mandera County. Residents are advised to avoid contact with contaminated water sources.
HEA_00183,Health,Ministry of Health urges residents of Siaya County to complete the full recommended vaccination dose following a rise in reported tuberculosis cases.
HEA_00184,Health,Notice: CDC confirms a cyclosporiasis outbreak alert for Mombasa County. Residents are advised to seek immediate testing at the nearest health facility.
HEA_00185,Health,SHA (Social Health Authority) reminds the public that free measles screening is available at all public health centres in Baringo County this February.
HEA_00186,Health,Kenya Red Cross calls on parents in Narok County to have children under five screened for typhoid during the December outreach.
HEA_00187,Health,Ministry of Health - Reproductive Health Unit calls on parents in Laikipia County to have children under five screened for Rift Valley Fever during the April outreach.
HEA_00188,Health,Public health advisory: KEMSA warns of increased meningitis risk in Samburu County and advises the public to use insecticide-treated mosquito nets every night.
HEA_00189,Health,SHA (Social Health Authority) reminds the public that free HIV/AIDS screening is available at all public health centres in Nyandarua County this July.
HEA_00190,Health,Public health advisory: Kenya Red Cross warns of increased typhoid risk in Mombasa County and advises the public to use insecticide-treated mosquito nets every night.
HEA_00191,Health,Public health advisory: Ministry of Health - Reproductive Health Unit warns of increased dengue fever risk in Marsabit County and advises the public to avoid contact with contaminated water sources.
HEA_00192,Health,Notice: Division of Disease Surveillance and Response confirms a cyclosporiasis outbreak alert for Bomet County. Residents are advised to avoid contact with contaminated water sources.
HEA_00193,Health,Notice: KEMRI confirms a meningitis outbreak alert for Kisii County. Residents are advised to avoid contact with contaminated water sources.
HEA_00194,Health,Kenya Medical Association reminds the public that free Rift Valley Fever screening is available at all public health centres in Kilifi County this June.
HEA_00195,Health,Kenya Medical Association calls on parents in Homa Bay County to have children under five screened for measles during the November outreach.
HEA_00196,Health,Ministry of Health calls on parents in Mandera County to have children under five screened for meningitis during the September outreach.
HEA_00197,Health,Notice: SHA (Social Health Authority) confirms a dengue fever outbreak alert for Nandi County. Residents are advised to avoid contact with contaminated water sources.
HEA_00198,Health,KEMSA urges residents of Uasin Gishu County to seek immediate testing at the nearest health facility following a rise in reported measles cases.
HEA_00199,Health,Kenya Red Cross calls on parents in Kiambu County to have children under five screened for cyclosporiasis during the October outreach.
HEA_00200,Health,Division of Disease Surveillance and Response urges residents of Migori County to report any suspected cases to community health volunteers following a rise in reported cyclosporiasis cases.
HEA_00201,Health,CDC calls on parents in Kilifi County to have children under five screened for malaria during the October outreach.
HEA_00202,Health,Kenya Red Cross reminds the public that free malaria screening is available at all public health centres in Kitui County this December.
HEA_00203,Health,SHA (Social Health Authority) calls on parents in Siaya County to have children under five screened for malaria during the December outreach.
HEA_00204,Health,KEMSA calls on parents in Kisii County to have children under five screened for cholera during the May outreach.
HEA_00205,Health,Division of Disease Surveillance and Response urges residents of Tana River County to report any suspected cases to community health volunteers following a rise in reported HIV/AIDS cases.
HEA_00206,Health,KEMSA calls on parents in Machakos County to have children under five screened for cyclosporiasis during the September outreach.
HEA_00207,Health,Public health advisory: KEMSA warns of increased malaria risk in Isiolo County and advises the public to use insecticide-treated mosquito nets every night.
HEA_00208,Health,KEMRI calls on parents in Nakuru County to have children under five screened for measles during the October outreach.
HEA_00209,Health,Ministry of Health - Reproductive Health Unit reminds the public that free Rift Valley Fever screening is available at all public health centres in Siaya County this May.
HEA_00210,Health,Notice: Ministry of Health confirms a dengue fever outbreak alert for Baringo County. Residents are advised to complete the full recommended vaccination dose.
HEA_00211,Health,Ministry of Health - Reproductive Health Unit urges residents of Turkana County to avoid contact with contaminated water sources following a rise in reported typhoid cases.
HEA_00212,Health,Notice: Ministry of Health - Reproductive Health Unit confirms a cyclosporiasis outbreak alert for Kirinyaga County. Residents are advised to avoid contact with contaminated water sources.
HEA_00213,Health,KEMRI urges residents of Samburu County to use insecticide-treated mosquito nets every night following a rise in reported HIV/AIDS cases.
HEA_00214,Health,Notice: Kenya Red Cross confirms a cyclosporiasis outbreak alert for Kwale County. Residents are advised to report any suspected cases to community health volunteers.
HEA_00215,Health,Ministry of Health urges residents of Bungoma County to report any suspected cases to community health volunteers following a rise in reported Rift Valley Fever cases.
HEA_00216,Health,Division of Disease Surveillance and Response reminds the public that free tuberculosis screening is available at all public health centres in Kitui County this November.
HEA_00217,Health,Public health advisory: Kenya Red Cross warns of increased measles risk in Migori County and advises the public to seek immediate testing at the nearest health facility.
HEA_00218,Health,Kenya Red Cross urges residents of Nandi County to report any suspected cases to community health volunteers following a rise in reported meningitis cases.
HEA_00219,Health,SHA (Social Health Authority) reminds the public that free cyclosporiasis screening is available at all public health centres in Nyeri County this June.
HEA_00220,Health,KEMRI reminds the public that free HIV/AIDS screening is available at all public health centres in Mandera County this September.
HEA_00221,Health,Public health advisory: CDC warns of increased typhoid risk in Nyandarua County and advises the public to avoid contact with contaminated water sources.
HEA_00222,Health,Notice: Division of Disease Surveillance and Response confirms a malaria outbreak alert for Wajir County. Residents are advised to complete the full recommended vaccination dose.
HEA_00223,Health,Kenya Medical Association reminds the public that free malaria screening is available at all public health centres in Bomet County this June.
HEA_00224,Health,Ministry of Health calls on parents in Makueni County to have children under five screened for malaria during the September outreach.
HEA_00225,Health,Division of Disease Surveillance and Response calls on parents in Migori County to have children under five screened for typhoid during the December outreach.
HEA_00226,Health,Public health advisory: Kenya Medical Association warns of increased malaria risk in Siaya County and advises the public to complete the full recommended vaccination dose.
HEA_00227,Health,Ministry of Health calls on parents in Busia County to have children under five screened for HIV/AIDS during the September outreach.
HEA_00228,Health,Public health advisory: KEMRI warns of increased Rift Valley Fever risk in Kisumu County and advises the public to report any suspected cases to community health volunteers.
HEA_00229,Health,SHA (Social Health Authority) calls on parents in Mandera County to have children under five screened for cholera during the January outreach.
HEA_00230,Health,Notice: Ministry of Health - Reproductive Health Unit confirms a tuberculosis outbreak alert for Wajir County. Residents are advised to use insecticide-treated mosquito nets every night.
HEA_00231,Health,Kenya Medical Association reminds the public that free dengue fever screening is available at all public health centres in Baringo County this June.
HEA_00232,Health,KEMSA calls on parents in Uasin Gishu County to have children under five screened for malaria during the November outreach.
HEA_00233,Health,Kenya Medical Association calls on parents in Nyandarua County to have children under five screened for HIV/AIDS during the January outreach.
HEA_00234,Health,Ministry of Health - Reproductive Health Unit reminds the public that free HIV/AIDS screening is available at all public health centres in Nandi County this April.
HEA_00235,Health,Kenya Red Cross calls on parents in Tharaka-Nithi County to have children under five screened for Rift Valley Fever during the February outreach.
HEA_00236,Health,KEMRI urges residents of Kisumu County to seek immediate testing at the nearest health facility following a rise in reported meningitis cases.
HEA_00237,Health,Division of Disease Surveillance and Response urges residents of Machakos County to complete the full recommended vaccination dose following a rise in reported meningitis cases.
HEA_00238,Health,CDC urges residents of Embu County to complete the full recommended vaccination dose following a rise in reported tuberculosis cases.
HEA_00239,Health,Notice: KEMSA confirms a typhoid outbreak alert for Bungoma County. Residents are advised to complete the full recommended vaccination dose.
HEA_00240,Health,CDC reminds the public that free malaria screening is available at all public health centres in Makueni County this March.
HEA_00241,Health,KEMSA urges residents of Mombasa County to use insecticide-treated mosquito nets every night following a rise in reported tuberculosis cases.
HEA_00242,Health,Notice: Ministry of Health confirms a cholera outbreak alert for Meru County. Residents are advised to complete the full recommended vaccination dose.
HEA_00243,Health,CDC calls on parents in Wajir County to have children under five screened for malaria during the December outreach.
HEA_00244,Health,Ministry of Health - Reproductive Health Unit calls on parents in West Pokot County to have children under five screened for meningitis during the September outreach.
HEA_00245,Health,Ministry of Health - Reproductive Health Unit urges residents of Narok County to seek immediate testing at the nearest health facility following a rise in reported meningitis cases.
HEA_00246,Health,Public health advisory: Kenya Red Cross warns of increased cholera risk in Baringo County and advises the public to seek immediate testing at the nearest health facility.
HEA_00247,Health,Kenya Medical Association calls on parents in Elgeyo-Marakwet County to have children under five screened for malaria during the November outreach.
HEA_00248,Health,Ministry of Health - Reproductive Health Unit calls on parents in Lamu County to have children under five screened for HIV/AIDS during the February outreach.
HEA_00249,Health,Public health advisory: KEMSA warns of increased typhoid risk in Lamu County and advises the public to use insecticide-treated mosquito nets every night.
HEA_00250,Health,Public health advisory: CDC warns of increased cyclosporiasis risk in Nyamira County and advises the public to use insecticide-treated mosquito nets every night.
HEA_00251,Health,Public health advisory: Kenya Red Cross warns of increased meningitis risk in Baringo County and advises the public to avoid contact with contaminated water sources.
HEA_00252,Health,SHA (Social Health Authority) urges residents of Kisumu County to complete the full recommended vaccination dose following a rise in reported dengue fever cases.
HEA_00253,Health,Ministry of Health - Reproductive Health Unit calls on parents in Kitui County to have children under five screened for HIV/AIDS during the July outreach.
HEA_00254,Health,Kenya Medical Association calls on parents in Uasin Gishu County to have children under five screened for malaria during the December outreach.
HEA_00255,Health,Notice: Kenya Medical Association confirms a typhoid outbreak alert for Murang'a County. Residents are advised to report any suspected cases to community health volunteers.
HEA_00256,Health,Ministry of Health - Reproductive Health Unit reminds the public that free malaria screening is available at all public health centres in Lamu County this February.
HEA_00257,Health,Kenya Medical Association urges residents of Garissa County to complete the full recommended vaccination dose following a rise in reported HIV/AIDS cases.
HEA_00258,Health,Public health advisory: Ministry of Health warns of increased dengue fever risk in Vihiga County and advises the public to report any suspected cases to community health volunteers.
HEA_00259,Health,Kenya Medical Association urges residents of Turkana County to seek immediate testing at the nearest health facility following a rise in reported cyclosporiasis cases.
HEA_00260,Health,Notice: Kenya Red Cross confirms a meningitis outbreak alert for Turkana County. Residents are advised to use insecticide-treated mosquito nets every night.
HEA_00261,Health,KEMSA reminds the public that free tuberculosis screening is available at all public health centres in Homa Bay County this August.
HEA_00262,Health,Division of Disease Surveillance and Response urges residents of Bomet County to report any suspected cases to community health volunteers following a rise in reported malaria cases.
HEA_00263,Health,Public health advisory: KEMRI warns of increased meningitis risk in Elgeyo-Marakwet County and advises the public to use insecticide-treated mosquito nets every night.
HEA_00264,Health,Public health advisory: Ministry of Health warns of increased typhoid risk in Bungoma County and advises the public to seek immediate testing at the nearest health facility.
HEA_00265,Health,Kenya Red Cross reminds the public that free HIV/AIDS screening is available at all public health centres in Kisii County this May.
HEA_00266,Health,Notice: Ministry of Health confirms a meningitis outbreak alert for Meru County. Residents are advised to avoid contact with contaminated water sources.
HEA_00267,Health,KEMSA urges residents of Siaya County to use insecticide-treated mosquito nets every night following a rise in reported malaria cases.
HEA_00268,Health,Kenya Medical Association reminds the public that free HIV/AIDS screening is available at all public health centres in Uasin Gishu County this August.
HEA_00269,Health,Division of Disease Surveillance and Response reminds the public that free HIV/AIDS screening is available at all public health centres in Kirinyaga County this December.
HEA_00270,Health,Public health advisory: SHA (Social Health Authority) warns of increased measles risk in Tana River County and advises the public to use insecticide-treated mosquito nets every night.
HEA_00271,Health,SHA (Social Health Authority) urges residents of Nyandarua County to avoid contact with contaminated water sources following a rise in reported cyclosporiasis cases.
HEA_00272,Health,Public health advisory: Ministry of Health - Reproductive Health Unit warns of increased tuberculosis risk in Uasin Gishu County and advises the public to use insecticide-treated mosquito nets every night.
HEA_00273,Health,Division of Disease Surveillance and Response urges residents of Elgeyo-Marakwet County to use insecticide-treated mosquito nets every night following a rise in reported typhoid cases.
HEA_00274,Health,CDC calls on parents in Homa Bay County to have children under five screened for cholera during the May outreach.
HEA_00275,Health,Kenya Medical Association reminds the public that free cholera screening is available at all public health centres in Bungoma County this January.
HEA_00276,Health,Kenya Red Cross reminds the public that free typhoid screening is available at all public health centres in Embu County this March.
HEA_00277,Health,Notice: Division of Disease Surveillance and Response confirms a Rift Valley Fever outbreak alert for Wajir County. Residents are advised to avoid contact with contaminated water sources.
HEA_00278,Health,KEMSA reminds the public that free tuberculosis screening is available at all public health centres in Samburu County this September.
HEA_00279,Health,Public health advisory: CDC warns of increased malaria risk in Homa Bay County and advises the public to avoid contact with contaminated water sources.
HEA_00280,Health,Kenya Medical Association urges residents of Kwale County to report any suspected cases to community health volunteers following a rise in reported malaria cases.
HEA_00281,Health,Public health advisory: Kenya Medical Association warns of increased cyclosporiasis risk in Kakamega County and advises the public to report any suspected cases to community health volunteers.
HEA_00282,Health,Kenya Medical Association urges residents of Kwale County to use insecticide-treated mosquito nets every night following a rise in reported measles cases.
HEA_00283,Health,Division of Disease Surveillance and Response calls on parents in Taita-Taveta County to have children under five screened for malaria during the July outreach.
HEA_00284,Health,Kenya Medical Association reminds the public that free dengue fever screening is available at all public health centres in Vihiga County this July.
HEA_00285,Health,Kenya Medical Association urges residents of Kirinyaga County to complete the full recommended vaccination dose following a rise in reported HIV/AIDS cases.
HEA_00286,Health,Notice: KEMSA confirms a malaria outbreak alert for Lamu County. Residents are advised to use insecticide-treated mosquito nets every night.
HEA_00287,Health,Public health advisory: KEMRI warns of increased measles risk in Turkana County and advises the public to complete the full recommended vaccination dose.
HEA_00288,Health,KEMSA urges residents of Makueni County to use insecticide-treated mosquito nets every night following a rise in reported measles cases.
HEA_00289,Health,SHA (Social Health Authority) reminds the public that free Rift Valley Fever screening is available at all public health centres in Meru County this November.
HEA_00290,Health,Ministry of Health - Reproductive Health Unit calls on parents in Migori County to have children under five screened for meningitis during the October outreach.
HEA_00291,Health,Notice: Division of Disease Surveillance and Response confirms a malaria outbreak alert for Marsabit County. Residents are advised to avoid contact with contaminated water sources.
HEA_00292,Health,Kenya Red Cross calls on parents in Nyandarua County to have children under five screened for cholera during the October outreach.
HEA_00293,Health,Notice: CDC confirms a Rift Valley Fever outbreak alert for Lamu County. Residents are advised to avoid contact with contaminated water sources.
HEA_00294,Health,Ministry of Health urges residents of West Pokot County to seek immediate testing at the nearest health facility following a rise in reported malaria cases.
HEA_00295,Health,Public health advisory: CDC warns of increased meningitis risk in Samburu County and advises the public to use insecticide-treated mosquito nets every night.
HEA_00296,Health,Ministry of Health - Reproductive Health Unit urges residents of Kakamega County to report any suspected cases to community health volunteers following a rise in reported tuberculosis cases.
HEA_00297,Health,Public health advisory: Ministry of Health - Reproductive Health Unit warns of increased cholera risk in Narok County and advises the public to avoid contact with contaminated water sources.
HEA_00298,Health,Division of Disease Surveillance and Response urges residents of Nyamira County to complete the full recommended vaccination dose following a rise in reported dengue fever cases.
HEA_00299,Health,KEMRI urges residents of Nyamira County to use insecticide-treated mosquito nets every night following a rise in reported Rift Valley Fever cases.
HEA_00300,Health,Public health advisory: KEMSA warns of increased typhoid risk in West Pokot County and advises the public to avoid contact with contaminated water sources.
HEA_00301,Health,Division of Disease Surveillance and Response calls on parents in Migori County to have children under five screened for cholera during the October outreach.
HEA_00302,Health,Notice: SHA (Social Health Authority) confirms a dengue fever outbreak alert for Kiambu County. Residents are advised to avoid contact with contaminated water sources.
HEA_00303,Health,Notice: Kenya Red Cross confirms a meningitis outbreak alert for Nairobi County. Residents are advised to complete the full recommended vaccination dose.
HEA_00304,Health,Notice: SHA (Social Health Authority) confirms a measles outbreak alert for Vihiga County. Residents are advised to report any suspected cases to community health volunteers.
HEA_00305,Health,Notice: Kenya Medical Association confirms a malaria outbreak alert for Mandera County. Residents are advised to report any suspected cases to community health volunteers.
HEA_00306,Health,Public health advisory: Kenya Medical Association warns of increased measles risk in Kisumu County and advises the public to use insecticide-treated mosquito nets every night.
HEA_00307,Health,Kenya Medical Association urges residents of Narok County to report any suspected cases to community health volunteers following a rise in reported cholera cases.
HEA_00308,Health,Notice: KEMSA confirms a Rift Valley Fever outbreak alert for Embu County. Residents are advised to complete the full recommended vaccination dose.
HEA_00309,Health,KEMSA reminds the public that free typhoid screening is available at all public health centres in Marsabit County this February.
HEA_00310,Health,CDC urges residents of Kericho County to seek immediate testing at the nearest health facility following a rise in reported dengue fever cases.
HEA_00311,Health,Notice: KEMSA confirms a measles outbreak alert for Bungoma County. Residents are advised to complete the full recommended vaccination dose.
HEA_00312,Health,KEMSA reminds the public that free cholera screening is available at all public health centres in Nairobi County this August.
HEA_00313,Health,Division of Disease Surveillance and Response calls on parents in Migori County to have children under five screened for tuberculosis during the December outreach.
HEA_00314,Health,Kenya Red Cross calls on parents in Nandi County to have children under five screened for dengue fever during the April outreach.
HEA_00315,Health,Kenya Red Cross reminds the public that free HIV/AIDS screening is available at all public health centres in Laikipia County this April.
HEA_00316,Health,Public health advisory: Ministry of Health - Reproductive Health Unit warns of increased cyclosporiasis risk in Baringo County and advises the public to use insecticide-treated mosquito nets every night.
HEA_00317,Health,Public health advisory: Kenya Medical Association warns of increased meningitis risk in Isiolo County and advises the public to complete the full recommended vaccination dose.
HEA_00318,Health,Notice: Ministry of Health confirms a HIV/AIDS outbreak alert for Kisumu County. Residents are advised to use insecticide-treated mosquito nets every night.
HEA_00319,Health,CDC urges residents of Wajir County to complete the full recommended vaccination dose following a rise in reported malaria cases.
HEA_00320,Health,Notice: Ministry of Health - Reproductive Health Unit confirms a cyclosporiasis outbreak alert for Narok County. Residents are advised to seek immediate testing at the nearest health facility.
HEA_00321,Health,Ministry of Health - Reproductive Health Unit reminds the public that free cyclosporiasis screening is available at all public health centres in Turkana County this January.
HEA_00322,Health,Kenya Medical Association urges residents of Narok County to avoid contact with contaminated water sources following a rise in reported tuberculosis cases.
HEA_00323,Health,Division of Disease Surveillance and Response urges residents of Kitui County to seek immediate testing at the nearest health facility following a rise in reported HIV/AIDS cases.
HEA_00324,Health,Notice: KEMSA confirms a typhoid outbreak alert for Mandera County. Residents are advised to avoid contact with contaminated water sources.
HEA_00325,Health,Ministry of Health - Reproductive Health Unit reminds the public that free cholera screening is available at all public health centres in Nandi County this October.
HEA_00326,Health,Ministry of Health urges residents of Makueni County to use insecticide-treated mosquito nets every night following a rise in reported measles cases.
HEA_00327,Health,Public health advisory: CDC warns of increased typhoid risk in Elgeyo-Marakwet County and advises the public to complete the full recommended vaccination dose.
HEA_00328,Health,Notice: SHA (Social Health Authority) confirms a cyclosporiasis outbreak alert for Tana River County. Residents are advised to use insecticide-treated mosquito nets every night.
HEA_00329,Health,SHA (Social Health Authority) calls on parents in Wajir County to have children under five screened for meningitis during the August outreach.
HEA_00330,Health,Public health advisory: Ministry of Health warns of increased meningitis risk in Siaya County and advises the public to complete the full recommended vaccination dose.
HEA_00331,Health,Kenya Red Cross reminds the public that free meningitis screening is available at all public health centres in Elgeyo-Marakwet County this January.
HEA_00332,Health,Notice: KEMRI confirms a measles outbreak alert for Kakamega County. Residents are advised to seek immediate testing at the nearest health facility.
HEA_00333,Health,Public health advisory: Division of Disease Surveillance and Response warns of increased dengue fever risk in Lamu County and advises the public to use insecticide-treated mosquito nets every night.
HEA_00334,Health,Public health advisory: CDC warns of increased Rift Valley Fever risk in Kwale County and advises the public to seek immediate testing at the nearest health facility.
HEA_00335,Health,Division of Disease Surveillance and Response calls on parents in Makueni County to have children under five screened for cholera during the December outreach.
HEA_00336,Health,Notice: SHA (Social Health Authority) confirms a malaria outbreak alert for Turkana County. Residents are advised to use insecticide-treated mosquito nets every night.
HEA_00337,Health,Notice: KEMSA confirms a dengue fever outbreak alert for Kilifi County. Residents are advised to report any suspected cases to community health volunteers.
HEA_00338,Health,Ministry of Health - Reproductive Health Unit reminds the public that free measles screening is available at all public health centres in Kisii County this August.
HEA_00339,Health,SHA (Social Health Authority) reminds the public that free cholera screening is available at all public health centres in Nyamira County this August.
HEA_00340,Health,Notice: KEMRI confirms a cholera outbreak alert for Kilifi County. Residents are advised to report any suspected cases to community health volunteers.
HEA_00341,Health,Notice: CDC confirms a Rift Valley Fever outbreak alert for Trans Nzoia County. Residents are advised to report any suspected cases to community health volunteers.
HEA_00342,Health,KEMRI urges residents of Nyeri County to report any suspected cases to community health volunteers following a rise in reported cholera cases.
HEA_00343,Health,Notice: SHA (Social Health Authority) confirms a cyclosporiasis outbreak alert for West Pokot County. Residents are advised to avoid contact with contaminated water sources.
HEA_00344,Health,Division of Disease Surveillance and Response calls on parents in Meru County to have children under five screened for Rift Valley Fever during the August outreach.
HEA_00345,Health,Notice: CDC confirms a cyclosporiasis outbreak alert for Nyandarua County. Residents are advised to seek immediate testing at the nearest health facility.
HEA_00346,Health,KEMSA calls on parents in Kericho County to have children under five screened for HIV/AIDS during the May outreach.
HEA_00347,Health,SHA (Social Health Authority) urges residents of Murang'a County to report any suspected cases to community health volunteers following a rise in reported typhoid cases.
HEA_00348,Health,Kenya Medical Association calls on parents in Isiolo County to have children under five screened for Rift Valley Fever during the December outreach.
HEA_00349,Health,Notice: Ministry of Health - Reproductive Health Unit confirms a HIV/AIDS outbreak alert for Kilifi County. Residents are advised to use insecticide-treated mosquito nets every night.
HEA_00350,Health,Kenya Red Cross calls on parents in Siaya County to have children under five screened for malaria during the January outreach.
HEA_00351,Health,Division of Disease Surveillance and Response calls on parents in Narok County to have children under five screened for measles during the December outreach.
HEA_00352,Health,KEMSA urges residents of Bungoma County to seek immediate testing at the nearest health facility following a rise in reported Rift Valley Fever cases.
HEA_00353,Health,SHA (Social Health Authority) reminds the public that free HIV/AIDS screening is available at all public health centres in Machakos County this November.
HEA_00354,Health,Notice: Kenya Medical Association confirms a meningitis outbreak alert for Kakamega County. Residents are advised to complete the full recommended vaccination dose.
HEA_00355,Health,Division of Disease Surveillance and Response calls on parents in West Pokot County to have children under five screened for malaria during the August outreach.
HEA_00356,Health,Public health advisory: KEMSA warns of increased cyclosporiasis risk in Kajiado County and advises the public to report any suspected cases to community health volunteers.
HEA_00357,Health,Notice: KEMRI confirms a measles outbreak alert for Wajir County. Residents are advised to avoid contact with contaminated water sources.
HEA_00358,Health,Public health advisory: Kenya Medical Association warns of increased typhoid risk in Bomet County and advises the public to report any suspected cases to community health volunteers.
HEA_00359,Health,KEMRI calls on parents in Busia County to have children under five screened for Rift Valley Fever during the May outreach.
HEA_00360,Health,SHA (Social Health Authority) reminds the public that free Rift Valley Fever screening is available at all public health centres in Mandera County this February.
HEA_00361,Health,Ministry of Health - Reproductive Health Unit reminds the public that free HIV/AIDS screening is available at all public health centres in Taita-Taveta County this November.
HEA_00362,Health,Notice: SHA (Social Health Authority) confirms a typhoid outbreak alert for Bomet County. Residents are advised to report any suspected cases to community health volunteers.
HEA_00363,Health,KEMSA reminds the public that free tuberculosis screening is available at all public health centres in West Pokot County this September.
HEA_00364,Health,KEMRI urges residents of Mandera County to seek immediate testing at the nearest health facility following a rise in reported Rift Valley Fever cases.
HEA_00365,Health,Notice: CDC confirms a Rift Valley Fever outbreak alert for Kakamega County. Residents are advised to use insecticide-treated mosquito nets every night.
HEA_00366,Health,SHA (Social Health Authority) reminds the public that free cyclosporiasis screening is available at all public health centres in Lamu County this May.
HEA_00367,Health,CDC calls on parents in Uasin Gishu County to have children under five screened for meningitis during the July outreach.
HEA_00368,Health,KEMSA urges residents of Murang'a County to avoid contact with contaminated water sources following a rise in reported malaria cases.
HEA_00369,Health,CDC calls on parents in Turkana County to have children under five screened for dengue fever during the March outreach.
HEA_00370,Health,Public health advisory: KEMSA warns of increased dengue fever risk in Mandera County and advises the public to seek immediate testing at the nearest health facility.
HEA_00371,Health,CDC urges residents of Marsabit County to complete the full recommended vaccination dose following a rise in reported measles cases.
HEA_00372,Health,Notice: KEMRI confirms a typhoid outbreak alert for Turkana County. Residents are advised to seek immediate testing at the nearest health facility.
HEA_00373,Health,Notice: KEMRI confirms a typhoid outbreak alert for Siaya County. Residents are advised to complete the full recommended vaccination dose.
HEA_00374,Health,Notice: CDC confirms a measles outbreak alert for Taita-Taveta County. Residents are advised to use insecticide-treated mosquito nets every night.
HEA_00375,Health,Public health advisory: KEMSA warns of increased meningitis risk in Isiolo County and advises the public to use insecticide-treated mosquito nets every night.
HEA_00376,Health,Notice: Ministry of Health confirms a cholera outbreak alert for Kwale County. Residents are advised to use insecticide-treated mosquito nets every night.
HEA_00377,Health,Notice: KEMRI confirms a meningitis outbreak alert for Kakamega County. Residents are advised to seek immediate testing at the nearest health facility.
HEA_00378,Health,CDC calls on parents in Nyeri County to have children under five screened for typhoid during the November outreach.
HEA_00379,Health,KEMRI calls on parents in Migori County to have children under five screened for typhoid during the July outreach.
HEA_00380,Health,SHA (Social Health Authority) calls on parents in Kisii County to have children under five screened for measles during the January outreach.
HEA_00381,Health,Kenya Medical Association calls on parents in Laikipia County to have children under five screened for tuberculosis during the August outreach.
HEA_00382,Health,Notice: KEMSA confirms a HIV/AIDS outbreak alert for Murang'a County. Residents are advised to report any suspected cases to community health volunteers.
HEA_00383,Health,KEMSA calls on parents in West Pokot County to have children under five screened for dengue fever during the September outreach.
HEA_00384,Health,Division of Disease Surveillance and Response urges residents of Machakos County to report any suspected cases to community health volunteers following a rise in reported malaria cases.
HEA_00385,Health,KEMRI calls on parents in Marsabit County to have children under five screened for cholera during the February outreach.
HEA_00386,Health,Notice: Kenya Medical Association confirms a tuberculosis outbreak alert for Busia County. Residents are advised to complete the full recommended vaccination dose.
HEA_00387,Health,Notice: Division of Disease Surveillance and Response confirms a Rift Valley Fever outbreak alert for Tharaka-Nithi County. Residents are advised to use insecticide-treated mosquito nets every night.
HEA_00388,Health,Ministry of Health - Reproductive Health Unit calls on parents in Kirinyaga County to have children under five screened for cholera during the August outreach.
HEA_00389,Health,Kenya Medical Association urges residents of Narok County to complete the full recommended vaccination dose following a rise in reported tuberculosis cases.
HEA_00390,Health,Public health advisory: Division of Disease Surveillance and Response warns of increased typhoid risk in Tana River County and advises the public to avoid contact with contaminated water sources.
HEA_00391,Health,Public health advisory: Ministry of Health - Reproductive Health Unit warns of increased cholera risk in Nyeri County and advises the public to seek immediate testing at the nearest health facility.
HEA_00392,Health,KEMSA calls on parents in Makueni County to have children under five screened for HIV/AIDS during the December outreach.
HEA_00393,Health,Division of Disease Surveillance and Response calls on parents in Kilifi County to have children under five screened for cholera during the July outreach.
HEA_00394,Health,Public health advisory: CDC warns of increased dengue fever risk in Tharaka-Nithi County and advises the public to report any suspected cases to community health volunteers.
HEA_00395,Health,Kenya Medical Association urges residents of Narok County to report any suspected cases to community health volunteers following a rise in reported dengue fever cases.
HEA_00396,Health,Public health advisory: SHA (Social Health Authority) warns of increased cyclosporiasis risk in Mandera County and advises the public to report any suspected cases to community health volunteers.
HEA_00397,Health,Notice: CDC confirms a tuberculosis outbreak alert for West Pokot County. Residents are advised to use insecticide-treated mosquito nets every night.
HEA_00398,Health,Public health advisory: Kenya Medical Association warns of increased cholera risk in Narok County and advises the public to seek immediate testing at the nearest health facility.
HEA_00399,Health,Division of Disease Surveillance and Response reminds the public that free Rift Valley Fever screening is available at all public health centres in Laikipia County this September.
HEA_00400,Health,CDC reminds the public that free meningitis screening is available at all public health centres in Mandera County this June.
HEA_00401,Health,Notice: KEMSA confirms a typhoid outbreak alert for Trans Nzoia County. Residents are advised to use insecticide-treated mosquito nets every night.
HEA_00402,Health,Notice: CDC confirms a Rift Valley Fever outbreak alert for Narok County. Residents are advised to use insecticide-treated mosquito nets every night.
HEA_00403,Health,Notice: Ministry of Health - Reproductive Health Unit confirms a HIV/AIDS outbreak alert for Kwale County. Residents are advised to seek immediate testing at the nearest health facility.
HEA_00404,Health,Kenya Red Cross calls on parents in Nairobi County to have children under five screened for cholera during the December outreach.
HEA_00405,Health,Public health advisory: Ministry of Health - Reproductive Health Unit warns of increased meningitis risk in Makueni County and advises the public to use insecticide-treated mosquito nets every night.
HEA_00406,Health,Ministry of Health reminds the public that free measles screening is available at all public health centres in Vihiga County this August.
HEA_00407,Health,Public health advisory: Kenya Medical Association warns of increased tuberculosis risk in Marsabit County and advises the public to seek immediate testing at the nearest health facility.
HEA_00408,Health,Public health advisory: SHA (Social Health Authority) warns of increased Rift Valley Fever risk in Tharaka-Nithi County and advises the public to report any suspected cases to community health volunteers.
HEA_00409,Health,KEMSA calls on parents in Uasin Gishu County to have children under five screened for tuberculosis during the December outreach.
HEA_00410,Health,CDC calls on parents in Busia County to have children under five screened for cholera during the August outreach.
HEA_00411,Health,CDC reminds the public that free HIV/AIDS screening is available at all public health centres in Embu County this September.
HEA_00412,Health,CDC calls on parents in Samburu County to have children under five screened for measles during the June outreach.
HEA_00413,Health,CDC calls on parents in Kiambu County to have children under five screened for HIV/AIDS during the September outreach.
HEA_00414,Health,Notice: Ministry of Health - Reproductive Health Unit confirms a typhoid outbreak alert for Tharaka-Nithi County. Residents are advised to use insecticide-treated mosquito nets every night.
HEA_00415,Health,Notice: KEMRI confirms a tuberculosis outbreak alert for Kirinyaga County. Residents are advised to avoid contact with contaminated water sources.
HEA_00416,Health,Notice: Ministry of Health - Reproductive Health Unit confirms a typhoid outbreak alert for Turkana County. Residents are advised to report any suspected cases to community health volunteers.
HEA_00417,Health,CDC urges residents of Samburu County to complete the full recommended vaccination dose following a rise in reported HIV/AIDS cases.
HEA_00418,Health,Notice: Ministry of Health confirms a malaria outbreak alert for Nyeri County. Residents are advised to report any suspected cases to community health volunteers.
HEA_00419,Health,Kenya Red Cross calls on parents in Laikipia County to have children under five screened for tuberculosis during the April outreach.
HEA_00420,Health,Public health advisory: Kenya Red Cross warns of increased typhoid risk in Bomet County and advises the public to complete the full recommended vaccination dose.
HEA_00421,Health,KEMRI urges residents of Machakos County to complete the full recommended vaccination dose following a rise in reported dengue fever cases.
HEA_00422,Health,Ministry of Health reminds the public that free HIV/AIDS screening is available at all public health centres in Garissa County this July.
HEA_00423,Health,SHA (Social Health Authority) calls on parents in Migori County to have children under five screened for cholera during the March outreach.
HEA_00424,Health,Public health advisory: KEMSA warns of increased Rift Valley Fever risk in Uasin Gishu County and advises the public to avoid contact with contaminated water sources.
HEA_00425,Health,Kenya Red Cross reminds the public that free cholera screening is available at all public health centres in Murang'a County this May.
HEA_00426,Health,KEMRI urges residents of Kericho County to complete the full recommended vaccination dose following a rise in reported cholera cases.
HEA_00427,Health,KEMSA calls on parents in Kilifi County to have children under five screened for Rift Valley Fever during the July outreach.
HEA_00428,Health,Kenya Red Cross reminds the public that free typhoid screening is available at all public health centres in Kilifi County this January.
HEA_00429,Health,Public health advisory: SHA (Social Health Authority) warns of increased Rift Valley Fever risk in Kiambu County and advises the public to use insecticide-treated mosquito nets every night.
HEA_00430,Health,Public health advisory: Ministry of Health - Reproductive Health Unit warns of increased Rift Valley Fever risk in Mandera County and advises the public to report any suspected cases to community health volunteers.
HEA_00431,Health,SHA (Social Health Authority) reminds the public that free Rift Valley Fever screening is available at all public health centres in Kiambu County this March.
HEA_00432,Health,Notice: KEMSA confirms a HIV/AIDS outbreak alert for Mombasa County. Residents are advised to report any suspected cases to community health volunteers.
HEA_00433,Health,Public health advisory: KEMRI warns of increased cyclosporiasis risk in Meru County and advises the public to avoid contact with contaminated water sources.
HEA_00434,Health,Public health advisory: Division of Disease Surveillance and Response warns of increased malaria risk in Taita-Taveta County and advises the public to complete the full recommended vaccination dose.
HEA_00435,Health,Ministry of Health - Reproductive Health Unit reminds the public that free cholera screening is available at all public health centres in Murang'a County this April.
HEA_00436,Health,Notice: Kenya Medical Association confirms a typhoid outbreak alert for Machakos County. Residents are advised to report any suspected cases to community health volunteers.
HEA_00437,Health,Notice: Ministry of Health confirms a HIV/AIDS outbreak alert for Makueni County. Residents are advised to complete the full recommended vaccination dose.
HEA_00438,Health,SHA (Social Health Authority) urges residents of Baringo County to avoid contact with contaminated water sources following a rise in reported measles cases.
HEA_00439,Health,Public health advisory: Kenya Red Cross warns of increased typhoid risk in Kisii County and advises the public to report any suspected cases to community health volunteers.
HEA_00440,Health,Public health advisory: KEMRI warns of increased Rift Valley Fever risk in Kitui County and advises the public to complete the full recommended vaccination dose.
HEA_00441,Health,Division of Disease Surveillance and Response calls on parents in Uasin Gishu County to have children under five screened for dengue fever during the December outreach.
HEA_00442,Health,CDC calls on parents in Homa Bay County to have children under five screened for tuberculosis during the April outreach.
HEA_00443,Health,Public health advisory: SHA (Social Health Authority) warns of increased dengue fever risk in Kajiado County and advises the public to report any suspected cases to community health volunteers.
HEA_00444,Health,SHA (Social Health Authority) urges residents of Tana River County to complete the full recommended vaccination dose following a rise in reported dengue fever cases.
HEA_00445,Health,Public health advisory: CDC warns of increased HIV/AIDS risk in Marsabit County and advises the public to use insecticide-treated mosquito nets every night.
HEA_00446,Health,SHA (Social Health Authority) calls on parents in Migori County to have children under five screened for meningitis during the April outreach.
HEA_00447,Health,SHA (Social Health Authority) calls on parents in Narok County to have children under five screened for cholera during the August outreach.
HEA_00448,Health,KEMSA calls on parents in Narok County to have children under five screened for Rift Valley Fever during the July outreach.
HEA_00449,Health,Public health advisory: Ministry of Health warns of increased typhoid risk in Bomet County and advises the public to seek immediate testing at the nearest health facility.
HEA_00450,Health,Kenya Red Cross calls on parents in Mombasa County to have children under five screened for tuberculosis during the December outreach.
HEA_00451,Health,Public health advisory: SHA (Social Health Authority) warns of increased HIV/AIDS risk in Kilifi County and advises the public to seek immediate testing at the nearest health facility.
HEA_00452,Health,Public health advisory: Ministry of Health warns of increased cholera risk in Lamu County and advises the public to report any suspected cases to community health volunteers.
HEA_00453,Health,KEMSA calls on parents in Mandera County to have children under five screened for cyclosporiasis during the November outreach.
HEA_00454,Health,Notice: Kenya Medical Association confirms a cyclosporiasis outbreak alert for Nandi County. Residents are advised to seek immediate testing at the nearest health facility.
HEA_00455,Health,Public health advisory: KEMSA warns of increased malaria risk in Kisumu County and advises the public to complete the full recommended vaccination dose.
HEA_00456,Health,Public health advisory: Kenya Medical Association warns of increased tuberculosis risk in Kajiado County and advises the public to seek immediate testing at the nearest health facility.
HEA_00457,Health,Kenya Red Cross urges residents of Baringo County to avoid contact with contaminated water sources following a rise in reported dengue fever cases.
HEA_00458,Health,Public health advisory: Kenya Medical Association warns of increased Rift Valley Fever risk in Kitui County and advises the public to report any suspected cases to community health volunteers.
HEA_00459,Health,Kenya Red Cross reminds the public that free malaria screening is available at all public health centres in Tharaka-Nithi County this December.
HEA_00460,Health,Kenya Medical Association urges residents of Busia County to complete the full recommended vaccination dose following a rise in reported tuberculosis cases.
HEA_00461,Health,SHA (Social Health Authority) urges residents of Bungoma County to use insecticide-treated mosquito nets every night following a rise in reported Rift Valley Fever cases.
HEA_00462,Health,KEMRI urges residents of Kilifi County to complete the full recommended vaccination dose following a rise in reported Rift Valley Fever cases.
HEA_00463,Health,Public health advisory: KEMRI warns of increased dengue fever risk in Tana River County and advises the public to report any suspected cases to community health volunteers.
HEA_00464,Health,Division of Disease Surveillance and Response reminds the public that free HIV/AIDS screening is available at all public health centres in Kakamega County this October.
HEA_00465,Health,Kenya Red Cross reminds the public that free dengue fever screening is available at all public health centres in Marsabit County this November.
HEA_00466,Health,Kenya Medical Association reminds the public that free cholera screening is available at all public health centres in Kirinyaga County this May.
HEA_00467,Health,Public health advisory: KEMSA warns of increased cyclosporiasis risk in Siaya County and advises the public to use insecticide-treated mosquito nets every night.
HEA_00468,Health,Ministry of Health calls on parents in Turkana County to have children under five screened for cyclosporiasis during the November outreach.
HEA_00469,Health,Public health advisory: Division of Disease Surveillance and Response warns of increased cyclosporiasis risk in Kisii County and advises the public to complete the full recommended vaccination dose.
HEA_00470,Health,Notice: Kenya Medical Association confirms a Rift Valley Fever outbreak alert for Meru County. Residents are advised to complete the full recommended vaccination dose.
HEA_00471,Health,Kenya Red Cross reminds the public that free Rift Valley Fever screening is available at all public health centres in Nyamira County this March.
HEA_00472,Health,CDC urges residents of Uasin Gishu County to use insecticide-treated mosquito nets every night following a rise in reported dengue fever cases.
HEA_00473,Health,Kenya Medical Association reminds the public that free tuberculosis screening is available at all public health centres in Machakos County this May.
HEA_00474,Health,Notice: SHA (Social Health Authority) confirms a malaria outbreak alert for Nandi County. Residents are advised to use insecticide-treated mosquito nets every night.
HEA_00475,Health,Ministry of Health reminds the public that free meningitis screening is available at all public health centres in Nyandarua County this July.
HEA_00476,Health,Public health advisory: Ministry of Health warns of increased meningitis risk in Lamu County and advises the public to use insecticide-treated mosquito nets every night.
HEA_00477,Health,Ministry of Health - Reproductive Health Unit reminds the public that free typhoid screening is available at all public health centres in Embu County this June.
HEA_00478,Health,KEMRI urges residents of Tharaka-Nithi County to avoid contact with contaminated water sources following a rise in reported malaria cases.
HEA_00479,Health,KEMRI reminds the public that free dengue fever screening is available at all public health centres in Trans Nzoia County this April.
HEA_00480,Health,Notice: Kenya Red Cross confirms a dengue fever outbreak alert for Samburu County. Residents are advised to report any suspected cases to community health volunteers.
HEA_00481,Health,Notice: Kenya Red Cross confirms a Rift Valley Fever outbreak alert for West Pokot County. Residents are advised to avoid contact with contaminated water sources.
HEA_00482,Health,Ministry of Health - Reproductive Health Unit urges residents of Murang'a County to report any suspected cases to community health volunteers following a rise in reported HIV/AIDS cases.
HEA_00483,Health,Ministry of Health calls on parents in Kakamega County to have children under five screened for measles during the April outreach.
HEA_00484,Health,Kenya Red Cross urges residents of Bomet County to avoid contact with contaminated water sources following a rise in reported meningitis cases.
HEA_00485,Health,Notice: KEMSA confirms a tuberculosis outbreak alert for Tharaka-Nithi County. Residents are advised to avoid contact with contaminated water sources.
HEA_00486,Health,Public health advisory: KEMRI warns of increased HIV/AIDS risk in Nakuru County and advises the public to report any suspected cases to community health volunteers.
HEA_00487,Health,Ministry of Health - Reproductive Health Unit calls on parents in Baringo County to have children under five screened for HIV/AIDS during the March outreach.
HEA_00488,Health,KEMSA reminds the public that free Rift Valley Fever screening is available at all public health centres in Nairobi County this September.
HEA_00489,Health,CDC reminds the public that free dengue fever screening is available at all public health centres in Kisumu County this January.
HEA_00490,Health,SHA (Social Health Authority) urges residents of Homa Bay County to avoid contact with contaminated water sources following a rise in reported cholera cases.
HEA_00491,Health,KEMRI reminds the public that free measles screening is available at all public health centres in Lamu County this December.
HEA_00492,Health,KEMRI urges residents of Narok County to seek immediate testing at the nearest health facility following a rise in reported HIV/AIDS cases.
HEA_00493,Health,Public health advisory: Ministry of Health - Reproductive Health Unit warns of increased cholera risk in Homa Bay County and advises the public to seek immediate testing at the nearest health facility.
HEA_00494,Health,Public health advisory: CDC warns of increased cholera risk in Uasin Gishu County and advises the public to use insecticide-treated mosquito nets every night.
HEA_00495,Health,Notice: CDC confirms a dengue fever outbreak alert for Nyeri County. Residents are advised to avoid contact with contaminated water sources.
HEA_00496,Health,SHA (Social Health Authority) reminds the public that free measles screening is available at all public health centres in Garissa County this September.
HEA_00497,Health,KEMRI reminds the public that free typhoid screening is available at all public health centres in Busia County this September.
HEA_00498,Health,Notice: Kenya Red Cross confirms a HIV/AIDS outbreak alert for Trans Nzoia County. Residents are advised to avoid contact with contaminated water sources.
HEA_00499,Health,KEMRI calls on parents in Kisii County to have children under five screened for typhoid during the April outreach.
HEA_00500,Health,Ministry of Health urges residents of Taita-Taveta County to avoid contact with contaminated water sources following a rise in reported cyclosporiasis cases.
HEA_00501,Health,Public health advisory: Ministry of Health - Reproductive Health Unit warns of increased cholera risk in Tana River County and advises the public to complete the full recommended vaccination dose.
HEA_00502,Health,Ministry of Health - Reproductive Health Unit urges residents of Elgeyo-Marakwet County to use insecticide-treated mosquito nets every night following a rise in reported HIV/AIDS cases.
HEA_00503,Health,CDC urges residents of Kilifi County to use insecticide-treated mosquito nets every night following a rise in reported tuberculosis cases.
HEA_00504,Health,Kenya Red Cross calls on parents in Kilifi County to have children under five screened for typhoid during the February outreach.
HEA_00505,Health,Public health advisory: Ministry of Health warns of increased cholera risk in Meru County and advises the public to complete the full recommended vaccination dose.
HEA_00506,Health,Public health advisory: KEMSA warns of increased malaria risk in Nyamira County and advises the public to report any suspected cases to community health volunteers.
HEA_00507,Health,KEMRI reminds the public that free dengue fever screening is available at all public health centres in Kakamega County this July.
HEA_00508,Health,Notice: Kenya Medical Association confirms a malaria outbreak alert for Mandera County. Residents are advised to use insecticide-treated mosquito nets every night.
HEA_00509,Health,Notice: Ministry of Health confirms a tuberculosis outbreak alert for Garissa County. Residents are advised to seek immediate testing at the nearest health facility.
HEA_00510,Health,Notice: Kenya Medical Association confirms a typhoid outbreak alert for Murang'a County. Residents are advised to avoid contact with contaminated water sources.
HEA_00511,Health,KEMRI calls on parents in Turkana County to have children under five screened for cyclosporiasis during the September outreach.
HEA_00512,Health,KEMSA calls on parents in Migori County to have children under five screened for cyclosporiasis during the October outreach.
HEA_00513,Health,Kenya Red Cross urges residents of Machakos County to seek immediate testing at the nearest health facility following a rise in reported malaria cases.
HEA_00514,Health,Notice: KEMSA confirms a measles outbreak alert for Samburu County. Residents are advised to avoid contact with contaminated water sources.
HEA_00515,Health,Notice: Division of Disease Surveillance and Response confirms a cholera outbreak alert for Garissa County. Residents are advised to report any suspected cases to community health volunteers.
HEA_00516,Health,Division of Disease Surveillance and Response calls on parents in Nyandarua County to have children under five screened for measles during the February outreach.
HEA_00517,Health,KEMSA urges residents of Elgeyo-Marakwet County to use insecticide-treated mosquito nets every night following a rise in reported dengue fever cases.
HEA_00518,Health,Public health advisory: Kenya Medical Association warns of increased malaria risk in Garissa County and advises the public to report any suspected cases to community health volunteers.
HEA_00519,Health,Public health advisory: SHA (Social Health Authority) warns of increased HIV/AIDS risk in Bungoma County and advises the public to avoid contact with contaminated water sources.
HEA_00520,Health,Kenya Red Cross urges residents of Uasin Gishu County to use insecticide-treated mosquito nets every night following a rise in reported malaria cases.
HEA_00521,Health,CDC reminds the public that free cyclosporiasis screening is available at all public health centres in Isiolo County this November.
HEA_00522,Health,KEMSA reminds the public that free typhoid screening is available at all public health centres in Nyandarua County this May.
HEA_00523,Health,KEMSA calls on parents in Lamu County to have children under five screened for cyclosporiasis during the March outreach.
HEA_00524,Health,Notice: Kenya Medical Association confirms a malaria outbreak alert for Kirinyaga County. Residents are advised to report any suspected cases to community health volunteers.
HEA_00525,Health,Notice: KEMRI confirms a Rift Valley Fever outbreak alert for Nairobi County. Residents are advised to use insecticide-treated mosquito nets every night.
HEA_00526,Health,Public health advisory: KEMRI warns of increased measles risk in Baringo County and advises the public to report any suspected cases to community health volunteers.
HEA_00527,Health,Kenya Medical Association urges residents of Kiambu County to report any suspected cases to community health volunteers following a rise in reported cyclosporiasis cases.
HEA_00528,Health,Division of Disease Surveillance and Response calls on parents in Elgeyo-Marakwet County to have children under five screened for meningitis during the November outreach.
HEA_00529,Health,Kenya Red Cross reminds the public that free tuberculosis screening is available at all public health centres in Murang'a County this October.
HEA_00530,Health,Division of Disease Surveillance and Response calls on parents in Meru County to have children under five screened for HIV/AIDS during the July outreach.
HEA_00531,Health,Notice: Ministry of Health - Reproductive Health Unit confirms a HIV/AIDS outbreak alert for Kakamega County. Residents are advised to avoid contact with contaminated water sources.
HEA_00532,Health,Notice: Kenya Medical Association confirms a meningitis outbreak alert for West Pokot County. Residents are advised to complete the full recommended vaccination dose.
HEA_00533,Health,Public health advisory: CDC warns of increased dengue fever risk in Meru County and advises the public to seek immediate testing at the nearest health facility.
HEA_00534,Health,KEMRI calls on parents in Nandi County to have children under five screened for malaria during the May outreach.
HEA_00535,Health,Ministry of Health - Reproductive Health Unit calls on parents in Mandera County to have children under five screened for typhoid during the November outreach.
HEA_00536,Health,Kenya Red Cross reminds the public that free cyclosporiasis screening is available at all public health centres in Homa Bay County this March.
HEA_00537,Health,SHA (Social Health Authority) calls on parents in Nandi County to have children under five screened for Rift Valley Fever during the October outreach.
HEA_00538,Health,Public health advisory: Kenya Medical Association warns of increased cyclosporiasis risk in Kericho County and advises the public to use insecticide-treated mosquito nets every night.
HEA_00539,Health,Division of Disease Surveillance and Response urges residents of Kisii County to seek immediate testing at the nearest health facility following a rise in reported meningitis cases.
HEA_00540,Health,KEMRI urges residents of Homa Bay County to complete the full recommended vaccination dose following a rise in reported HIV/AIDS cases.
HEA_00541,Health,Public health advisory: Ministry of Health warns of increased cyclosporiasis risk in Kakamega County and advises the public to report any suspected cases to community health volunteers.
HEA_00542,Health,SHA (Social Health Authority) calls on parents in Mombasa County to have children under five screened for typhoid during the February outreach.
HEA_00543,Health,CDC reminds the public that free meningitis screening is available at all public health centres in Kajiado County this September.
HEA_00544,Health,Public health advisory: KEMRI warns of increased cyclosporiasis risk in Nandi County and advises the public to avoid contact with contaminated water sources.
HEA_00545,Health,Public health advisory: CDC warns of increased cholera risk in Marsabit County and advises the public to avoid contact with contaminated water sources.
HEA_00546,Health,Kenya Red Cross urges residents of Uasin Gishu County to complete the full recommended vaccination dose following a rise in reported malaria cases.
HEA_00547,Health,Notice: Kenya Red Cross confirms a tuberculosis outbreak alert for Kiambu County. Residents are advised to use insecticide-treated mosquito nets every night.
HEA_00548,Health,Division of Disease Surveillance and Response calls on parents in Laikipia County to have children under five screened for Rift Valley Fever during the February outreach.
HEA_00549,Health,Division of Disease Surveillance and Response calls on parents in Lamu County to have children under five screened for cholera during the May outreach.
HEA_00550,Health,Ministry of Health urges residents of Kiambu County to complete the full recommended vaccination dose following a rise in reported malaria cases.
HEA_00551,Health,CDC reminds the public that free measles screening is available at all public health centres in Meru County this September.
HEA_00552,Health,Notice: CDC confirms a tuberculosis outbreak alert for Elgeyo-Marakwet County. Residents are advised to avoid contact with contaminated water sources.
HEA_00553,Health,KEMSA reminds the public that free cyclosporiasis screening is available at all public health centres in Siaya County this November.
HEA_00554,Health,Ministry of Health calls on parents in Busia County to have children under five screened for Rift Valley Fever during the April outreach.
HEA_00555,Health,Public health advisory: Kenya Medical Association warns of increased tuberculosis risk in Samburu County and advises the public to complete the full recommended vaccination dose.
HEA_00556,Health,Notice: SHA (Social Health Authority) confirms a dengue fever outbreak alert for Kakamega County. Residents are advised to complete the full recommended vaccination dose.
HEA_00557,Health,Notice: Division of Disease Surveillance and Response confirms a malaria outbreak alert for Tharaka-Nithi County. Residents are advised to report any suspected cases to community health volunteers.
HEA_00558,Health,CDC calls on parents in Siaya County to have children under five screened for meningitis during the June outreach.
HEA_00559,Health,Kenya Medical Association calls on parents in Vihiga County to have children under five screened for HIV/AIDS during the February outreach.
HEA_00560,Health,Notice: Ministry of Health - Reproductive Health Unit confirms a typhoid outbreak alert for Busia County. Residents are advised to use insecticide-treated mosquito nets every night.
HEA_00561,Health,Public health advisory: SHA (Social Health Authority) warns of increased HIV/AIDS risk in Migori County and advises the public to seek immediate testing at the nearest health facility.
HEA_00562,Health,Kenya Red Cross reminds the public that free HIV/AIDS screening is available at all public health centres in Wajir County this March.
HEA_00563,Health,CDC reminds the public that free meningitis screening is available at all public health centres in Samburu County this July.
HEA_00564,Health,Kenya Medical Association reminds the public that free Rift Valley Fever screening is available at all public health centres in Elgeyo-Marakwet County this March.
HEA_00565,Health,Public health advisory: KEMSA warns of increased Rift Valley Fever risk in Bomet County and advises the public to report any suspected cases to community health volunteers.
HEA_00566,Health,KEMSA reminds the public that free meningitis screening is available at all public health centres in Murang'a County this August.
HEA_00567,Health,Division of Disease Surveillance and Response urges residents of Mombasa County to complete the full recommended vaccination dose following a rise in reported measles cases.
HEA_00568,Health,CDC calls on parents in Narok County to have children under five screened for Rift Valley Fever during the November outreach.
HEA_00569,Health,Ministry of Health - Reproductive Health Unit calls on parents in Uasin Gishu County to have children under five screened for Rift Valley Fever during the December outreach.
HEA_00570,Health,KEMSA calls on parents in Taita-Taveta County to have children under five screened for cholera during the October outreach.
HEA_00571,Health,Kenya Red Cross reminds the public that free tuberculosis screening is available at all public health centres in Kilifi County this May.
HEA_00572,Health,Public health advisory: Kenya Red Cross warns of increased meningitis risk in Isiolo County and advises the public to avoid contact with contaminated water sources.
HEA_00573,Health,Public health advisory: CDC warns of increased malaria risk in Wajir County and advises the public to report any suspected cases to community health volunteers.
HEA_00574,Health,Public health advisory: Division of Disease Surveillance and Response warns of increased Rift Valley Fever risk in Kericho County and advises the public to use insecticide-treated mosquito nets every night.
HEA_00575,Health,Kenya Medical Association reminds the public that free tuberculosis screening is available at all public health centres in Garissa County this December.
HEA_00576,Health,Notice: Ministry of Health confirms a HIV/AIDS outbreak alert for Nandi County. Residents are advised to seek immediate testing at the nearest health facility.
HEA_00577,Health,SHA (Social Health Authority) calls on parents in Machakos County to have children under five screened for meningitis during the April outreach.
HEA_00578,Health,Notice: Kenya Medical Association confirms a measles outbreak alert for Isiolo County. Residents are advised to complete the full recommended vaccination dose.
HEA_00579,Health,Ministry of Health reminds the public that free dengue fever screening is available at all public health centres in Kakamega County this June.
HEA_00580,Health,Notice: CDC confirms a typhoid outbreak alert for Isiolo County. Residents are advised to report any suspected cases to community health volunteers.
HEA_00581,Health,Public health advisory: Kenya Red Cross warns of increased malaria risk in Narok County and advises the public to complete the full recommended vaccination dose.
HEA_00582,Health,Ministry of Health calls on parents in Nyandarua County to have children under five screened for measles during the November outreach.
HEA_00583,Health,KEMRI reminds the public that free HIV/AIDS screening is available at all public health centres in Marsabit County this December.
HEA_00584,Health,Kenya Medical Association reminds the public that free meningitis screening is available at all public health centres in Nakuru County this March.
HEA_00585,Health,Notice: Kenya Medical Association confirms a malaria outbreak alert for Samburu County. Residents are advised to seek immediate testing at the nearest health facility.
HEA_00586,Health,CDC calls on parents in Nyandarua County to have children under five screened for HIV/AIDS during the December outreach.
HEA_00587,Health,Ministry of Health - Reproductive Health Unit calls on parents in Murang'a County to have children under five screened for cholera during the October outreach.
HEA_00588,Health,Ministry of Health - Reproductive Health Unit urges residents of Siaya County to seek immediate testing at the nearest health facility following a rise in reported HIV/AIDS cases.
HEA_00589,Health,Public health advisory: Kenya Medical Association warns of increased tuberculosis risk in Embu County and advises the public to avoid contact with contaminated water sources.
HEA_00590,Health,Notice: Division of Disease Surveillance and Response confirms a dengue fever outbreak alert for Nyeri County. Residents are advised to use insecticide-treated mosquito nets every night.
HEA_00591,Health,Ministry of Health - Reproductive Health Unit reminds the public that free cholera screening is available at all public health centres in Kiambu County this November.
HEA_00592,Health,SHA (Social Health Authority) urges residents of Siaya County to seek immediate testing at the nearest health facility following a rise in reported cholera cases.
HEA_00593,Health,Ministry of Health - Reproductive Health Unit reminds the public that free cyclosporiasis screening is available at all public health centres in Baringo County this January.
HEA_00594,Health,KEMSA reminds the public that free measles screening is available at all public health centres in Kisumu County this May.
HEA_00595,Health,Notice: SHA (Social Health Authority) confirms a typhoid outbreak alert for Kisumu County. Residents are advised to seek immediate testing at the nearest health facility.
HEA_00596,Health,Notice: KEMSA confirms a typhoid outbreak alert for Tana River County. Residents are advised to complete the full recommended vaccination dose.
HEA_00597,Health,SHA (Social Health Authority) calls on parents in Nyamira County to have children under five screened for cholera during the February outreach.
HEA_00598,Health,Ministry of Health - Reproductive Health Unit reminds the public that free meningitis screening is available at all public health centres in Lamu County this March.
HEA_00599,Health,CDC reminds the public that free cholera screening is available at all public health centres in Migori County this August.
HEA_00600,Health,Division of Disease Surveillance and Response urges residents of Wajir County to avoid contact with contaminated water sources following a rise in reported measles cases.
HEA_00601,Health,KEMRI reminds expectant mothers in Samburu County that access to family planning counselling is free of charge at all public facilities.
HEA_00602,Health,SHA (Social Health Authority) reminds expectant mothers in Murang'a County that access to skilled birth attendance is free of charge at all public facilities.
HEA_00603,Health,Kenya Medical Association encourages mothers in Mandera County to register for the mother-and-child health card to safeguard their child's health.
HEA_00604,Health,CDC reminds expectant mothers in Kakamega County that access to nutrition supplementation for infants is free of charge at all public facilities.
HEA_00605,Health,Ministry of Health - Reproductive Health Unit encourages mothers in Turkana County to register for the mother-and-child health card to safeguard their child's health.
HEA_00606,Health,Kenya Medical Association encourages mothers in Busia County to bring their child for growth monitoring to safeguard their child's health.
HEA_00607,Health,SHA (Social Health Authority) encourages mothers in Garissa County to visit their nearest maternity wing to safeguard their child's health.
HEA_00608,Health,Division of Disease Surveillance and Response appeals to caregivers in Elgeyo-Marakwet County to register for the mother-and-child health card as part of the June maternal health drive.
HEA_00609,Health,Kenya Red Cross encourages mothers in Kisumu County to register for the mother-and-child health card to safeguard their child's health.
HEA_00610,Health,Notice from Ministry of Health: childhood immunization clinics will run every May at designated health centres in Homa Bay County.
HEA_00611,Health,Kenya Medical Association encourages mothers in Nyeri County to visit their nearest maternity wing to safeguard their child's health.
HEA_00612,Health,Ministry of Health - Reproductive Health Unit encourages mothers in Samburu County to register for the mother-and-child health card to safeguard their child's health.
HEA_00613,Health,SHA (Social Health Authority) appeals to caregivers in Kajiado County to attend the scheduled clinic day as part of the January maternal health drive.
HEA_00614,Health,Notice from KEMSA: postnatal check-ups clinics will run every October at designated health centres in Samburu County.
HEA_00615,Health,Notice from CDC: postnatal check-ups clinics will run every March at designated health centres in Migori County.
HEA_00616,Health,Ministry of Health reminds expectant mothers in Vihiga County that access to free antenatal care is free of charge at all public facilities.
HEA_00617,Health,Notice from KEMRI: postnatal check-ups clinics will run every January at designated health centres in Kilifi County.
HEA_00618,Health,Notice from CDC: family planning counselling clinics will run every July at designated health centres in Uasin Gishu County.
HEA_00619,Health,SHA (Social Health Authority) appeals to caregivers in Siaya County to register for the mother-and-child health card as part of the September maternal health drive.
HEA_00620,Health,Notice from SHA (Social Health Authority): nutrition supplementation for infants clinics will run every February at designated health centres in Kirinyaga County.
HEA_00621,Health,KEMSA encourages mothers in Kericho County to bring their child for growth monitoring to safeguard their child's health.
HEA_00622,Health,Kenya Red Cross reminds expectant mothers in Kisii County that access to family planning counselling is free of charge at all public facilities.
HEA_00623,Health,Ministry of Health encourages mothers in Machakos County to bring their child for growth monitoring to safeguard their child's health.
HEA_00624,Health,Ministry of Health - Reproductive Health Unit reminds expectant mothers in Busia County that access to free antenatal care is free of charge at all public facilities.
HEA_00625,Health,Notice from KEMSA: family planning counselling clinics will run every January at designated health centres in Wajir County.
HEA_00626,Health,Ministry of Health encourages mothers in Isiolo County to attend the scheduled clinic day to safeguard their child's health.
HEA_00627,Health,Notice from KEMSA: family planning counselling clinics will run every March at designated health centres in West Pokot County.
HEA_00628,Health,Notice from SHA (Social Health Authority): postnatal check-ups clinics will run every June at designated health centres in Kwale County.
HEA_00629,Health,Notice from CDC: family planning counselling clinics will run every May at designated health centres in Lamu County.
HEA_00630,Health,Ministry of Health - Reproductive Health Unit reminds expectant mothers in Baringo County that access to skilled birth attendance is free of charge at all public facilities.
HEA_00631,Health,Ministry of Health - Reproductive Health Unit reminds expectant mothers in Kakamega County that access to skilled birth attendance is free of charge at all public facilities.
HEA_00632,Health,Kenya Red Cross encourages mothers in Garissa County to visit their nearest maternity wing to safeguard their child's health.
HEA_00633,Health,CDC encourages mothers in Mombasa County to visit their nearest maternity wing to safeguard their child's health.
HEA_00634,Health,Ministry of Health encourages mothers in Laikipia County to bring their child for growth monitoring to safeguard their child's health.
HEA_00635,Health,KEMSA encourages mothers in Kilifi County to bring their child for growth monitoring to safeguard their child's health.
HEA_00636,Health,Division of Disease Surveillance and Response encourages mothers in Machakos County to attend the scheduled clinic day to safeguard their child's health.
HEA_00637,Health,Notice from SHA (Social Health Authority): free antenatal care clinics will run every June at designated health centres in Kakamega County.
HEA_00638,Health,KEMSA reminds expectant mothers in Kitui County that access to free antenatal care is free of charge at all public facilities.
HEA_00639,Health,SHA (Social Health Authority) appeals to caregivers in Baringo County to attend the scheduled clinic day as part of the May maternal health drive.
HEA_00640,Health,Notice from SHA (Social Health Authority): free antenatal care clinics will run every August at designated health centres in Bomet County.
HEA_00641,Health,Notice from KEMRI: skilled birth attendance clinics will run every October at designated health centres in Nyeri County.
HEA_00642,Health,Ministry of Health - Reproductive Health Unit encourages mothers in West Pokot County to bring their child for growth monitoring to safeguard their child's health.
HEA_00643,Health,CDC encourages mothers in Machakos County to visit their nearest maternity wing to safeguard their child's health.
HEA_00644,Health,Ministry of Health appeals to caregivers in Kitui County to attend the scheduled clinic day as part of the September maternal health drive.
HEA_00645,Health,Division of Disease Surveillance and Response reminds expectant mothers in Mombasa County that access to postnatal check-ups is free of charge at all public facilities.
HEA_00646,Health,Notice from SHA (Social Health Authority): childhood immunization clinics will run every September at designated health centres in Embu County.
HEA_00647,Health,Ministry of Health - Reproductive Health Unit appeals to caregivers in Tana River County to attend the scheduled clinic day as part of the March maternal health drive.
HEA_00648,Health,Ministry of Health reminds expectant mothers in Kitui County that access to postnatal check-ups is free of charge at all public facilities.
HEA_00649,Health,Notice from Ministry of Health - Reproductive Health Unit: free antenatal care clinics will run every October at designated health centres in Taita-Taveta County.
HEA_00650,Health,Kenya Medical Association encourages mothers in Lamu County to visit their nearest maternity wing to safeguard their child's health.
HEA_00651,Health,KEMSA appeals to caregivers in Machakos County to attend the scheduled clinic day as part of the May maternal health drive.
HEA_00652,Health,Notice from Kenya Medical Association: skilled birth attendance clinics will run every December at designated health centres in Kisii County.
HEA_00653,Health,Notice from Ministry of Health - Reproductive Health Unit: free antenatal care clinics will run every April at designated health centres in Nyandarua County.
HEA_00654,Health,KEMSA encourages mothers in Vihiga County to register for the mother-and-child health card to safeguard their child's health.
HEA_00655,Health,KEMSA reminds expectant mothers in Nandi County that access to skilled birth attendance is free of charge at all public facilities.
HEA_00656,Health,SHA (Social Health Authority) appeals to caregivers in Kericho County to register for the mother-and-child health card as part of the June maternal health drive.
HEA_00657,Health,Kenya Red Cross appeals to caregivers in Baringo County to visit their nearest maternity wing as part of the May maternal health drive.
HEA_00658,Health,KEMSA reminds expectant mothers in Migori County that access to family planning counselling is free of charge at all public facilities.
HEA_00659,Health,KEMRI reminds expectant mothers in Murang'a County that access to free antenatal care is free of charge at all public facilities.
HEA_00660,Health,Division of Disease Surveillance and Response encourages mothers in Trans Nzoia County to visit their nearest maternity wing to safeguard their child's health.
HEA_00661,Health,Notice from Kenya Red Cross: postnatal check-ups clinics will run every January at designated health centres in Meru County.
HEA_00662,Health,CDC appeals to caregivers in Bomet County to visit their nearest maternity wing as part of the April maternal health drive.
HEA_00663,Health,SHA (Social Health Authority) appeals to caregivers in Mandera County to visit their nearest maternity wing as part of the February maternal health drive.
HEA_00664,Health,KEMRI reminds expectant mothers in Mandera County that access to postnatal check-ups is free of charge at all public facilities.
HEA_00665,Health,Notice from SHA (Social Health Authority): skilled birth attendance clinics will run every October at designated health centres in Vihiga County.
HEA_00666,Health,Ministry of Health reminds expectant mothers in Lamu County that access to family planning counselling is free of charge at all public facilities.
HEA_00667,Health,KEMSA appeals to caregivers in Taita-Taveta County to visit their nearest maternity wing as part of the June maternal health drive.
HEA_00668,Health,Ministry of Health - Reproductive Health Unit reminds expectant mothers in Tana River County that access to nutrition supplementation for infants is free of charge at all public facilities.
HEA_00669,Health,Kenya Medical Association appeals to caregivers in Nakuru County to bring their child for growth monitoring as part of the January maternal health drive.
HEA_00670,Health,KEMSA appeals to caregivers in Turkana County to register for the mother-and-child health card as part of the April maternal health drive.
HEA_00671,Health,Notice from Kenya Red Cross: free antenatal care clinics will run every March at designated health centres in Nandi County.
HEA_00672,Health,Kenya Red Cross encourages mothers in Nakuru County to bring their child for growth monitoring to safeguard their child's health.
HEA_00673,Health,SHA (Social Health Authority) reminds expectant mothers in Nyandarua County that access to childhood immunization is free of charge at all public facilities.
HEA_00674,Health,KEMRI appeals to caregivers in Kisumu County to register for the mother-and-child health card as part of the September maternal health drive.
HEA_00675,Health,Kenya Medical Association reminds expectant mothers in Nyamira County that access to postnatal check-ups is free of charge at all public facilities.
HEA_00676,Health,Division of Disease Surveillance and Response appeals to caregivers in Kakamega County to attend the scheduled clinic day as part of the September maternal health drive.
HEA_00677,Health,Kenya Red Cross appeals to caregivers in Meru County to attend the scheduled clinic day as part of the January maternal health drive.
HEA_00678,Health,Ministry of Health encourages mothers in Nyandarua County to bring their child for growth monitoring to safeguard their child's health.
HEA_00679,Health,Notice from KEMRI: childhood immunization clinics will run every February at designated health centres in Isiolo County.
HEA_00680,Health,Kenya Red Cross encourages mothers in Kericho County to visit their nearest maternity wing to safeguard their child's health.
HEA_00681,Health,Kenya Medical Association encourages mothers in Turkana County to register for the mother-and-child health card to safeguard their child's health.
HEA_00682,Health,Division of Disease Surveillance and Response encourages mothers in Kisii County to visit their nearest maternity wing to safeguard their child's health.
HEA_00683,Health,Notice from KEMSA: postnatal check-ups clinics will run every April at designated health centres in Kakamega County.
HEA_00684,Health,Notice from KEMSA: free antenatal care clinics will run every January at designated health centres in Nakuru County.
HEA_00685,Health,KEMRI reminds expectant mothers in Bungoma County that access to free antenatal care is free of charge at all public facilities.
HEA_00686,Health,Ministry of Health appeals to caregivers in Kiambu County to register for the mother-and-child health card as part of the October maternal health drive.
HEA_00687,Health,Division of Disease Surveillance and Response encourages mothers in Nyamira County to attend the scheduled clinic day to safeguard their child's health.
HEA_00688,Health,Ministry of Health reminds expectant mothers in Marsabit County that access to family planning counselling is free of charge at all public facilities.
HEA_00689,Health,SHA (Social Health Authority) encourages mothers in Kajiado County to visit their nearest maternity wing to safeguard their child's health.
HEA_00690,Health,Notice from Kenya Medical Association: skilled birth attendance clinics will run every February at designated health centres in Vihiga County.
HEA_00691,Health,Notice from Division of Disease Surveillance and Response: family planning counselling clinics will run every March at designated health centres in Mandera County.
HEA_00692,Health,Ministry of Health - Reproductive Health Unit appeals to caregivers in Kisumu County to register for the mother-and-child health card as part of the June maternal health drive.
HEA_00693,Health,Notice from KEMRI: childhood immunization clinics will run every October at designated health centres in Homa Bay County.
HEA_00694,Health,Kenya Red Cross appeals to caregivers in Nairobi County to attend the scheduled clinic day as part of the December maternal health drive.
HEA_00695,Health,KEMSA encourages mothers in Nairobi County to bring their child for growth monitoring to safeguard their child's health.
HEA_00696,Health,KEMSA reminds expectant mothers in Bungoma County that access to nutrition supplementation for infants is free of charge at all public facilities.
HEA_00697,Health,SHA (Social Health Authority) encourages mothers in Nakuru County to attend the scheduled clinic day to safeguard their child's health.
HEA_00698,Health,KEMRI reminds expectant mothers in Turkana County that access to childhood immunization is free of charge at all public facilities.
HEA_00699,Health,Division of Disease Surveillance and Response reminds expectant mothers in Nandi County that access to skilled birth attendance is free of charge at all public facilities.
HEA_00700,Health,KEMRI encourages mothers in Kisii County to attend the scheduled clinic day to safeguard their child's health.
HEA_00701,Health,Notice from SHA (Social Health Authority): free antenatal care clinics will run every January at designated health centres in Nairobi County.
HEA_00702,Health,Ministry of Health - Reproductive Health Unit appeals to caregivers in Nairobi County to register for the mother-and-child health card as part of the July maternal health drive.
HEA_00703,Health,Ministry of Health - Reproductive Health Unit appeals to caregivers in Samburu County to bring their child for growth monitoring as part of the June maternal health drive.
HEA_00704,Health,Ministry of Health - Reproductive Health Unit reminds expectant mothers in Kakamega County that access to family planning counselling is free of charge at all public facilities.
HEA_00705,Health,KEMSA encourages mothers in Nandi County to visit their nearest maternity wing to safeguard their child's health.
HEA_00706,Health,Notice from Ministry of Health: free antenatal care clinics will run every May at designated health centres in Murang'a County.
HEA_00707,Health,Division of Disease Surveillance and Response reminds expectant mothers in Isiolo County that access to childhood immunization is free of charge at all public facilities.
HEA_00708,Health,CDC reminds expectant mothers in Taita-Taveta County that access to nutrition supplementation for infants is free of charge at all public facilities.
HEA_00709,Health,Ministry of Health appeals to caregivers in Elgeyo-Marakwet County to register for the mother-and-child health card as part of the November maternal health drive.
HEA_00710,Health,KEMSA appeals to caregivers in Tana River County to attend the scheduled clinic day as part of the February maternal health drive.
HEA_00711,Health,KEMRI encourages mothers in Uasin Gishu County to attend the scheduled clinic day to safeguard their child's health.
HEA_00712,Health,Notice from Kenya Red Cross: free antenatal care clinics will run every February at designated health centres in Machakos County.
HEA_00713,Health,CDC appeals to caregivers in Nakuru County to visit their nearest maternity wing as part of the March maternal health drive.
HEA_00714,Health,Notice from Ministry of Health: skilled birth attendance clinics will run every February at designated health centres in Elgeyo-Marakwet County.
HEA_00715,Health,KEMRI appeals to caregivers in Garissa County to register for the mother-and-child health card as part of the January maternal health drive.
HEA_00716,Health,Kenya Red Cross encourages mothers in Taita-Taveta County to visit their nearest maternity wing to safeguard their child's health.
HEA_00717,Health,Notice from Kenya Medical Association: family planning counselling clinics will run every August at designated health centres in Laikipia County.
HEA_00718,Health,Notice from SHA (Social Health Authority): postnatal check-ups clinics will run every September at designated health centres in Kisumu County.
HEA_00719,Health,Division of Disease Surveillance and Response encourages mothers in Samburu County to register for the mother-and-child health card to safeguard their child's health.
HEA_00720,Health,Ministry of Health appeals to caregivers in Makueni County to bring their child for growth monitoring as part of the August maternal health drive.
HEA_00721,Health,Notice from KEMRI: free antenatal care clinics will run every October at designated health centres in Nyandarua County.
HEA_00722,Health,SHA (Social Health Authority) encourages mothers in Taita-Taveta County to attend the scheduled clinic day to safeguard their child's health.
HEA_00723,Health,KEMRI appeals to caregivers in Bomet County to bring their child for growth monitoring as part of the January maternal health drive.
HEA_00724,Health,CDC appeals to caregivers in Migori County to register for the mother-and-child health card as part of the August maternal health drive.
HEA_00725,Health,Kenya Red Cross appeals to caregivers in Taita-Taveta County to visit their nearest maternity wing as part of the July maternal health drive.
HEA_00726,Health,SHA (Social Health Authority) encourages mothers in Nandi County to register for the mother-and-child health card to safeguard their child's health.
HEA_00727,Health,KEMRI encourages mothers in Mandera County to bring their child for growth monitoring to safeguard their child's health.
HEA_00728,Health,Kenya Medical Association reminds expectant mothers in Tharaka-Nithi County that access to childhood immunization is free of charge at all public facilities.
HEA_00729,Health,Notice from Division of Disease Surveillance and Response: free antenatal care clinics will run every February at designated health centres in Nairobi County.
HEA_00730,Health,CDC appeals to caregivers in Trans Nzoia County to attend the scheduled clinic day as part of the September maternal health drive.
HEA_00731,Health,Notice from CDC: family planning counselling clinics will run every January at designated health centres in Baringo County.
HEA_00732,Health,SHA (Social Health Authority) appeals to caregivers in Uasin Gishu County to register for the mother-and-child health card as part of the March maternal health drive.
HEA_00733,Health,SHA (Social Health Authority) reminds expectant mothers in Kakamega County that access to skilled birth attendance is free of charge at all public facilities.
HEA_00734,Health,Notice from Kenya Medical Association: family planning counselling clinics will run every July at designated health centres in Makueni County.
HEA_00735,Health,Ministry of Health - Reproductive Health Unit appeals to caregivers in Kilifi County to attend the scheduled clinic day as part of the March maternal health drive.
HEA_00736,Health,KEMSA appeals to caregivers in Busia County to bring their child for growth monitoring as part of the October maternal health drive.
HEA_00737,Health,Kenya Medical Association reminds expectant mothers in Kiambu County that access to childhood immunization is free of charge at all public facilities.
HEA_00738,Health,Ministry of Health - Reproductive Health Unit reminds expectant mothers in Nyandarua County that access to free antenatal care is free of charge at all public facilities.
HEA_00739,Health,Notice from Kenya Red Cross: postnatal check-ups clinics will run every May at designated health centres in Kirinyaga County.
HEA_00740,Health,KEMRI reminds expectant mothers in Mandera County that access to family planning counselling is free of charge at all public facilities.
HEA_00741,Health,Division of Disease Surveillance and Response appeals to caregivers in Nyandarua County to bring their child for growth monitoring as part of the December maternal health drive.
HEA_00742,Health,KEMRI reminds expectant mothers in Nandi County that access to postnatal check-ups is free of charge at all public facilities.
HEA_00743,Health,CDC appeals to caregivers in West Pokot County to register for the mother-and-child health card as part of the January maternal health drive.
HEA_00744,Health,Kenya Red Cross reminds expectant mothers in Nyamira County that access to postnatal check-ups is free of charge at all public facilities.
HEA_00745,Health,CDC encourages mothers in Kakamega County to register for the mother-and-child health card to safeguard their child's health.
HEA_00746,Health,KEMRI encourages mothers in Tana River County to visit their nearest maternity wing to safeguard their child's health.
HEA_00747,Health,Ministry of Health appeals to caregivers in West Pokot County to register for the mother-and-child health card as part of the December maternal health drive.
HEA_00748,Health,Notice from Division of Disease Surveillance and Response: postnatal check-ups clinics will run every September at designated health centres in Baringo County.
HEA_00749,Health,Ministry of Health reminds expectant mothers in Machakos County that access to postnatal check-ups is free of charge at all public facilities.
HEA_00750,Health,KEMSA appeals to caregivers in Laikipia County to attend the scheduled clinic day as part of the October maternal health drive.
HEA_00751,Health,Notice from KEMSA: family planning counselling clinics will run every December at designated health centres in Makueni County.
HEA_00752,Health,Kenya Red Cross reminds expectant mothers in Kwale County that access to free antenatal care is free of charge at all public facilities.
HEA_00753,Health,KEMRI encourages mothers in Kitui County to register for the mother-and-child health card to safeguard their child's health.
HEA_00754,Health,Kenya Red Cross encourages mothers in Kisumu County to visit their nearest maternity wing to safeguard their child's health.
HEA_00755,Health,Ministry of Health - Reproductive Health Unit reminds expectant mothers in Mandera County that access to childhood immunization is free of charge at all public facilities.
HEA_00756,Health,KEMRI reminds expectant mothers in Makueni County that access to skilled birth attendance is free of charge at all public facilities.
HEA_00757,Health,Notice from Kenya Medical Association: postnatal check-ups clinics will run every June at designated health centres in Samburu County.
HEA_00758,Health,Notice from KEMRI: family planning counselling clinics will run every May at designated health centres in Baringo County.
HEA_00759,Health,SHA (Social Health Authority) appeals to caregivers in Mombasa County to attend the scheduled clinic day as part of the September maternal health drive.
HEA_00760,Health,Notice from Kenya Red Cross: postnatal check-ups clinics will run every February at designated health centres in Migori County.
HEA_00761,Health,Division of Disease Surveillance and Response reminds expectant mothers in Nyandarua County that access to skilled birth attendance is free of charge at all public facilities.
HEA_00762,Health,Notice from Kenya Red Cross: family planning counselling clinics will run every December at designated health centres in Kisumu County.
HEA_00763,Health,Notice from KEMRI: childhood immunization clinics will run every September at designated health centres in Marsabit County.
HEA_00764,Health,Kenya Medical Association reminds expectant mothers in Homa Bay County that access to family planning counselling is free of charge at all public facilities.
HEA_00765,Health,Ministry of Health encourages mothers in Kisumu County to attend the scheduled clinic day to safeguard their child's health.
HEA_00766,Health,Notice from Kenya Medical Association: family planning counselling clinics will run every July at designated health centres in Trans Nzoia County.
HEA_00767,Health,KEMRI reminds expectant mothers in Kiambu County that access to family planning counselling is free of charge at all public facilities.
HEA_00768,Health,CDC encourages mothers in Siaya County to attend the scheduled clinic day to safeguard their child's health.
HEA_00769,Health,Notice from KEMSA: childhood immunization clinics will run every September at designated health centres in Homa Bay County.
HEA_00770,Health,Notice from SHA (Social Health Authority): family planning counselling clinics will run every March at designated health centres in Laikipia County.
HEA_00771,Health,Notice from CDC: skilled birth attendance clinics will run every November at designated health centres in Meru County.
HEA_00772,Health,KEMRI reminds expectant mothers in Turkana County that access to family planning counselling is free of charge at all public facilities.
HEA_00773,Health,Notice from Kenya Medical Association: skilled birth attendance clinics will run every June at designated health centres in Kiambu County.
HEA_00774,Health,Notice from Ministry of Health - Reproductive Health Unit: free antenatal care clinics will run every August at designated health centres in Wajir County.
HEA_00775,Health,Ministry of Health - Reproductive Health Unit reminds expectant mothers in Tharaka-Nithi County that access to free antenatal care is free of charge at all public facilities.
HEA_00776,Health,CDC appeals to caregivers in Kirinyaga County to visit their nearest maternity wing as part of the July maternal health drive.
HEA_00777,Health,KEMSA encourages mothers in Tharaka-Nithi County to bring their child for growth monitoring to safeguard their child's health.
HEA_00778,Health,KEMSA appeals to caregivers in Murang'a County to register for the mother-and-child health card as part of the December maternal health drive.
HEA_00779,Health,Ministry of Health - Reproductive Health Unit reminds expectant mothers in Kiambu County that access to childhood immunization is free of charge at all public facilities.
HEA_00780,Health,Notice from Ministry of Health: skilled birth attendance clinics will run every August at designated health centres in Mombasa County.
HEA_00781,Health,KEMSA encourages mothers in Kakamega County to bring their child for growth monitoring to safeguard their child's health.
HEA_00782,Health,KEMSA reminds expectant mothers in Busia County that access to family planning counselling is free of charge at all public facilities.
HEA_00783,Health,Kenya Medical Association appeals to caregivers in Elgeyo-Marakwet County to bring their child for growth monitoring as part of the August maternal health drive.
HEA_00784,Health,Ministry of Health reminds expectant mothers in Kericho County that access to family planning counselling is free of charge at all public facilities.
HEA_00785,Health,Notice from Ministry of Health: childhood immunization clinics will run every September at designated health centres in Murang'a County.
HEA_00786,Health,Ministry of Health reminds expectant mothers in Siaya County that access to childhood immunization is free of charge at all public facilities.
HEA_00787,Health,Division of Disease Surveillance and Response encourages mothers in Kirinyaga County to visit their nearest maternity wing to safeguard their child's health.
HEA_00788,Health,CDC appeals to caregivers in Vihiga County to register for the mother-and-child health card as part of the May maternal health drive.
HEA_00789,Health,Ministry of Health reminds expectant mothers in Kirinyaga County that access to postnatal check-ups is free of charge at all public facilities.
HEA_00790,Health,Notice from Kenya Medical Association: skilled birth attendance clinics will run every March at designated health centres in Migori County.
HEA_00791,Health,Division of Disease Surveillance and Response appeals to caregivers in Tharaka-Nithi County to bring their child for growth monitoring as part of the March maternal health drive.
HEA_00792,Health,KEMRI reminds expectant mothers in Kitui County that access to childhood immunization is free of charge at all public facilities.
HEA_00793,Health,Ministry of Health encourages mothers in Vihiga County to register for the mother-and-child health card to safeguard their child's health.
HEA_00794,Health,Division of Disease Surveillance and Response reminds expectant mothers in Nyamira County that access to free antenatal care is free of charge at all public facilities.
HEA_00795,Health,Kenya Red Cross appeals to caregivers in Kericho County to visit their nearest maternity wing as part of the October maternal health drive.
HEA_00796,Health,SHA (Social Health Authority) reminds expectant mothers in Kisumu County that access to free antenatal care is free of charge at all public facilities.
HEA_00797,Health,Kenya Medical Association reminds expectant mothers in Nandi County that access to free antenatal care is free of charge at all public facilities.
HEA_00798,Health,Notice from Ministry of Health - Reproductive Health Unit: childhood immunization clinics will run every March at designated health centres in Kisii County.
HEA_00799,Health,Kenya Red Cross reminds expectant mothers in Uasin Gishu County that access to free antenatal care is free of charge at all public facilities.
HEA_00800,Health,Notice from KEMSA: nutrition supplementation for infants clinics will run every February at designated health centres in Uasin Gishu County.
HEA_00801,Health,Kenya Red Cross reminds expectant mothers in Wajir County that access to postnatal check-ups is free of charge at all public facilities.
HEA_00802,Health,KEMRI encourages mothers in Makueni County to register for the mother-and-child health card to safeguard their child's health.
HEA_00803,Health,Notice from Kenya Medical Association: free antenatal care clinics will run every March at designated health centres in Nyeri County.
HEA_00804,Health,KEMRI appeals to caregivers in Kisii County to attend the scheduled clinic day as part of the August maternal health drive.
HEA_00805,Health,Ministry of Health encourages mothers in Mombasa County to visit their nearest maternity wing to safeguard their child's health.
HEA_00806,Health,Ministry of Health - Reproductive Health Unit reminds expectant mothers in Marsabit County that access to nutrition supplementation for infants is free of charge at all public facilities.
HEA_00807,Health,SHA (Social Health Authority) reminds expectant mothers in Makueni County that access to childhood immunization is free of charge at all public facilities.
HEA_00808,Health,Kenya Red Cross appeals to caregivers in Makueni County to visit their nearest maternity wing as part of the August maternal health drive.
HEA_00809,Health,KEMSA reminds expectant mothers in Kilifi County that access to skilled birth attendance is free of charge at all public facilities.
HEA_00810,Health,Notice from Kenya Medical Association: free antenatal care clinics will run every February at designated health centres in Wajir County.
HEA_00811,Health,KEMSA reminds expectant mothers in Homa Bay County that access to childhood immunization is free of charge at all public facilities.
HEA_00812,Health,Notice from Division of Disease Surveillance and Response: skilled birth attendance clinics will run every October at designated health centres in Nandi County.
HEA_00813,Health,Division of Disease Surveillance and Response reminds expectant mothers in Kiambu County that access to free antenatal care is free of charge at all public facilities.
HEA_00814,Health,Kenya Medical Association appeals to caregivers in Baringo County to bring their child for growth monitoring as part of the May maternal health drive.
HEA_00815,Health,Kenya Medical Association appeals to caregivers in Kisumu County to visit their nearest maternity wing as part of the March maternal health drive.
HEA_00816,Health,Ministry of Health encourages mothers in Isiolo County to bring their child for growth monitoring to safeguard their child's health.
HEA_00817,Health,Ministry of Health - Reproductive Health Unit appeals to caregivers in Meru County to bring their child for growth monitoring as part of the October maternal health drive.
HEA_00818,Health,Notice from Ministry of Health: childhood immunization clinics will run every December at designated health centres in Migori County.
HEA_00819,Health,Ministry of Health - Reproductive Health Unit appeals to caregivers in Wajir County to bring their child for growth monitoring as part of the July maternal health drive.
HEA_00820,Health,SHA (Social Health Authority) reminds expectant mothers in Makueni County that access to skilled birth attendance is free of charge at all public facilities.
HEA_00821,Health,Division of Disease Surveillance and Response encourages mothers in Kajiado County to visit their nearest maternity wing to safeguard their child's health.
HEA_00822,Health,KEMRI appeals to caregivers in Laikipia County to bring their child for growth monitoring as part of the June maternal health drive.
HEA_00823,Health,CDC encourages mothers in Busia County to visit their nearest maternity wing to safeguard their child's health.
HEA_00824,Health,CDC encourages mothers in Laikipia County to register for the mother-and-child health card to safeguard their child's health.
HEA_00825,Health,Ministry of Health - Reproductive Health Unit reminds expectant mothers in Murang'a County that access to skilled birth attendance is free of charge at all public facilities.
HEA_00826,Health,Notice from Ministry of Health: nutrition supplementation for infants clinics will run every April at designated health centres in Narok County.
HEA_00827,Health,Kenya Medical Association appeals to caregivers in Machakos County to bring their child for growth monitoring as part of the February maternal health drive.
HEA_00828,Health,Ministry of Health - Reproductive Health Unit appeals to caregivers in Taita-Taveta County to bring their child for growth monitoring as part of the August maternal health drive.
HEA_00829,Health,Notice from SHA (Social Health Authority): family planning counselling clinics will run every December at designated health centres in Nakuru County.
HEA_00830,Health,SHA (Social Health Authority) reminds expectant mothers in Trans Nzoia County that access to free antenatal care is free of charge at all public facilities.
HEA_00831,Health,SHA (Social Health Authority) reminds expectant mothers in Bungoma County that access to family planning counselling is free of charge at all public facilities.
HEA_00832,Health,Notice from CDC: family planning counselling clinics will run every April at designated health centres in Bomet County.
HEA_00833,Health,Division of Disease Surveillance and Response appeals to caregivers in West Pokot County to register for the mother-and-child health card as part of the January maternal health drive.
HEA_00834,Health,Division of Disease Surveillance and Response appeals to caregivers in Bomet County to bring their child for growth monitoring as part of the October maternal health drive.
HEA_00835,Health,Notice from Ministry of Health - Reproductive Health Unit: family planning counselling clinics will run every February at designated health centres in Wajir County.
HEA_00836,Health,Ministry of Health encourages mothers in Kiambu County to attend the scheduled clinic day to safeguard their child's health.
HEA_00837,Health,Notice from SHA (Social Health Authority): postnatal check-ups clinics will run every March at designated health centres in Kilifi County.
HEA_00838,Health,Kenya Medical Association encourages mothers in Garissa County to register for the mother-and-child health card to safeguard their child's health.
HEA_00839,Health,SHA (Social Health Authority) encourages mothers in Trans Nzoia County to bring their child for growth monitoring to safeguard their child's health.
HEA_00840,Health,Division of Disease Surveillance and Response encourages mothers in Garissa County to visit their nearest maternity wing to safeguard their child's health.
HEA_00841,Health,Ministry of Health - Reproductive Health Unit reminds expectant mothers in Baringo County that access to nutrition supplementation for infants is free of charge at all public facilities.
HEA_00842,Health,Ministry of Health - Reproductive Health Unit encourages mothers in Mombasa County to visit their nearest maternity wing to safeguard their child's health.
HEA_00843,Health,Ministry of Health - Reproductive Health Unit appeals to caregivers in Narok County to register for the mother-and-child health card as part of the March maternal health drive.
HEA_00844,Health,SHA (Social Health Authority) encourages mothers in Samburu County to attend the scheduled clinic day to safeguard their child's health.
HEA_00845,Health,Kenya Medical Association appeals to caregivers in Bungoma County to register for the mother-and-child health card as part of the December maternal health drive.
HEA_00846,Health,Notice from Kenya Medical Association: postnatal check-ups clinics will run every May at designated health centres in Kiambu County.
HEA_00847,Health,KEMSA encourages mothers in Uasin Gishu County to attend the scheduled clinic day to safeguard their child's health.
HEA_00848,Health,Notice from CDC: childhood immunization clinics will run every April at designated health centres in Siaya County.
HEA_00849,Health,Kenya Red Cross encourages mothers in Migori County to register for the mother-and-child health card to safeguard their child's health.
HEA_00850,Health,CDC encourages mothers in Kericho County to attend the scheduled clinic day to safeguard their child's health.
HEA_00851,Health,Division of Disease Surveillance and Response reminds expectant mothers in Bomet County that access to nutrition supplementation for infants is free of charge at all public facilities.
HEA_00852,Health,CDC appeals to caregivers in Nyeri County to visit their nearest maternity wing as part of the July maternal health drive.
HEA_00853,Health,Ministry of Health reminds expectant mothers in Samburu County that access to free antenatal care is free of charge at all public facilities.
HEA_00854,Health,KEMRI reminds expectant mothers in Nyandarua County that access to skilled birth attendance is free of charge at all public facilities.
HEA_00855,Health,Notice from KEMSA: skilled birth attendance clinics will run every December at designated health centres in Tana River County.
HEA_00856,Health,CDC encourages mothers in Kilifi County to bring their child for growth monitoring to safeguard their child's health.
HEA_00857,Health,CDC reminds expectant mothers in Kitui County that access to family planning counselling is free of charge at all public facilities.
HEA_00858,Health,KEMRI appeals to caregivers in Narok County to attend the scheduled clinic day as part of the December maternal health drive.
HEA_00859,Health,Kenya Medical Association reminds expectant mothers in Samburu County that access to family planning counselling is free of charge at all public facilities.
HEA_00860,Health,Notice from CDC: family planning counselling clinics will run every January at designated health centres in Tana River County.
HEA_00861,Health,Notice from KEMRI: childhood immunization clinics will run every August at designated health centres in Busia County.
HEA_00862,Health,Notice from CDC: family planning counselling clinics will run every April at designated health centres in Bungoma County.
HEA_00863,Health,Kenya Red Cross encourages mothers in Nandi County to visit their nearest maternity wing to safeguard their child's health.
HEA_00864,Health,KEMSA encourages mothers in Narok County to bring their child for growth monitoring to safeguard their child's health.
HEA_00865,Health,Kenya Medical Association reminds expectant mothers in Nyandarua County that access to skilled birth attendance is free of charge at all public facilities.
HEA_00866,Health,KEMSA encourages mothers in Vihiga County to visit their nearest maternity wing to safeguard their child's health.
HEA_00867,Health,Notice from Ministry of Health - Reproductive Health Unit: free antenatal care clinics will run every March at designated health centres in Nyamira County.
HEA_00868,Health,Division of Disease Surveillance and Response encourages mothers in Bungoma County to attend the scheduled clinic day to safeguard their child's health.
HEA_00869,Health,CDC appeals to caregivers in Turkana County to attend the scheduled clinic day as part of the February maternal health drive.
HEA_00870,Health,KEMSA encourages mothers in Kajiado County to register for the mother-and-child health card to safeguard their child's health.
HEA_00871,Health,CDC appeals to caregivers in Kericho County to visit their nearest maternity wing as part of the July maternal health drive.
HEA_00872,Health,Notice from KEMRI: skilled birth attendance clinics will run every November at designated health centres in Embu County.
HEA_00873,Health,Notice from Division of Disease Surveillance and Response: nutrition supplementation for infants clinics will run every April at designated health centres in Nyeri County.
HEA_00874,Health,CDC appeals to caregivers in Kisumu County to visit their nearest maternity wing as part of the January maternal health drive.
HEA_00875,Health,Notice from Ministry of Health - Reproductive Health Unit: nutrition supplementation for infants clinics will run every November at designated health centres in Machakos County.
HEA_00876,Health,Ministry of Health encourages mothers in Migori County to bring their child for growth monitoring to safeguard their child's health.
HEA_00877,Health,Kenya Medical Association reminds expectant mothers in Makueni County that access to family planning counselling is free of charge at all public facilities.
HEA_00878,Health,Notice from Ministry of Health: nutrition supplementation for infants clinics will run every June at designated health centres in Kajiado County.
HEA_00879,Health,Ministry of Health - Reproductive Health Unit appeals to caregivers in Kilifi County to register for the mother-and-child health card as part of the May maternal health drive.
HEA_00880,Health,Notice from CDC: childhood immunization clinics will run every February at designated health centres in Taita-Taveta County.
HEA_00881,Health,SHA (Social Health Authority) reminds expectant mothers in Embu County that access to family planning counselling is free of charge at all public facilities.
HEA_00882,Health,Kenya Medical Association encourages mothers in Garissa County to bring their child for growth monitoring to safeguard their child's health.
HEA_00883,Health,KEMSA reminds expectant mothers in Kwale County that access to family planning counselling is free of charge at all public facilities.
HEA_00884,Health,Notice from Ministry of Health: free antenatal care clinics will run every February at designated health centres in Taita-Taveta County.
HEA_00885,Health,Kenya Red Cross encourages mothers in Bomet County to register for the mother-and-child health card to safeguard their child's health.
HEA_00886,Health,Notice from Kenya Medical Association: family planning counselling clinics will run every August at designated health centres in Samburu County.
HEA_00887,Health,Kenya Medical Association appeals to caregivers in Murang'a County to bring their child for growth monitoring as part of the January maternal health drive.
HEA_00888,Health,CDC reminds expectant mothers in Mombasa County that access to family planning counselling is free of charge at all public facilities.
HEA_00889,Health,Ministry of Health reminds expectant mothers in Kisii County that access to skilled birth attendance is free of charge at all public facilities.
HEA_00890,Health,Kenya Red Cross reminds expectant mothers in Migori County that access to nutrition supplementation for infants is free of charge at all public facilities.
HEA_00891,Health,Kenya Red Cross reminds expectant mothers in Nandi County that access to postnatal check-ups is free of charge at all public facilities.
HEA_00892,Health,Ministry of Health - Reproductive Health Unit reminds expectant mothers in Isiolo County that access to childhood immunization is free of charge at all public facilities.
HEA_00893,Health,Kenya Medical Association encourages mothers in Kericho County to register for the mother-and-child health card to safeguard their child's health.
HEA_00894,Health,Notice from Division of Disease Surveillance and Response: nutrition supplementation for infants clinics will run every September at designated health centres in Mombasa County.
HEA_00895,Health,SHA (Social Health Authority) encourages mothers in Kilifi County to bring their child for growth monitoring to safeguard their child's health.
HEA_00896,Health,Kenya Red Cross reminds expectant mothers in Embu County that access to family planning counselling is free of charge at all public facilities.
HEA_00897,Health,Notice from KEMRI: nutrition supplementation for infants clinics will run every November at designated health centres in Uasin Gishu County.
HEA_00898,Health,KEMSA encourages mothers in Meru County to attend the scheduled clinic day to safeguard their child's health.
HEA_00899,Health,SHA (Social Health Authority) encourages mothers in Meru County to visit their nearest maternity wing to safeguard their child's health.
HEA_00900,Health,CDC appeals to caregivers in Lamu County to visit their nearest maternity wing as part of the May maternal health drive.
HEA_00901,Health,Notice from SHA (Social Health Authority): nutrition supplementation for infants clinics will run every December at designated health centres in Tharaka-Nithi County.
HEA_00902,Health,Division of Disease Surveillance and Response appeals to caregivers in Turkana County to register for the mother-and-child health card as part of the March maternal health drive.
HEA_00903,Health,Kenya Red Cross reminds expectant mothers in Busia County that access to childhood immunization is free of charge at all public facilities.
HEA_00904,Health,Notice from Ministry of Health - Reproductive Health Unit: nutrition supplementation for infants clinics will run every June at designated health centres in Nandi County.
HEA_00905,Health,Notice from KEMSA: skilled birth attendance clinics will run every October at designated health centres in Kakamega County.
HEA_00906,Health,Notice from Kenya Medical Association: skilled birth attendance clinics will run every January at designated health centres in Isiolo County.
HEA_00907,Health,KEMRI encourages mothers in Nyamira County to bring their child for growth monitoring to safeguard their child's health.
HEA_00908,Health,Notice from Division of Disease Surveillance and Response: family planning counselling clinics will run every November at designated health centres in Mandera County.
HEA_00909,Health,Notice from Ministry of Health - Reproductive Health Unit: skilled birth attendance clinics will run every August at designated health centres in Baringo County.
HEA_00910,Health,Notice from Ministry of Health - Reproductive Health Unit: childhood immunization clinics will run every February at designated health centres in Bomet County.
HEA_00911,Health,Kenya Red Cross reminds expectant mothers in Mandera County that access to childhood immunization is free of charge at all public facilities.
HEA_00912,Health,Notice from SHA (Social Health Authority): free antenatal care clinics will run every February at designated health centres in Nairobi County.
HEA_00913,Health,Kenya Medical Association reminds expectant mothers in Vihiga County that access to free antenatal care is free of charge at all public facilities.
HEA_00914,Health,Notice from CDC: family planning counselling clinics will run every August at designated health centres in Kericho County.
HEA_00915,Health,Division of Disease Surveillance and Response encourages mothers in Trans Nzoia County to attend the scheduled clinic day to safeguard their child's health.
HEA_00916,Health,Ministry of Health - Reproductive Health Unit encourages mothers in Narok County to visit their nearest maternity wing to safeguard their child's health.
HEA_00917,Health,Division of Disease Surveillance and Response appeals to caregivers in Narok County to register for the mother-and-child health card as part of the January maternal health drive.
HEA_00918,Health,CDC encourages mothers in Mandera County to register for the mother-and-child health card to safeguard their child's health.
HEA_00919,Health,KEMSA encourages mothers in Nairobi County to attend the scheduled clinic day to safeguard their child's health.
HEA_00920,Health,KEMRI reminds expectant mothers in Nakuru County that access to free antenatal care is free of charge at all public facilities.
HEA_00921,Health,Notice from Division of Disease Surveillance and Response: family planning counselling clinics will run every January at designated health centres in Kitui County.
HEA_00922,Health,CDC encourages mothers in West Pokot County to bring their child for growth monitoring to safeguard their child's health.
HEA_00923,Health,Ministry of Health appeals to caregivers in Kilifi County to attend the scheduled clinic day as part of the November maternal health drive.
HEA_00924,Health,CDC reminds expectant mothers in Siaya County that access to family planning counselling is free of charge at all public facilities.
HEA_00925,Health,Notice from CDC: postnatal check-ups clinics will run every March at designated health centres in Kakamega County.
HEA_00926,Health,Division of Disease Surveillance and Response appeals to caregivers in Vihiga County to visit their nearest maternity wing as part of the November maternal health drive.
HEA_00927,Health,Notice from Kenya Medical Association: postnatal check-ups clinics will run every September at designated health centres in Kitui County.
HEA_00928,Health,Notice from Division of Disease Surveillance and Response: nutrition supplementation for infants clinics will run every August at designated health centres in Nakuru County.
HEA_00929,Health,CDC reminds expectant mothers in Mandera County that access to childhood immunization is free of charge at all public facilities.
HEA_00930,Health,SHA (Social Health Authority) encourages mothers in Narok County to attend the scheduled clinic day to safeguard their child's health.
HEA_00931,Health,KEMRI reminds expectant mothers in Uasin Gishu County that access to family planning counselling is free of charge at all public facilities.
HEA_00932,Health,Ministry of Health - Reproductive Health Unit reminds expectant mothers in Migori County that access to postnatal check-ups is free of charge at all public facilities.
HEA_00933,Health,KEMSA encourages mothers in Kisumu County to visit their nearest maternity wing to safeguard their child's health.
HEA_00934,Health,Ministry of Health encourages mothers in Mandera County to register for the mother-and-child health card to safeguard their child's health.
HEA_00935,Health,CDC encourages mothers in Kilifi County to register for the mother-and-child health card to safeguard their child's health.
HEA_00936,Health,KEMSA reminds expectant mothers in Makueni County that access to nutrition supplementation for infants is free of charge at all public facilities.
HEA_00937,Health,Ministry of Health appeals to caregivers in Nairobi County to attend the scheduled clinic day as part of the December maternal health drive.
HEA_00938,Health,KEMSA appeals to caregivers in Kitui County to register for the mother-and-child health card as part of the July maternal health drive.
HEA_00939,Health,CDC encourages mothers in Makueni County to attend the scheduled clinic day to safeguard their child's health.
HEA_00940,Health,SHA (Social Health Authority) appeals to caregivers in Kitui County to bring their child for growth monitoring as part of the July maternal health drive.
HEA_00941,Health,SHA (Social Health Authority) encourages mothers in Kwale County to bring their child for growth monitoring to safeguard their child's health.
HEA_00942,Health,SHA (Social Health Authority) reminds expectant mothers in Laikipia County that access to childhood immunization is free of charge at all public facilities.
HEA_00943,Health,Kenya Medical Association reminds expectant mothers in Kajiado County that access to skilled birth attendance is free of charge at all public facilities.
HEA_00944,Health,CDC reminds expectant mothers in Elgeyo-Marakwet County that access to postnatal check-ups is free of charge at all public facilities.
HEA_00945,Health,Division of Disease Surveillance and Response appeals to caregivers in Vihiga County to visit their nearest maternity wing as part of the December maternal health drive.
HEA_00946,Health,KEMSA appeals to caregivers in Makueni County to register for the mother-and-child health card as part of the August maternal health drive.
HEA_00947,Health,Kenya Red Cross reminds expectant mothers in Bungoma County that access to postnatal check-ups is free of charge at all public facilities.
HEA_00948,Health,Notice from KEMRI: family planning counselling clinics will run every December at designated health centres in Mombasa County.
HEA_00949,Health,CDC reminds expectant mothers in Wajir County that access to free antenatal care is free of charge at all public facilities.
HEA_00950,Health,KEMRI appeals to caregivers in Kisii County to bring their child for growth monitoring as part of the June maternal health drive.
HEA_00951,Health,Notice from SHA (Social Health Authority): family planning counselling clinics will run every July at designated health centres in Marsabit County.
HEA_00952,Health,Notice from Kenya Red Cross: nutrition supplementation for infants clinics will run every July at designated health centres in Kericho County.
HEA_00953,Health,Notice from Kenya Red Cross: childhood immunization clinics will run every July at designated health centres in Migori County.
HEA_00954,Health,CDC appeals to caregivers in Bomet County to register for the mother-and-child health card as part of the August maternal health drive.
HEA_00955,Health,Notice from CDC: skilled birth attendance clinics will run every August at designated health centres in Bomet County.
HEA_00956,Health,Notice from Division of Disease Surveillance and Response: family planning counselling clinics will run every July at designated health centres in Nyamira County.
HEA_00957,Health,SHA (Social Health Authority) encourages mothers in Kitui County to register for the mother-and-child health card to safeguard their child's health.
HEA_00958,Health,KEMRI reminds expectant mothers in Narok County that access to skilled birth attendance is free of charge at all public facilities.
HEA_00959,Health,KEMSA reminds expectant mothers in Samburu County that access to free antenatal care is free of charge at all public facilities.
HEA_00960,Health,KEMSA reminds expectant mothers in Laikipia County that access to postnatal check-ups is free of charge at all public facilities.
HEA_00961,Health,Ministry of Health reminds expectant mothers in Nairobi County that access to postnatal check-ups is free of charge at all public facilities.
HEA_00962,Health,Notice from Ministry of Health: postnatal check-ups clinics will run every November at designated health centres in Meru County.
HEA_00963,Health,Ministry of Health appeals to caregivers in Tharaka-Nithi County to attend the scheduled clinic day as part of the November maternal health drive.
HEA_00964,Health,Ministry of Health encourages mothers in Bungoma County to register for the mother-and-child health card to safeguard their child's health.
HEA_00965,Health,Ministry of Health encourages mothers in West Pokot County to visit their nearest maternity wing to safeguard their child's health.
HEA_00966,Health,SHA (Social Health Authority) encourages mothers in Nyandarua County to attend the scheduled clinic day to safeguard their child's health.
HEA_00967,Health,Kenya Medical Association appeals to caregivers in Vihiga County to visit their nearest maternity wing as part of the April maternal health drive.
HEA_00968,Health,SHA (Social Health Authority) reminds expectant mothers in Bomet County that access to family planning counselling is free of charge at all public facilities.
HEA_00969,Health,Notice from Division of Disease Surveillance and Response: nutrition supplementation for infants clinics will run every April at designated health centres in Nyandarua County.
HEA_00970,Health,Ministry of Health - Reproductive Health Unit encourages mothers in Trans Nzoia County to visit their nearest maternity wing to safeguard their child's health.
HEA_00971,Health,Notice from KEMSA: free antenatal care clinics will run every September at designated health centres in Uasin Gishu County.
HEA_00972,Health,CDC reminds expectant mothers in Nyeri County that access to free antenatal care is free of charge at all public facilities.
HEA_00973,Health,Notice from CDC: family planning counselling clinics will run every May at designated health centres in Kakamega County.
HEA_00974,Health,Kenya Medical Association appeals to caregivers in Kakamega County to register for the mother-and-child health card as part of the August maternal health drive.
HEA_00975,Health,Notice from Ministry of Health - Reproductive Health Unit: nutrition supplementation for infants clinics will run every August at designated health centres in Migori County.
HEA_00976,Health,Ministry of Health - Reproductive Health Unit reminds expectant mothers in Wajir County that access to free antenatal care is free of charge at all public facilities.
HEA_00977,Health,KEMRI appeals to caregivers in Migori County to register for the mother-and-child health card as part of the December maternal health drive.
HEA_00978,Health,Notice from Kenya Medical Association: nutrition supplementation for infants clinics will run every September at designated health centres in Turkana County.
HEA_00979,Health,Kenya Red Cross reminds expectant mothers in Machakos County that access to free antenatal care is free of charge at all public facilities.
HEA_00980,Health,Division of Disease Surveillance and Response appeals to caregivers in Lamu County to register for the mother-and-child health card as part of the September maternal health drive.
HEA_00981,Health,Division of Disease Surveillance and Response appeals to caregivers in Turkana County to attend the scheduled clinic day as part of the April maternal health drive.
HEA_00982,Health,KEMRI encourages mothers in Nakuru County to register for the mother-and-child health card to safeguard their child's health.
HEA_00983,Health,KEMRI encourages mothers in Busia County to register for the mother-and-child health card to safeguard their child's health.
HEA_00984,Health,SHA (Social Health Authority) reminds expectant mothers in Taita-Taveta County that access to family planning counselling is free of charge at all public facilities.
HEA_00985,Health,Ministry of Health appeals to caregivers in Kericho County to bring their child for growth monitoring as part of the January maternal health drive.
HEA_00986,Health,Notice from Division of Disease Surveillance and Response: skilled birth attendance clinics will run every October at designated health centres in Nakuru County.
HEA_00987,Health,KEMSA appeals to caregivers in Narok County to bring their child for growth monitoring as part of the May maternal health drive.
HEA_00988,Health,KEMSA encourages mothers in Tana River County to bring their child for growth monitoring to safeguard their child's health.
HEA_00989,Health,CDC appeals to caregivers in Kilifi County to attend the scheduled clinic day as part of the September maternal health drive.
HEA_00990,Health,KEMSA appeals to caregivers in Baringo County to bring their child for growth monitoring as part of the February maternal health drive.
HEA_00991,Health,Notice from Ministry of Health: childhood immunization clinics will run every November at designated health centres in Mombasa County.
HEA_00992,Health,SHA (Social Health Authority) appeals to caregivers in Murang'a County to attend the scheduled clinic day as part of the June maternal health drive.
HEA_00993,Health,Division of Disease Surveillance and Response appeals to caregivers in West Pokot County to bring their child for growth monitoring as part of the March maternal health drive.
HEA_00994,Health,KEMRI appeals to caregivers in Uasin Gishu County to attend the scheduled clinic day as part of the December maternal health drive.
HEA_00995,Health,Notice from Kenya Medical Association: childhood immunization clinics will run every August at designated health centres in Nyandarua County.
HEA_00996,Health,KEMRI encourages mothers in Garissa County to attend the scheduled clinic day to safeguard their child's health.
HEA_00997,Health,CDC encourages mothers in Elgeyo-Marakwet County to register for the mother-and-child health card to safeguard their child's health.
HEA_00998,Health,KEMSA encourages mothers in Laikipia County to register for the mother-and-child health card to safeguard their child's health.
HEA_00999,Health,Ministry of Health - Reproductive Health Unit appeals to caregivers in Mandera County to attend the scheduled clinic day as part of the November maternal health drive.
HEA_01000,Health,Kenya Red Cross appeals to caregivers in Makueni County to visit their nearest maternity wing as part of the September maternal health drive.
HEA_01001,Health,SHA (Social Health Authority) appeals to caregivers in Kisii County to visit their nearest maternity wing as part of the March maternal health drive.
HEA_01002,Health,Kenya Red Cross encourages mothers in Laikipia County to visit their nearest maternity wing to safeguard their child's health.
HEA_01003,Health,Division of Disease Surveillance and Response appeals to caregivers in Makueni County to attend the scheduled clinic day as part of the June maternal health drive.
HEA_01004,Health,Notice from Division of Disease Surveillance and Response: free antenatal care clinics will run every July at designated health centres in Kwale County.
HEA_01005,Health,Notice from KEMRI: family planning counselling clinics will run every October at designated health centres in Kakamega County.
HEA_01006,Health,Kenya Red Cross encourages mothers in Turkana County to bring their child for growth monitoring to safeguard their child's health.
HEA_01007,Health,SHA (Social Health Authority) appeals to caregivers in Samburu County to attend the scheduled clinic day as part of the October maternal health drive.
HEA_01008,Health,KEMSA appeals to caregivers in Isiolo County to attend the scheduled clinic day as part of the November maternal health drive.
HEA_01009,Health,Kenya Medical Association appeals to caregivers in Lamu County to register for the mother-and-child health card as part of the February maternal health drive.
HEA_01010,Health,Notice from KEMRI: family planning counselling clinics will run every June at designated health centres in Murang'a County.
HEA_01011,Health,Notice from Kenya Red Cross: postnatal check-ups clinics will run every November at designated health centres in Bungoma County.
HEA_01012,Health,Notice from Ministry of Health - Reproductive Health Unit: nutrition supplementation for infants clinics will run every December at designated health centres in West Pokot County.
HEA_01013,Health,Kenya Medical Association appeals to caregivers in Isiolo County to visit their nearest maternity wing as part of the March maternal health drive.
HEA_01014,Health,KEMRI encourages mothers in Homa Bay County to visit their nearest maternity wing to safeguard their child's health.
HEA_01015,Health,KEMSA encourages mothers in Trans Nzoia County to visit their nearest maternity wing to safeguard their child's health.
HEA_01016,Health,Ministry of Health - Reproductive Health Unit reminds expectant mothers in Bomet County that access to free antenatal care is free of charge at all public facilities.
HEA_01017,Health,CDC appeals to caregivers in Taita-Taveta County to attend the scheduled clinic day as part of the February maternal health drive.
HEA_01018,Health,SHA (Social Health Authority) encourages mothers in Kisumu County to attend the scheduled clinic day to safeguard their child's health.
HEA_01019,Health,KEMRI encourages mothers in Nyeri County to register for the mother-and-child health card to safeguard their child's health.
HEA_01020,Health,CDC encourages mothers in Isiolo County to visit their nearest maternity wing to safeguard their child's health.
HEA_01021,Health,Notice from Division of Disease Surveillance and Response: nutrition supplementation for infants clinics will run every August at designated health centres in Laikipia County.
HEA_01022,Health,Notice from CDC: family planning counselling clinics will run every March at designated health centres in Nandi County.
HEA_01023,Health,Ministry of Health - Reproductive Health Unit encourages mothers in Siaya County to bring their child for growth monitoring to safeguard their child's health.
HEA_01024,Health,Notice from Division of Disease Surveillance and Response: childhood immunization clinics will run every September at designated health centres in Laikipia County.
HEA_01025,Health,Ministry of Health - Reproductive Health Unit reminds expectant mothers in Kirinyaga County that access to postnatal check-ups is free of charge at all public facilities.
HEA_01026,Health,Notice from KEMSA: free antenatal care clinics will run every January at designated health centres in Kirinyaga County.
HEA_01027,Health,Division of Disease Surveillance and Response encourages mothers in Nyeri County to visit their nearest maternity wing to safeguard their child's health.
HEA_01028,Health,Ministry of Health - Reproductive Health Unit appeals to caregivers in Kirinyaga County to bring their child for growth monitoring as part of the January maternal health drive.
HEA_01029,Health,Notice from KEMRI: skilled birth attendance clinics will run every September at designated health centres in Mombasa County.
HEA_01030,Health,Kenya Medical Association encourages mothers in Bomet County to bring their child for growth monitoring to safeguard their child's health.
HEA_01031,Health,KEMSA encourages mothers in Nyamira County to bring their child for growth monitoring to safeguard their child's health.
HEA_01032,Health,KEMRI appeals to caregivers in Makueni County to bring their child for growth monitoring as part of the February maternal health drive.
HEA_01033,Health,CDC encourages mothers in Busia County to attend the scheduled clinic day to safeguard their child's health.
HEA_01034,Health,Notice from CDC: childhood immunization clinics will run every July at designated health centres in Nyandarua County.
HEA_01035,Health,KEMSA reminds expectant mothers in Mandera County that access to free antenatal care is free of charge at all public facilities.
HEA_01036,Health,Ministry of Health - Reproductive Health Unit appeals to caregivers in Nyandarua County to bring their child for growth monitoring as part of the December maternal health drive.
HEA_01037,Health,Division of Disease Surveillance and Response encourages mothers in Kwale County to visit their nearest maternity wing to safeguard their child's health.
HEA_01038,Health,KEMSA reminds expectant mothers in Garissa County that access to skilled birth attendance is free of charge at all public facilities.
HEA_01039,Health,Ministry of Health - Reproductive Health Unit encourages mothers in Nairobi County to register for the mother-and-child health card to safeguard their child's health.
HEA_01040,Health,KEMSA reminds expectant mothers in Mombasa County that access to childhood immunization is free of charge at all public facilities.
HEA_01041,Health,Notice from Kenya Medical Association: skilled birth attendance clinics will run every August at designated health centres in Kirinyaga County.
HEA_01042,Health,Ministry of Health appeals to caregivers in Kiambu County to register for the mother-and-child health card as part of the February maternal health drive.
HEA_01043,Health,Kenya Red Cross reminds expectant mothers in Trans Nzoia County that access to nutrition supplementation for infants is free of charge at all public facilities.
HEA_01044,Health,KEMSA appeals to caregivers in Tharaka-Nithi County to bring their child for growth monitoring as part of the May maternal health drive.
HEA_01045,Health,SHA (Social Health Authority) reminds expectant mothers in Nyamira County that access to postnatal check-ups is free of charge at all public facilities.
HEA_01046,Health,KEMRI appeals to caregivers in Kilifi County to bring their child for growth monitoring as part of the April maternal health drive.
HEA_01047,Health,CDC reminds expectant mothers in Homa Bay County that access to postnatal check-ups is free of charge at all public facilities.
HEA_01048,Health,Kenya Red Cross appeals to caregivers in Murang'a County to visit their nearest maternity wing as part of the March maternal health drive.
HEA_01049,Health,Kenya Red Cross reminds expectant mothers in Laikipia County that access to skilled birth attendance is free of charge at all public facilities.
HEA_01050,Health,Division of Disease Surveillance and Response encourages mothers in Tana River County to register for the mother-and-child health card to safeguard their child's health.
HEA_01051,Health,KEMRI reminds expectant mothers in Siaya County that access to skilled birth attendance is free of charge at all public facilities.
HEA_01052,Health,KEMSA reminds expectant mothers in Nyandarua County that access to free antenatal care is free of charge at all public facilities.
HEA_01053,Health,KEMRI appeals to caregivers in Mombasa County to bring their child for growth monitoring as part of the January maternal health drive.
HEA_01054,Health,Division of Disease Surveillance and Response encourages mothers in Taita-Taveta County to register for the mother-and-child health card to safeguard their child's health.
HEA_01055,Health,SHA (Social Health Authority) appeals to caregivers in Migori County to attend the scheduled clinic day as part of the October maternal health drive.
HEA_01056,Health,Ministry of Health reminds expectant mothers in Turkana County that access to childhood immunization is free of charge at all public facilities.
HEA_01057,Health,KEMSA reminds expectant mothers in Nakuru County that access to skilled birth attendance is free of charge at all public facilities.
HEA_01058,Health,Notice from Ministry of Health - Reproductive Health Unit: free antenatal care clinics will run every April at designated health centres in Nairobi County.
HEA_01059,Health,Division of Disease Surveillance and Response appeals to caregivers in Nairobi County to attend the scheduled clinic day as part of the March maternal health drive.
HEA_01060,Health,Ministry of Health - Reproductive Health Unit reminds expectant mothers in Nyamira County that access to nutrition supplementation for infants is free of charge at all public facilities.
HEA_01061,Health,Notice from CDC: childhood immunization clinics will run every August at designated health centres in Kisii County.
HEA_01062,Health,CDC encourages mothers in Turkana County to bring their child for growth monitoring to safeguard their child's health.
HEA_01063,Health,Notice from CDC: nutrition supplementation for infants clinics will run every February at designated health centres in Isiolo County.
HEA_01064,Health,Ministry of Health - Reproductive Health Unit encourages mothers in Nyeri County to attend the scheduled clinic day to safeguard their child's health.
HEA_01065,Health,Ministry of Health appeals to caregivers in Siaya County to bring their child for growth monitoring as part of the September maternal health drive.
HEA_01066,Health,Ministry of Health encourages mothers in Busia County to register for the mother-and-child health card to safeguard their child's health.
HEA_01067,Health,Notice from SHA (Social Health Authority): postnatal check-ups clinics will run every September at designated health centres in Homa Bay County.
HEA_01068,Health,CDC encourages mothers in Migori County to register for the mother-and-child health card to safeguard their child's health.
HEA_01069,Health,Notice from Division of Disease Surveillance and Response: skilled birth attendance clinics will run every November at designated health centres in Uasin Gishu County.
HEA_01070,Health,SHA (Social Health Authority) reminds expectant mothers in Kajiado County that access to free antenatal care is free of charge at all public facilities.
HEA_01071,Health,KEMSA reminds expectant mothers in Meru County that access to childhood immunization is free of charge at all public facilities.
HEA_01072,Health,Ministry of Health - Reproductive Health Unit appeals to caregivers in Kajiado County to attend the scheduled clinic day as part of the October maternal health drive.
HEA_01073,Health,Division of Disease Surveillance and Response reminds expectant mothers in Kitui County that access to family planning counselling is free of charge at all public facilities.
HEA_01074,Health,Ministry of Health reminds expectant mothers in Embu County that access to postnatal check-ups is free of charge at all public facilities.
HEA_01075,Health,Ministry of Health - Reproductive Health Unit reminds expectant mothers in Siaya County that access to skilled birth attendance is free of charge at all public facilities.
HEA_01076,Health,Division of Disease Surveillance and Response appeals to caregivers in Nyamira County to attend the scheduled clinic day as part of the January maternal health drive.
HEA_01077,Health,SHA (Social Health Authority) reminds expectant mothers in Kirinyaga County that access to childhood immunization is free of charge at all public facilities.
HEA_01078,Health,SHA (Social Health Authority) reminds expectant mothers in Nairobi County that access to nutrition supplementation for infants is free of charge at all public facilities.
HEA_01079,Health,KEMRI appeals to caregivers in Tharaka-Nithi County to register for the mother-and-child health card as part of the September maternal health drive.
HEA_01080,Health,CDC encourages mothers in Bomet County to visit their nearest maternity wing to safeguard their child's health.
HEA_01081,Health,Notice from Ministry of Health - Reproductive Health Unit: postnatal check-ups clinics will run every November at designated health centres in Kisii County.
HEA_01082,Health,KEMSA reminds expectant mothers in Meru County that access to postnatal check-ups is free of charge at all public facilities.
HEA_01083,Health,Notice from KEMSA: postnatal check-ups clinics will run every October at designated health centres in Kericho County.
HEA_01084,Health,Notice from Division of Disease Surveillance and Response: skilled birth attendance clinics will run every June at designated health centres in Bomet County.
HEA_01085,Health,Kenya Medical Association appeals to caregivers in Nairobi County to register for the mother-and-child health card as part of the June maternal health drive.
HEA_01086,Health,Kenya Medical Association encourages mothers in Bomet County to attend the scheduled clinic day to safeguard their child's health.
HEA_01087,Health,Notice from Ministry of Health - Reproductive Health Unit: free antenatal care clinics will run every July at designated health centres in Nandi County.
HEA_01088,Health,Kenya Red Cross reminds expectant mothers in Bungoma County that access to nutrition supplementation for infants is free of charge at all public facilities.
HEA_01089,Health,Kenya Red Cross encourages mothers in Mombasa County to register for the mother-and-child health card to safeguard their child's health.
HEA_01090,Health,Division of Disease Surveillance and Response encourages mothers in Kwale County to attend the scheduled clinic day to safeguard their child's health.
HEA_01091,Health,SHA (Social Health Authority) encourages mothers in Kilifi County to attend the scheduled clinic day to safeguard their child's health.
HEA_01092,Health,KEMSA encourages mothers in Makueni County to register for the mother-and-child health card to safeguard their child's health.
HEA_01093,Health,Kenya Red Cross encourages mothers in Kirinyaga County to bring their child for growth monitoring to safeguard their child's health.
HEA_01094,Health,SHA (Social Health Authority) encourages mothers in Nairobi County to bring their child for growth monitoring to safeguard their child's health.
HEA_01095,Health,Ministry of Health - Reproductive Health Unit encourages mothers in Kisii County to visit their nearest maternity wing to safeguard their child's health.
HEA_01096,Health,Notice from Ministry of Health: postnatal check-ups clinics will run every October at designated health centres in Nairobi County.
HEA_01097,Health,Ministry of Health reminds expectant mothers in Kiambu County that access to postnatal check-ups is free of charge at all public facilities.
HEA_01098,Health,SHA (Social Health Authority) appeals to caregivers in Kitui County to visit their nearest maternity wing as part of the December maternal health drive.
HEA_01099,Health,Ministry of Health appeals to caregivers in Kirinyaga County to visit their nearest maternity wing as part of the September maternal health drive.
HEA_01100,Health,Notice from CDC: skilled birth attendance clinics will run every March at designated health centres in Kakamega County.
HEA_01101,Health,CDC appeals to caregivers in Taita-Taveta County to bring their child for growth monitoring as part of the April maternal health drive.
HEA_01102,Health,Notice from Kenya Medical Association: skilled birth attendance clinics will run every March at designated health centres in Marsabit County.
HEA_01103,Health,Ministry of Health - Reproductive Health Unit reminds expectant mothers in Kakamega County that access to free antenatal care is free of charge at all public facilities.
HEA_01104,Health,Kenya Red Cross appeals to caregivers in Taita-Taveta County to bring their child for growth monitoring as part of the July maternal health drive.
HEA_01105,Health,Kenya Medical Association appeals to caregivers in Kisumu County to register for the mother-and-child health card as part of the October maternal health drive.
HEA_01106,Health,KEMRI encourages mothers in Lamu County to bring their child for growth monitoring to safeguard their child's health.
HEA_01107,Health,Notice from SHA (Social Health Authority): postnatal check-ups clinics will run every November at designated health centres in Wajir County.
HEA_01108,Health,Notice from Ministry of Health: skilled birth attendance clinics will run every March at designated health centres in Kirinyaga County.
HEA_01109,Health,KEMSA appeals to caregivers in Nandi County to register for the mother-and-child health card as part of the January maternal health drive.
HEA_01110,Health,Division of Disease Surveillance and Response encourages mothers in Marsabit County to visit their nearest maternity wing to safeguard their child's health.
HEA_01111,Health,Ministry of Health reminds expectant mothers in Machakos County that access to childhood immunization is free of charge at all public facilities.
HEA_01112,Health,Notice from Ministry of Health: free antenatal care clinics will run every December at designated health centres in Kiambu County.
HEA_01113,Health,Notice from Ministry of Health - Reproductive Health Unit: skilled birth attendance clinics will run every January at designated health centres in Laikipia County.
HEA_01114,Health,CDC encourages mothers in Embu County to attend the scheduled clinic day to safeguard their child's health.
HEA_01115,Health,KEMSA appeals to caregivers in Kisii County to visit their nearest maternity wing as part of the December maternal health drive.
HEA_01116,Health,CDC appeals to caregivers in Kilifi County to register for the mother-and-child health card as part of the May maternal health drive.
HEA_01117,Health,Kenya Red Cross reminds expectant mothers in Tharaka-Nithi County that access to nutrition supplementation for infants is free of charge at all public facilities.
HEA_01118,Health,Notice from Ministry of Health: free antenatal care clinics will run every November at designated health centres in Baringo County.
HEA_01119,Health,Notice from SHA (Social Health Authority): family planning counselling clinics will run every May at designated health centres in Kwale County.
HEA_01120,Health,KEMRI appeals to caregivers in Samburu County to visit their nearest maternity wing as part of the September maternal health drive.
HEA_01121,Health,Notice from Ministry of Health - Reproductive Health Unit: free antenatal care clinics will run every September at designated health centres in Bungoma County.
HEA_01122,Health,KEMRI encourages mothers in Narok County to visit their nearest maternity wing to safeguard their child's health.
HEA_01123,Health,KEMRI reminds expectant mothers in Kajiado County that access to skilled birth attendance is free of charge at all public facilities.
HEA_01124,Health,Kenya Medical Association appeals to caregivers in Isiolo County to attend the scheduled clinic day as part of the January maternal health drive.
HEA_01125,Health,Notice from Division of Disease Surveillance and Response: childhood immunization clinics will run every May at designated health centres in Siaya County.
HEA_01126,Health,Notice from Ministry of Health: postnatal check-ups clinics will run every May at designated health centres in Siaya County.
HEA_01127,Health,CDC reminds expectant mothers in Nyandarua County that access to childhood immunization is free of charge at all public facilities.
HEA_01128,Health,Notice from Kenya Medical Association: free antenatal care clinics will run every March at designated health centres in Homa Bay County.
HEA_01129,Health,CDC appeals to caregivers in Migori County to register for the mother-and-child health card as part of the October maternal health drive.
HEA_01130,Health,KEMRI appeals to caregivers in Kakamega County to bring their child for growth monitoring as part of the March maternal health drive.
HEA_01131,Health,Notice from Division of Disease Surveillance and Response: childhood immunization clinics will run every September at designated health centres in Nandi County.
HEA_01132,Health,Kenya Red Cross encourages mothers in Kisii County to register for the mother-and-child health card to safeguard their child's health.
HEA_01133,Health,KEMSA appeals to caregivers in Kisumu County to register for the mother-and-child health card as part of the October maternal health drive.
HEA_01134,Health,Notice from SHA (Social Health Authority): family planning counselling clinics will run every September at designated health centres in Bomet County.
HEA_01135,Health,KEMSA reminds expectant mothers in Murang'a County that access to family planning counselling is free of charge at all public facilities.
HEA_01136,Health,Division of Disease Surveillance and Response reminds expectant mothers in Uasin Gishu County that access to skilled birth attendance is free of charge at all public facilities.
HEA_01137,Health,Kenya Red Cross appeals to caregivers in Marsabit County to visit their nearest maternity wing as part of the April maternal health drive.
HEA_01138,Health,KEMSA encourages mothers in Kwale County to attend the scheduled clinic day to safeguard their child's health.
HEA_01139,Health,KEMRI encourages mothers in Kitui County to visit their nearest maternity wing to safeguard their child's health.
HEA_01140,Health,Notice from SHA (Social Health Authority): childhood immunization clinics will run every August at designated health centres in Kisii County.
HEA_01141,Health,Division of Disease Surveillance and Response appeals to caregivers in Meru County to bring their child for growth monitoring as part of the July maternal health drive.
HEA_01142,Health,KEMSA appeals to caregivers in Isiolo County to register for the mother-and-child health card as part of the April maternal health drive.
HEA_01143,Health,Kenya Medical Association reminds expectant mothers in Mombasa County that access to postnatal check-ups is free of charge at all public facilities.
HEA_01144,Health,KEMRI encourages mothers in Embu County to register for the mother-and-child health card to safeguard their child's health.
HEA_01145,Health,Ministry of Health - Reproductive Health Unit appeals to caregivers in Kisii County to bring their child for growth monitoring as part of the June maternal health drive.
HEA_01146,Health,Kenya Medical Association encourages mothers in Trans Nzoia County to bring their child for growth monitoring to safeguard their child's health.
HEA_01147,Health,Notice from Kenya Medical Association: nutrition supplementation for infants clinics will run every December at designated health centres in Busia County.
HEA_01148,Health,CDC reminds expectant mothers in Garissa County that access to postnatal check-ups is free of charge at all public facilities.
HEA_01149,Health,KEMRI reminds expectant mothers in Kajiado County that access to postnatal check-ups is free of charge at all public facilities.
HEA_01150,Health,CDC reminds expectant mothers in Samburu County that access to family planning counselling is free of charge at all public facilities.
HEA_01151,Health,KEMRI reminds expectant mothers in Nyeri County that access to postnatal check-ups is free of charge at all public facilities.
HEA_01152,Health,Notice from Kenya Red Cross: postnatal check-ups clinics will run every March at designated health centres in Baringo County.
HEA_01153,Health,Notice from Ministry of Health: childhood immunization clinics will run every September at designated health centres in Kisii County.
HEA_01154,Health,Ministry of Health - Reproductive Health Unit appeals to caregivers in Taita-Taveta County to visit their nearest maternity wing as part of the December maternal health drive.
HEA_01155,Health,CDC encourages mothers in Mandera County to bring their child for growth monitoring to safeguard their child's health.
HEA_01156,Health,Notice from Ministry of Health - Reproductive Health Unit: postnatal check-ups clinics will run every March at designated health centres in Kwale County.
HEA_01157,Health,Ministry of Health - Reproductive Health Unit encourages mothers in Taita-Taveta County to attend the scheduled clinic day to safeguard their child's health.
HEA_01158,Health,SHA (Social Health Authority) encourages mothers in Taita-Taveta County to bring their child for growth monitoring to safeguard their child's health.
HEA_01159,Health,Notice from SHA (Social Health Authority): postnatal check-ups clinics will run every December at designated health centres in Kajiado County.
HEA_01160,Health,Kenya Medical Association encourages mothers in Bomet County to visit their nearest maternity wing to safeguard their child's health.
HEA_01161,Health,Division of Disease Surveillance and Response encourages mothers in Kakamega County to register for the mother-and-child health card to safeguard their child's health.
HEA_01162,Health,KEMSA encourages mothers in Meru County to visit their nearest maternity wing to safeguard their child's health.
HEA_01163,Health,Kenya Red Cross appeals to caregivers in Kirinyaga County to bring their child for growth monitoring as part of the December maternal health drive.
HEA_01164,Health,Notice from KEMSA: childhood immunization clinics will run every March at designated health centres in Wajir County.
HEA_01165,Health,Kenya Red Cross reminds expectant mothers in Mombasa County that access to postnatal check-ups is free of charge at all public facilities.
HEA_01166,Health,CDC appeals to caregivers in Mombasa County to bring their child for growth monitoring as part of the October maternal health drive.
HEA_01167,Health,KEMRI encourages mothers in Vihiga County to bring their child for growth monitoring to safeguard their child's health.
HEA_01168,Health,Kenya Medical Association appeals to caregivers in Nandi County to visit their nearest maternity wing as part of the February maternal health drive.
HEA_01169,Health,CDC encourages mothers in Nyandarua County to register for the mother-and-child health card to safeguard their child's health.
HEA_01170,Health,KEMSA reminds expectant mothers in Marsabit County that access to family planning counselling is free of charge at all public facilities.
HEA_01171,Health,Notice from Ministry of Health: family planning counselling clinics will run every January at designated health centres in Marsabit County.
HEA_01172,Health,Notice from Division of Disease Surveillance and Response: free antenatal care clinics will run every January at designated health centres in Taita-Taveta County.
HEA_01173,Health,Ministry of Health - Reproductive Health Unit encourages mothers in Vihiga County to visit their nearest maternity wing to safeguard their child's health.
HEA_01174,Health,Kenya Red Cross reminds expectant mothers in Murang'a County that access to postnatal check-ups is free of charge at all public facilities.
HEA_01175,Health,Kenya Medical Association reminds expectant mothers in Bomet County that access to skilled birth attendance is free of charge at all public facilities.
HEA_01176,Health,KEMSA appeals to caregivers in Wajir County to attend the scheduled clinic day as part of the December maternal health drive.
HEA_01177,Health,Notice from CDC: childhood immunization clinics will run every September at designated health centres in Uasin Gishu County.
HEA_01178,Health,Ministry of Health encourages mothers in Garissa County to visit their nearest maternity wing to safeguard their child's health.
HEA_01179,Health,Kenya Red Cross appeals to caregivers in Elgeyo-Marakwet County to attend the scheduled clinic day as part of the October maternal health drive.
HEA_01180,Health,Notice from CDC: skilled birth attendance clinics will run every October at designated health centres in Kakamega County.
HEA_01181,Health,Ministry of Health - Reproductive Health Unit encourages mothers in Kajiado County to bring their child for growth monitoring to safeguard their child's health.
HEA_01182,Health,KEMSA appeals to caregivers in Busia County to attend the scheduled clinic day as part of the April maternal health drive.
HEA_01183,Health,Ministry of Health encourages mothers in Wajir County to bring their child for growth monitoring to safeguard their child's health.
HEA_01184,Health,KEMRI reminds expectant mothers in Busia County that access to postnatal check-ups is free of charge at all public facilities.
HEA_01185,Health,Division of Disease Surveillance and Response reminds expectant mothers in Turkana County that access to family planning counselling is free of charge at all public facilities.
HEA_01186,Health,Ministry of Health encourages mothers in Siaya County to attend the scheduled clinic day to safeguard their child's health.
HEA_01187,Health,Notice from SHA (Social Health Authority): nutrition supplementation for infants clinics will run every May at designated health centres in Kirinyaga County.
HEA_01188,Health,Notice from Ministry of Health: skilled birth attendance clinics will run every November at designated health centres in Wajir County.
HEA_01189,Health,Notice from Kenya Medical Association: nutrition supplementation for infants clinics will run every October at designated health centres in Nairobi County.
HEA_01190,Health,KEMSA reminds expectant mothers in Tharaka-Nithi County that access to skilled birth attendance is free of charge at all public facilities.
HEA_01191,Health,Ministry of Health - Reproductive Health Unit appeals to caregivers in Kilifi County to register for the mother-and-child health card as part of the November maternal health drive.
HEA_01192,Health,KEMSA appeals to caregivers in Siaya County to attend the scheduled clinic day as part of the August maternal health drive.
HEA_01193,Health,Kenya Medical Association appeals to caregivers in Tana River County to attend the scheduled clinic day as part of the September maternal health drive.
HEA_01194,Health,Notice from CDC: childhood immunization clinics will run every January at designated health centres in Kericho County.
HEA_01195,Health,Notice from Division of Disease Surveillance and Response: skilled birth attendance clinics will run every March at designated health centres in Lamu County.
HEA_01196,Health,Division of Disease Surveillance and Response reminds expectant mothers in Samburu County that access to nutrition supplementation for infants is free of charge at all public facilities.
HEA_01197,Health,Kenya Medical Association encourages mothers in Meru County to visit their nearest maternity wing to safeguard their child's health.
HEA_01198,Health,Notice from Division of Disease Surveillance and Response: skilled birth attendance clinics will run every January at designated health centres in Nyamira County.
HEA_01199,Health,SHA (Social Health Authority) appeals to caregivers in Nakuru County to attend the scheduled clinic day as part of the April maternal health drive.
HEA_01200,Health,Kenya Red Cross appeals to caregivers in Embu County to attend the scheduled clinic day as part of the September maternal health drive.
HEA_01201,Health,SHA (Social Health Authority) advises residents of West Pokot County to boil drinking water before use to prevent the spread of preventable illness.
HEA_01202,Health,Ministry of Health - Reproductive Health Unit launches a January awareness campaign on food safety across Narok County.
HEA_01203,Health,CDC reminds the public in Marsabit County about the importance of proper sanitation for household wellbeing.
HEA_01204,Health,CDC reminds the public in Kirinyaga County about the importance of safe water storage for household wellbeing.
HEA_01205,Health,CDC launches a March awareness campaign on safe water storage across Migori County.
HEA_01206,Health,Ministry of Health - Reproductive Health Unit launches a December awareness campaign on food safety across Samburu County.
HEA_01207,Health,Ministry of Health launches a January awareness campaign on tobacco control across Kirinyaga County.
HEA_01208,Health,Division of Disease Surveillance and Response launches a January awareness campaign on hand hygiene across Baringo County.
HEA_01209,Health,Public notice: Ministry of Health will host a free tobacco control outreach in Kakamega County this May.
HEA_01210,Health,Division of Disease Surveillance and Response advises residents of Tharaka-Nithi County to attend the free community health screening to prevent the spread of preventable illness.
HEA_01211,Health,Public notice: CDC will host a free tobacco control outreach in Murang'a County this August.
HEA_01212,Health,Kenya Red Cross launches a March awareness campaign on proper sanitation across Marsabit County.
HEA_01213,Health,Ministry of Health launches a September awareness campaign on hypertension awareness across Busia County.
HEA_01214,Health,KEMRI launches a June awareness campaign on hypertension awareness across Kericho County.
HEA_01215,Health,Public notice: Kenya Red Cross will host a free food safety outreach in Marsabit County this December.
HEA_01216,Health,Public notice: KEMRI will host a free proper sanitation outreach in Isiolo County this February.
HEA_01217,Health,Public notice: CDC will host a free safe water storage outreach in Nandi County this January.
HEA_01218,Health,Ministry of Health - Reproductive Health Unit launches a January awareness campaign on hand hygiene across Migori County.
HEA_01219,Health,Ministry of Health reminds the public in Taita-Taveta County about the importance of diabetes screening for household wellbeing.
HEA_01220,Health,Ministry of Health - Reproductive Health Unit advises residents of Busia County to attend the free community health screening to prevent the spread of preventable illness.
HEA_01221,Health,Public notice: KEMRI will host a free food safety outreach in Nyamira County this November.
HEA_01222,Health,Ministry of Health - Reproductive Health Unit launches a March awareness campaign on hand hygiene across Kakamega County.
HEA_01223,Health,SHA (Social Health Authority) reminds the public in Baringo County about the importance of tobacco control for household wellbeing.
HEA_01224,Health,Ministry of Health - Reproductive Health Unit reminds the public in Kitui County about the importance of safe water storage for household wellbeing.
HEA_01225,Health,Public notice: Division of Disease Surveillance and Response will host a free tobacco control outreach in Trans Nzoia County this March.
HEA_01226,Health,Public notice: Division of Disease Surveillance and Response will host a free hand hygiene outreach in Baringo County this August.
HEA_01227,Health,Ministry of Health - Reproductive Health Unit launches a June awareness campaign on diabetes screening across Wajir County.
HEA_01228,Health,KEMSA reminds the public in Nyeri County about the importance of hypertension awareness for household wellbeing.
HEA_01229,Health,CDC advises residents of Garissa County to wash hands with soap and clean water regularly to prevent the spread of preventable illness.
HEA_01230,Health,Public notice: CDC will host a free food safety outreach in Kisumu County this February.
HEA_01231,Health,Public notice: CDC will host a free hypertension awareness outreach in Baringo County this July.
HEA_01232,Health,KEMRI reminds the public in Busia County about the importance of hypertension awareness for household wellbeing.
HEA_01233,Health,Ministry of Health - Reproductive Health Unit advises residents of Samburu County to attend the free community health screening to prevent the spread of preventable illness.
HEA_01234,Health,Kenya Medical Association advises residents of Elgeyo-Marakwet County to attend the free community health screening to prevent the spread of preventable illness.
HEA_01235,Health,KEMSA advises residents of Homa Bay County to wash hands with soap and clean water regularly to prevent the spread of preventable illness.
HEA_01236,Health,SHA (Social Health Authority) reminds the public in Vihiga County about the importance of diabetes screening for household wellbeing.
HEA_01237,Health,Public notice: CDC will host a free safe water storage outreach in Garissa County this August.
HEA_01238,Health,Public notice: Kenya Medical Association will host a free hand hygiene outreach in Lamu County this October.
HEA_01239,Health,Division of Disease Surveillance and Response reminds the public in Nakuru County about the importance of tobacco control for household wellbeing.
HEA_01240,Health,SHA (Social Health Authority) launches a March awareness campaign on hypertension awareness across Embu County.
HEA_01241,Health,KEMSA launches a March awareness campaign on diabetes screening across Homa Bay County.
HEA_01242,Health,Public notice: Kenya Medical Association will host a free diabetes screening outreach in Busia County this October.
HEA_01243,Health,KEMRI advises residents of Migori County to attend the free community health screening to prevent the spread of preventable illness.
HEA_01244,Health,Public notice: Kenya Medical Association will host a free hand hygiene outreach in Nyamira County this June.
HEA_01245,Health,CDC launches a March awareness campaign on food safety across Trans Nzoia County.
HEA_01246,Health,Public notice: Ministry of Health will host a free hand hygiene outreach in West Pokot County this September.
HEA_01247,Health,CDC launches a February awareness campaign on food safety across Turkana County.
HEA_01248,Health,Public notice: Ministry of Health will host a free tobacco control outreach in Machakos County this July.
HEA_01249,Health,Division of Disease Surveillance and Response reminds the public in Nyamira County about the importance of diabetes screening for household wellbeing.
HEA_01250,Health,Kenya Medical Association reminds the public in Kericho County about the importance of tobacco control for household wellbeing.
HEA_01251,Health,Ministry of Health - Reproductive Health Unit advises residents of Mandera County to reduce salt and sugar intake to prevent the spread of preventable illness.
HEA_01252,Health,Public notice: Kenya Medical Association will host a free food safety outreach in Marsabit County this May.
HEA_01253,Health,KEMSA advises residents of Mombasa County to wash hands with soap and clean water regularly to prevent the spread of preventable illness.
HEA_01254,Health,Ministry of Health - Reproductive Health Unit advises residents of Homa Bay County to boil drinking water before use to prevent the spread of preventable illness.
HEA_01255,Health,KEMSA launches a July awareness campaign on food safety across Kisumu County.
HEA_01256,Health,Kenya Medical Association reminds the public in Busia County about the importance of diabetes screening for household wellbeing.
HEA_01257,Health,CDC reminds the public in Nandi County about the importance of proper sanitation for household wellbeing.
HEA_01258,Health,KEMSA advises residents of Elgeyo-Marakwet County to wash hands with soap and clean water regularly to prevent the spread of preventable illness.
HEA_01259,Health,KEMRI reminds the public in Nyamira County about the importance of proper sanitation for household wellbeing.
HEA_01260,Health,CDC reminds the public in Kakamega County about the importance of hand hygiene for household wellbeing.
HEA_01261,Health,Ministry of Health - Reproductive Health Unit launches a June awareness campaign on hand hygiene across Nyamira County.
HEA_01262,Health,SHA (Social Health Authority) reminds the public in Marsabit County about the importance of tobacco control for household wellbeing.
HEA_01263,Health,Public notice: Ministry of Health - Reproductive Health Unit will host a free hypertension awareness outreach in Kajiado County this February.
HEA_01264,Health,KEMRI launches a November awareness campaign on tobacco control across Laikipia County.
HEA_01265,Health,CDC launches a May awareness campaign on hypertension awareness across Vihiga County.
HEA_01266,Health,Division of Disease Surveillance and Response launches a January awareness campaign on diabetes screening across Kericho County.
HEA_01267,Health,CDC reminds the public in Laikipia County about the importance of tobacco control for household wellbeing.
HEA_01268,Health,Public notice: Kenya Medical Association will host a free proper sanitation outreach in Turkana County this May.
HEA_01269,Health,Ministry of Health advises residents of Kisii County to attend the free community health screening to prevent the spread of preventable illness.
HEA_01270,Health,Public notice: Ministry of Health will host a free hypertension awareness outreach in Siaya County this August.
HEA_01271,Health,Ministry of Health advises residents of Homa Bay County to wash hands with soap and clean water regularly to prevent the spread of preventable illness.
HEA_01272,Health,Public notice: Ministry of Health - Reproductive Health Unit will host a free hypertension awareness outreach in Taita-Taveta County this March.
HEA_01273,Health,Kenya Red Cross launches a March awareness campaign on hypertension awareness across Makueni County.
HEA_01274,Health,Public notice: Kenya Red Cross will host a free tobacco control outreach in Makueni County this January.
HEA_01275,Health,KEMSA launches a December awareness campaign on safe water storage across Vihiga County.
HEA_01276,Health,Division of Disease Surveillance and Response reminds the public in Meru County about the importance of food safety for household wellbeing.
HEA_01277,Health,Ministry of Health - Reproductive Health Unit advises residents of Meru County to wash hands with soap and clean water regularly to prevent the spread of preventable illness.
HEA_01278,Health,Public notice: SHA (Social Health Authority) will host a free food safety outreach in Marsabit County this October.
HEA_01279,Health,Ministry of Health - Reproductive Health Unit advises residents of Uasin Gishu County to boil drinking water before use to prevent the spread of preventable illness.
HEA_01280,Health,KEMSA reminds the public in Embu County about the importance of tobacco control for household wellbeing.
HEA_01281,Health,Public notice: Ministry of Health will host a free food safety outreach in Kisumu County this May.
HEA_01282,Health,Ministry of Health launches an August awareness campaign on diabetes screening across Isiolo County.
HEA_01283,Health,Kenya Red Cross reminds the public in Laikipia County about the importance of food safety for household wellbeing.
HEA_01284,Health,Kenya Medical Association advises residents of Migori County to reduce salt and sugar intake to prevent the spread of preventable illness.
HEA_01285,Health,Kenya Red Cross reminds the public in Marsabit County about the importance of food safety for household wellbeing.
HEA_01286,Health,Ministry of Health reminds the public in Nyeri County about the importance of diabetes screening for household wellbeing.
HEA_01287,Health,Public notice: CDC will host a free hand hygiene outreach in Migori County this January.
HEA_01288,Health,Public notice: Kenya Medical Association will host a free food safety outreach in Busia County this November.
HEA_01289,Health,Public notice: Division of Disease Surveillance and Response will host a free food safety outreach in Nyandarua County this May.
HEA_01290,Health,Kenya Red Cross launches an October awareness campaign on diabetes screening across Kisumu County.
HEA_01291,Health,KEMRI reminds the public in Nairobi County about the importance of hypertension awareness for household wellbeing.
HEA_01292,Health,CDC advises residents of Kiambu County to boil drinking water before use to prevent the spread of preventable illness.
HEA_01293,Health,Public notice: CDC will host a free hand hygiene outreach in Mombasa County this November.
HEA_01294,Health,Ministry of Health launches a February awareness campaign on hypertension awareness across Uasin Gishu County.
HEA_01295,Health,Ministry of Health - Reproductive Health Unit launches an April awareness campaign on tobacco control across Turkana County.
HEA_01296,Health,Public notice: Kenya Red Cross will host a free hand hygiene outreach in Tharaka-Nithi County this January.
HEA_01297,Health,Ministry of Health launches a November awareness campaign on food safety across Bungoma County.
HEA_01298,Health,SHA (Social Health Authority) advises residents of Nyamira County to wash hands with soap and clean water regularly to prevent the spread of preventable illness.
HEA_01299,Health,Kenya Medical Association advises residents of Homa Bay County to boil drinking water before use to prevent the spread of preventable illness.
HEA_01300,Health,KEMSA launches a May awareness campaign on diabetes screening across Makueni County.
HEA_01301,Health,Ministry of Health - Reproductive Health Unit launches a July awareness campaign on tobacco control across Nyandarua County.
HEA_01302,Health,Public notice: Kenya Red Cross will host a free proper sanitation outreach in Isiolo County this February.
HEA_01303,Health,Kenya Medical Association launches a June awareness campaign on hand hygiene across Samburu County.
HEA_01304,Health,Public notice: Kenya Red Cross will host a free hand hygiene outreach in Meru County this August.
HEA_01305,Health,KEMRI reminds the public in Busia County about the importance of safe water storage for household wellbeing.
HEA_01306,Health,SHA (Social Health Authority) reminds the public in Marsabit County about the importance of food safety for household wellbeing.
HEA_01307,Health,KEMRI reminds the public in Busia County about the importance of hand hygiene for household wellbeing.
HEA_01308,Health,Kenya Red Cross reminds the public in Garissa County about the importance of hand hygiene for household wellbeing.
HEA_01309,Health,Kenya Red Cross launches a January awareness campaign on diabetes screening across Nandi County.
HEA_01310,Health,Ministry of Health advises residents of Kilifi County to reduce salt and sugar intake to prevent the spread of preventable illness.
HEA_01311,Health,Public notice: KEMSA will host a free diabetes screening outreach in Kisii County this June.
HEA_01312,Health,CDC launches an August awareness campaign on diabetes screening across Nyamira County.
HEA_01313,Health,Kenya Medical Association reminds the public in Nairobi County about the importance of hypertension awareness for household wellbeing.
HEA_01314,Health,Ministry of Health advises residents of Samburu County to reduce salt and sugar intake to prevent the spread of preventable illness.
HEA_01315,Health,CDC launches a June awareness campaign on tobacco control across Turkana County.
HEA_01316,Health,Public notice: Kenya Medical Association will host a free tobacco control outreach in Tana River County this November.
HEA_01317,Health,Division of Disease Surveillance and Response launches a June awareness campaign on hand hygiene across Kericho County.
HEA_01318,Health,Kenya Red Cross reminds the public in Kisumu County about the importance of safe water storage for household wellbeing.
HEA_01319,Health,Kenya Medical Association launches an April awareness campaign on proper sanitation across Homa Bay County.
HEA_01320,Health,SHA (Social Health Authority) reminds the public in Siaya County about the importance of proper sanitation for household wellbeing.
HEA_01321,Health,SHA (Social Health Authority) reminds the public in Siaya County about the importance of tobacco control for household wellbeing.
HEA_01322,Health,KEMSA advises residents of Kilifi County to wash hands with soap and clean water regularly to prevent the spread of preventable illness.
HEA_01323,Health,CDC reminds the public in Nandi County about the importance of hand hygiene for household wellbeing.
HEA_01324,Health,Public notice: Ministry of Health will host a free hand hygiene outreach in Kiambu County this December.
HEA_01325,Health,SHA (Social Health Authority) reminds the public in Embu County about the importance of tobacco control for household wellbeing.
HEA_01326,Health,CDC reminds the public in Marsabit County about the importance of hypertension awareness for household wellbeing.
HEA_01327,Health,SHA (Social Health Authority) advises residents of Kilifi County to boil drinking water before use to prevent the spread of preventable illness.
HEA_01328,Health,Ministry of Health reminds the public in Laikipia County about the importance of hand hygiene for household wellbeing.
HEA_01329,Health,Public notice: SHA (Social Health Authority) will host a free safe water storage outreach in Baringo County this October.
HEA_01330,Health,SHA (Social Health Authority) launches an August awareness campaign on hypertension awareness across Wajir County.
HEA_01331,Health,SHA (Social Health Authority) advises residents of Tharaka-Nithi County to attend the free community health screening to prevent the spread of preventable illness.
HEA_01332,Health,Division of Disease Surveillance and Response reminds the public in Wajir County about the importance of hypertension awareness for household wellbeing.
HEA_01333,Health,Division of Disease Surveillance and Response advises residents of Embu County to boil drinking water before use to prevent the spread of preventable illness.
HEA_01334,Health,Public notice: SHA (Social Health Authority) will host a free safe water storage outreach in Wajir County this May.
HEA_01335,Health,KEMSA reminds the public in Kisii County about the importance of hypertension awareness for household wellbeing.
HEA_01336,Health,Ministry of Health - Reproductive Health Unit advises residents of Machakos County to wash hands with soap and clean water regularly to prevent the spread of preventable illness.
HEA_01337,Health,SHA (Social Health Authority) advises residents of Siaya County to reduce salt and sugar intake to prevent the spread of preventable illness.
HEA_01338,Health,Ministry of Health advises residents of Nakuru County to wash hands with soap and clean water regularly to prevent the spread of preventable illness.
HEA_01339,Health,KEMSA launches a December awareness campaign on tobacco control across Taita-Taveta County.
HEA_01340,Health,Public notice: Kenya Medical Association will host a free tobacco control outreach in Kisii County this August.
HEA_01341,Health,KEMRI advises residents of Marsabit County to attend the free community health screening to prevent the spread of preventable illness.
HEA_01342,Health,Kenya Medical Association reminds the public in Machakos County about the importance of hypertension awareness for household wellbeing.
HEA_01343,Health,KEMSA launches an August awareness campaign on hypertension awareness across Nyamira County.
HEA_01344,Health,Kenya Red Cross launches a July awareness campaign on hand hygiene across Turkana County.
HEA_01345,Health,KEMRI advises residents of Wajir County to wash hands with soap and clean water regularly to prevent the spread of preventable illness.
HEA_01346,Health,Public notice: CDC will host a free diabetes screening outreach in Narok County this April.
HEA_01347,Health,Kenya Red Cross advises residents of Tana River County to wash hands with soap and clean water regularly to prevent the spread of preventable illness.
HEA_01348,Health,Ministry of Health - Reproductive Health Unit advises residents of Nakuru County to boil drinking water before use to prevent the spread of preventable illness.
HEA_01349,Health,Ministry of Health launches a June awareness campaign on proper sanitation across Kisumu County.
HEA_01350,Health,Kenya Medical Association advises residents of Makueni County to reduce salt and sugar intake to prevent the spread of preventable illness.
HEA_01351,Health,SHA (Social Health Authority) launches a September awareness campaign on safe water storage across Tana River County.
HEA_01352,Health,KEMRI launches an August awareness campaign on hypertension awareness across Nairobi County.
HEA_01353,Health,Public notice: Kenya Medical Association will host a free tobacco control outreach in Tharaka-Nithi County this December.
HEA_01354,Health,Public notice: KEMRI will host a free safe water storage outreach in Wajir County this June.
HEA_01355,Health,KEMRI launches an April awareness campaign on diabetes screening across Uasin Gishu County.
HEA_01356,Health,SHA (Social Health Authority) advises residents of Laikipia County to reduce salt and sugar intake to prevent the spread of preventable illness.
HEA_01357,Health,Kenya Medical Association launches an April awareness campaign on hypertension awareness across Marsabit County.
HEA_01358,Health,KEMSA reminds the public in Samburu County about the importance of safe water storage for household wellbeing.
HEA_01359,Health,KEMRI reminds the public in Siaya County about the importance of proper sanitation for household wellbeing.
HEA_01360,Health,Division of Disease Surveillance and Response advises residents of Mandera County to wash hands with soap and clean water regularly to prevent the spread of preventable illness.
HEA_01361,Health,Public notice: KEMSA will host a free diabetes screening outreach in Wajir County this August.
HEA_01362,Health,KEMSA reminds the public in Kiambu County about the importance of proper sanitation for household wellbeing.
HEA_01363,Health,KEMSA advises residents of Kakamega County to boil drinking water before use to prevent the spread of preventable illness.
HEA_01364,Health,Kenya Medical Association launches an August awareness campaign on food safety across Kajiado County.
HEA_01365,Health,Ministry of Health - Reproductive Health Unit advises residents of Baringo County to wash hands with soap and clean water regularly to prevent the spread of preventable illness.
HEA_01366,Health,KEMRI reminds the public in Machakos County about the importance of diabetes screening for household wellbeing.
HEA_01367,Health,KEMSA advises residents of Kakamega County to reduce salt and sugar intake to prevent the spread of preventable illness.
HEA_01368,Health,Ministry of Health launches a December awareness campaign on food safety across Laikipia County.
HEA_01369,Health,Kenya Medical Association launches a July awareness campaign on diabetes screening across Kajiado County.
HEA_01370,Health,Ministry of Health - Reproductive Health Unit launches an April awareness campaign on hand hygiene across Nakuru County.
HEA_01371,Health,Kenya Medical Association launches a March awareness campaign on proper sanitation across Embu County.
HEA_01372,Health,Public notice: KEMRI will host a free hand hygiene outreach in Kisumu County this February.
HEA_01373,Health,Kenya Red Cross reminds the public in Isiolo County about the importance of diabetes screening for household wellbeing.
HEA_01374,Health,Ministry of Health - Reproductive Health Unit launches a March awareness campaign on food safety across Baringo County.
HEA_01375,Health,KEMSA reminds the public in West Pokot County about the importance of diabetes screening for household wellbeing.
HEA_01376,Health,SHA (Social Health Authority) launches a December awareness campaign on proper sanitation across Samburu County.
HEA_01377,Health,Kenya Red Cross launches a May awareness campaign on tobacco control across Elgeyo-Marakwet County.
HEA_01378,Health,SHA (Social Health Authority) advises residents of Busia County to wash hands with soap and clean water regularly to prevent the spread of preventable illness.
HEA_01379,Health,Public notice: Ministry of Health will host a free proper sanitation outreach in Wajir County this July.
HEA_01380,Health,Ministry of Health reminds the public in West Pokot County about the importance of safe water storage for household wellbeing.
HEA_01381,Health,CDC launches an April awareness campaign on safe water storage across Nyamira County.
HEA_01382,Health,Public notice: KEMRI will host a free tobacco control outreach in Kericho County this February.
HEA_01383,Health,KEMRI reminds the public in Kitui County about the importance of proper sanitation for household wellbeing.
HEA_01384,Health,Public notice: CDC will host a free proper sanitation outreach in Migori County this July.
HEA_01385,Health,SHA (Social Health Authority) launches a June awareness campaign on diabetes screening across West Pokot County.
HEA_01386,Health,CDC reminds the public in Kajiado County about the importance of diabetes screening for household wellbeing.
HEA_01387,Health,Public notice: Ministry of Health - Reproductive Health Unit will host a free food safety outreach in Busia County this June.
HEA_01388,Health,KEMRI launches a February awareness campaign on hand hygiene across Baringo County.
HEA_01389,Health,KEMSA reminds the public in Nyeri County about the importance of hand hygiene for household wellbeing.
HEA_01390,Health,Kenya Red Cross advises residents of Wajir County to boil drinking water before use to prevent the spread of preventable illness.
HEA_01391,Health,Kenya Red Cross launches a November awareness campaign on hypertension awareness across Uasin Gishu County.
HEA_01392,Health,Ministry of Health - Reproductive Health Unit advises residents of Turkana County to reduce salt and sugar intake to prevent the spread of preventable illness.
HEA_01393,Health,Kenya Red Cross launches a February awareness campaign on hand hygiene across Tharaka-Nithi County.
HEA_01394,Health,CDC advises residents of Kisumu County to reduce salt and sugar intake to prevent the spread of preventable illness.
HEA_01395,Health,Public notice: Division of Disease Surveillance and Response will host a free tobacco control outreach in Nakuru County this October.
HEA_01396,Health,Ministry of Health - Reproductive Health Unit reminds the public in Kirinyaga County about the importance of safe water storage for household wellbeing.
HEA_01397,Health,Public notice: KEMSA will host a free diabetes screening outreach in Makueni County this April.
HEA_01398,Health,Public notice: Kenya Red Cross will host a free proper sanitation outreach in Tana River County this March.
HEA_01399,Health,Public notice: Ministry of Health - Reproductive Health Unit will host a free safe water storage outreach in Isiolo County this October.
HEA_01400,Health,Public notice: KEMSA will host a free tobacco control outreach in Meru County this December.
HEA_01401,Health,KEMSA advises residents of Machakos County to wash hands with soap and clean water regularly to prevent the spread of preventable illness.
HEA_01402,Health,Public notice: KEMSA will host a free proper sanitation outreach in Nandi County this May.
HEA_01403,Health,KEMRI advises residents of Bomet County to wash hands with soap and clean water regularly to prevent the spread of preventable illness.
HEA_01404,Health,Public notice: Division of Disease Surveillance and Response will host a free diabetes screening outreach in Marsabit County this June.
HEA_01405,Health,CDC advises residents of Kirinyaga County to wash hands with soap and clean water regularly to prevent the spread of preventable illness.
HEA_01406,Health,Ministry of Health - Reproductive Health Unit reminds the public in Marsabit County about the importance of proper sanitation for household wellbeing.
HEA_01407,Health,Ministry of Health advises residents of Kericho County to attend the free community health screening to prevent the spread of preventable illness.
HEA_01408,Health,Public notice: Ministry of Health - Reproductive Health Unit will host a free tobacco control outreach in Nyeri County this October.
HEA_01409,Health,Ministry of Health - Reproductive Health Unit advises residents of Kiambu County to wash hands with soap and clean water regularly to prevent the spread of preventable illness.
HEA_01410,Health,Ministry of Health reminds the public in Mandera County about the importance of hypertension awareness for household wellbeing.
HEA_01411,Health,Kenya Red Cross launches a July awareness campaign on hypertension awareness across Kwale County.
HEA_01412,Health,Ministry of Health - Reproductive Health Unit advises residents of Turkana County to attend the free community health screening to prevent the spread of preventable illness.
HEA_01413,Health,KEMRI launches a September awareness campaign on safe water storage across Vihiga County.
HEA_01414,Health,Public notice: KEMRI will host a free hypertension awareness outreach in Kwale County this February.
HEA_01415,Health,SHA (Social Health Authority) reminds the public in Narok County about the importance of safe water storage for household wellbeing.
HEA_01416,Health,Division of Disease Surveillance and Response reminds the public in Bungoma County about the importance of hypertension awareness for household wellbeing.
HEA_01417,Health,Division of Disease Surveillance and Response launches a March awareness campaign on tobacco control across Trans Nzoia County.
HEA_01418,Health,Division of Disease Surveillance and Response reminds the public in Samburu County about the importance of hand hygiene for household wellbeing.
HEA_01419,Health,Public notice: Division of Disease Surveillance and Response will host a free diabetes screening outreach in Turkana County this May.
HEA_01420,Health,KEMRI launches an August awareness campaign on tobacco control across Nairobi County.
HEA_01421,Health,Ministry of Health - Reproductive Health Unit reminds the public in Nyeri County about the importance of food safety for household wellbeing.
HEA_01422,Health,Kenya Medical Association reminds the public in Mandera County about the importance of hypertension awareness for household wellbeing.
HEA_01423,Health,KEMSA launches a May awareness campaign on diabetes screening across Embu County.
HEA_01424,Health,Public notice: SHA (Social Health Authority) will host a free hand hygiene outreach in Vihiga County this July.
HEA_01425,Health,Kenya Medical Association launches a May awareness campaign on diabetes screening across Siaya County.
HEA_01426,Health,CDC advises residents of Baringo County to boil drinking water before use to prevent the spread of preventable illness.
HEA_01427,Health,KEMSA advises residents of Samburu County to reduce salt and sugar intake to prevent the spread of preventable illness.
HEA_01428,Health,Kenya Red Cross launches a May awareness campaign on diabetes screening across Vihiga County.
HEA_01429,Health,KEMRI reminds the public in Kwale County about the importance of safe water storage for household wellbeing.
HEA_01430,Health,Public notice: Kenya Red Cross will host a free diabetes screening outreach in Siaya County this November.
HEA_01431,Health,Kenya Red Cross launches a March awareness campaign on diabetes screening across Uasin Gishu County.
HEA_01432,Health,Ministry of Health advises residents of Wajir County to reduce salt and sugar intake to prevent the spread of preventable illness.
HEA_01433,Health,Division of Disease Surveillance and Response launches an August awareness campaign on hypertension awareness across Vihiga County.
HEA_01434,Health,Kenya Red Cross reminds the public in Siaya County about the importance of diabetes screening for household wellbeing.
HEA_01435,Health,Division of Disease Surveillance and Response launches a December awareness campaign on hypertension awareness across Narok County.
HEA_01436,Health,Kenya Red Cross launches an October awareness campaign on hand hygiene across Isiolo County.
HEA_01437,Health,Division of Disease Surveillance and Response advises residents of Baringo County to boil drinking water before use to prevent the spread of preventable illness.
HEA_01438,Health,Public notice: KEMSA will host a free proper sanitation outreach in Tana River County this May.
HEA_01439,Health,Division of Disease Surveillance and Response reminds the public in Tana River County about the importance of proper sanitation for household wellbeing.
HEA_01440,Health,CDC launches a November awareness campaign on safe water storage across Tharaka-Nithi County.
HEA_01441,Health,KEMSA launches a June awareness campaign on food safety across Kericho County.
HEA_01442,Health,Public notice: Kenya Red Cross will host a free tobacco control outreach in Nyandarua County this November.
HEA_01443,Health,Public notice: SHA (Social Health Authority) will host a free proper sanitation outreach in Kericho County this October.
HEA_01444,Health,Ministry of Health advises residents of Mandera County to attend the free community health screening to prevent the spread of preventable illness.
HEA_01445,Health,Public notice: Ministry of Health - Reproductive Health Unit will host a free safe water storage outreach in Uasin Gishu County this June.
HEA_01446,Health,KEMRI launches a September awareness campaign on safe water storage across Marsabit County.
HEA_01447,Health,CDC advises residents of Busia County to wash hands with soap and clean water regularly to prevent the spread of preventable illness.
HEA_01448,Health,Ministry of Health - Reproductive Health Unit reminds the public in Lamu County about the importance of food safety for household wellbeing.
HEA_01449,Health,Ministry of Health advises residents of Laikipia County to attend the free community health screening to prevent the spread of preventable illness.
HEA_01450,Health,Public notice: KEMSA will host a free hypertension awareness outreach in Nandi County this October.
HEA_01451,Health,Public notice: KEMSA will host a free hand hygiene outreach in Nyamira County this May.
HEA_01452,Health,KEMRI launches a December awareness campaign on safe water storage across Mandera County.
HEA_01453,Health,Kenya Red Cross advises residents of Mandera County to boil drinking water before use to prevent the spread of preventable illness.
HEA_01454,Health,Kenya Medical Association launches a February awareness campaign on hand hygiene across Kisii County.
HEA_01455,Health,Ministry of Health - Reproductive Health Unit launches a January awareness campaign on safe water storage across Elgeyo-Marakwet County.
HEA_01456,Health,Ministry of Health launches a September awareness campaign on hypertension awareness across Homa Bay County.
HEA_01457,Health,Ministry of Health - Reproductive Health Unit launches a May awareness campaign on hand hygiene across Wajir County.
HEA_01458,Health,Kenya Red Cross launches a January awareness campaign on food safety across Homa Bay County.
HEA_01459,Health,SHA (Social Health Authority) launches an April awareness campaign on hypertension awareness across Bungoma County.
HEA_01460,Health,KEMSA launches an October awareness campaign on proper sanitation across Nyandarua County.
HEA_01461,Health,Public notice: KEMSA will host a free hypertension awareness outreach in Narok County this December.
HEA_01462,Health,CDC advises residents of Kakamega County to wash hands with soap and clean water regularly to prevent the spread of preventable illness.
HEA_01463,Health,CDC launches a December awareness campaign on safe water storage across Embu County.
HEA_01464,Health,Public notice: KEMSA will host a free tobacco control outreach in Kericho County this January.
HEA_01465,Health,KEMRI launches a December awareness campaign on diabetes screening across Narok County.
HEA_01466,Health,Public notice: KEMSA will host a free hand hygiene outreach in Nandi County this November.
HEA_01467,Health,Division of Disease Surveillance and Response advises residents of Samburu County to boil drinking water before use to prevent the spread of preventable illness.
HEA_01468,Health,Kenya Medical Association advises residents of Wajir County to wash hands with soap and clean water regularly to prevent the spread of preventable illness.
HEA_01469,Health,SHA (Social Health Authority) reminds the public in Kajiado County about the importance of diabetes screening for household wellbeing.
HEA_01470,Health,Public notice: Kenya Red Cross will host a free hand hygiene outreach in Bomet County this December.
HEA_01471,Health,Division of Disease Surveillance and Response launches a February awareness campaign on diabetes screening across Nakuru County.
HEA_01472,Health,Public notice: Ministry of Health - Reproductive Health Unit will host a free proper sanitation outreach in Bungoma County this December.
HEA_01473,Health,KEMRI reminds the public in Bomet County about the importance of proper sanitation for household wellbeing.
HEA_01474,Health,KEMRI reminds the public in Lamu County about the importance of tobacco control for household wellbeing.
HEA_01475,Health,Public notice: KEMSA will host a free diabetes screening outreach in Mombasa County this November.
HEA_01476,Health,Kenya Medical Association launches a September awareness campaign on tobacco control across Nandi County.
HEA_01477,Health,SHA (Social Health Authority) launches a July awareness campaign on diabetes screening across Marsabit County.
HEA_01478,Health,KEMSA launches a June awareness campaign on safe water storage across Lamu County.
HEA_01479,Health,Public notice: KEMRI will host a free hand hygiene outreach in Bungoma County this July.
HEA_01480,Health,Kenya Medical Association advises residents of Nairobi County to attend the free community health screening to prevent the spread of preventable illness.
HEA_01481,Health,Public notice: Kenya Medical Association will host a free tobacco control outreach in Turkana County this August.
HEA_01482,Health,Ministry of Health - Reproductive Health Unit reminds the public in Narok County about the importance of safe water storage for household wellbeing.
HEA_01483,Health,SHA (Social Health Authority) reminds the public in Wajir County about the importance of diabetes screening for household wellbeing.
HEA_01484,Health,KEMRI reminds the public in Siaya County about the importance of hand hygiene for household wellbeing.
HEA_01485,Health,Ministry of Health launches an August awareness campaign on tobacco control across Lamu County.
HEA_01486,Health,KEMSA launches an October awareness campaign on tobacco control across Samburu County.
HEA_01487,Health,Public notice: KEMSA will host a free hypertension awareness outreach in Kirinyaga County this October.
HEA_01488,Health,SHA (Social Health Authority) launches a September awareness campaign on food safety across Homa Bay County.
HEA_01489,Health,Ministry of Health - Reproductive Health Unit reminds the public in Tharaka-Nithi County about the importance of tobacco control for household wellbeing.
HEA_01490,Health,Ministry of Health - Reproductive Health Unit reminds the public in Narok County about the importance of hypertension awareness for household wellbeing.
HEA_01491,Health,Public notice: CDC will host a free food safety outreach in Kericho County this January.
HEA_01492,Health,Kenya Medical Association launches a July awareness campaign on diabetes screening across Wajir County.
HEA_01493,Health,Public notice: Kenya Medical Association will host a free hand hygiene outreach in Nandi County this August.
HEA_01494,Health,KEMSA launches a November awareness campaign on food safety across Bomet County.
HEA_01495,Health,Public notice: KEMSA will host a free safe water storage outreach in Nakuru County this July.
HEA_01496,Health,Public notice: Kenya Medical Association will host a free hypertension awareness outreach in Nakuru County this February.
HEA_01497,Health,CDC reminds the public in Migori County about the importance of hypertension awareness for household wellbeing.
HEA_01498,Health,Ministry of Health - Reproductive Health Unit reminds the public in Bomet County about the importance of hypertension awareness for household wellbeing.
HEA_01499,Health,Kenya Medical Association launches an August awareness campaign on hypertension awareness across Makueni County.
HEA_01500,Health,Division of Disease Surveillance and Response reminds the public in Nyeri County about the importance of hand hygiene for household wellbeing.
HEA_01501,Health,Ministry of Health launches a June awareness campaign on proper sanitation across Mandera County.
HEA_01502,Health,Division of Disease Surveillance and Response launches a February awareness campaign on diabetes screening across Samburu County.
HEA_01503,Health,Public notice: Division of Disease Surveillance and Response will host a free hand hygiene outreach in Uasin Gishu County this June.
HEA_01504,Health,KEMRI advises residents of Machakos County to attend the free community health screening to prevent the spread of preventable illness.
HEA_01505,Health,SHA (Social Health Authority) launches a February awareness campaign on proper sanitation across Kirinyaga County.
HEA_01506,Health,Ministry of Health advises residents of Kericho County to wash hands with soap and clean water regularly to prevent the spread of preventable illness.
HEA_01507,Health,Kenya Medical Association reminds the public in Kakamega County about the importance of diabetes screening for household wellbeing.
HEA_01508,Health,Public notice: Ministry of Health will host a free hypertension awareness outreach in Kisii County this August.
HEA_01509,Health,Division of Disease Surveillance and Response launches an October awareness campaign on diabetes screening across Samburu County.
HEA_01510,Health,Public notice: SHA (Social Health Authority) will host a free tobacco control outreach in Nakuru County this February.
HEA_01511,Health,Division of Disease Surveillance and Response advises residents of Nakuru County to attend the free community health screening to prevent the spread of preventable illness.
HEA_01512,Health,Kenya Red Cross advises residents of West Pokot County to boil drinking water before use to prevent the spread of preventable illness.
HEA_01513,Health,SHA (Social Health Authority) reminds the public in Kericho County about the importance of proper sanitation for household wellbeing.
HEA_01514,Health,Public notice: Ministry of Health will host a free diabetes screening outreach in Kirinyaga County this October.
HEA_01515,Health,Public notice: Kenya Red Cross will host a free food safety outreach in Lamu County this October.
HEA_01516,Health,Kenya Medical Association reminds the public in Embu County about the importance of food safety for household wellbeing.
HEA_01517,Health,Kenya Red Cross launches a May awareness campaign on diabetes screening across Narok County.
HEA_01518,Health,Public notice: KEMRI will host a free proper sanitation outreach in Uasin Gishu County this July.
HEA_01519,Health,CDC reminds the public in Meru County about the importance of tobacco control for household wellbeing.
HEA_01520,Health,Ministry of Health - Reproductive Health Unit advises residents of Embu County to reduce salt and sugar intake to prevent the spread of preventable illness.
HEA_01521,Health,Public notice: CDC will host a free hypertension awareness outreach in Busia County this July.
HEA_01522,Health,CDC launches a June awareness campaign on diabetes screening across Tharaka-Nithi County.
HEA_01523,Health,Kenya Medical Association reminds the public in Murang'a County about the importance of tobacco control for household wellbeing.
HEA_01524,Health,Kenya Medical Association advises residents of Nyandarua County to boil drinking water before use to prevent the spread of preventable illness.
HEA_01525,Health,Public notice: KEMRI will host a free hand hygiene outreach in Trans Nzoia County this April.
HEA_01526,Health,KEMRI advises residents of Kwale County to attend the free community health screening to prevent the spread of preventable illness.
HEA_01527,Health,Ministry of Health - Reproductive Health Unit reminds the public in Bomet County about the importance of diabetes screening for household wellbeing.
HEA_01528,Health,KEMRI launches a May awareness campaign on safe water storage across Isiolo County.
HEA_01529,Health,Kenya Red Cross launches a November awareness campaign on hypertension awareness across Nyandarua County.
HEA_01530,Health,Ministry of Health advises residents of Nairobi County to wash hands with soap and clean water regularly to prevent the spread of preventable illness.
HEA_01531,Health,SHA (Social Health Authority) launches an October awareness campaign on proper sanitation across Murang'a County.
HEA_01532,Health,Kenya Medical Association launches a November awareness campaign on tobacco control across West Pokot County.
HEA_01533,Health,Kenya Medical Association launches a March awareness campaign on safe water storage across Nairobi County.
HEA_01534,Health,CDC launches a September awareness campaign on tobacco control across Wajir County.
HEA_01535,Health,Public notice: Ministry of Health - Reproductive Health Unit will host a free hypertension awareness outreach in Taita-Taveta County this April.
HEA_01536,Health,Division of Disease Surveillance and Response launches an October awareness campaign on tobacco control across Kiambu County.
HEA_01537,Health,KEMRI reminds the public in Elgeyo-Marakwet County about the importance of safe water storage for household wellbeing.
HEA_01538,Health,Kenya Red Cross reminds the public in Vihiga County about the importance of diabetes screening for household wellbeing.
HEA_01539,Health,Public notice: SHA (Social Health Authority) will host a free diabetes screening outreach in Murang'a County this September.
HEA_01540,Health,KEMRI reminds the public in Nyandarua County about the importance of proper sanitation for household wellbeing.
HEA_01541,Health,Division of Disease Surveillance and Response reminds the public in Kirinyaga County about the importance of tobacco control for household wellbeing.
HEA_01542,Health,Ministry of Health launches a November awareness campaign on safe water storage across Kisii County.
HEA_01543,Health,Public notice: CDC will host a free tobacco control outreach in Samburu County this May.
HEA_01544,Health,Public notice: SHA (Social Health Authority) will host a free food safety outreach in Kericho County this April.
HEA_01545,Health,Kenya Medical Association reminds the public in Mombasa County about the importance of proper sanitation for household wellbeing.
HEA_01546,Health,Public notice: SHA (Social Health Authority) will host a free safe water storage outreach in Machakos County this May.
HEA_01547,Health,Ministry of Health - Reproductive Health Unit advises residents of Siaya County to reduce salt and sugar intake to prevent the spread of preventable illness.
HEA_01548,Health,Kenya Red Cross launches an August awareness campaign on diabetes screening across Taita-Taveta County.
HEA_01549,Health,Division of Disease Surveillance and Response reminds the public in Nyamira County about the importance of food safety for household wellbeing.
HEA_01550,Health,KEMSA launches a May awareness campaign on hypertension awareness across Kisii County.
HEA_01551,Health,Division of Disease Surveillance and Response launches an October awareness campaign on tobacco control across Uasin Gishu County.
HEA_01552,Health,Public notice: Ministry of Health - Reproductive Health Unit will host a free food safety outreach in Kisii County this January.
HEA_01553,Health,KEMSA launches an August awareness campaign on food safety across Siaya County.
HEA_01554,Health,Ministry of Health advises residents of Trans Nzoia County to attend the free community health screening to prevent the spread of preventable illness.
HEA_01555,Health,Public notice: SHA (Social Health Authority) will host a free safe water storage outreach in Wajir County this March.
HEA_01556,Health,Kenya Medical Association advises residents of Murang'a County to reduce salt and sugar intake to prevent the spread of preventable illness.
HEA_01557,Health,Kenya Red Cross advises residents of Meru County to attend the free community health screening to prevent the spread of preventable illness.
HEA_01558,Health,Public notice: KEMRI will host a free proper sanitation outreach in Taita-Taveta County this July.
HEA_01559,Health,Kenya Medical Association advises residents of Samburu County to boil drinking water before use to prevent the spread of preventable illness.
HEA_01560,Health,Ministry of Health launches a November awareness campaign on hypertension awareness across Bomet County.
HEA_01561,Health,SHA (Social Health Authority) advises residents of Baringo County to attend the free community health screening to prevent the spread of preventable illness.
HEA_01562,Health,Ministry of Health advises residents of Trans Nzoia County to reduce salt and sugar intake to prevent the spread of preventable illness.
HEA_01563,Health,Public notice: KEMSA will host a free safe water storage outreach in Taita-Taveta County this June.
HEA_01564,Health,Ministry of Health launches a September awareness campaign on diabetes screening across Nyamira County.
HEA_01565,Health,Ministry of Health - Reproductive Health Unit reminds the public in Wajir County about the importance of tobacco control for household wellbeing.
HEA_01566,Health,KEMRI advises residents of Nyandarua County to reduce salt and sugar intake to prevent the spread of preventable illness.
HEA_01567,Health,KEMSA reminds the public in Elgeyo-Marakwet County about the importance of hypertension awareness for household wellbeing.
HEA_01568,Health,Kenya Red Cross advises residents of Nairobi County to boil drinking water before use to prevent the spread of preventable illness.
HEA_01569,Health,KEMSA reminds the public in Uasin Gishu County about the importance of hand hygiene for household wellbeing.
HEA_01570,Health,Public notice: Kenya Red Cross will host a free diabetes screening outreach in Machakos County this October.
HEA_01571,Health,Division of Disease Surveillance and Response advises residents of Vihiga County to reduce salt and sugar intake to prevent the spread of preventable illness.
HEA_01572,Health,Ministry of Health launches a March awareness campaign on food safety across Laikipia County.
HEA_01573,Health,Public notice: Kenya Medical Association will host a free tobacco control outreach in Migori County this April.
HEA_01574,Health,Kenya Medical Association reminds the public in Bungoma County about the importance of hand hygiene for household wellbeing.
HEA_01575,Health,CDC launches a January awareness campaign on proper sanitation across Tana River County.
HEA_01576,Health,Ministry of Health - Reproductive Health Unit advises residents of Turkana County to wash hands with soap and clean water regularly to prevent the spread of preventable illness.
HEA_01577,Health,Kenya Red Cross launches an October awareness campaign on diabetes screening across Narok County.
HEA_01578,Health,Public notice: Kenya Medical Association will host a free safe water storage outreach in Homa Bay County this June.
HEA_01579,Health,KEMSA launches a March awareness campaign on hypertension awareness across Makueni County.
HEA_01580,Health,Division of Disease Surveillance and Response reminds the public in Baringo County about the importance of hand hygiene for household wellbeing.
HEA_01581,Health,Public notice: CDC will host a free proper sanitation outreach in Elgeyo-Marakwet County this March.
HEA_01582,Health,Division of Disease Surveillance and Response launches a March awareness campaign on diabetes screening across Kilifi County.
HEA_01583,Health,Public notice: Division of Disease Surveillance and Response will host a free proper sanitation outreach in Elgeyo-Marakwet County this May.
HEA_01584,Health,Public notice: CDC will host a free safe water storage outreach in Murang'a County this July.
HEA_01585,Health,Public notice: Ministry of Health - Reproductive Health Unit will host a free food safety outreach in Marsabit County this September.
HEA_01586,Health,Ministry of Health reminds the public in Tharaka-Nithi County about the importance of hand hygiene for household wellbeing.
HEA_01587,Health,KEMSA advises residents of Kilifi County to attend the free community health screening to prevent the spread of preventable illness.
HEA_01588,Health,Ministry of Health - Reproductive Health Unit advises residents of Elgeyo-Marakwet County to reduce salt and sugar intake to prevent the spread of preventable illness.
HEA_01589,Health,Ministry of Health - Reproductive Health Unit launches a December awareness campaign on hypertension awareness across Turkana County.
HEA_01590,Health,Ministry of Health - Reproductive Health Unit reminds the public in Nakuru County about the importance of food safety for household wellbeing.
HEA_01591,Health,SHA (Social Health Authority) advises residents of Turkana County to boil drinking water before use to prevent the spread of preventable illness.
HEA_01592,Health,Public notice: KEMSA will host a free hypertension awareness outreach in Isiolo County this December.
HEA_01593,Health,Public notice: KEMRI will host a free hypertension awareness outreach in Vihiga County this January.
HEA_01594,Health,Kenya Medical Association advises residents of Lamu County to reduce salt and sugar intake to prevent the spread of preventable illness.
HEA_01595,Health,Division of Disease Surveillance and Response launches a May awareness campaign on tobacco control across Kwale County.
HEA_01596,Health,Kenya Medical Association launches an October awareness campaign on hand hygiene across West Pokot County.
HEA_01597,Health,Public notice: KEMSA will host a free diabetes screening outreach in Kwale County this February.
HEA_01598,Health,Ministry of Health - Reproductive Health Unit reminds the public in Siaya County about the importance of hypertension awareness for household wellbeing.
HEA_01599,Health,Division of Disease Surveillance and Response launches a November awareness campaign on hypertension awareness across Kilifi County.
HEA_01600,Health,Division of Disease Surveillance and Response reminds the public in Nairobi County about the importance of food safety for household wellbeing.
HEA_01601,Health,KEMRI advises residents of Tana River County to attend the free community health screening to prevent the spread of preventable illness.
HEA_01602,Health,Public notice: Ministry of Health will host a free hypertension awareness outreach in Lamu County this September.
HEA_01603,Health,SHA (Social Health Authority) reminds the public in Trans Nzoia County about the importance of safe water storage for household wellbeing.
HEA_01604,Health,Kenya Medical Association advises residents of Taita-Taveta County to boil drinking water before use to prevent the spread of preventable illness.
HEA_01605,Health,Kenya Medical Association advises residents of Trans Nzoia County to boil drinking water before use to prevent the spread of preventable illness.
HEA_01606,Health,Kenya Red Cross launches a July awareness campaign on tobacco control across Nakuru County.
HEA_01607,Health,Public notice: KEMSA will host a free hand hygiene outreach in Turkana County this November.
HEA_01608,Health,Public notice: CDC will host a free diabetes screening outreach in Tharaka-Nithi County this August.
HEA_01609,Health,Ministry of Health - Reproductive Health Unit reminds the public in Nyandarua County about the importance of hypertension awareness for household wellbeing.
HEA_01610,Health,SHA (Social Health Authority) reminds the public in Elgeyo-Marakwet County about the importance of hypertension awareness for household wellbeing.
HEA_01611,Health,Kenya Medical Association advises residents of Siaya County to wash hands with soap and clean water regularly to prevent the spread of preventable illness.
HEA_01612,Health,CDC launches an August awareness campaign on tobacco control across Kiambu County.
HEA_01613,Health,KEMSA advises residents of Nakuru County to wash hands with soap and clean water regularly to prevent the spread of preventable illness.
HEA_01614,Health,Public notice: Ministry of Health - Reproductive Health Unit will host a free food safety outreach in Elgeyo-Marakwet County this February.
HEA_01615,Health,Kenya Red Cross reminds the public in Marsabit County about the importance of tobacco control for household wellbeing.
HEA_01616,Health,Public notice: KEMRI will host a free proper sanitation outreach in Kajiado County this July.
HEA_01617,Health,CDC launches a January awareness campaign on hypertension awareness across Lamu County.
HEA_01618,Health,CDC launches a July awareness campaign on hand hygiene across Elgeyo-Marakwet County.
HEA_01619,Health,Kenya Red Cross reminds the public in Turkana County about the importance of hypertension awareness for household wellbeing.
HEA_01620,Health,CDC launches a February awareness campaign on tobacco control across Kwale County.
HEA_01621,Health,KEMSA reminds the public in Meru County about the importance of hand hygiene for household wellbeing.
HEA_01622,Health,Kenya Medical Association launches a May awareness campaign on proper sanitation across Nyamira County.
HEA_01623,Health,Ministry of Health - Reproductive Health Unit reminds the public in Busia County about the importance of proper sanitation for household wellbeing.
HEA_01624,Health,KEMRI advises residents of Meru County to attend the free community health screening to prevent the spread of preventable illness.
HEA_01625,Health,Kenya Medical Association launches a January awareness campaign on hand hygiene across Kericho County.
HEA_01626,Health,SHA (Social Health Authority) reminds the public in Mombasa County about the importance of tobacco control for household wellbeing.
HEA_01627,Health,Ministry of Health - Reproductive Health Unit reminds the public in Kisii County about the importance of food safety for household wellbeing.
HEA_01628,Health,Kenya Red Cross reminds the public in Busia County about the importance of proper sanitation for household wellbeing.
HEA_01629,Health,Kenya Red Cross reminds the public in Taita-Taveta County about the importance of safe water storage for household wellbeing.
HEA_01630,Health,KEMRI launches a January awareness campaign on tobacco control across Wajir County.
HEA_01631,Health,Ministry of Health advises residents of Embu County to boil drinking water before use to prevent the spread of preventable illness.
HEA_01632,Health,Kenya Medical Association advises residents of Siaya County to boil drinking water before use to prevent the spread of preventable illness.
HEA_01633,Health,Kenya Red Cross launches a March awareness campaign on diabetes screening across Baringo County.
HEA_01634,Health,Ministry of Health reminds the public in Wajir County about the importance of safe water storage for household wellbeing.
HEA_01635,Health,Ministry of Health - Reproductive Health Unit reminds the public in Laikipia County about the importance of food safety for household wellbeing.
HEA_01636,Health,KEMRI reminds the public in Tharaka-Nithi County about the importance of hypertension awareness for household wellbeing.
HEA_01637,Health,Ministry of Health reminds the public in Kiambu County about the importance of hand hygiene for household wellbeing.
HEA_01638,Health,Kenya Medical Association reminds the public in Nakuru County about the importance of hypertension awareness for household wellbeing.
HEA_01639,Health,Public notice: Ministry of Health will host a free diabetes screening outreach in Nakuru County this July.
HEA_01640,Health,KEMRI reminds the public in Nyamira County about the importance of hypertension awareness for household wellbeing.
HEA_01641,Health,Kenya Medical Association launches a June awareness campaign on hypertension awareness across Kakamega County.
HEA_01642,Health,Kenya Red Cross launches a July awareness campaign on diabetes screening across Kisumu County.
HEA_01643,Health,Ministry of Health - Reproductive Health Unit launches a November awareness campaign on proper sanitation across Busia County.
HEA_01644,Health,Kenya Medical Association reminds the public in Kwale County about the importance of proper sanitation for household wellbeing.
HEA_01645,Health,Ministry of Health - Reproductive Health Unit advises residents of Turkana County to boil drinking water before use to prevent the spread of preventable illness.
HEA_01646,Health,Division of Disease Surveillance and Response advises residents of Bungoma County to reduce salt and sugar intake to prevent the spread of preventable illness.
HEA_01647,Health,Kenya Red Cross advises residents of Nairobi County to reduce salt and sugar intake to prevent the spread of preventable illness.
HEA_01648,Health,Division of Disease Surveillance and Response reminds the public in Laikipia County about the importance of hypertension awareness for household wellbeing.
HEA_01649,Health,Kenya Red Cross advises residents of Kisii County to wash hands with soap and clean water regularly to prevent the spread of preventable illness.
HEA_01650,Health,KEMSA reminds the public in Meru County about the importance of safe water storage for household wellbeing.
HEA_01651,Health,SHA (Social Health Authority) reminds the public in Uasin Gishu County about the importance of proper sanitation for household wellbeing.
HEA_01652,Health,Public notice: Kenya Red Cross will host a free safe water storage outreach in Turkana County this November.
HEA_01653,Health,CDC advises residents of Kilifi County to attend the free community health screening to prevent the spread of preventable illness.
HEA_01654,Health,SHA (Social Health Authority) reminds the public in Busia County about the importance of hand hygiene for household wellbeing.
HEA_01655,Health,Ministry of Health - Reproductive Health Unit advises residents of Makueni County to attend the free community health screening to prevent the spread of preventable illness.
HEA_01656,Health,CDC launches a March awareness campaign on food safety across Nyandarua County.
HEA_01657,Health,Ministry of Health launches an August awareness campaign on food safety across Nandi County.
HEA_01658,Health,SHA (Social Health Authority) launches an October awareness campaign on food safety across Busia County.
HEA_01659,Health,CDC launches a September awareness campaign on hand hygiene across Kilifi County.
HEA_01660,Health,SHA (Social Health Authority) advises residents of Embu County to boil drinking water before use to prevent the spread of preventable illness.
HEA_01661,Health,Public notice: Ministry of Health - Reproductive Health Unit will host a free tobacco control outreach in Narok County this August.
HEA_01662,Health,KEMSA launches a June awareness campaign on proper sanitation across Kisumu County.
HEA_01663,Health,SHA (Social Health Authority) advises residents of Tharaka-Nithi County to reduce salt and sugar intake to prevent the spread of preventable illness.
HEA_01664,Health,KEMRI launches a June awareness campaign on proper sanitation across Laikipia County.
HEA_01665,Health,SHA (Social Health Authority) advises residents of Nyandarua County to reduce salt and sugar intake to prevent the spread of preventable illness.
HEA_01666,Health,Public notice: KEMRI will host a free diabetes screening outreach in Marsabit County this September.
HEA_01667,Health,KEMSA advises residents of Elgeyo-Marakwet County to reduce salt and sugar intake to prevent the spread of preventable illness.
HEA_01668,Health,CDC reminds the public in Migori County about the importance of hand hygiene for household wellbeing.
HEA_01669,Health,KEMSA reminds the public in Mombasa County about the importance of food safety for household wellbeing.
HEA_01670,Health,SHA (Social Health Authority) launches a June awareness campaign on diabetes screening across Kiambu County.
HEA_01671,Health,Kenya Medical Association advises residents of Tana River County to wash hands with soap and clean water regularly to prevent the spread of preventable illness.
HEA_01672,Health,Ministry of Health advises residents of Siaya County to attend the free community health screening to prevent the spread of preventable illness.
HEA_01673,Health,Kenya Medical Association reminds the public in Migori County about the importance of hypertension awareness for household wellbeing.
HEA_01674,Health,Public notice: Division of Disease Surveillance and Response will host a free food safety outreach in Turkana County this January.
HEA_01675,Health,Public notice: CDC will host a free tobacco control outreach in Busia County this March.
HEA_01676,Health,Ministry of Health - Reproductive Health Unit reminds the public in Kisumu County about the importance of hypertension awareness for household wellbeing.
HEA_01677,Health,Division of Disease Surveillance and Response reminds the public in Kisumu County about the importance of food safety for household wellbeing.
HEA_01678,Health,Kenya Red Cross advises residents of Taita-Taveta County to attend the free community health screening to prevent the spread of preventable illness.
HEA_01679,Health,KEMSA reminds the public in Kajiado County about the importance of proper sanitation for household wellbeing.
HEA_01680,Health,SHA (Social Health Authority) advises residents of Narok County to attend the free community health screening to prevent the spread of preventable illness.
HEA_01681,Health,Public notice: KEMSA will host a free food safety outreach in Kwale County this January.
HEA_01682,Health,Public notice: KEMRI will host a free diabetes screening outreach in Kirinyaga County this December.
HEA_01683,Health,Ministry of Health launches a May awareness campaign on tobacco control across West Pokot County.
HEA_01684,Health,Public notice: SHA (Social Health Authority) will host a free hand hygiene outreach in Tana River County this November.
HEA_01685,Health,Kenya Red Cross reminds the public in Kakamega County about the importance of hand hygiene for household wellbeing.
HEA_01686,Health,Division of Disease Surveillance and Response reminds the public in Machakos County about the importance of hypertension awareness for household wellbeing.
HEA_01687,Health,Division of Disease Surveillance and Response advises residents of Kirinyaga County to boil drinking water before use to prevent the spread of preventable illness.
HEA_01688,Health,CDC reminds the public in Machakos County about the importance of proper sanitation for household wellbeing.
HEA_01689,Health,Kenya Medical Association reminds the public in Taita-Taveta County about the importance of hand hygiene for household wellbeing.
HEA_01690,Health,KEMSA reminds the public in Laikipia County about the importance of diabetes screening for household wellbeing.
HEA_01691,Health,Division of Disease Surveillance and Response launches a September awareness campaign on diabetes screening across Migori County.
HEA_01692,Health,Kenya Red Cross reminds the public in Vihiga County about the importance of tobacco control for household wellbeing.
HEA_01693,Health,Ministry of Health - Reproductive Health Unit reminds the public in Kisii County about the importance of tobacco control for household wellbeing.
HEA_01694,Health,KEMSA reminds the public in Marsabit County about the importance of safe water storage for household wellbeing.
HEA_01695,Health,Ministry of Health - Reproductive Health Unit reminds the public in Mandera County about the importance of hypertension awareness for household wellbeing.
HEA_01696,Health,KEMRI launches an August awareness campaign on hand hygiene across Baringo County.
HEA_01697,Health,CDC advises residents of West Pokot County to reduce salt and sugar intake to prevent the spread of preventable illness.
HEA_01698,Health,SHA (Social Health Authority) launches an October awareness campaign on proper sanitation across West Pokot County.
HEA_01699,Health,CDC launches a February awareness campaign on proper sanitation across Marsabit County.
HEA_01700,Health,Public notice: Division of Disease Surveillance and Response will host a free diabetes screening outreach in Kirinyaga County this May.
HEA_01701,Health,KEMSA launches an October awareness campaign on diabetes screening across Marsabit County.
HEA_01702,Health,Kenya Red Cross launches an April awareness campaign on safe water storage across Nyeri County.
HEA_01703,Health,Ministry of Health reminds the public in Wajir County about the importance of proper sanitation for household wellbeing.
HEA_01704,Health,Ministry of Health launches an August awareness campaign on hypertension awareness across Uasin Gishu County.
HEA_01705,Health,Public notice: Ministry of Health - Reproductive Health Unit will host a free diabetes screening outreach in Kiambu County this July.
HEA_01706,Health,KEMSA advises residents of Narok County to reduce salt and sugar intake to prevent the spread of preventable illness.
HEA_01707,Health,Kenya Medical Association launches an April awareness campaign on diabetes screening across Samburu County.
HEA_01708,Health,Public notice: CDC will host a free diabetes screening outreach in Kilifi County this November.
HEA_01709,Health,Public notice: SHA (Social Health Authority) will host a free hand hygiene outreach in Isiolo County this December.
HEA_01710,Health,Public notice: CDC will host a free tobacco control outreach in Kisumu County this February.
HEA_01711,Health,KEMRI launches a September awareness campaign on hypertension awareness across Busia County.
HEA_01712,Health,CDC launches an August awareness campaign on hypertension awareness across Tharaka-Nithi County.
HEA_01713,Health,SHA (Social Health Authority) launches a September awareness campaign on safe water storage across Homa Bay County.
HEA_01714,Health,Kenya Red Cross launches an April awareness campaign on food safety across Embu County.
HEA_01715,Health,Ministry of Health reminds the public in Nakuru County about the importance of proper sanitation for household wellbeing.
HEA_01716,Health,KEMSA reminds the public in Uasin Gishu County about the importance of food safety for household wellbeing.
HEA_01717,Health,Public notice: Kenya Medical Association will host a free hand hygiene outreach in Makueni County this February.
HEA_01718,Health,CDC launches a May awareness campaign on safe water storage across Isiolo County.
HEA_01719,Health,KEMSA reminds the public in Tana River County about the importance of proper sanitation for household wellbeing.
HEA_01720,Health,Ministry of Health advises residents of Nyamira County to attend the free community health screening to prevent the spread of preventable illness.
HEA_01721,Health,SHA (Social Health Authority) reminds the public in Murang'a County about the importance of diabetes screening for household wellbeing.
HEA_01722,Health,Public notice: Kenya Red Cross will host a free hand hygiene outreach in Samburu County this February.
HEA_01723,Health,KEMRI advises residents of Bungoma County to boil drinking water before use to prevent the spread of preventable illness.
HEA_01724,Health,CDC reminds the public in Narok County about the importance of hand hygiene for household wellbeing.
HEA_01725,Health,Public notice: Ministry of Health will host a free hypertension awareness outreach in Murang'a County this August.
HEA_01726,Health,SHA (Social Health Authority) reminds the public in Laikipia County about the importance of diabetes screening for household wellbeing.
HEA_01727,Health,Ministry of Health advises residents of Nyandarua County to wash hands with soap and clean water regularly to prevent the spread of preventable illness.
HEA_01728,Health,CDC advises residents of Kisumu County to attend the free community health screening to prevent the spread of preventable illness.
HEA_01729,Health,Ministry of Health - Reproductive Health Unit reminds the public in Taita-Taveta County about the importance of hypertension awareness for household wellbeing.
HEA_01730,Health,KEMSA advises residents of West Pokot County to boil drinking water before use to prevent the spread of preventable illness.
HEA_01731,Health,CDC advises residents of Elgeyo-Marakwet County to reduce salt and sugar intake to prevent the spread of preventable illness.
HEA_01732,Health,Ministry of Health launches an October awareness campaign on proper sanitation across Baringo County.
HEA_01733,Health,Ministry of Health advises residents of Tana River County to attend the free community health screening to prevent the spread of preventable illness.
HEA_01734,Health,Public notice: Kenya Medical Association will host a free safe water storage outreach in Turkana County this November.
HEA_01735,Health,Public notice: Ministry of Health will host a free hypertension awareness outreach in Isiolo County this December.
HEA_01736,Health,Kenya Red Cross launches a July awareness campaign on tobacco control across Taita-Taveta County.
HEA_01737,Health,KEMSA launches a September awareness campaign on proper sanitation across Nairobi County.
HEA_01738,Health,KEMRI reminds the public in Busia County about the importance of food safety for household wellbeing.
HEA_01739,Health,Public notice: Division of Disease Surveillance and Response will host a free food safety outreach in Siaya County this May.
HEA_01740,Health,Kenya Red Cross reminds the public in Machakos County about the importance of proper sanitation for household wellbeing.
HEA_01741,Health,Public notice: KEMRI will host a free proper sanitation outreach in Baringo County this October.
HEA_01742,Health,KEMSA launches a January awareness campaign on hypertension awareness across Kisumu County.
HEA_01743,Health,Ministry of Health reminds the public in Mombasa County about the importance of safe water storage for household wellbeing.
HEA_01744,Health,CDC reminds the public in Kisii County about the importance of diabetes screening for household wellbeing.
HEA_01745,Health,CDC reminds the public in Taita-Taveta County about the importance of tobacco control for household wellbeing.
HEA_01746,Health,CDC launches a November awareness campaign on diabetes screening across Kwale County.
HEA_01747,Health,Division of Disease Surveillance and Response launches an October awareness campaign on proper sanitation across Samburu County.
HEA_01748,Health,KEMSA reminds the public in Kisii County about the importance of hand hygiene for household wellbeing.
HEA_01749,Health,Division of Disease Surveillance and Response reminds the public in Tharaka-Nithi County about the importance of hand hygiene for household wellbeing.
HEA_01750,Health,Ministry of Health advises residents of Nyandarua County to attend the free community health screening to prevent the spread of preventable illness.
HEA_01751,Health,SHA (Social Health Authority) advises residents of Busia County to attend the free community health screening to prevent the spread of preventable illness.
HEA_01752,Health,KEMRI advises residents of Nakuru County to wash hands with soap and clean water regularly to prevent the spread of preventable illness.
HEA_01753,Health,Public notice: Ministry of Health - Reproductive Health Unit will host a free hypertension awareness outreach in Nyamira County this December.
HEA_01754,Health,Ministry of Health advises residents of Tharaka-Nithi County to reduce salt and sugar intake to prevent the spread of preventable illness.
HEA_01755,Health,Kenya Red Cross launches a September awareness campaign on diabetes screening across Kakamega County.
HEA_01756,Health,CDC advises residents of Tharaka-Nithi County to boil drinking water before use to prevent the spread of preventable illness.
HEA_01757,Health,KEMSA launches a March awareness campaign on proper sanitation across Lamu County.
HEA_01758,Health,CDC advises residents of Nairobi County to boil drinking water before use to prevent the spread of preventable illness.
HEA_01759,Health,CDC launches a May awareness campaign on tobacco control across Busia County.
HEA_01760,Health,Ministry of Health reminds the public in Elgeyo-Marakwet County about the importance of tobacco control for household wellbeing.
HEA_01761,Health,Division of Disease Surveillance and Response launches a July awareness campaign on proper sanitation across Elgeyo-Marakwet County.
HEA_01762,Health,CDC launches an August awareness campaign on proper sanitation across Baringo County.
HEA_01763,Health,KEMRI launches a May awareness campaign on diabetes screening across Tana River County.
HEA_01764,Health,Division of Disease Surveillance and Response reminds the public in Mombasa County about the importance of safe water storage for household wellbeing.
HEA_01765,Health,Public notice: SHA (Social Health Authority) will host a free tobacco control outreach in Kakamega County this January.
HEA_01766,Health,Kenya Medical Association advises residents of Lamu County to boil drinking water before use to prevent the spread of preventable illness.
HEA_01767,Health,Division of Disease Surveillance and Response advises residents of Kirinyaga County to wash hands with soap and clean water regularly to prevent the spread of preventable illness.
HEA_01768,Health,Ministry of Health - Reproductive Health Unit launches a January awareness campaign on hypertension awareness across Elgeyo-Marakwet County.
HEA_01769,Health,Public notice: Kenya Red Cross will host a free diabetes screening outreach in Machakos County this February.
HEA_01770,Health,Division of Disease Surveillance and Response advises residents of Tana River County to boil drinking water before use to prevent the spread of preventable illness.
HEA_01771,Health,Ministry of Health - Reproductive Health Unit launches a November awareness campaign on diabetes screening across Garissa County.
HEA_01772,Health,SHA (Social Health Authority) launches a January awareness campaign on diabetes screening across Tana River County.
HEA_01773,Health,Public notice: SHA (Social Health Authority) will host a free food safety outreach in Mandera County this January.
HEA_01774,Health,Ministry of Health reminds the public in Kirinyaga County about the importance of tobacco control for household wellbeing.
HEA_01775,Health,SHA (Social Health Authority) reminds the public in Garissa County about the importance of hand hygiene for household wellbeing.
HEA_01776,Health,Kenya Red Cross launches a July awareness campaign on hand hygiene across Samburu County.
HEA_01777,Health,KEMRI reminds the public in Bungoma County about the importance of hypertension awareness for household wellbeing.
HEA_01778,Health,Ministry of Health - Reproductive Health Unit launches an August awareness campaign on food safety across Samburu County.
HEA_01779,Health,SHA (Social Health Authority) reminds the public in Kiambu County about the importance of tobacco control for household wellbeing.
HEA_01780,Health,Ministry of Health - Reproductive Health Unit launches a June awareness campaign on hypertension awareness across Kajiado County.
HEA_01781,Health,SHA (Social Health Authority) advises residents of Garissa County to wash hands with soap and clean water regularly to prevent the spread of preventable illness.
HEA_01782,Health,KEMSA advises residents of Siaya County to attend the free community health screening to prevent the spread of preventable illness.
HEA_01783,Health,Public notice: Kenya Medical Association will host a free hypertension awareness outreach in Laikipia County this December.
HEA_01784,Health,KEMSA reminds the public in Machakos County about the importance of food safety for household wellbeing.
HEA_01785,Health,Ministry of Health launches a May awareness campaign on hypertension awareness across Mandera County.
HEA_01786,Health,CDC reminds the public in Kisumu County about the importance of proper sanitation for household wellbeing.
HEA_01787,Health,KEMSA advises residents of Laikipia County to attend the free community health screening to prevent the spread of preventable illness.
HEA_01788,Health,Public notice: Division of Disease Surveillance and Response will host a free hypertension awareness outreach in Mombasa County this September.
HEA_01789,Health,Ministry of Health advises residents of Machakos County to wash hands with soap and clean water regularly to prevent the spread of preventable illness.
HEA_01790,Health,Division of Disease Surveillance and Response reminds the public in Tharaka-Nithi County about the importance of tobacco control for household wellbeing.
HEA_01791,Health,SHA (Social Health Authority) advises residents of Kiambu County to reduce salt and sugar intake to prevent the spread of preventable illness.
HEA_01792,Health,Division of Disease Surveillance and Response reminds the public in Vihiga County about the importance of proper sanitation for household wellbeing.
HEA_01793,Health,Public notice: Kenya Medical Association will host a free hand hygiene outreach in Kiambu County this March.
HEA_01794,Health,Ministry of Health reminds the public in Nakuru County about the importance of hand hygiene for household wellbeing.
HEA_01795,Health,KEMRI advises residents of Baringo County to boil drinking water before use to prevent the spread of preventable illness.
HEA_01796,Health,Ministry of Health - Reproductive Health Unit advises residents of Kiambu County to reduce salt and sugar intake to prevent the spread of preventable illness.
HEA_01797,Health,Kenya Medical Association advises residents of Meru County to attend the free community health screening to prevent the spread of preventable illness.
HEA_01798,Health,SHA (Social Health Authority) launches a January awareness campaign on hypertension awareness across Turkana County.
HEA_01799,Health,KEMSA launches an August awareness campaign on safe water storage across Nyeri County.
HEA_01800,Health,Public notice: Ministry of Health will host a free safe water storage outreach in Kwale County this April.
HEA_01801,Health,Notice: KEMSA will hold a youth mental wellness forum in Kitui County this May. All are welcome.
HEA_01802,Health,Division of Disease Surveillance and Response urges anyone struggling with their mental health in Bomet County to call the toll-free mental health helpline.
HEA_01803,Health,Ministry of Health urges anyone struggling with their mental health in Meru County to reach out to a trained counsellor.
HEA_01804,Health,KEMSA reminds the public that free stress management support is available through county health facilities in Samburu County.
HEA_01805,Health,Notice: KEMRI will hold a suicide prevention forum in Kirinyaga County this August. All are welcome.
HEA_01806,Health,Notice: Division of Disease Surveillance and Response will hold a trauma counselling forum in Homa Bay County this March. All are welcome.
HEA_01807,Health,SHA (Social Health Authority) encourages residents of Wajir County not to suffer in silence and to call the toll-free mental health helpline.
HEA_01808,Health,KEMRI urges anyone struggling with their mental health in Kericho County to attend a free community counselling session.
HEA_01809,Health,Notice: Kenya Medical Association will hold a stress management forum in Siaya County this April. All are welcome.
HEA_01810,Health,CDC urges anyone struggling with their mental health in Nyeri County to attend a free community counselling session.
HEA_01811,Health,Ministry of Health urges anyone struggling with their mental health in Siaya County to call the toll-free mental health helpline.
HEA_01812,Health,KEMRI encourages residents of Nairobi County not to suffer in silence and to encourage a friend in distress to seek help.
HEA_01813,Health,KEMSA reminds the public that free youth mental wellness support is available through county health facilities in Narok County.
HEA_01814,Health,Notice: Ministry of Health - Reproductive Health Unit will hold a suicide prevention forum in Kajiado County this August. All are welcome.
HEA_01815,Health,Notice: Division of Disease Surveillance and Response will hold a substance abuse recovery forum in Kajiado County this December. All are welcome.
HEA_01816,Health,Ministry of Health - Reproductive Health Unit encourages residents of Nyandarua County not to suffer in silence and to encourage a friend in distress to seek help.
HEA_01817,Health,KEMRI reminds the public that free substance abuse recovery support is available through county health facilities in Kitui County.
HEA_01818,Health,Kenya Medical Association urges anyone struggling with their mental health in Embu County to encourage a friend in distress to seek help.
HEA_01819,Health,KEMSA encourages residents of West Pokot County not to suffer in silence and to reach out to a trained counsellor.
HEA_01820,Health,SHA (Social Health Authority) urges anyone struggling with their mental health in Nyeri County to attend a free community counselling session.
HEA_01821,Health,Ministry of Health urges anyone struggling with their mental health in Baringo County to attend a free community counselling session.
HEA_01822,Health,Ministry of Health - Reproductive Health Unit encourages residents of Baringo County not to suffer in silence and to encourage a friend in distress to seek help.
HEA_01823,Health,Notice: Ministry of Health - Reproductive Health Unit will hold a substance abuse recovery forum in Murang'a County this May. All are welcome.
HEA_01824,Health,KEMSA reminds the public that free depression awareness support is available through county health facilities in Nandi County.
HEA_01825,Health,Division of Disease Surveillance and Response reminds the public that free trauma counselling support is available through county health facilities in Taita-Taveta County.
HEA_01826,Health,Kenya Red Cross reminds the public that free stress management support is available through county health facilities in Kitui County.
HEA_01827,Health,Division of Disease Surveillance and Response reminds the public that free suicide prevention support is available through county health facilities in Kilifi County.
HEA_01828,Health,Notice: KEMRI will hold a depression awareness forum in Migori County this June. All are welcome.
HEA_01829,Health,Notice: Kenya Red Cross will hold a trauma counselling forum in Tharaka-Nithi County this December. All are welcome.
HEA_01830,Health,CDC urges anyone struggling with their mental health in Makueni County to attend a free community counselling session.
HEA_01831,Health,Notice: Division of Disease Surveillance and Response will hold a trauma counselling forum in Trans Nzoia County this July. All are welcome.
HEA_01832,Health,Ministry of Health - Reproductive Health Unit reminds the public that free suicide prevention support is available through county health facilities in Kisumu County.
HEA_01833,Health,KEMRI encourages residents of Kitui County not to suffer in silence and to call the toll-free mental health helpline.
HEA_01834,Health,KEMRI encourages residents of Kajiado County not to suffer in silence and to encourage a friend in distress to seek help.
HEA_01835,Health,Division of Disease Surveillance and Response encourages residents of Taita-Taveta County not to suffer in silence and to call the toll-free mental health helpline.
HEA_01836,Health,Kenya Medical Association encourages residents of Embu County not to suffer in silence and to encourage a friend in distress to seek help.
HEA_01837,Health,Division of Disease Surveillance and Response reminds the public that free suicide prevention support is available through county health facilities in Mandera County.
HEA_01838,Health,Notice: Ministry of Health will hold a depression awareness forum in Nakuru County this November. All are welcome.
HEA_01839,Health,Notice: KEMRI will hold a youth mental wellness forum in Uasin Gishu County this July. All are welcome.
HEA_01840,Health,CDC encourages residents of Kirinyaga County not to suffer in silence and to reach out to a trained counsellor.
HEA_01841,Health,KEMSA reminds the public that free trauma counselling support is available through county health facilities in Marsabit County.
HEA_01842,Health,Kenya Medical Association encourages residents of Embu County not to suffer in silence and to reach out to a trained counsellor.
HEA_01843,Health,KEMRI encourages residents of Laikipia County not to suffer in silence and to attend a free community counselling session.
HEA_01844,Health,Kenya Red Cross encourages residents of Taita-Taveta County not to suffer in silence and to reach out to a trained counsellor.
HEA_01845,Health,Ministry of Health urges anyone struggling with their mental health in Kisii County to encourage a friend in distress to seek help.
HEA_01846,Health,KEMSA reminds the public that free substance abuse recovery support is available through county health facilities in Tharaka-Nithi County.
HEA_01847,Health,Notice: KEMRI will hold a youth mental wellness forum in Kitui County this May. All are welcome.
HEA_01848,Health,Ministry of Health - Reproductive Health Unit reminds the public that free trauma counselling support is available through county health facilities in Tana River County.
HEA_01849,Health,KEMSA reminds the public that free substance abuse recovery support is available through county health facilities in Murang'a County.
HEA_01850,Health,SHA (Social Health Authority) urges anyone struggling with their mental health in Mandera County to encourage a friend in distress to seek help.
HEA_01851,Health,SHA (Social Health Authority) encourages residents of Samburu County not to suffer in silence and to call the toll-free mental health helpline.
HEA_01852,Health,Kenya Red Cross urges anyone struggling with their mental health in Elgeyo-Marakwet County to encourage a friend in distress to seek help.
HEA_01853,Health,Kenya Red Cross urges anyone struggling with their mental health in Vihiga County to encourage a friend in distress to seek help.
HEA_01854,Health,Notice: KEMRI will hold a substance abuse recovery forum in Mombasa County this March. All are welcome.
HEA_01855,Health,Kenya Medical Association reminds the public that free trauma counselling support is available through county health facilities in Bungoma County.
HEA_01856,Health,Notice: Ministry of Health - Reproductive Health Unit will hold a trauma counselling forum in Baringo County this August. All are welcome.
HEA_01857,Health,SHA (Social Health Authority) reminds the public that free substance abuse recovery support is available through county health facilities in Nyeri County.
HEA_01858,Health,Notice: Kenya Red Cross will hold a suicide prevention forum in Trans Nzoia County this October. All are welcome.
HEA_01859,Health,KEMRI encourages residents of Meru County not to suffer in silence and to encourage a friend in distress to seek help.
HEA_01860,Health,Kenya Medical Association encourages residents of Homa Bay County not to suffer in silence and to reach out to a trained counsellor.
HEA_01861,Health,Ministry of Health encourages residents of Machakos County not to suffer in silence and to attend a free community counselling session.
HEA_01862,Health,Notice: SHA (Social Health Authority) will hold a youth mental wellness forum in Kisii County this December. All are welcome.
HEA_01863,Health,Ministry of Health - Reproductive Health Unit urges anyone struggling with their mental health in Uasin Gishu County to reach out to a trained counsellor.
HEA_01864,Health,Notice: SHA (Social Health Authority) will hold a depression awareness forum in Garissa County this September. All are welcome.
HEA_01865,Health,Ministry of Health - Reproductive Health Unit encourages residents of Isiolo County not to suffer in silence and to call the toll-free mental health helpline.
HEA_01866,Health,Ministry of Health - Reproductive Health Unit reminds the public that free youth mental wellness support is available through county health facilities in Kwale County.
HEA_01867,Health,Kenya Medical Association encourages residents of Kiambu County not to suffer in silence and to encourage a friend in distress to seek help.
HEA_01868,Health,Kenya Medical Association urges anyone struggling with their mental health in Kilifi County to attend a free community counselling session.
HEA_01869,Health,KEMSA reminds the public that free youth mental wellness support is available through county health facilities in Murang'a County.
HEA_01870,Health,Ministry of Health - Reproductive Health Unit encourages residents of Baringo County not to suffer in silence and to reach out to a trained counsellor.
HEA_01871,Health,Ministry of Health - Reproductive Health Unit urges anyone struggling with their mental health in Mandera County to attend a free community counselling session.
HEA_01872,Health,KEMSA urges anyone struggling with their mental health in Kwale County to reach out to a trained counsellor.
HEA_01873,Health,Kenya Red Cross urges anyone struggling with their mental health in Wajir County to encourage a friend in distress to seek help.
HEA_01874,Health,SHA (Social Health Authority) urges anyone struggling with their mental health in Homa Bay County to attend a free community counselling session.
HEA_01875,Health,Ministry of Health - Reproductive Health Unit urges anyone struggling with their mental health in Turkana County to call the toll-free mental health helpline.
HEA_01876,Health,CDC reminds the public that free youth mental wellness support is available through county health facilities in Embu County.
HEA_01877,Health,CDC reminds the public that free youth mental wellness support is available through county health facilities in Kisumu County.
HEA_01878,Health,Kenya Medical Association reminds the public that free substance abuse recovery support is available through county health facilities in Kisii County.
HEA_01879,Health,Ministry of Health reminds the public that free suicide prevention support is available through county health facilities in Tana River County.
HEA_01880,Health,Division of Disease Surveillance and Response urges anyone struggling with their mental health in Machakos County to reach out to a trained counsellor.
HEA_01881,Health,Kenya Medical Association reminds the public that free depression awareness support is available through county health facilities in Kwale County.
HEA_01882,Health,SHA (Social Health Authority) urges anyone struggling with their mental health in Kitui County to call the toll-free mental health helpline.
HEA_01883,Health,Ministry of Health urges anyone struggling with their mental health in Uasin Gishu County to reach out to a trained counsellor.
HEA_01884,Health,Notice: Division of Disease Surveillance and Response will hold a suicide prevention forum in Bomet County this November. All are welcome.
HEA_01885,Health,CDC urges anyone struggling with their mental health in Trans Nzoia County to reach out to a trained counsellor.
HEA_01886,Health,KEMRI urges anyone struggling with their mental health in Garissa County to attend a free community counselling session.
HEA_01887,Health,Ministry of Health urges anyone struggling with their mental health in Trans Nzoia County to attend a free community counselling session.
HEA_01888,Health,Kenya Medical Association reminds the public that free suicide prevention support is available through county health facilities in Embu County.
HEA_01889,Health,Kenya Red Cross reminds the public that free depression awareness support is available through county health facilities in Kisumu County.
HEA_01890,Health,SHA (Social Health Authority) reminds the public that free depression awareness support is available through county health facilities in Embu County.
HEA_01891,Health,SHA (Social Health Authority) encourages residents of Nyamira County not to suffer in silence and to call the toll-free mental health helpline.
HEA_01892,Health,Notice: SHA (Social Health Authority) will hold a youth mental wellness forum in Bungoma County this June. All are welcome.
HEA_01893,Health,KEMSA encourages residents of Kiambu County not to suffer in silence and to attend a free community counselling session.
HEA_01894,Health,SHA (Social Health Authority) encourages residents of Kiambu County not to suffer in silence and to encourage a friend in distress to seek help.
HEA_01895,Health,CDC encourages residents of Siaya County not to suffer in silence and to call the toll-free mental health helpline.
HEA_01896,Health,KEMRI reminds the public that free stress management support is available through county health facilities in Kwale County.
HEA_01897,Health,Notice: KEMRI will hold a trauma counselling forum in Elgeyo-Marakwet County this April. All are welcome.
HEA_01898,Health,Ministry of Health reminds the public that free substance abuse recovery support is available through county health facilities in Mandera County.
HEA_01899,Health,Notice: KEMRI will hold a suicide prevention forum in Marsabit County this July. All are welcome.
HEA_01900,Health,KEMRI reminds the public that free substance abuse recovery support is available through county health facilities in Nairobi County.
HEA_01901,Health,Notice: KEMSA will hold a youth mental wellness forum in Nyandarua County this June. All are welcome.
HEA_01902,Health,CDC reminds the public that free depression awareness support is available through county health facilities in Uasin Gishu County.
HEA_01903,Health,KEMRI reminds the public that free depression awareness support is available through county health facilities in Nairobi County.
HEA_01904,Health,KEMRI urges anyone struggling with their mental health in Kericho County to call the toll-free mental health helpline.
HEA_01905,Health,Kenya Medical Association urges anyone struggling with their mental health in Kajiado County to call the toll-free mental health helpline.
HEA_01906,Health,Ministry of Health encourages residents of Lamu County not to suffer in silence and to reach out to a trained counsellor.
HEA_01907,Health,SHA (Social Health Authority) urges anyone struggling with their mental health in Meru County to call the toll-free mental health helpline.
HEA_01908,Health,CDC urges anyone struggling with their mental health in Taita-Taveta County to encourage a friend in distress to seek help.
HEA_01909,Health,Notice: KEMSA will hold a suicide prevention forum in Nairobi County this April. All are welcome.
HEA_01910,Health,KEMSA encourages residents of Bungoma County not to suffer in silence and to attend a free community counselling session.
HEA_01911,Health,Notice: Ministry of Health - Reproductive Health Unit will hold a depression awareness forum in Siaya County this April. All are welcome.
HEA_01912,Health,SHA (Social Health Authority) encourages residents of West Pokot County not to suffer in silence and to encourage a friend in distress to seek help.
HEA_01913,Health,Ministry of Health - Reproductive Health Unit urges anyone struggling with their mental health in Nandi County to encourage a friend in distress to seek help.
HEA_01914,Health,Ministry of Health - Reproductive Health Unit urges anyone struggling with their mental health in Kwale County to encourage a friend in distress to seek help.
HEA_01915,Health,Kenya Red Cross reminds the public that free suicide prevention support is available through county health facilities in Bungoma County.
HEA_01916,Health,Kenya Red Cross urges anyone struggling with their mental health in Samburu County to attend a free community counselling session.
HEA_01917,Health,Kenya Red Cross encourages residents of Samburu County not to suffer in silence and to encourage a friend in distress to seek help.
HEA_01918,Health,Division of Disease Surveillance and Response reminds the public that free substance abuse recovery support is available through county health facilities in Mandera County.
HEA_01919,Health,KEMSA urges anyone struggling with their mental health in Tharaka-Nithi County to reach out to a trained counsellor.
HEA_01920,Health,Notice: Ministry of Health - Reproductive Health Unit will hold a substance abuse recovery forum in Trans Nzoia County this July. All are welcome.
HEA_01921,Health,Notice: Kenya Medical Association will hold a youth mental wellness forum in Nakuru County this May. All are welcome.
HEA_01922,Health,KEMRI urges anyone struggling with their mental health in Elgeyo-Marakwet County to attend a free community counselling session.
HEA_01923,Health,Division of Disease Surveillance and Response encourages residents of Kisii County not to suffer in silence and to encourage a friend in distress to seek help.
HEA_01924,Health,KEMRI encourages residents of Machakos County not to suffer in silence and to reach out to a trained counsellor.
HEA_01925,Health,Notice: Ministry of Health will hold a youth mental wellness forum in Kisii County this November. All are welcome.
HEA_01926,Health,Kenya Red Cross urges anyone struggling with their mental health in Bungoma County to call the toll-free mental health helpline.
HEA_01927,Health,Notice: KEMRI will hold a youth mental wellness forum in Bungoma County this October. All are welcome.
HEA_01928,Health,Ministry of Health urges anyone struggling with their mental health in Wajir County to encourage a friend in distress to seek help.
HEA_01929,Health,SHA (Social Health Authority) encourages residents of Kajiado County not to suffer in silence and to encourage a friend in distress to seek help.
HEA_01930,Health,Kenya Medical Association urges anyone struggling with their mental health in Makueni County to attend a free community counselling session.
HEA_01931,Health,Kenya Red Cross encourages residents of Nairobi County not to suffer in silence and to reach out to a trained counsellor.
HEA_01932,Health,Division of Disease Surveillance and Response reminds the public that free youth mental wellness support is available through county health facilities in Marsabit County.
HEA_01933,Health,Kenya Medical Association urges anyone struggling with their mental health in Kisii County to reach out to a trained counsellor.
HEA_01934,Health,Ministry of Health - Reproductive Health Unit urges anyone struggling with their mental health in Mombasa County to reach out to a trained counsellor.
HEA_01935,Health,CDC encourages residents of Uasin Gishu County not to suffer in silence and to attend a free community counselling session.
HEA_01936,Health,KEMSA encourages residents of Meru County not to suffer in silence and to call the toll-free mental health helpline.
HEA_01937,Health,KEMRI urges anyone struggling with their mental health in Nakuru County to reach out to a trained counsellor.
HEA_01938,Health,KEMRI encourages residents of Meru County not to suffer in silence and to reach out to a trained counsellor.
HEA_01939,Health,KEMRI urges anyone struggling with their mental health in Makueni County to encourage a friend in distress to seek help.
HEA_01940,Health,KEMSA reminds the public that free stress management support is available through county health facilities in Taita-Taveta County.
HEA_01941,Health,SHA (Social Health Authority) encourages residents of Nyandarua County not to suffer in silence and to attend a free community counselling session.
HEA_01942,Health,KEMRI reminds the public that free youth mental wellness support is available through county health facilities in Laikipia County.
HEA_01943,Health,Ministry of Health reminds the public that free stress management support is available through county health facilities in Tana River County.
HEA_01944,Health,SHA (Social Health Authority) reminds the public that free stress management support is available through county health facilities in Embu County.
HEA_01945,Health,CDC encourages residents of Nyandarua County not to suffer in silence and to encourage a friend in distress to seek help.
HEA_01946,Health,Notice: Kenya Medical Association will hold a youth mental wellness forum in Kiambu County this June. All are welcome.
HEA_01947,Health,Notice: Division of Disease Surveillance and Response will hold a youth mental wellness forum in Machakos County this June. All are welcome.
HEA_01948,Health,Kenya Medical Association encourages residents of Busia County not to suffer in silence and to attend a free community counselling session.
HEA_01949,Health,Notice: SHA (Social Health Authority) will hold a youth mental wellness forum in Mombasa County this August. All are welcome.
HEA_01950,Health,KEMSA encourages residents of Kwale County not to suffer in silence and to reach out to a trained counsellor.
HEA_01951,Health,Notice: KEMRI will hold a trauma counselling forum in West Pokot County this August. All are welcome.
HEA_01952,Health,CDC encourages residents of Uasin Gishu County not to suffer in silence and to call the toll-free mental health helpline.
HEA_01953,Health,Division of Disease Surveillance and Response reminds the public that free depression awareness support is available through county health facilities in Kwale County.
HEA_01954,Health,Division of Disease Surveillance and Response reminds the public that free suicide prevention support is available through county health facilities in Migori County.
HEA_01955,Health,Ministry of Health - Reproductive Health Unit encourages residents of Homa Bay County not to suffer in silence and to reach out to a trained counsellor.
HEA_01956,Health,Kenya Red Cross encourages residents of Bungoma County not to suffer in silence and to call the toll-free mental health helpline.
HEA_01957,Health,KEMSA reminds the public that free depression awareness support is available through county health facilities in Nakuru County.
HEA_01958,Health,KEMSA encourages residents of Nandi County not to suffer in silence and to encourage a friend in distress to seek help.
HEA_01959,Health,KEMRI urges anyone struggling with their mental health in Embu County to reach out to a trained counsellor.
HEA_01960,Health,Kenya Medical Association reminds the public that free suicide prevention support is available through county health facilities in Nyamira County.
HEA_01961,Health,Notice: Kenya Medical Association will hold a youth mental wellness forum in Nyandarua County this April. All are welcome.
HEA_01962,Health,Notice: Ministry of Health - Reproductive Health Unit will hold a youth mental wellness forum in Homa Bay County this February. All are welcome.
HEA_01963,Health,CDC urges anyone struggling with their mental health in Siaya County to encourage a friend in distress to seek help.
HEA_01964,Health,Division of Disease Surveillance and Response reminds the public that free trauma counselling support is available through county health facilities in Kitui County.
HEA_01965,Health,Division of Disease Surveillance and Response reminds the public that free youth mental wellness support is available through county health facilities in Samburu County.
HEA_01966,Health,CDC encourages residents of Elgeyo-Marakwet County not to suffer in silence and to call the toll-free mental health helpline.
HEA_01967,Health,Notice: SHA (Social Health Authority) will hold a stress management forum in Nyeri County this February. All are welcome.
HEA_01968,Health,Division of Disease Surveillance and Response reminds the public that free youth mental wellness support is available through county health facilities in Vihiga County.
HEA_01969,Health,Kenya Red Cross reminds the public that free trauma counselling support is available through county health facilities in Tana River County.
HEA_01970,Health,Kenya Medical Association urges anyone struggling with their mental health in Elgeyo-Marakwet County to attend a free community counselling session.
HEA_01971,Health,CDC urges anyone struggling with their mental health in Homa Bay County to call the toll-free mental health helpline.
HEA_01972,Health,Kenya Medical Association reminds the public that free substance abuse recovery support is available through county health facilities in Mombasa County.
HEA_01973,Health,Notice: KEMSA will hold a substance abuse recovery forum in Nyeri County this April. All are welcome.
HEA_01974,Health,KEMSA encourages residents of Bungoma County not to suffer in silence and to call the toll-free mental health helpline.
HEA_01975,Health,Division of Disease Surveillance and Response reminds the public that free youth mental wellness support is available through county health facilities in Kirinyaga County.
HEA_01976,Health,Kenya Red Cross reminds the public that free substance abuse recovery support is available through county health facilities in Nyamira County.
HEA_01977,Health,Ministry of Health - Reproductive Health Unit urges anyone struggling with their mental health in Nyeri County to encourage a friend in distress to seek help.
HEA_01978,Health,Division of Disease Surveillance and Response reminds the public that free suicide prevention support is available through county health facilities in Marsabit County.
HEA_01979,Health,Ministry of Health urges anyone struggling with their mental health in Meru County to encourage a friend in distress to seek help.
HEA_01980,Health,Notice: KEMSA will hold a substance abuse recovery forum in Kwale County this September. All are welcome.
HEA_01981,Health,Notice: Kenya Medical Association will hold a depression awareness forum in Migori County this August. All are welcome.
HEA_01982,Health,Kenya Medical Association encourages residents of Lamu County not to suffer in silence and to attend a free community counselling session.
HEA_01983,Health,Notice: KEMRI will hold a substance abuse recovery forum in Kisii County this September. All are welcome.
HEA_01984,Health,KEMSA reminds the public that free stress management support is available through county health facilities in Murang'a County.
HEA_01985,Health,Notice: Ministry of Health - Reproductive Health Unit will hold a trauma counselling forum in Kisumu County this March. All are welcome.
HEA_01986,Health,Ministry of Health - Reproductive Health Unit urges anyone struggling with their mental health in Kisii County to attend a free community counselling session.
HEA_01987,Health,KEMRI urges anyone struggling with their mental health in Embu County to call the toll-free mental health helpline.
HEA_01988,Health,Division of Disease Surveillance and Response reminds the public that free stress management support is available through county health facilities in Nairobi County.
HEA_01989,Health,Kenya Medical Association urges anyone struggling with their mental health in Elgeyo-Marakwet County to call the toll-free mental health helpline.
HEA_01990,Health,SHA (Social Health Authority) reminds the public that free suicide prevention support is available through county health facilities in Turkana County.
HEA_01991,Health,SHA (Social Health Authority) reminds the public that free depression awareness support is available through county health facilities in Narok County.
HEA_01992,Health,KEMSA encourages residents of Siaya County not to suffer in silence and to encourage a friend in distress to seek help.
HEA_01993,Health,Kenya Red Cross encourages residents of Kisii County not to suffer in silence and to call the toll-free mental health helpline.
HEA_01994,Health,SHA (Social Health Authority) encourages residents of Baringo County not to suffer in silence and to encourage a friend in distress to seek help.
HEA_01995,Health,Notice: Ministry of Health - Reproductive Health Unit will hold a stress management forum in West Pokot County this January. All are welcome.
HEA_01996,Health,SHA (Social Health Authority) reminds the public that free youth mental wellness support is available through county health facilities in Wajir County.
HEA_01997,Health,Ministry of Health urges anyone struggling with their mental health in Vihiga County to encourage a friend in distress to seek help.
HEA_01998,Health,Notice: SHA (Social Health Authority) will hold a substance abuse recovery forum in Vihiga County this March. All are welcome.
HEA_01999,Health,Kenya Medical Association encourages residents of Kirinyaga County not to suffer in silence and to call the toll-free mental health helpline.
HEA_02000,Health,Division of Disease Surveillance and Response reminds the public that free trauma counselling support is available through county health facilities in Lamu County.
HEA_02001,Health,Kenya Medical Association urges anyone struggling with their mental health in Kisii County to encourage a friend in distress to seek help.
HEA_02002,Health,SHA (Social Health Authority) encourages residents of Kajiado County not to suffer in silence and to reach out to a trained counsellor.
HEA_02003,Health,CDC reminds the public that free stress management support is available through county health facilities in Nandi County.
HEA_02004,Health,KEMSA reminds the public that free youth mental wellness support is available through county health facilities in Kakamega County.
HEA_02005,Health,SHA (Social Health Authority) urges anyone struggling with their mental health in Bomet County to reach out to a trained counsellor.
HEA_02006,Health,Kenya Medical Association urges anyone struggling with their mental health in Homa Bay County to call the toll-free mental health helpline.
HEA_02007,Health,Notice: Ministry of Health will hold a youth mental wellness forum in Kajiado County this May. All are welcome.
HEA_02008,Health,KEMSA encourages residents of Kakamega County not to suffer in silence and to attend a free community counselling session.
HEA_02009,Health,Notice: CDC will hold a youth mental wellness forum in Narok County this April. All are welcome.
HEA_02010,Health,Ministry of Health reminds the public that free suicide prevention support is available through county health facilities in Machakos County.
HEA_02011,Health,Kenya Red Cross urges anyone struggling with their mental health in Embu County to call the toll-free mental health helpline.
HEA_02012,Health,Notice: Kenya Red Cross will hold a trauma counselling forum in Mandera County this December. All are welcome.
HEA_02013,Health,SHA (Social Health Authority) encourages residents of Bomet County not to suffer in silence and to attend a free community counselling session.
HEA_02014,Health,KEMSA encourages residents of Trans Nzoia County not to suffer in silence and to reach out to a trained counsellor.
HEA_02015,Health,Notice: Kenya Medical Association will hold a trauma counselling forum in Kisii County this March. All are welcome.
HEA_02016,Health,SHA (Social Health Authority) urges anyone struggling with their mental health in Siaya County to attend a free community counselling session.
HEA_02017,Health,Division of Disease Surveillance and Response urges anyone struggling with their mental health in Kakamega County to call the toll-free mental health helpline.
HEA_02018,Health,KEMSA encourages residents of Murang'a County not to suffer in silence and to encourage a friend in distress to seek help.
HEA_02019,Health,KEMRI reminds the public that free stress management support is available through county health facilities in Lamu County.
HEA_02020,Health,Division of Disease Surveillance and Response reminds the public that free suicide prevention support is available through county health facilities in Kiambu County.
HEA_02021,Health,Kenya Red Cross urges anyone struggling with their mental health in Mombasa County to encourage a friend in distress to seek help.
HEA_02022,Health,Kenya Medical Association urges anyone struggling with their mental health in Garissa County to call the toll-free mental health helpline.
HEA_02023,Health,Notice: Ministry of Health - Reproductive Health Unit will hold a depression awareness forum in Garissa County this September. All are welcome.
HEA_02024,Health,Notice: CDC will hold a stress management forum in Nyandarua County this October. All are welcome.
HEA_02025,Health,KEMSA reminds the public that free suicide prevention support is available through county health facilities in Murang'a County.
HEA_02026,Health,Notice: CDC will hold a substance abuse recovery forum in Bomet County this October. All are welcome.
HEA_02027,Health,KEMSA encourages residents of Makueni County not to suffer in silence and to call the toll-free mental health helpline.
HEA_02028,Health,KEMSA urges anyone struggling with their mental health in Samburu County to attend a free community counselling session.
HEA_02029,Health,Division of Disease Surveillance and Response reminds the public that free youth mental wellness support is available through county health facilities in Nyamira County.
HEA_02030,Health,Ministry of Health - Reproductive Health Unit encourages residents of Meru County not to suffer in silence and to attend a free community counselling session.
HEA_02031,Health,CDC encourages residents of Nyeri County not to suffer in silence and to encourage a friend in distress to seek help.
HEA_02032,Health,Kenya Red Cross urges anyone struggling with their mental health in Siaya County to attend a free community counselling session.
HEA_02033,Health,Division of Disease Surveillance and Response encourages residents of Taita-Taveta County not to suffer in silence and to reach out to a trained counsellor.
HEA_02034,Health,KEMRI reminds the public that free trauma counselling support is available through county health facilities in Taita-Taveta County.
HEA_02035,Health,Kenya Medical Association reminds the public that free youth mental wellness support is available through county health facilities in Migori County.
HEA_02036,Health,Ministry of Health - Reproductive Health Unit urges anyone struggling with their mental health in Nakuru County to reach out to a trained counsellor.
HEA_02037,Health,Ministry of Health encourages residents of Busia County not to suffer in silence and to reach out to a trained counsellor.
HEA_02038,Health,CDC encourages residents of Turkana County not to suffer in silence and to reach out to a trained counsellor.
HEA_02039,Health,KEMSA encourages residents of Migori County not to suffer in silence and to call the toll-free mental health helpline.
HEA_02040,Health,SHA (Social Health Authority) urges anyone struggling with their mental health in West Pokot County to attend a free community counselling session.
HEA_02041,Health,Kenya Medical Association reminds the public that free suicide prevention support is available through county health facilities in Nakuru County.
HEA_02042,Health,Notice: SHA (Social Health Authority) will hold a suicide prevention forum in Kiambu County this November. All are welcome.
HEA_02043,Health,Kenya Red Cross reminds the public that free depression awareness support is available through county health facilities in Kirinyaga County.
HEA_02044,Health,Notice: KEMRI will hold a youth mental wellness forum in Mombasa County this December. All are welcome.
HEA_02045,Health,KEMRI encourages residents of Kirinyaga County not to suffer in silence and to reach out to a trained counsellor.
HEA_02046,Health,Ministry of Health - Reproductive Health Unit encourages residents of Tana River County not to suffer in silence and to reach out to a trained counsellor.
HEA_02047,Health,Division of Disease Surveillance and Response encourages residents of Kirinyaga County not to suffer in silence and to reach out to a trained counsellor.
HEA_02048,Health,Division of Disease Surveillance and Response reminds the public that free substance abuse recovery support is available through county health facilities in Nairobi County.
HEA_02049,Health,Notice: Ministry of Health will hold a substance abuse recovery forum in Garissa County this July. All are welcome.
HEA_02050,Health,SHA (Social Health Authority) urges anyone struggling with their mental health in Kajiado County to call the toll-free mental health helpline.
HEA_02051,Health,SHA (Social Health Authority) encourages residents of Nakuru County not to suffer in silence and to call the toll-free mental health helpline.
HEA_02052,Health,Notice: KEMRI will hold a depression awareness forum in Laikipia County this July. All are welcome.
HEA_02053,Health,Notice: Division of Disease Surveillance and Response will hold a trauma counselling forum in Elgeyo-Marakwet County this March. All are welcome.
HEA_02054,Health,Notice: SHA (Social Health Authority) will hold a substance abuse recovery forum in Nandi County this November. All are welcome.
HEA_02055,Health,KEMSA urges anyone struggling with their mental health in Turkana County to encourage a friend in distress to seek help.
HEA_02056,Health,Division of Disease Surveillance and Response reminds the public that free stress management support is available through county health facilities in Nyamira County.
HEA_02057,Health,Kenya Red Cross urges anyone struggling with their mental health in Kilifi County to encourage a friend in distress to seek help.
HEA_02058,Health,Division of Disease Surveillance and Response encourages residents of Kilifi County not to suffer in silence and to call the toll-free mental health helpline.
HEA_02059,Health,Kenya Red Cross encourages residents of Wajir County not to suffer in silence and to encourage a friend in distress to seek help.
HEA_02060,Health,SHA (Social Health Authority) urges anyone struggling with their mental health in Garissa County to call the toll-free mental health helpline.
HEA_02061,Health,Division of Disease Surveillance and Response urges anyone struggling with their mental health in Narok County to call the toll-free mental health helpline.
HEA_02062,Health,Division of Disease Surveillance and Response reminds the public that free youth mental wellness support is available through county health facilities in Elgeyo-Marakwet County.
HEA_02063,Health,Kenya Medical Association reminds the public that free depression awareness support is available through county health facilities in Laikipia County.
HEA_02064,Health,SHA (Social Health Authority) encourages residents of Elgeyo-Marakwet County not to suffer in silence and to call the toll-free mental health helpline.
HEA_02065,Health,KEMRI urges anyone struggling with their mental health in Nyandarua County to attend a free community counselling session.
HEA_02066,Health,Kenya Medical Association urges anyone struggling with their mental health in Tharaka-Nithi County to reach out to a trained counsellor.
HEA_02067,Health,KEMRI urges anyone struggling with their mental health in Vihiga County to call the toll-free mental health helpline.
HEA_02068,Health,SHA (Social Health Authority) urges anyone struggling with their mental health in Mandera County to reach out to a trained counsellor.
HEA_02069,Health,Notice: KEMRI will hold a stress management forum in Marsabit County this July. All are welcome.
HEA_02070,Health,SHA (Social Health Authority) urges anyone struggling with their mental health in Tana River County to encourage a friend in distress to seek help.
HEA_02071,Health,Notice: KEMRI will hold a substance abuse recovery forum in Kitui County this June. All are welcome.
HEA_02072,Health,Ministry of Health encourages residents of Narok County not to suffer in silence and to reach out to a trained counsellor.
HEA_02073,Health,Notice: SHA (Social Health Authority) will hold a depression awareness forum in Nyandarua County this June. All are welcome.
HEA_02074,Health,Notice: Kenya Medical Association will hold a stress management forum in Machakos County this June. All are welcome.
HEA_02075,Health,Ministry of Health urges anyone struggling with their mental health in Mombasa County to attend a free community counselling session.
HEA_02076,Health,Kenya Red Cross urges anyone struggling with their mental health in Laikipia County to reach out to a trained counsellor.
HEA_02077,Health,KEMSA encourages residents of Makueni County not to suffer in silence and to attend a free community counselling session.
HEA_02078,Health,Notice: Kenya Red Cross will hold a youth mental wellness forum in Wajir County this February. All are welcome.
HEA_02079,Health,CDC reminds the public that free depression awareness support is available through county health facilities in Mandera County.
HEA_02080,Health,Notice: CDC will hold a suicide prevention forum in Bungoma County this June. All are welcome.
HEA_02081,Health,Notice: KEMRI will hold a stress management forum in Vihiga County this July. All are welcome.
HEA_02082,Health,KEMSA reminds the public that free trauma counselling support is available through county health facilities in Siaya County.
HEA_02083,Health,Ministry of Health reminds the public that free suicide prevention support is available through county health facilities in Vihiga County.
HEA_02084,Health,Ministry of Health - Reproductive Health Unit urges anyone struggling with their mental health in Garissa County to attend a free community counselling session.
HEA_02085,Health,Notice: Ministry of Health - Reproductive Health Unit will hold a youth mental wellness forum in Tharaka-Nithi County this September. All are welcome.
HEA_02086,Health,Ministry of Health urges anyone struggling with their mental health in Mandera County to encourage a friend in distress to seek help.
HEA_02087,Health,Notice: CDC will hold a substance abuse recovery forum in Turkana County this June. All are welcome.
HEA_02088,Health,Kenya Medical Association reminds the public that free substance abuse recovery support is available through county health facilities in Lamu County.
HEA_02089,Health,KEMSA reminds the public that free youth mental wellness support is available through county health facilities in Bungoma County.
HEA_02090,Health,Kenya Red Cross urges anyone struggling with their mental health in Kilifi County to reach out to a trained counsellor.
HEA_02091,Health,Kenya Medical Association urges anyone struggling with their mental health in Nakuru County to reach out to a trained counsellor.
HEA_02092,Health,Ministry of Health - Reproductive Health Unit urges anyone struggling with their mental health in Narok County to encourage a friend in distress to seek help.
HEA_02093,Health,Kenya Red Cross encourages residents of Embu County not to suffer in silence and to reach out to a trained counsellor.
HEA_02094,Health,KEMRI urges anyone struggling with their mental health in Vihiga County to reach out to a trained counsellor.
HEA_02095,Health,CDC encourages residents of Nyamira County not to suffer in silence and to attend a free community counselling session.
HEA_02096,Health,Notice: KEMRI will hold a depression awareness forum in Nyeri County this December. All are welcome.
HEA_02097,Health,KEMSA reminds the public that free trauma counselling support is available through county health facilities in Kitui County.
HEA_02098,Health,Kenya Red Cross urges anyone struggling with their mental health in Kilifi County to call the toll-free mental health helpline.
HEA_02099,Health,Notice: KEMSA will hold a youth mental wellness forum in Nyandarua County this January. All are welcome.
HEA_02100,Health,KEMRI urges anyone struggling with their mental health in Kericho County to reach out to a trained counsellor.
HEA_02101,Health,Notice: Division of Disease Surveillance and Response will hold a youth mental wellness forum in Murang'a County this February. All are welcome.
HEA_02102,Health,Notice: KEMSA will hold a depression awareness forum in Uasin Gishu County this October. All are welcome.
HEA_02103,Health,Notice: Ministry of Health will hold a depression awareness forum in Siaya County this January. All are welcome.
HEA_02104,Health,Kenya Red Cross urges anyone struggling with their mental health in Meru County to reach out to a trained counsellor.
HEA_02105,Health,Kenya Medical Association reminds the public that free youth mental wellness support is available through county health facilities in Kisumu County.
HEA_02106,Health,Ministry of Health - Reproductive Health Unit urges anyone struggling with their mental health in Kitui County to attend a free community counselling session.
HEA_02107,Health,Kenya Medical Association urges anyone struggling with their mental health in Marsabit County to call the toll-free mental health helpline.
HEA_02108,Health,Division of Disease Surveillance and Response encourages residents of Marsabit County not to suffer in silence and to reach out to a trained counsellor.
HEA_02109,Health,KEMSA encourages residents of Baringo County not to suffer in silence and to call the toll-free mental health helpline.
HEA_02110,Health,Ministry of Health - Reproductive Health Unit urges anyone struggling with their mental health in Nairobi County to attend a free community counselling session.
HEA_02111,Health,Kenya Red Cross reminds the public that free substance abuse recovery support is available through county health facilities in Isiolo County.
HEA_02112,Health,SHA (Social Health Authority) urges anyone struggling with their mental health in Marsabit County to encourage a friend in distress to seek help.
HEA_02113,Health,Ministry of Health - Reproductive Health Unit urges anyone struggling with their mental health in Kisumu County to reach out to a trained counsellor.
HEA_02114,Health,Ministry of Health urges anyone struggling with their mental health in Bungoma County to encourage a friend in distress to seek help.
HEA_02115,Health,Ministry of Health encourages residents of Wajir County not to suffer in silence and to reach out to a trained counsellor.
HEA_02116,Health,KEMRI urges anyone struggling with their mental health in Taita-Taveta County to call the toll-free mental health helpline.
HEA_02117,Health,Ministry of Health reminds the public that free youth mental wellness support is available through county health facilities in Garissa County.
HEA_02118,Health,Notice: SHA (Social Health Authority) will hold a substance abuse recovery forum in Tharaka-Nithi County this March. All are welcome.
HEA_02119,Health,KEMSA encourages residents of Kirinyaga County not to suffer in silence and to encourage a friend in distress to seek help.
HEA_02120,Health,KEMRI urges anyone struggling with their mental health in Tana River County to attend a free community counselling session.
HEA_02121,Health,Ministry of Health reminds the public that free trauma counselling support is available through county health facilities in Kilifi County.
HEA_02122,Health,Notice: SHA (Social Health Authority) will hold a suicide prevention forum in Narok County this July. All are welcome.
HEA_02123,Health,KEMRI reminds the public that free substance abuse recovery support is available through county health facilities in Kwale County.
HEA_02124,Health,KEMSA encourages residents of Turkana County not to suffer in silence and to attend a free community counselling session.
HEA_02125,Health,Kenya Medical Association urges anyone struggling with their mental health in Migori County to reach out to a trained counsellor.
HEA_02126,Health,KEMSA encourages residents of Wajir County not to suffer in silence and to reach out to a trained counsellor.
HEA_02127,Health,Notice: Division of Disease Surveillance and Response will hold a depression awareness forum in Lamu County this October. All are welcome.
HEA_02128,Health,KEMSA urges anyone struggling with their mental health in Elgeyo-Marakwet County to attend a free community counselling session.
HEA_02129,Health,Kenya Medical Association urges anyone struggling with their mental health in Marsabit County to attend a free community counselling session.
HEA_02130,Health,Notice: Division of Disease Surveillance and Response will hold a substance abuse recovery forum in Garissa County this May. All are welcome.
HEA_02131,Health,Notice: Kenya Red Cross will hold a stress management forum in Nyamira County this February. All are welcome.
HEA_02132,Health,KEMSA urges anyone struggling with their mental health in Murang'a County to encourage a friend in distress to seek help.
HEA_02133,Health,Ministry of Health - Reproductive Health Unit encourages residents of Lamu County not to suffer in silence and to encourage a friend in distress to seek help.
HEA_02134,Health,Notice: KEMSA will hold a suicide prevention forum in Taita-Taveta County this June. All are welcome.
HEA_02135,Health,Kenya Medical Association urges anyone struggling with their mental health in Turkana County to encourage a friend in distress to seek help.
HEA_02136,Health,Ministry of Health - Reproductive Health Unit encourages residents of Kisii County not to suffer in silence and to attend a free community counselling session.
HEA_02137,Health,KEMRI urges anyone struggling with their mental health in Samburu County to encourage a friend in distress to seek help.
HEA_02138,Health,CDC encourages residents of Kericho County not to suffer in silence and to encourage a friend in distress to seek help.
HEA_02139,Health,Kenya Medical Association reminds the public that free youth mental wellness support is available through county health facilities in Kajiado County.
HEA_02140,Health,SHA (Social Health Authority) urges anyone struggling with their mental health in Machakos County to reach out to a trained counsellor.
HEA_02141,Health,Ministry of Health urges anyone struggling with their mental health in West Pokot County to encourage a friend in distress to seek help.
HEA_02142,Health,SHA (Social Health Authority) urges anyone struggling with their mental health in Tana River County to attend a free community counselling session.
HEA_02143,Health,Kenya Red Cross urges anyone struggling with their mental health in Baringo County to encourage a friend in distress to seek help.
HEA_02144,Health,KEMRI urges anyone struggling with their mental health in Kitui County to call the toll-free mental health helpline.
HEA_02145,Health,Division of Disease Surveillance and Response encourages residents of Tana River County not to suffer in silence and to reach out to a trained counsellor.
HEA_02146,Health,Ministry of Health - Reproductive Health Unit reminds the public that free stress management support is available through county health facilities in Bungoma County.
HEA_02147,Health,Division of Disease Surveillance and Response urges anyone struggling with their mental health in Marsabit County to call the toll-free mental health helpline.
HEA_02148,Health,Ministry of Health reminds the public that free suicide prevention support is available through county health facilities in Kakamega County.
HEA_02149,Health,Kenya Medical Association encourages residents of Nairobi County not to suffer in silence and to encourage a friend in distress to seek help.
HEA_02150,Health,Kenya Red Cross reminds the public that free stress management support is available through county health facilities in Wajir County.
HEA_02151,Health,KEMSA reminds the public that free stress management support is available through county health facilities in Narok County.
HEA_02152,Health,Kenya Medical Association encourages residents of Migori County not to suffer in silence and to attend a free community counselling session.
HEA_02153,Health,Notice: KEMRI will hold a depression awareness forum in Elgeyo-Marakwet County this March. All are welcome.
HEA_02154,Health,CDC reminds the public that free youth mental wellness support is available through county health facilities in Samburu County.
HEA_02155,Health,Kenya Medical Association urges anyone struggling with their mental health in Busia County to call the toll-free mental health helpline.
HEA_02156,Health,KEMSA encourages residents of Bomet County not to suffer in silence and to reach out to a trained counsellor.
HEA_02157,Health,Ministry of Health - Reproductive Health Unit encourages residents of Murang'a County not to suffer in silence and to encourage a friend in distress to seek help.
HEA_02158,Health,KEMSA encourages residents of Tana River County not to suffer in silence and to encourage a friend in distress to seek help.
HEA_02159,Health,Kenya Red Cross urges anyone struggling with their mental health in Garissa County to reach out to a trained counsellor.
HEA_02160,Health,Notice: Division of Disease Surveillance and Response will hold a depression awareness forum in Kwale County this April. All are welcome.
HEA_02161,Health,CDC urges anyone struggling with their mental health in Garissa County to call the toll-free mental health helpline.
HEA_02162,Health,Kenya Red Cross reminds the public that free suicide prevention support is available through county health facilities in Tharaka-Nithi County.
HEA_02163,Health,KEMRI reminds the public that free trauma counselling support is available through county health facilities in Nyandarua County.
HEA_02164,Health,Ministry of Health - Reproductive Health Unit reminds the public that free depression awareness support is available through county health facilities in Kilifi County.
HEA_02165,Health,Kenya Red Cross reminds the public that free depression awareness support is available through county health facilities in Mombasa County.
HEA_02166,Health,CDC encourages residents of Tharaka-Nithi County not to suffer in silence and to encourage a friend in distress to seek help.
HEA_02167,Health,Notice: KEMSA will hold a stress management forum in Kisii County this November. All are welcome.
HEA_02168,Health,Notice: Kenya Medical Association will hold a trauma counselling forum in Narok County this February. All are welcome.
HEA_02169,Health,Kenya Red Cross reminds the public that free youth mental wellness support is available through county health facilities in Isiolo County.
HEA_02170,Health,SHA (Social Health Authority) encourages residents of Siaya County not to suffer in silence and to call the toll-free mental health helpline.
HEA_02171,Health,KEMSA urges anyone struggling with their mental health in Nyamira County to attend a free community counselling session.
HEA_02172,Health,Ministry of Health encourages residents of Nyamira County not to suffer in silence and to encourage a friend in distress to seek help.
HEA_02173,Health,KEMRI urges anyone struggling with their mental health in Busia County to reach out to a trained counsellor.
HEA_02174,Health,Ministry of Health - Reproductive Health Unit urges anyone struggling with their mental health in Garissa County to call the toll-free mental health helpline.
HEA_02175,Health,Notice: CDC will hold a stress management forum in Taita-Taveta County this August. All are welcome.
HEA_02176,Health,Division of Disease Surveillance and Response encourages residents of Isiolo County not to suffer in silence and to call the toll-free mental health helpline.
HEA_02177,Health,Kenya Red Cross reminds the public that free depression awareness support is available through county health facilities in Kakamega County.
HEA_02178,Health,SHA (Social Health Authority) reminds the public that free substance abuse recovery support is available through county health facilities in Meru County.
HEA_02179,Health,Notice: Ministry of Health - Reproductive Health Unit will hold a youth mental wellness forum in Makueni County this August. All are welcome.
HEA_02180,Health,SHA (Social Health Authority) urges anyone struggling with their mental health in Kakamega County to reach out to a trained counsellor.
HEA_02181,Health,Notice: Kenya Red Cross will hold a trauma counselling forum in Trans Nzoia County this July. All are welcome.
HEA_02182,Health,Ministry of Health - Reproductive Health Unit urges anyone struggling with their mental health in West Pokot County to attend a free community counselling session.
HEA_02183,Health,Notice: SHA (Social Health Authority) will hold a trauma counselling forum in Migori County this July. All are welcome.
HEA_02184,Health,Kenya Red Cross encourages residents of Migori County not to suffer in silence and to reach out to a trained counsellor.
HEA_02185,Health,CDC urges anyone struggling with their mental health in Mombasa County to reach out to a trained counsellor.
HEA_02186,Health,Notice: Kenya Medical Association will hold a substance abuse recovery forum in Isiolo County this October. All are welcome.
HEA_02187,Health,KEMRI reminds the public that free youth mental wellness support is available through county health facilities in Samburu County.
HEA_02188,Health,Division of Disease Surveillance and Response reminds the public that free youth mental wellness support is available through county health facilities in Baringo County.
HEA_02189,Health,SHA (Social Health Authority) encourages residents of Taita-Taveta County not to suffer in silence and to reach out to a trained counsellor.
HEA_02190,Health,Kenya Medical Association encourages residents of Tharaka-Nithi County not to suffer in silence and to attend a free community counselling session.
HEA_02191,Health,Division of Disease Surveillance and Response reminds the public that free substance abuse recovery support is available through county health facilities in Kiambu County.
HEA_02192,Health,Ministry of Health - Reproductive Health Unit urges anyone struggling with their mental health in Wajir County to encourage a friend in distress to seek help.
HEA_02193,Health,CDC reminds the public that free suicide prevention support is available through county health facilities in Marsabit County.
HEA_02194,Health,Division of Disease Surveillance and Response urges anyone struggling with their mental health in Kakamega County to encourage a friend in distress to seek help.
HEA_02195,Health,Division of Disease Surveillance and Response reminds the public that free suicide prevention support is available through county health facilities in Elgeyo-Marakwet County.
HEA_02196,Health,Notice: Kenya Red Cross will hold a stress management forum in Siaya County this March. All are welcome.
HEA_02197,Health,SHA (Social Health Authority) urges anyone struggling with their mental health in Nyandarua County to reach out to a trained counsellor.
HEA_02198,Health,Notice: Ministry of Health - Reproductive Health Unit will hold a suicide prevention forum in Uasin Gishu County this September. All are welcome.
HEA_02199,Health,Notice: KEMSA will hold a substance abuse recovery forum in Tana River County this February. All are welcome.
HEA_02200,Health,Notice: Kenya Red Cross will hold a depression awareness forum in Isiolo County this April. All are welcome.
HEA_02201,Health,Ministry of Health - Reproductive Health Unit encourages residents of Laikipia County not to suffer in silence and to call the toll-free mental health helpline.
HEA_02202,Health,CDC reminds the public that free stress management support is available through county health facilities in Bungoma County.
HEA_02203,Health,Division of Disease Surveillance and Response urges anyone struggling with their mental health in Homa Bay County to attend a free community counselling session.
HEA_02204,Health,KEMSA reminds the public that free substance abuse recovery support is available through county health facilities in Baringo County.
HEA_02205,Health,Notice: SHA (Social Health Authority) will hold a depression awareness forum in Migori County this July. All are welcome.
HEA_02206,Health,Ministry of Health - Reproductive Health Unit reminds the public that free substance abuse recovery support is available through county health facilities in Mandera County.
HEA_02207,Health,Ministry of Health reminds the public that free suicide prevention support is available through county health facilities in Embu County.
HEA_02208,Health,CDC encourages residents of Isiolo County not to suffer in silence and to encourage a friend in distress to seek help.
HEA_02209,Health,Division of Disease Surveillance and Response urges anyone struggling with their mental health in Embu County to reach out to a trained counsellor.
HEA_02210,Health,Notice: Division of Disease Surveillance and Response will hold a depression awareness forum in Kwale County this May. All are welcome.
HEA_02211,Health,Ministry of Health - Reproductive Health Unit reminds the public that free substance abuse recovery support is available through county health facilities in Kisumu County.
HEA_02212,Health,Division of Disease Surveillance and Response encourages residents of Turkana County not to suffer in silence and to encourage a friend in distress to seek help.
HEA_02213,Health,Notice: SHA (Social Health Authority) will hold a substance abuse recovery forum in Meru County this August. All are welcome.
HEA_02214,Health,Notice: KEMSA will hold a suicide prevention forum in Bomet County this October. All are welcome.
HEA_02215,Health,Kenya Medical Association encourages residents of Nyeri County not to suffer in silence and to encourage a friend in distress to seek help.
HEA_02216,Health,Notice: SHA (Social Health Authority) will hold a stress management forum in Taita-Taveta County this February. All are welcome.
HEA_02217,Health,Kenya Medical Association reminds the public that free youth mental wellness support is available through county health facilities in Garissa County.
HEA_02218,Health,Ministry of Health - Reproductive Health Unit reminds the public that free stress management support is available through county health facilities in Narok County.
HEA_02219,Health,Notice: Kenya Medical Association will hold a substance abuse recovery forum in Embu County this April. All are welcome.
HEA_02220,Health,SHA (Social Health Authority) encourages residents of Tharaka-Nithi County not to suffer in silence and to reach out to a trained counsellor.
HEA_02221,Health,Notice: Ministry of Health - Reproductive Health Unit will hold a youth mental wellness forum in Uasin Gishu County this November. All are welcome.
HEA_02222,Health,Ministry of Health encourages residents of West Pokot County not to suffer in silence and to attend a free community counselling session.
HEA_02223,Health,Notice: Kenya Red Cross will hold a youth mental wellness forum in Kirinyaga County this July. All are welcome.
HEA_02224,Health,KEMSA reminds the public that free youth mental wellness support is available through county health facilities in West Pokot County.
HEA_02225,Health,Notice: Division of Disease Surveillance and Response will hold a substance abuse recovery forum in Isiolo County this October. All are welcome.
HEA_02226,Health,CDC urges anyone struggling with their mental health in Trans Nzoia County to encourage a friend in distress to seek help.
HEA_02227,Health,Kenya Medical Association reminds the public that free substance abuse recovery support is available through county health facilities in Mandera County.
HEA_02228,Health,Kenya Medical Association urges anyone struggling with their mental health in Murang'a County to call the toll-free mental health helpline.
HEA_02229,Health,KEMRI encourages residents of Garissa County not to suffer in silence and to call the toll-free mental health helpline.
HEA_02230,Health,Kenya Medical Association reminds the public that free trauma counselling support is available through county health facilities in Siaya County.
HEA_02231,Health,Kenya Medical Association reminds the public that free trauma counselling support is available through county health facilities in Mombasa County.
HEA_02232,Health,Ministry of Health urges anyone struggling with their mental health in Busia County to reach out to a trained counsellor.
HEA_02233,Health,Ministry of Health encourages residents of Nairobi County not to suffer in silence and to encourage a friend in distress to seek help.
HEA_02234,Health,Notice: KEMSA will hold a suicide prevention forum in Machakos County this November. All are welcome.
HEA_02235,Health,Notice: KEMRI will hold a youth mental wellness forum in Kericho County this April. All are welcome.
HEA_02236,Health,Kenya Red Cross encourages residents of Homa Bay County not to suffer in silence and to attend a free community counselling session.
HEA_02237,Health,KEMSA reminds the public that free youth mental wellness support is available through county health facilities in Siaya County.
HEA_02238,Health,SHA (Social Health Authority) reminds the public that free stress management support is available through county health facilities in Baringo County.
HEA_02239,Health,KEMSA reminds the public that free suicide prevention support is available through county health facilities in Nyeri County.
HEA_02240,Health,SHA (Social Health Authority) reminds the public that free suicide prevention support is available through county health facilities in Nakuru County.
HEA_02241,Health,SHA (Social Health Authority) encourages residents of Nakuru County not to suffer in silence and to encourage a friend in distress to seek help.
HEA_02242,Health,Ministry of Health - Reproductive Health Unit reminds the public that free suicide prevention support is available through county health facilities in Siaya County.
HEA_02243,Health,Kenya Medical Association encourages residents of Murang'a County not to suffer in silence and to encourage a friend in distress to seek help.
HEA_02244,Health,KEMSA urges anyone struggling with their mental health in Kirinyaga County to call the toll-free mental health helpline.
HEA_02245,Health,SHA (Social Health Authority) reminds the public that free substance abuse recovery support is available through county health facilities in Kiambu County.
HEA_02246,Health,KEMSA reminds the public that free depression awareness support is available through county health facilities in Kajiado County.
HEA_02247,Health,KEMRI reminds the public that free trauma counselling support is available through county health facilities in Bungoma County.
HEA_02248,Health,CDC reminds the public that free suicide prevention support is available through county health facilities in Narok County.
HEA_02249,Health,Notice: SHA (Social Health Authority) will hold a depression awareness forum in Embu County this January. All are welcome.
HEA_02250,Health,Notice: Kenya Red Cross will hold a stress management forum in Laikipia County this April. All are welcome.
HEA_02251,Health,Notice: CDC will hold a substance abuse recovery forum in Kisumu County this May. All are welcome.
HEA_02252,Health,Kenya Medical Association encourages residents of Narok County not to suffer in silence and to call the toll-free mental health helpline.
HEA_02253,Health,Notice: KEMSA will hold a youth mental wellness forum in Tharaka-Nithi County this November. All are welcome.
HEA_02254,Health,Notice: Kenya Medical Association will hold a trauma counselling forum in Garissa County this October. All are welcome.
HEA_02255,Health,Notice: KEMSA will hold a substance abuse recovery forum in Embu County this December. All are welcome.
HEA_02256,Health,Ministry of Health - Reproductive Health Unit encourages residents of Elgeyo-Marakwet County not to suffer in silence and to attend a free community counselling session.
HEA_02257,Health,Notice: SHA (Social Health Authority) will hold a substance abuse recovery forum in Bungoma County this July. All are welcome.
HEA_02258,Health,Division of Disease Surveillance and Response urges anyone struggling with their mental health in West Pokot County to reach out to a trained counsellor.
HEA_02259,Health,KEMSA encourages residents of Kilifi County not to suffer in silence and to attend a free community counselling session.
HEA_02260,Health,Kenya Red Cross encourages residents of Bungoma County not to suffer in silence and to attend a free community counselling session.
HEA_02261,Health,Ministry of Health encourages residents of Wajir County not to suffer in silence and to attend a free community counselling session.
HEA_02262,Health,KEMSA encourages residents of Turkana County not to suffer in silence and to reach out to a trained counsellor.
HEA_02263,Health,Division of Disease Surveillance and Response urges anyone struggling with their mental health in West Pokot County to attend a free community counselling session.
HEA_02264,Health,Ministry of Health reminds the public that free stress management support is available through county health facilities in Murang'a County.
HEA_02265,Health,Notice: KEMRI will hold a depression awareness forum in Baringo County this October. All are welcome.
HEA_02266,Health,CDC urges anyone struggling with their mental health in Lamu County to attend a free community counselling session.
HEA_02267,Health,CDC urges anyone struggling with their mental health in Embu County to attend a free community counselling session.
HEA_02268,Health,Kenya Medical Association reminds the public that free depression awareness support is available through county health facilities in Migori County.
HEA_02269,Health,Notice: KEMRI will hold a substance abuse recovery forum in Tharaka-Nithi County this January. All are welcome.
HEA_02270,Health,Ministry of Health encourages residents of Nyandarua County not to suffer in silence and to reach out to a trained counsellor.
HEA_02271,Health,Ministry of Health - Reproductive Health Unit reminds the public that free depression awareness support is available through county health facilities in Isiolo County.
HEA_02272,Health,KEMRI encourages residents of Kakamega County not to suffer in silence and to attend a free community counselling session.
HEA_02273,Health,Ministry of Health reminds the public that free suicide prevention support is available through county health facilities in Baringo County.
HEA_02274,Health,Ministry of Health encourages residents of Kericho County not to suffer in silence and to reach out to a trained counsellor.
HEA_02275,Health,Notice: Ministry of Health will hold a stress management forum in Lamu County this August. All are welcome.
HEA_02276,Health,Kenya Red Cross encourages residents of Nyandarua County not to suffer in silence and to attend a free community counselling session.
HEA_02277,Health,SHA (Social Health Authority) encourages residents of Bomet County not to suffer in silence and to encourage a friend in distress to seek help.
HEA_02278,Health,Kenya Medical Association reminds the public that free substance abuse recovery support is available through county health facilities in Kirinyaga County.
HEA_02279,Health,SHA (Social Health Authority) encourages residents of West Pokot County not to suffer in silence and to reach out to a trained counsellor.
HEA_02280,Health,KEMRI reminds the public that free suicide prevention support is available through county health facilities in Tana River County.
HEA_02281,Health,Division of Disease Surveillance and Response reminds the public that free substance abuse recovery support is available through county health facilities in Kisii County.
HEA_02282,Health,KEMSA urges anyone struggling with their mental health in Taita-Taveta County to attend a free community counselling session.
HEA_02283,Health,Ministry of Health reminds the public that free stress management support is available through county health facilities in Makueni County.
HEA_02284,Health,Kenya Red Cross reminds the public that free depression awareness support is available through county health facilities in Lamu County.
HEA_02285,Health,SHA (Social Health Authority) encourages residents of Mandera County not to suffer in silence and to call the toll-free mental health helpline.
HEA_02286,Health,Ministry of Health - Reproductive Health Unit encourages residents of Homa Bay County not to suffer in silence and to call the toll-free mental health helpline.
HEA_02287,Health,SHA (Social Health Authority) urges anyone struggling with their mental health in Makueni County to reach out to a trained counsellor.
HEA_02288,Health,Notice: CDC will hold a youth mental wellness forum in Machakos County this November. All are welcome.
HEA_02289,Health,SHA (Social Health Authority) urges anyone struggling with their mental health in Lamu County to reach out to a trained counsellor.
HEA_02290,Health,Ministry of Health urges anyone struggling with their mental health in Homa Bay County to encourage a friend in distress to seek help.
HEA_02291,Health,KEMRI encourages residents of Nakuru County not to suffer in silence and to attend a free community counselling session.
HEA_02292,Health,CDC urges anyone struggling with their mental health in Narok County to attend a free community counselling session.
HEA_02293,Health,KEMSA encourages residents of Narok County not to suffer in silence and to call the toll-free mental health helpline.
HEA_02294,Health,Division of Disease Surveillance and Response urges anyone struggling with their mental health in Samburu County to call the toll-free mental health helpline.
HEA_02295,Health,KEMRI encourages residents of Lamu County not to suffer in silence and to encourage a friend in distress to seek help.
HEA_02296,Health,Kenya Red Cross urges anyone struggling with their mental health in Kakamega County to reach out to a trained counsellor.
HEA_02297,Health,Ministry of Health - Reproductive Health Unit urges anyone struggling with their mental health in Garissa County to reach out to a trained counsellor.
HEA_02298,Health,Ministry of Health - Reproductive Health Unit reminds the public that free substance abuse recovery support is available through county health facilities in Homa Bay County.
HEA_02299,Health,Notice: Kenya Red Cross will hold a stress management forum in Wajir County this September. All are welcome.
HEA_02300,Health,Notice: Kenya Medical Association will hold a substance abuse recovery forum in Embu County this March. All are welcome.
HEA_02301,Health,CDC encourages residents of Kiambu County not to suffer in silence and to encourage a friend in distress to seek help.
HEA_02302,Health,Notice: Division of Disease Surveillance and Response will hold a youth mental wellness forum in Garissa County this January. All are welcome.
HEA_02303,Health,Kenya Medical Association encourages residents of Tharaka-Nithi County not to suffer in silence and to call the toll-free mental health helpline.
HEA_02304,Health,KEMSA encourages residents of Bungoma County not to suffer in silence and to encourage a friend in distress to seek help.
HEA_02305,Health,SHA (Social Health Authority) encourages residents of Migori County not to suffer in silence and to call the toll-free mental health helpline.
HEA_02306,Health,KEMRI reminds the public that free stress management support is available through county health facilities in Wajir County.
HEA_02307,Health,Notice: KEMRI will hold a stress management forum in Lamu County this September. All are welcome.
HEA_02308,Health,Notice: KEMRI will hold a youth mental wellness forum in Busia County this December. All are welcome.
HEA_02309,Health,Kenya Medical Association encourages residents of Trans Nzoia County not to suffer in silence and to call the toll-free mental health helpline.
HEA_02310,Health,Notice: Ministry of Health - Reproductive Health Unit will hold a suicide prevention forum in Embu County this March. All are welcome.
HEA_02311,Health,Notice: Kenya Red Cross will hold a depression awareness forum in Nyamira County this October. All are welcome.
HEA_02312,Health,SHA (Social Health Authority) reminds the public that free youth mental wellness support is available through county health facilities in Meru County.
HEA_02313,Health,Notice: SHA (Social Health Authority) will hold a depression awareness forum in Isiolo County this March. All are welcome.
HEA_02314,Health,KEMSA encourages residents of Mombasa County not to suffer in silence and to encourage a friend in distress to seek help.
HEA_02315,Health,Division of Disease Surveillance and Response encourages residents of Kwale County not to suffer in silence and to attend a free community counselling session.
HEA_02316,Health,KEMSA reminds the public that free trauma counselling support is available through county health facilities in Migori County.
HEA_02317,Health,Notice: Ministry of Health - Reproductive Health Unit will hold a substance abuse recovery forum in Vihiga County this January. All are welcome.
HEA_02318,Health,Ministry of Health - Reproductive Health Unit urges anyone struggling with their mental health in Wajir County to reach out to a trained counsellor.
HEA_02319,Health,Notice: KEMRI will hold a suicide prevention forum in Kajiado County this September. All are welcome.
HEA_02320,Health,SHA (Social Health Authority) urges anyone struggling with their mental health in Garissa County to attend a free community counselling session.
HEA_02321,Health,Ministry of Health - Reproductive Health Unit encourages residents of Turkana County not to suffer in silence and to attend a free community counselling session.
HEA_02322,Health,Kenya Red Cross encourages residents of West Pokot County not to suffer in silence and to reach out to a trained counsellor.
HEA_02323,Health,Notice: Kenya Red Cross will hold a trauma counselling forum in Nyamira County this June. All are welcome.
HEA_02324,Health,SHA (Social Health Authority) encourages residents of Nyandarua County not to suffer in silence and to reach out to a trained counsellor.
HEA_02325,Health,Kenya Medical Association urges anyone struggling with their mental health in Kitui County to call the toll-free mental health helpline.
HEA_02326,Health,Notice: Ministry of Health - Reproductive Health Unit will hold a trauma counselling forum in Kwale County this April. All are welcome.
HEA_02327,Health,Division of Disease Surveillance and Response encourages residents of Embu County not to suffer in silence and to reach out to a trained counsellor.
HEA_02328,Health,Kenya Medical Association urges anyone struggling with their mental health in Siaya County to attend a free community counselling session.
HEA_02329,Health,CDC encourages residents of Meru County not to suffer in silence and to attend a free community counselling session.
HEA_02330,Health,Notice: Kenya Medical Association will hold a depression awareness forum in Vihiga County this July. All are welcome.
HEA_02331,Health,Notice: KEMRI will hold a trauma counselling forum in Kilifi County this October. All are welcome.
HEA_02332,Health,Notice: SHA (Social Health Authority) will hold a trauma counselling forum in Elgeyo-Marakwet County this August. All are welcome.
HEA_02333,Health,Notice: Kenya Red Cross will hold a substance abuse recovery forum in Wajir County this January. All are welcome.
HEA_02334,Health,Ministry of Health - Reproductive Health Unit urges anyone struggling with their mental health in Migori County to attend a free community counselling session.
HEA_02335,Health,Kenya Red Cross urges anyone struggling with their mental health in Nakuru County to reach out to a trained counsellor.
HEA_02336,Health,Notice: Ministry of Health will hold a suicide prevention forum in Baringo County this January. All are welcome.
HEA_02337,Health,Notice: SHA (Social Health Authority) will hold a depression awareness forum in Tana River County this August. All are welcome.
HEA_02338,Health,Kenya Medical Association reminds the public that free stress management support is available through county health facilities in Turkana County.
HEA_02339,Health,Kenya Red Cross reminds the public that free depression awareness support is available through county health facilities in Mandera County.
HEA_02340,Health,SHA (Social Health Authority) urges anyone struggling with their mental health in Nyamira County to call the toll-free mental health helpline.
HEA_02341,Health,Kenya Medical Association urges anyone struggling with their mental health in Vihiga County to attend a free community counselling session.
HEA_02342,Health,Ministry of Health urges anyone struggling with their mental health in Laikipia County to call the toll-free mental health helpline.
HEA_02343,Health,Kenya Medical Association encourages residents of Trans Nzoia County not to suffer in silence and to attend a free community counselling session.
HEA_02344,Health,Notice: Kenya Red Cross will hold a substance abuse recovery forum in Meru County this October. All are welcome.
HEA_02345,Health,Notice: KEMSA will hold a depression awareness forum in Migori County this April. All are welcome.
HEA_02346,Health,Kenya Medical Association urges anyone struggling with their mental health in Bomet County to attend a free community counselling session.
HEA_02347,Health,Notice: SHA (Social Health Authority) will hold a youth mental wellness forum in Kirinyaga County this October. All are welcome.
HEA_02348,Health,CDC encourages residents of Meru County not to suffer in silence and to encourage a friend in distress to seek help.
HEA_02349,Health,KEMSA reminds the public that free youth mental wellness support is available through county health facilities in Kajiado County.
HEA_02350,Health,Notice: CDC will hold a depression awareness forum in Migori County this December. All are welcome.
HEA_02351,Health,Division of Disease Surveillance and Response encourages residents of Elgeyo-Marakwet County not to suffer in silence and to encourage a friend in distress to seek help.
HEA_02352,Health,Ministry of Health - Reproductive Health Unit encourages residents of Kwale County not to suffer in silence and to reach out to a trained counsellor.
HEA_02353,Health,SHA (Social Health Authority) encourages residents of Mandera County not to suffer in silence and to attend a free community counselling session.
HEA_02354,Health,CDC urges anyone struggling with their mental health in West Pokot County to attend a free community counselling session.
HEA_02355,Health,Kenya Medical Association reminds the public that free youth mental wellness support is available through county health facilities in Mandera County.
HEA_02356,Health,Ministry of Health - Reproductive Health Unit reminds the public that free stress management support is available through county health facilities in Kajiado County.
HEA_02357,Health,Ministry of Health reminds the public that free stress management support is available through county health facilities in Nyandarua County.
HEA_02358,Health,Notice: SHA (Social Health Authority) will hold a substance abuse recovery forum in Nyeri County this October. All are welcome.
HEA_02359,Health,Notice: Ministry of Health will hold a trauma counselling forum in Wajir County this December. All are welcome.
HEA_02360,Health,KEMRI reminds the public that free trauma counselling support is available through county health facilities in Kajiado County.
HEA_02361,Health,KEMSA encourages residents of Kitui County not to suffer in silence and to call the toll-free mental health helpline.
HEA_02362,Health,Notice: Kenya Red Cross will hold a substance abuse recovery forum in Nairobi County this January. All are welcome.
HEA_02363,Health,SHA (Social Health Authority) urges anyone struggling with their mental health in Lamu County to call the toll-free mental health helpline.
HEA_02364,Health,CDC reminds the public that free suicide prevention support is available through county health facilities in Garissa County.
HEA_02365,Health,Ministry of Health - Reproductive Health Unit reminds the public that free substance abuse recovery support is available through county health facilities in Kwale County.
HEA_02366,Health,Ministry of Health encourages residents of Wajir County not to suffer in silence and to encourage a friend in distress to seek help.
HEA_02367,Health,KEMSA encourages residents of Machakos County not to suffer in silence and to attend a free community counselling session.
HEA_02368,Health,SHA (Social Health Authority) encourages residents of Elgeyo-Marakwet County not to suffer in silence and to reach out to a trained counsellor.
HEA_02369,Health,KEMSA urges anyone struggling with their mental health in Homa Bay County to call the toll-free mental health helpline.
HEA_02370,Health,Ministry of Health - Reproductive Health Unit urges anyone struggling with their mental health in Laikipia County to attend a free community counselling session.
HEA_02371,Health,Ministry of Health - Reproductive Health Unit reminds the public that free depression awareness support is available through county health facilities in West Pokot County.
HEA_02372,Health,Kenya Medical Association encourages residents of Kisii County not to suffer in silence and to encourage a friend in distress to seek help.
HEA_02373,Health,Kenya Medical Association encourages residents of Marsabit County not to suffer in silence and to attend a free community counselling session.
HEA_02374,Health,SHA (Social Health Authority) encourages residents of Kakamega County not to suffer in silence and to reach out to a trained counsellor.
HEA_02375,Health,Notice: Ministry of Health will hold a youth mental wellness forum in Kisumu County this November. All are welcome.
HEA_02376,Health,Ministry of Health encourages residents of Turkana County not to suffer in silence and to encourage a friend in distress to seek help.
HEA_02377,Health,Kenya Red Cross encourages residents of Mombasa County not to suffer in silence and to attend a free community counselling session.
HEA_02378,Health,Division of Disease Surveillance and Response urges anyone struggling with their mental health in Nyamira County to encourage a friend in distress to seek help.
HEA_02379,Health,KEMSA reminds the public that free depression awareness support is available through county health facilities in Kisumu County.
HEA_02380,Health,Notice: Ministry of Health - Reproductive Health Unit will hold a depression awareness forum in Nyamira County this March. All are welcome.
HEA_02381,Health,Notice: Kenya Medical Association will hold a substance abuse recovery forum in Lamu County this November. All are welcome.
HEA_02382,Health,Ministry of Health - Reproductive Health Unit encourages residents of Bungoma County not to suffer in silence and to call the toll-free mental health helpline.
HEA_02383,Health,Notice: KEMSA will hold a trauma counselling forum in Kisii County this June. All are welcome.
HEA_02384,Health,Notice: Kenya Medical Association will hold a stress management forum in Lamu County this January. All are welcome.
HEA_02385,Health,KEMRI urges anyone struggling with their mental health in Garissa County to reach out to a trained counsellor.
HEA_02386,Health,Ministry of Health - Reproductive Health Unit encourages residents of Murang'a County not to suffer in silence and to call the toll-free mental health helpline.
HEA_02387,Health,KEMSA reminds the public that free substance abuse recovery support is available through county health facilities in Nairobi County.
HEA_02388,Health,Ministry of Health reminds the public that free stress management support is available through county health facilities in Busia County.
HEA_02389,Health,SHA (Social Health Authority) reminds the public that free trauma counselling support is available through county health facilities in Nandi County.
HEA_02390,Health,Kenya Medical Association encourages residents of Mandera County not to suffer in silence and to call the toll-free mental health helpline.
HEA_02391,Health,Kenya Red Cross urges anyone struggling with their mental health in Nakuru County to attend a free community counselling session.
HEA_02392,Health,KEMRI urges anyone struggling with their mental health in Isiolo County to call the toll-free mental health helpline.
HEA_02393,Health,Ministry of Health reminds the public that free stress management support is available through county health facilities in Siaya County.
HEA_02394,Health,Ministry of Health urges anyone struggling with their mental health in Mandera County to attend a free community counselling session.
HEA_02395,Health,CDC encourages residents of Lamu County not to suffer in silence and to call the toll-free mental health helpline.
HEA_02396,Health,KEMRI encourages residents of Embu County not to suffer in silence and to encourage a friend in distress to seek help.
HEA_02397,Health,Notice: Division of Disease Surveillance and Response will hold a suicide prevention forum in Busia County this September. All are welcome.
HEA_02398,Health,Ministry of Health - Reproductive Health Unit reminds the public that free substance abuse recovery support is available through county health facilities in Elgeyo-Marakwet County.
HEA_02399,Health,SHA (Social Health Authority) reminds the public that free depression awareness support is available through county health facilities in Mandera County.
HEA_02400,Health,KEMRI reminds the public that free substance abuse recovery support is available through county health facilities in Taita-Taveta County.
HEA_02401,Health,Kenya Medical Association urges anyone struggling with their mental health in Nairobi County to encourage a friend in distress to seek help.
HEA_02402,Health,Ministry of Health urges anyone struggling with their mental health in Kwale County to encourage a friend in distress to seek help.
HEA_02403,Health,CDC urges anyone struggling with their mental health in Nairobi County to call the toll-free mental health helpline.
HEA_02404,Health,SHA (Social Health Authority) reminds the public that free youth mental wellness support is available through county health facilities in Siaya County.
HEA_02405,Health,SHA (Social Health Authority) encourages residents of Kirinyaga County not to suffer in silence and to call the toll-free mental health helpline.
HEA_02406,Health,Ministry of Health encourages residents of Marsabit County not to suffer in silence and to call the toll-free mental health helpline.
HEA_02407,Health,Kenya Medical Association reminds the public that free suicide prevention support is available through county health facilities in Vihiga County.
HEA_02408,Health,CDC urges anyone struggling with their mental health in Nandi County to reach out to a trained counsellor.
HEA_02409,Health,Division of Disease Surveillance and Response reminds the public that free stress management support is available through county health facilities in Elgeyo-Marakwet County.
HEA_02410,Health,Notice: CDC will hold a trauma counselling forum in Embu County this January. All are welcome.
HEA_02411,Health,KEMRI reminds the public that free depression awareness support is available through county health facilities in Kajiado County.
HEA_02412,Health,KEMSA reminds the public that free youth mental wellness support is available through county health facilities in Marsabit County.
HEA_02413,Health,Kenya Red Cross encourages residents of Makueni County not to suffer in silence and to reach out to a trained counsellor.
HEA_02414,Health,SHA (Social Health Authority) urges anyone struggling with their mental health in Nakuru County to attend a free community counselling session.
HEA_02415,Health,SHA (Social Health Authority) reminds the public that free trauma counselling support is available through county health facilities in Busia County.
HEA_02416,Health,Notice: Ministry of Health - Reproductive Health Unit will hold a depression awareness forum in Kwale County this August. All are welcome.
HEA_02417,Health,Notice: Ministry of Health - Reproductive Health Unit will hold a trauma counselling forum in Trans Nzoia County this May. All are welcome.
HEA_02418,Health,Notice: KEMRI will hold a suicide prevention forum in Garissa County this May. All are welcome.
HEA_02419,Health,SHA (Social Health Authority) announces SHA registration for residents of Nakuru County starting this April.
HEA_02420,Health,Notice: a free medical camp organised by Ministry of Health will be held in Kitui County this May.
HEA_02421,Health,Notice: a free medical camp organised by Kenya Medical Association will be held in Nyamira County this June.
HEA_02422,Health,KEMSA announces subsidised dialysis for residents of Nyeri County starting this February.
HEA_02423,Health,CDC advises residents of Busia County to carry a valid national ID when seeking treatment to access subsidised healthcare.
HEA_02424,Health,Ministry of Health reminds the public in Kericho County that access to SHA registration is now available at designated centres.
HEA_02425,Health,Kenya Red Cross reminds the public in Kisumu County that access to SHA registration is now available at designated centres.
HEA_02426,Health,Notice: a free medical camp organised by Kenya Medical Association will be held in Makueni County this April.
HEA_02427,Health,Notice: a free medical camp organised by Ministry of Health will be held in Mandera County this April.
HEA_02428,Health,Notice: a free medical camp organised by Ministry of Health will be held in Machakos County this August.
HEA_02429,Health,Ministry of Health announces outpatient services for residents of Turkana County starting this February.
HEA_02430,Health,CDC announces NHIF/SHA claims support for residents of Laikipia County starting this March.
HEA_02431,Health,SHA (Social Health Authority) announces subsidised dialysis for residents of Kilifi County starting this August.
HEA_02432,Health,Division of Disease Surveillance and Response advises residents of Elgeyo-Marakwet County to carry a valid national ID when seeking treatment to access subsidised healthcare.
HEA_02433,Health,Ministry of Health advises residents of Tana River County to visit the nearest Huduma Centre for assistance to access subsidised healthcare.
HEA_02434,Health,Ministry of Health reminds the public in Bomet County that access to SHA registration is now available at designated centres.
HEA_02435,Health,Kenya Medical Association reminds the public in Kisii County that access to outpatient services is now available at designated centres.
HEA_02436,Health,CDC reminds the public in Mandera County that access to outpatient services is now available at designated centres.
HEA_02437,Health,Division of Disease Surveillance and Response announces NHIF/SHA claims support for residents of Turkana County starting this April.
HEA_02438,Health,Ministry of Health reminds the public in Machakos County that access to SHA registration is now available at designated centres.
HEA_02439,Health,KEMRI announces subsidised dialysis for residents of Uasin Gishu County starting this December.
HEA_02440,Health,Ministry of Health announces SHA registration for residents of Nairobi County starting this April.
HEA_02441,Health,Ministry of Health announces free medical camps for residents of Mandera County starting this August.
HEA_02442,Health,Notice: a free medical camp organised by Ministry of Health will be held in Murang'a County this June.
HEA_02443,Health,Kenya Red Cross advises residents of Mandera County to confirm their facility is accredited before visiting to access subsidised healthcare.
HEA_02444,Health,SHA (Social Health Authority) reminds the public in Homa Bay County that access to SHA registration is now available at designated centres.
HEA_02445,Health,Notice: a free medical camp organised by CDC will be held in Embu County this August.
HEA_02446,Health,Notice: a free medical camp organised by KEMRI will be held in Nandi County this December.
HEA_02447,Health,Notice: a free medical camp organised by Division of Disease Surveillance and Response will be held in Bomet County this May.
HEA_02448,Health,CDC advises residents of Nyandarua County to register for their health insurance cover to access subsidised healthcare.
HEA_02449,Health,Division of Disease Surveillance and Response announces subsidised dialysis for residents of Uasin Gishu County starting this December.
HEA_02450,Health,Kenya Red Cross reminds the public in Taita-Taveta County that access to free medical camps is now available at designated centres.
HEA_02451,Health,Kenya Red Cross advises residents of Bomet County to register for their health insurance cover to access subsidised healthcare.
HEA_02452,Health,Notice: a free medical camp organised by KEMSA will be held in Kilifi County this April.
HEA_02453,Health,Ministry of Health - Reproductive Health Unit reminds the public in Wajir County that access to outpatient services is now available at designated centres.
HEA_02454,Health,Kenya Red Cross announces outpatient services for residents of Nyandarua County starting this October.
HEA_02455,Health,Notice: a free medical camp organised by SHA (Social Health Authority) will be held in Tana River County this May.
HEA_02456,Health,Ministry of Health - Reproductive Health Unit reminds the public in Kwale County that access to outpatient services is now available at designated centres.
HEA_02457,Health,Ministry of Health reminds the public in Kitui County that access to outpatient services is now available at designated centres.
HEA_02458,Health,Kenya Medical Association advises residents of Kericho County to carry a valid national ID when seeking treatment to access subsidised healthcare.
HEA_02459,Health,CDC announces subsidised dialysis for residents of Turkana County starting this January.
HEA_02460,Health,Notice: a free medical camp organised by Kenya Red Cross will be held in Vihiga County this April.
HEA_02461,Health,Division of Disease Surveillance and Response announces outpatient services for residents of Nairobi County starting this October.
HEA_02462,Health,Ministry of Health reminds the public in Garissa County that access to outpatient services is now available at designated centres.
HEA_02463,Health,Notice: a free medical camp organised by CDC will be held in Baringo County this July.
HEA_02464,Health,Notice: a free medical camp organised by KEMSA will be held in Samburu County this August.
HEA_02465,Health,KEMSA advises residents of Mombasa County to carry a valid national ID when seeking treatment to access subsidised healthcare.
HEA_02466,Health,KEMRI announces NHIF/SHA claims support for residents of Kericho County starting this May.
HEA_02467,Health,Ministry of Health reminds the public in Busia County that access to NHIF/SHA claims support is now available at designated centres.
HEA_02468,Health,Notice: a free medical camp organised by Kenya Red Cross will be held in Kisumu County this October.
HEA_02469,Health,SHA (Social Health Authority) announces eye and dental camps for residents of Kirinyaga County starting this October.
HEA_02470,Health,Notice: a free medical camp organised by Kenya Red Cross will be held in Meru County this August.
HEA_02471,Health,Ministry of Health reminds the public in Nandi County that access to outpatient services is now available at designated centres.
HEA_02472,Health,Division of Disease Surveillance and Response announces subsidised dialysis for residents of Laikipia County starting this November.
HEA_02473,Health,Kenya Medical Association advises residents of Tana River County to register for their health insurance cover to access subsidised healthcare.
HEA_02474,Health,Notice: a free medical camp organised by CDC will be held in Murang'a County this February.
HEA_02475,Health,KEMSA reminds the public in Makueni County that access to NHIF/SHA claims support is now available at designated centres.
HEA_02476,Health,KEMSA reminds the public in Kitui County that access to free medical camps is now available at designated centres.
HEA_02477,Health,Ministry of Health advises residents of Kitui County to register for their health insurance cover to access subsidised healthcare.
HEA_02478,Health,CDC advises residents of Nandi County to carry a valid national ID when seeking treatment to access subsidised healthcare.
HEA_02479,Health,CDC announces SHA registration for residents of Nyamira County starting this April.
HEA_02480,Health,Notice: a free medical camp organised by Kenya Red Cross will be held in Kwale County this November.
HEA_02481,Health,Notice: a free medical camp organised by CDC will be held in Nyamira County this January.
HEA_02482,Health,Division of Disease Surveillance and Response advises residents of Garissa County to confirm their facility is accredited before visiting to access subsidised healthcare.
HEA_02483,Health,CDC announces free medical camps for residents of Lamu County starting this April.
HEA_02484,Health,Notice: a free medical camp organised by Division of Disease Surveillance and Response will be held in Migori County this July.
HEA_02485,Health,Kenya Medical Association announces SHA registration for residents of Nyeri County starting this March.
HEA_02486,Health,Notice: a free medical camp organised by Division of Disease Surveillance and Response will be held in Kiambu County this July.
HEA_02487,Health,Notice: a free medical camp organised by Ministry of Health - Reproductive Health Unit will be held in Nyeri County this October.
HEA_02488,Health,KEMSA announces NHIF/SHA claims support for residents of West Pokot County starting this January.
HEA_02489,Health,Ministry of Health advises residents of Garissa County to visit the nearest Huduma Centre for assistance to access subsidised healthcare.
HEA_02490,Health,Notice: a free medical camp organised by CDC will be held in Nyamira County this December.
HEA_02491,Health,Notice: a free medical camp organised by KEMRI will be held in Samburu County this October.
HEA_02492,Health,KEMSA announces SHA registration for residents of Samburu County starting this November.
HEA_02493,Health,KEMRI announces subsidised dialysis for residents of Kakamega County starting this September.
HEA_02494,Health,CDC reminds the public in Nairobi County that access to subsidised dialysis is now available at designated centres.
HEA_02495,Health,Ministry of Health - Reproductive Health Unit announces subsidised dialysis for residents of Homa Bay County starting this September.
HEA_02496,Health,Division of Disease Surveillance and Response reminds the public in Nyandarua County that access to subsidised dialysis is now available at designated centres.
HEA_02497,Health,Notice: a free medical camp organised by KEMRI will be held in Kiambu County this April.
HEA_02498,Health,Notice: a free medical camp organised by KEMRI will be held in Baringo County this June.
HEA_02499,Health,KEMRI announces outpatient services for residents of Nandi County starting this December.
HEA_02500,Health,Notice: a free medical camp organised by SHA (Social Health Authority) will be held in Turkana County this September.
HEA_02501,Health,Division of Disease Surveillance and Response announces subsidised dialysis for residents of Kisumu County starting this August.
HEA_02502,Health,Ministry of Health - Reproductive Health Unit advises residents of Uasin Gishu County to visit the nearest Huduma Centre for assistance to access subsidised healthcare.
HEA_02503,Health,Kenya Medical Association advises residents of Migori County to visit the nearest Huduma Centre for assistance to access subsidised healthcare.
HEA_02504,Health,Notice: a free medical camp organised by Kenya Red Cross will be held in Kiambu County this June.
HEA_02505,Health,SHA (Social Health Authority) announces subsidised dialysis for residents of Uasin Gishu County starting this July.
HEA_02506,Health,Ministry of Health - Reproductive Health Unit advises residents of Siaya County to visit the nearest Huduma Centre for assistance to access subsidised healthcare.
HEA_02507,Health,Ministry of Health reminds the public in Isiolo County that access to outpatient services is now available at designated centres.
HEA_02508,Health,Notice: a free medical camp organised by CDC will be held in Nyamira County this August.
HEA_02509,Health,KEMSA announces SHA registration for residents of Kilifi County starting this July.
HEA_02510,Health,SHA (Social Health Authority) advises residents of Mandera County to confirm their facility is accredited before visiting to access subsidised healthcare.
HEA_02511,Health,Division of Disease Surveillance and Response reminds the public in Mandera County that access to eye and dental camps is now available at designated centres.
HEA_02512,Health,Kenya Red Cross advises residents of Wajir County to carry a valid national ID when seeking treatment to access subsidised healthcare.
HEA_02513,Health,Ministry of Health announces NHIF/SHA claims support for residents of Lamu County starting this December.
HEA_02514,Health,Kenya Medical Association reminds the public in Siaya County that access to eye and dental camps is now available at designated centres.
HEA_02515,Health,Kenya Red Cross reminds the public in Laikipia County that access to free medical camps is now available at designated centres.
HEA_02516,Health,CDC advises residents of Taita-Taveta County to register for their health insurance cover to access subsidised healthcare.
HEA_02517,Health,Notice: a free medical camp organised by Ministry of Health - Reproductive Health Unit will be held in Samburu County this June.
HEA_02518,Health,KEMSA reminds the public in Narok County that access to subsidised dialysis is now available at designated centres.
HEA_02519,Health,Notice: a free medical camp organised by SHA (Social Health Authority) will be held in Kitui County this May.
HEA_02520,Health,Division of Disease Surveillance and Response reminds the public in Tana River County that access to subsidised dialysis is now available at designated centres.
HEA_02521,Health,Kenya Red Cross reminds the public in Murang'a County that access to NHIF/SHA claims support is now available at designated centres.
HEA_02522,Health,KEMSA advises residents of Kilifi County to visit the nearest Huduma Centre for assistance to access subsidised healthcare.
HEA_02523,Health,CDC reminds the public in Nyandarua County that access to subsidised dialysis is now available at designated centres.
HEA_02524,Health,Notice: a free medical camp organised by SHA (Social Health Authority) will be held in Turkana County this May.
HEA_02525,Health,SHA (Social Health Authority) advises residents of Nyeri County to confirm their facility is accredited before visiting to access subsidised healthcare.
HEA_02526,Health,KEMRI reminds the public in Isiolo County that access to NHIF/SHA claims support is now available at designated centres.
HEA_02527,Health,KEMRI announces free medical camps for residents of Homa Bay County starting this May.
HEA_02528,Health,KEMRI announces free medical camps for residents of Bomet County starting this September.
HEA_02529,Health,Ministry of Health announces free medical camps for residents of Kericho County starting this September.
HEA_02530,Health,Ministry of Health - Reproductive Health Unit announces free medical camps for residents of Kwale County starting this June.
HEA_02531,Health,Notice: a free medical camp organised by Kenya Medical Association will be held in Nairobi County this August.
HEA_02532,Health,Ministry of Health - Reproductive Health Unit advises residents of Nyeri County to register for their health insurance cover to access subsidised healthcare.
HEA_02533,Health,Kenya Medical Association reminds the public in Nakuru County that access to SHA registration is now available at designated centres.
HEA_02534,Health,Kenya Red Cross advises residents of Nairobi County to register for their health insurance cover to access subsidised healthcare.
HEA_02535,Health,Notice: a free medical camp organised by SHA (Social Health Authority) will be held in Kitui County this December.
HEA_02536,Health,Division of Disease Surveillance and Response announces NHIF/SHA claims support for residents of Isiolo County starting this September.
HEA_02537,Health,Notice: a free medical camp organised by Ministry of Health - Reproductive Health Unit will be held in Siaya County this December.
HEA_02538,Health,Division of Disease Surveillance and Response announces SHA registration for residents of Kilifi County starting this July.
HEA_02539,Health,Notice: a free medical camp organised by KEMRI will be held in Bomet County this November.
HEA_02540,Health,Ministry of Health announces subsidised dialysis for residents of Machakos County starting this March.
HEA_02541,Health,KEMRI reminds the public in Migori County that access to NHIF/SHA claims support is now available at designated centres.
HEA_02542,Health,KEMSA reminds the public in Nakuru County that access to eye and dental camps is now available at designated centres.
HEA_02543,Health,Kenya Red Cross reminds the public in Mandera County that access to eye and dental camps is now available at designated centres.
HEA_02544,Health,CDC announces free medical camps for residents of Nairobi County starting this December.
HEA_02545,Health,Kenya Medical Association announces subsidised dialysis for residents of Lamu County starting this August.
HEA_02546,Health,KEMSA advises residents of Kilifi County to carry a valid national ID when seeking treatment to access subsidised healthcare.
HEA_02547,Health,KEMRI reminds the public in Siaya County that access to outpatient services is now available at designated centres.
HEA_02548,Health,Kenya Red Cross advises residents of Kitui County to confirm their facility is accredited before visiting to access subsidised healthcare.
HEA_02549,Health,Kenya Medical Association reminds the public in Bungoma County that access to subsidised dialysis is now available at designated centres.
HEA_02550,Health,Kenya Red Cross reminds the public in Garissa County that access to SHA registration is now available at designated centres.
HEA_02551,Health,Notice: a free medical camp organised by Kenya Medical Association will be held in Nandi County this June.
HEA_02552,Health,Kenya Medical Association advises residents of Wajir County to confirm their facility is accredited before visiting to access subsidised healthcare.
HEA_02553,Health,Notice: a free medical camp organised by SHA (Social Health Authority) will be held in Turkana County this December.
HEA_02554,Health,KEMSA reminds the public in Laikipia County that access to subsidised dialysis is now available at designated centres.
HEA_02555,Health,KEMRI reminds the public in Kwale County that access to NHIF/SHA claims support is now available at designated centres.
HEA_02556,Health,Kenya Medical Association advises residents of Tana River County to carry a valid national ID when seeking treatment to access subsidised healthcare.
HEA_02557,Health,Notice: a free medical camp organised by Division of Disease Surveillance and Response will be held in Uasin Gishu County this July.
HEA_02558,Health,Kenya Medical Association reminds the public in Trans Nzoia County that access to SHA registration is now available at designated centres.
HEA_02559,Health,Notice: a free medical camp organised by Ministry of Health - Reproductive Health Unit will be held in Nairobi County this April.
HEA_02560,Health,Notice: a free medical camp organised by Ministry of Health will be held in Kirinyaga County this August.
HEA_02561,Health,KEMRI reminds the public in Kakamega County that access to subsidised dialysis is now available at designated centres.
HEA_02562,Health,SHA (Social Health Authority) advises residents of Busia County to carry a valid national ID when seeking treatment to access subsidised healthcare.
HEA_02563,Health,CDC advises residents of Kwale County to register for their health insurance cover to access subsidised healthcare.
HEA_02564,Health,SHA (Social Health Authority) reminds the public in Nyamira County that access to NHIF/SHA claims support is now available at designated centres.
HEA_02565,Health,Ministry of Health announces NHIF/SHA claims support for residents of Kajiado County starting this April.
HEA_02566,Health,KEMSA advises residents of Kericho County to visit the nearest Huduma Centre for assistance to access subsidised healthcare.
HEA_02567,Health,Notice: a free medical camp organised by KEMSA will be held in West Pokot County this June.
HEA_02568,Health,KEMRI reminds the public in Bomet County that access to free medical camps is now available at designated centres.
HEA_02569,Health,Ministry of Health announces SHA registration for residents of Kwale County starting this September.
HEA_02570,Health,Ministry of Health - Reproductive Health Unit reminds the public in Kilifi County that access to NHIF/SHA claims support is now available at designated centres.
HEA_02571,Health,Notice: a free medical camp organised by Ministry of Health will be held in Kitui County this November.
HEA_02572,Health,Ministry of Health advises residents of Nyandarua County to register for their health insurance cover to access subsidised healthcare.
HEA_02573,Health,Kenya Medical Association reminds the public in Mandera County that access to NHIF/SHA claims support is now available at designated centres.
HEA_02574,Health,SHA (Social Health Authority) announces eye and dental camps for residents of Lamu County starting this September.
HEA_02575,Health,Ministry of Health reminds the public in Mombasa County that access to subsidised dialysis is now available at designated centres.
HEA_02576,Health,SHA (Social Health Authority) advises residents of Vihiga County to visit the nearest Huduma Centre for assistance to access subsidised healthcare.
HEA_02577,Health,Notice: a free medical camp organised by Division of Disease Surveillance and Response will be held in Elgeyo-Marakwet County this September.
HEA_02578,Health,Kenya Red Cross announces free medical camps for residents of Nyandarua County starting this August.
HEA_02579,Health,Kenya Red Cross announces outpatient services for residents of Kisumu County starting this October.
HEA_02580,Health,Kenya Red Cross reminds the public in Elgeyo-Marakwet County that access to free medical camps is now available at designated centres.
HEA_02581,Health,CDC reminds the public in Nyandarua County that access to NHIF/SHA claims support is now available at designated centres.
HEA_02582,Health,Kenya Medical Association advises residents of Kwale County to confirm their facility is accredited before visiting to access subsidised healthcare.
HEA_02583,Health,Notice: a free medical camp organised by CDC will be held in Nyamira County this February.
HEA_02584,Health,KEMRI reminds the public in Kakamega County that access to outpatient services is now available at designated centres.
HEA_02585,Health,Ministry of Health - Reproductive Health Unit advises residents of West Pokot County to register for their health insurance cover to access subsidised healthcare.
HEA_02586,Health,Notice: a free medical camp organised by Division of Disease Surveillance and Response will be held in Marsabit County this November.
HEA_02587,Health,SHA (Social Health Authority) announces free medical camps for residents of Bomet County starting this March.
HEA_02588,Health,KEMRI reminds the public in Taita-Taveta County that access to outpatient services is now available at designated centres.
HEA_02589,Health,CDC reminds the public in Nairobi County that access to free medical camps is now available at designated centres.
HEA_02590,Health,Ministry of Health - Reproductive Health Unit announces NHIF/SHA claims support for residents of Makueni County starting this July.
HEA_02591,Health,Notice: a free medical camp organised by KEMSA will be held in Kilifi County this June.
HEA_02592,Health,Ministry of Health reminds the public in Nyandarua County that access to free medical camps is now available at designated centres.
HEA_02593,Health,CDC reminds the public in Nakuru County that access to eye and dental camps is now available at designated centres.
HEA_02594,Health,Division of Disease Surveillance and Response advises residents of Baringo County to confirm their facility is accredited before visiting to access subsidised healthcare.
HEA_02595,Health,SHA (Social Health Authority) announces SHA registration for residents of Elgeyo-Marakwet County starting this December.
HEA_02596,Health,KEMSA reminds the public in Mombasa County that access to subsidised dialysis is now available at designated centres.
HEA_02597,Health,KEMSA announces SHA registration for residents of Tharaka-Nithi County starting this August.
HEA_02598,Health,Kenya Medical Association announces eye and dental camps for residents of Nakuru County starting this March.
HEA_02599,Health,KEMSA reminds the public in Bomet County that access to outpatient services is now available at designated centres.
HEA_02600,Health,Kenya Red Cross announces NHIF/SHA claims support for residents of Wajir County starting this July.
HEA_02601,Health,Notice: a free medical camp organised by CDC will be held in Murang'a County this October.
HEA_02602,Health,Notice: a free medical camp organised by KEMSA will be held in Marsabit County this May.
HEA_02603,Health,Division of Disease Surveillance and Response advises residents of Kajiado County to carry a valid national ID when seeking treatment to access subsidised healthcare.
HEA_02604,Health,Ministry of Health - Reproductive Health Unit reminds the public in Embu County that access to eye and dental camps is now available at designated centres.
HEA_02605,Health,KEMSA advises residents of Kajiado County to confirm their facility is accredited before visiting to access subsidised healthcare.
HEA_02606,Health,Division of Disease Surveillance and Response announces free medical camps for residents of Uasin Gishu County starting this March.
HEA_02607,Health,SHA (Social Health Authority) reminds the public in Mombasa County that access to eye and dental camps is now available at designated centres.
HEA_02608,Health,KEMRI advises residents of Kisii County to confirm their facility is accredited before visiting to access subsidised healthcare.
HEA_02609,Health,Notice: a free medical camp organised by SHA (Social Health Authority) will be held in Tana River County this October.
HEA_02610,Health,KEMSA reminds the public in Lamu County that access to eye and dental camps is now available at designated centres.
HEA_02611,Health,Division of Disease Surveillance and Response advises residents of Siaya County to visit the nearest Huduma Centre for assistance to access subsidised healthcare.
HEA_02612,Health,Notice: a free medical camp organised by Kenya Red Cross will be held in Elgeyo-Marakwet County this October.
HEA_02613,Health,Notice: a free medical camp organised by Division of Disease Surveillance and Response will be held in Busia County this July.
HEA_02614,Health,Notice: a free medical camp organised by CDC will be held in Kericho County this November.
HEA_02615,Health,SHA (Social Health Authority) advises residents of Vihiga County to register for their health insurance cover to access subsidised healthcare.
HEA_02616,Health,Kenya Red Cross advises residents of Meru County to register for their health insurance cover to access subsidised healthcare.
HEA_02617,Health,CDC advises residents of Vihiga County to confirm their facility is accredited before visiting to access subsidised healthcare.
HEA_02618,Health,Notice: a free medical camp organised by Kenya Red Cross will be held in Busia County this November.
HEA_02619,Health,KEMRI reminds the public in Isiolo County that access to free medical camps is now available at designated centres.
HEA_02620,Health,SHA (Social Health Authority) advises residents of Busia County to visit the nearest Huduma Centre for assistance to access subsidised healthcare.
HEA_02621,Health,Ministry of Health - Reproductive Health Unit advises residents of Mombasa County to register for their health insurance cover to access subsidised healthcare.
HEA_02622,Health,KEMSA announces outpatient services for residents of Narok County starting this August.
HEA_02623,Health,Division of Disease Surveillance and Response reminds the public in Kirinyaga County that access to SHA registration is now available at designated centres.
HEA_02624,Health,CDC advises residents of Trans Nzoia County to confirm their facility is accredited before visiting to access subsidised healthcare.
HEA_02625,Health,Division of Disease Surveillance and Response reminds the public in Kirinyaga County that access to NHIF/SHA claims support is now available at designated centres.
HEA_02626,Health,KEMRI announces NHIF/SHA claims support for residents of Isiolo County starting this November.
HEA_02627,Health,Kenya Medical Association advises residents of Bomet County to confirm their facility is accredited before visiting to access subsidised healthcare.
HEA_02628,Health,Notice: a free medical camp organised by SHA (Social Health Authority) will be held in Bomet County this July.
HEA_02629,Health,Notice: a free medical camp organised by KEMSA will be held in Kwale County this June.
HEA_02630,Health,Division of Disease Surveillance and Response reminds the public in Nairobi County that access to free medical camps is now available at designated centres.
HEA_02631,Health,Kenya Medical Association advises residents of West Pokot County to register for their health insurance cover to access subsidised healthcare.
HEA_02632,Health,Ministry of Health - Reproductive Health Unit advises residents of West Pokot County to visit the nearest Huduma Centre for assistance to access subsidised healthcare.
HEA_02633,Health,Kenya Red Cross announces NHIF/SHA claims support for residents of Kiambu County starting this February.
HEA_02634,Health,Notice: a free medical camp organised by CDC will be held in Mombasa County this October.
HEA_02635,Health,Notice: a free medical camp organised by Ministry of Health will be held in Kisumu County this May.
HEA_02636,Health,Kenya Medical Association reminds the public in Kilifi County that access to eye and dental camps is now available at designated centres.
HEA_02637,Health,Notice: a free medical camp organised by Kenya Red Cross will be held in Siaya County this January.
HEA_02638,Health,Ministry of Health - Reproductive Health Unit announces outpatient services for residents of Bungoma County starting this November.
HEA_02639,Health,KEMSA reminds the public in Laikipia County that access to eye and dental camps is now available at designated centres.
HEA_02640,Health,Ministry of Health announces subsidised dialysis for residents of West Pokot County starting this January.
HEA_02641,Health,KEMSA advises residents of Mandera County to confirm their facility is accredited before visiting to access subsidised healthcare.
HEA_02642,Health,Ministry of Health announces eye and dental camps for residents of Nandi County starting this November.
HEA_02643,Health,Division of Disease Surveillance and Response announces NHIF/SHA claims support for residents of Garissa County starting this September.
HEA_02644,Health,Ministry of Health advises residents of Kiambu County to carry a valid national ID when seeking treatment to access subsidised healthcare.
HEA_02645,Health,Division of Disease Surveillance and Response advises residents of Kajiado County to confirm their facility is accredited before visiting to access subsidised healthcare.
HEA_02646,Health,Ministry of Health reminds the public in Lamu County that access to subsidised dialysis is now available at designated centres.
HEA_02647,Health,Kenya Red Cross advises residents of Taita-Taveta County to confirm their facility is accredited before visiting to access subsidised healthcare.
HEA_02648,Health,Kenya Red Cross announces eye and dental camps for residents of Bungoma County starting this April.
HEA_02649,Health,KEMSA reminds the public in Siaya County that access to SHA registration is now available at designated centres.
HEA_02650,Health,Notice: a free medical camp organised by Kenya Red Cross will be held in Bomet County this June.
HEA_02651,Health,Division of Disease Surveillance and Response announces eye and dental camps for residents of Baringo County starting this October.
HEA_02652,Health,Ministry of Health - Reproductive Health Unit announces SHA registration for residents of Taita-Taveta County starting this February.
HEA_02653,Health,SHA (Social Health Authority) advises residents of Meru County to register for their health insurance cover to access subsidised healthcare.
HEA_02654,Health,Ministry of Health advises residents of Embu County to carry a valid national ID when seeking treatment to access subsidised healthcare.
HEA_02655,Health,SHA (Social Health Authority) reminds the public in Nairobi County that access to NHIF/SHA claims support is now available at designated centres.
HEA_02656,Health,KEMSA advises residents of Kirinyaga County to confirm their facility is accredited before visiting to access subsidised healthcare.
HEA_02657,Health,Notice: a free medical camp organised by KEMSA will be held in Nyandarua County this March.
HEA_02658,Health,Notice: a free medical camp organised by Kenya Medical Association will be held in Kitui County this April.
HEA_02659,Health,Notice: a free medical camp organised by KEMRI will be held in Meru County this May.
HEA_02660,Health,Notice: a free medical camp organised by Ministry of Health - Reproductive Health Unit will be held in Makueni County this February.
HEA_02661,Health,Division of Disease Surveillance and Response reminds the public in Vihiga County that access to NHIF/SHA claims support is now available at designated centres.
HEA_02662,Health,KEMSA reminds the public in Kilifi County that access to outpatient services is now available at designated centres.
HEA_02663,Health,CDC advises residents of Kakamega County to confirm their facility is accredited before visiting to access subsidised healthcare.
HEA_02664,Health,Notice: a free medical camp organised by Kenya Red Cross will be held in Embu County this June.
HEA_02665,Health,Notice: a free medical camp organised by SHA (Social Health Authority) will be held in Narok County this April.
HEA_02666,Health,Notice: a free medical camp organised by KEMRI will be held in Baringo County this May.
HEA_02667,Health,SHA (Social Health Authority) announces eye and dental camps for residents of Kajiado County starting this November.
HEA_02668,Health,Ministry of Health - Reproductive Health Unit advises residents of Mandera County to carry a valid national ID when seeking treatment to access subsidised healthcare.
HEA_02669,Health,Notice: a free medical camp organised by Kenya Medical Association will be held in Homa Bay County this October.
HEA_02670,Health,Division of Disease Surveillance and Response announces eye and dental camps for residents of Kisii County starting this February.
HEA_02671,Health,Notice: a free medical camp organised by Ministry of Health will be held in Isiolo County this July.
HEA_02672,Health,Division of Disease Surveillance and Response reminds the public in Kiambu County that access to SHA registration is now available at designated centres.
HEA_02673,Health,Division of Disease Surveillance and Response advises residents of Kirinyaga County to confirm their facility is accredited before visiting to access subsidised healthcare.
HEA_02674,Health,Ministry of Health advises residents of Nandi County to confirm their facility is accredited before visiting to access subsidised healthcare.
HEA_02675,Health,Kenya Medical Association reminds the public in Laikipia County that access to NHIF/SHA claims support is now available at designated centres.
HEA_02676,Health,Notice: a free medical camp organised by Division of Disease Surveillance and Response will be held in Laikipia County this November.
HEA_02677,Health,Kenya Red Cross reminds the public in Kilifi County that access to subsidised dialysis is now available at designated centres.
HEA_02678,Health,Kenya Medical Association announces subsidised dialysis for residents of Elgeyo-Marakwet County starting this May.
HEA_02679,Health,Ministry of Health reminds the public in Isiolo County that access to free medical camps is now available at designated centres.
HEA_02680,Health,Notice: a free medical camp organised by CDC will be held in Tharaka-Nithi County this October.
HEA_02681,Health,KEMSA advises residents of Homa Bay County to register for their health insurance cover to access subsidised healthcare.
HEA_02682,Health,Kenya Red Cross announces outpatient services for residents of Marsabit County starting this June.
HEA_02683,Health,KEMSA reminds the public in Baringo County that access to eye and dental camps is now available at designated centres.
HEA_02684,Health,KEMRI advises residents of Meru County to carry a valid national ID when seeking treatment to access subsidised healthcare.
HEA_02685,Health,KEMSA announces outpatient services for residents of Machakos County starting this April.
HEA_02686,Health,KEMRI announces subsidised dialysis for residents of Marsabit County starting this November.
HEA_02687,Health,Notice: a free medical camp organised by Ministry of Health will be held in Laikipia County this March.
HEA_02688,Health,Notice: a free medical camp organised by SHA (Social Health Authority) will be held in Laikipia County this September.
HEA_02689,Health,KEMRI reminds the public in Laikipia County that access to outpatient services is now available at designated centres.
HEA_02690,Health,KEMRI reminds the public in Garissa County that access to free medical camps is now available at designated centres.
HEA_02691,Health,Notice: a free medical camp organised by KEMSA will be held in Trans Nzoia County this June.
HEA_02692,Health,Notice: a free medical camp organised by Kenya Medical Association will be held in Bungoma County this July.
HEA_02693,Health,Division of Disease Surveillance and Response announces eye and dental camps for residents of Nakuru County starting this November.
HEA_02694,Health,KEMRI announces free medical camps for residents of Bungoma County starting this March.
HEA_02695,Health,Notice: a free medical camp organised by Division of Disease Surveillance and Response will be held in Kiambu County this September.
HEA_02696,Health,Kenya Medical Association announces free medical camps for residents of Lamu County starting this November.
HEA_02697,Health,Ministry of Health - Reproductive Health Unit advises residents of Tharaka-Nithi County to visit the nearest Huduma Centre for assistance to access subsidised healthcare.
HEA_02698,Health,Notice: a free medical camp organised by Kenya Medical Association will be held in Taita-Taveta County this June.
HEA_02699,Health,KEMSA reminds the public in Elgeyo-Marakwet County that access to NHIF/SHA claims support is now available at designated centres.
HEA_02700,Health,Notice: a free medical camp organised by Kenya Medical Association will be held in Migori County this August.
HEA_02701,Health,Kenya Red Cross announces free medical camps for residents of Uasin Gishu County starting this March.
HEA_02702,Health,CDC reminds the public in Garissa County that access to SHA registration is now available at designated centres.
HEA_02703,Health,Notice: a free medical camp organised by SHA (Social Health Authority) will be held in Kisumu County this July.
HEA_02704,Health,KEMSA announces subsidised dialysis for residents of Murang'a County starting this March.
HEA_02705,Health,Ministry of Health - Reproductive Health Unit reminds the public in Mombasa County that access to eye and dental camps is now available at designated centres.
HEA_02706,Health,Kenya Medical Association reminds the public in Tana River County that access to outpatient services is now available at designated centres.
HEA_02707,Health,Notice: a free medical camp organised by SHA (Social Health Authority) will be held in Bungoma County this August.
HEA_02708,Health,Notice: a free medical camp organised by Ministry of Health - Reproductive Health Unit will be held in Nyamira County this June.
HEA_02709,Health,Notice: a free medical camp organised by SHA (Social Health Authority) will be held in Meru County this July.
HEA_02710,Health,SHA (Social Health Authority) reminds the public in Marsabit County that access to NHIF/SHA claims support is now available at designated centres.
HEA_02711,Health,Notice: a free medical camp organised by KEMRI will be held in Narok County this October.
HEA_02712,Health,Kenya Medical Association reminds the public in Tana River County that access to NHIF/SHA claims support is now available at designated centres.
HEA_02713,Health,SHA (Social Health Authority) announces NHIF/SHA claims support for residents of Nakuru County starting this August.
HEA_02714,Health,Division of Disease Surveillance and Response announces NHIF/SHA claims support for residents of Makueni County starting this July.
HEA_02715,Health,Notice: a free medical camp organised by Ministry of Health will be held in Kericho County this May.
HEA_02716,Health,Kenya Red Cross advises residents of Turkana County to register for their health insurance cover to access subsidised healthcare.
HEA_02717,Health,Division of Disease Surveillance and Response announces subsidised dialysis for residents of Nairobi County starting this January.
HEA_02718,Health,KEMRI reminds the public in Meru County that access to subsidised dialysis is now available at designated centres.
HEA_02719,Health,KEMSA announces eye and dental camps for residents of Nairobi County starting this March.
HEA_02720,Health,Kenya Medical Association reminds the public in Nyandarua County that access to outpatient services is now available at designated centres.
HEA_02721,Health,CDC advises residents of Kakamega County to register for their health insurance cover to access subsidised healthcare.
HEA_02722,Health,Division of Disease Surveillance and Response announces free medical camps for residents of West Pokot County starting this January.
HEA_02723,Health,Kenya Medical Association announces SHA registration for residents of Narok County starting this December.
HEA_02724,Health,Notice: a free medical camp organised by Kenya Red Cross will be held in Elgeyo-Marakwet County this July.
HEA_02725,Health,KEMSA announces eye and dental camps for residents of Makueni County starting this December.
HEA_02726,Health,Kenya Medical Association announces subsidised dialysis for residents of Wajir County starting this April.
HEA_02727,Health,Notice: a free medical camp organised by Kenya Red Cross will be held in Busia County this September.
HEA_02728,Health,Ministry of Health advises residents of West Pokot County to confirm their facility is accredited before visiting to access subsidised healthcare.
HEA_02729,Health,Kenya Medical Association advises residents of Nyandarua County to visit the nearest Huduma Centre for assistance to access subsidised healthcare.
HEA_02730,Health,Notice: a free medical camp organised by CDC will be held in Homa Bay County this January.
HEA_02731,Health,KEMSA reminds the public in Migori County that access to NHIF/SHA claims support is now available at designated centres.
HEA_02732,Health,Kenya Medical Association announces outpatient services for residents of Embu County starting this January.
HEA_02733,Health,Kenya Red Cross advises residents of Nyandarua County to carry a valid national ID when seeking treatment to access subsidised healthcare.
HEA_02734,Health,KEMRI announces eye and dental camps for residents of Kitui County starting this January.
HEA_02735,Health,Notice: a free medical camp organised by KEMRI will be held in Lamu County this October.
HEA_02736,Health,Notice: a free medical camp organised by Ministry of Health - Reproductive Health Unit will be held in Vihiga County this July.
HEA_02737,Health,Notice: a free medical camp organised by CDC will be held in Samburu County this August.
HEA_02738,Health,Division of Disease Surveillance and Response announces NHIF/SHA claims support for residents of Kiambu County starting this June.
HEA_02739,Health,KEMSA reminds the public in Baringo County that access to outpatient services is now available at designated centres.
HEA_02740,Health,CDC advises residents of Kisii County to confirm their facility is accredited before visiting to access subsidised healthcare.
HEA_02741,Health,Notice: a free medical camp organised by Kenya Medical Association will be held in Kilifi County this November.
HEA_02742,Health,Ministry of Health - Reproductive Health Unit announces SHA registration for residents of Bomet County starting this June.
HEA_02743,Health,CDC advises residents of West Pokot County to carry a valid national ID when seeking treatment to access subsidised healthcare.
HEA_02744,Health,Notice: a free medical camp organised by Ministry of Health - Reproductive Health Unit will be held in Migori County this August.
HEA_02745,Health,KEMSA announces free medical camps for residents of Busia County starting this October.
HEA_02746,Health,Notice: a free medical camp organised by Kenya Medical Association will be held in Uasin Gishu County this January.
HEA_02747,Health,Notice: a free medical camp organised by CDC will be held in Nakuru County this April.
HEA_02748,Health,CDC reminds the public in Mandera County that access to subsidised dialysis is now available at designated centres.
HEA_02749,Health,SHA (Social Health Authority) announces free medical camps for residents of Trans Nzoia County starting this April.
HEA_02750,Health,Kenya Red Cross announces eye and dental camps for residents of Meru County starting this March.
HEA_02751,Health,CDC reminds the public in Uasin Gishu County that access to free medical camps is now available at designated centres.
HEA_02752,Health,Kenya Red Cross reminds the public in Murang'a County that access to eye and dental camps is now available at designated centres.
HEA_02753,Health,Division of Disease Surveillance and Response announces subsidised dialysis for residents of Narok County starting this September.
HEA_02754,Health,KEMRI reminds the public in Trans Nzoia County that access to outpatient services is now available at designated centres.
HEA_02755,Health,Notice: a free medical camp organised by Ministry of Health - Reproductive Health Unit will be held in Isiolo County this March.
HEA_02756,Health,Kenya Red Cross reminds the public in Mombasa County that access to NHIF/SHA claims support is now available at designated centres.
HEA_02757,Health,KEMSA reminds the public in Migori County that access to outpatient services is now available at designated centres.
HEA_02758,Health,Kenya Medical Association reminds the public in Uasin Gishu County that access to eye and dental camps is now available at designated centres.
HEA_02759,Health,KEMRI announces subsidised dialysis for residents of Mandera County starting this October.
HEA_02760,Health,Kenya Medical Association announces subsidised dialysis for residents of Kwale County starting this June.
HEA_02761,Health,KEMSA advises residents of Kakamega County to confirm their facility is accredited before visiting to access subsidised healthcare.
HEA_02762,Health,Division of Disease Surveillance and Response announces subsidised dialysis for residents of Kwale County starting this December.
HEA_02763,Health,CDC reminds the public in Narok County that access to free medical camps is now available at designated centres.
HEA_02764,Health,KEMRI reminds the public in Murang'a County that access to NHIF/SHA claims support is now available at designated centres.
HEA_02765,Health,Ministry of Health announces outpatient services for residents of Embu County starting this October.
HEA_02766,Health,KEMRI reminds the public in Migori County that access to outpatient services is now available at designated centres.
HEA_02767,Health,KEMSA advises residents of Baringo County to register for their health insurance cover to access subsidised healthcare.
HEA_02768,Health,Notice: a free medical camp organised by KEMSA will be held in Machakos County this August.
HEA_02769,Health,Ministry of Health announces eye and dental camps for residents of Kilifi County starting this November.
HEA_02770,Health,CDC reminds the public in Laikipia County that access to SHA registration is now available at designated centres.
HEA_02771,Health,Kenya Red Cross reminds the public in Nyamira County that access to SHA registration is now available at designated centres.
HEA_02772,Health,Ministry of Health - Reproductive Health Unit announces SHA registration for residents of Laikipia County starting this December.
HEA_02773,Health,Notice: a free medical camp organised by Kenya Medical Association will be held in Nairobi County this January.
HEA_02774,Health,Notice: a free medical camp organised by Kenya Medical Association will be held in Nyamira County this September.
HEA_02775,Health,Kenya Medical Association reminds the public in Wajir County that access to free medical camps is now available at designated centres.
HEA_02776,Health,Notice: a free medical camp organised by SHA (Social Health Authority) will be held in Nairobi County this March.
HEA_02777,Health,Notice: a free medical camp organised by Kenya Medical Association will be held in Homa Bay County this June.
HEA_02778,Health,KEMRI advises residents of Laikipia County to carry a valid national ID when seeking treatment to access subsidised healthcare.
HEA_02779,Health,Division of Disease Surveillance and Response announces SHA registration for residents of Kisumu County starting this December.
HEA_02780,Health,Ministry of Health - Reproductive Health Unit reminds the public in Machakos County that access to NHIF/SHA claims support is now available at designated centres.
HEA_02781,Health,Notice: a free medical camp organised by Ministry of Health - Reproductive Health Unit will be held in Kiambu County this August.
HEA_02782,Health,Notice: a free medical camp organised by Kenya Red Cross will be held in Bungoma County this January.
HEA_02783,Health,KEMSA advises residents of Kajiado County to register for their health insurance cover to access subsidised healthcare.
HEA_02784,Health,Division of Disease Surveillance and Response advises residents of Kakamega County to carry a valid national ID when seeking treatment to access subsidised healthcare.
HEA_02785,Health,Notice: a free medical camp organised by KEMSA will be held in Kakamega County this November.
HEA_02786,Health,Notice: a free medical camp organised by Ministry of Health - Reproductive Health Unit will be held in Nyamira County this August.
HEA_02787,Health,Notice: a free medical camp organised by KEMSA will be held in Kisii County this March.
HEA_02788,Health,Kenya Red Cross advises residents of Samburu County to visit the nearest Huduma Centre for assistance to access subsidised healthcare.
HEA_02789,Health,KEMRI announces free medical camps for residents of Vihiga County starting this May.
HEA_02790,Health,Kenya Red Cross announces subsidised dialysis for residents of West Pokot County starting this December.
HEA_02791,Health,Ministry of Health - Reproductive Health Unit reminds the public in Busia County that access to NHIF/SHA claims support is now available at designated centres.
HEA_02792,Health,CDC advises residents of Murang'a County to carry a valid national ID when seeking treatment to access subsidised healthcare.
HEA_02793,Health,Ministry of Health - Reproductive Health Unit reminds the public in Kisumu County that access to subsidised dialysis is now available at designated centres.
HEA_02794,Health,KEMSA reminds the public in Laikipia County that access to SHA registration is now available at designated centres.
HEA_02795,Health,Division of Disease Surveillance and Response announces free medical camps for residents of Kitui County starting this May.
HEA_02796,Health,KEMSA advises residents of Nyandarua County to register for their health insurance cover to access subsidised healthcare.
HEA_02797,Health,Division of Disease Surveillance and Response advises residents of Nakuru County to register for their health insurance cover to access subsidised healthcare.
HEA_02798,Health,KEMRI advises residents of West Pokot County to register for their health insurance cover to access subsidised healthcare.
HEA_02799,Health,SHA (Social Health Authority) reminds the public in Kiambu County that access to SHA registration is now available at designated centres.
HEA_02800,Health,Notice: a free medical camp organised by CDC will be held in Kericho County this December.
HEA_02801,Health,Ministry of Health announces subsidised dialysis for residents of Nandi County starting this October.
HEA_02802,Health,KEMRI advises residents of Makueni County to visit the nearest Huduma Centre for assistance to access subsidised healthcare.
HEA_02803,Health,Ministry of Health advises residents of Bungoma County to carry a valid national ID when seeking treatment to access subsidised healthcare.
HEA_02804,Health,KEMRI announces free medical camps for residents of Nairobi County starting this February.
HEA_02805,Health,Notice: a free medical camp organised by Ministry of Health will be held in Embu County this April.
HEA_02806,Health,Ministry of Health - Reproductive Health Unit advises residents of Baringo County to register for their health insurance cover to access subsidised healthcare.
HEA_02807,Health,Notice: a free medical camp organised by SHA (Social Health Authority) will be held in Tharaka-Nithi County this August.
HEA_02808,Health,Ministry of Health - Reproductive Health Unit announces free medical camps for residents of Taita-Taveta County starting this August.
HEA_02809,Health,CDC announces subsidised dialysis for residents of Vihiga County starting this April.
HEA_02810,Health,Kenya Red Cross reminds the public in Kakamega County that access to subsidised dialysis is now available at designated centres.
HEA_02811,Health,SHA (Social Health Authority) reminds the public in Nairobi County that access to eye and dental camps is now available at designated centres.
HEA_02812,Health,Ministry of Health - Reproductive Health Unit advises residents of Mombasa County to confirm their facility is accredited before visiting to access subsidised healthcare.
HEA_02813,Health,Notice: a free medical camp organised by Ministry of Health - Reproductive Health Unit will be held in Siaya County this March.
HEA_02814,Health,Notice: a free medical camp organised by CDC will be held in Laikipia County this September.
HEA_02815,Health,Notice: a free medical camp organised by Kenya Red Cross will be held in Makueni County this September.
HEA_02816,Health,Division of Disease Surveillance and Response advises residents of Nyandarua County to carry a valid national ID when seeking treatment to access subsidised healthcare.
HEA_02817,Health,SHA (Social Health Authority) reminds the public in Meru County that access to SHA registration is now available at designated centres.
HEA_02818,Health,Notice: a free medical camp organised by CDC will be held in Laikipia County this August.
HEA_02819,Health,KEMSA advises residents of Lamu County to carry a valid national ID when seeking treatment to access subsidised healthcare.
HEA_02820,Health,Ministry of Health - Reproductive Health Unit announces eye and dental camps for residents of Kiambu County starting this November.
HEA_02821,Health,KEMRI advises residents of Garissa County to visit the nearest Huduma Centre for assistance to access subsidised healthcare.
HEA_02822,Health,Notice: a free medical camp organised by CDC will be held in Kirinyaga County this June.
HEA_02823,Health,SHA (Social Health Authority) reminds the public in Migori County that access to subsidised dialysis is now available at designated centres.
HEA_02824,Health,KEMSA advises residents of Murang'a County to visit the nearest Huduma Centre for assistance to access subsidised healthcare.
HEA_02825,Health,KEMSA reminds the public in Isiolo County that access to eye and dental camps is now available at designated centres.
HEA_02826,Health,Notice: a free medical camp organised by KEMRI will be held in Makueni County this August.
HEA_02827,Health,Notice: a free medical camp organised by Division of Disease Surveillance and Response will be held in Marsabit County this May.
HEA_02828,Health,Notice: a free medical camp organised by Division of Disease Surveillance and Response will be held in Murang'a County this August.
HEA_02829,Health,Notice: a free medical camp organised by Kenya Medical Association will be held in Kakamega County this July.
HEA_02830,Health,Ministry of Health reminds the public in Trans Nzoia County that access to outpatient services is now available at designated centres.
HEA_02831,Health,Notice: a free medical camp organised by KEMSA will be held in Baringo County this May.
HEA_02832,Health,KEMRI announces eye and dental camps for residents of Embu County starting this November.
HEA_02833,Health,Notice: a free medical camp organised by Kenya Red Cross will be held in West Pokot County this January.
HEA_02834,Health,Notice: a free medical camp organised by Kenya Medical Association will be held in Samburu County this June.
HEA_02835,Health,KEMRI advises residents of Busia County to confirm their facility is accredited before visiting to access subsidised healthcare.
HEA_02836,Health,Notice: a free medical camp organised by SHA (Social Health Authority) will be held in Lamu County this April.
HEA_02837,Health,Division of Disease Surveillance and Response advises residents of Nairobi County to confirm their facility is accredited before visiting to access subsidised healthcare.
HEA_02838,Health,Kenya Medical Association announces outpatient services for residents of Kisii County starting this December.
HEA_02839,Health,Kenya Red Cross advises residents of Bungoma County to confirm their facility is accredited before visiting to access subsidised healthcare.
HEA_02840,Health,SHA (Social Health Authority) announces NHIF/SHA claims support for residents of Tana River County starting this November.
HEA_02841,Health,Notice: a free medical camp organised by CDC will be held in West Pokot County this August.
HEA_02842,Health,Notice: a free medical camp organised by SHA (Social Health Authority) will be held in Laikipia County this March.
HEA_02843,Health,Division of Disease Surveillance and Response announces free medical camps for residents of Nairobi County starting this July.
HEA_02844,Health,Kenya Red Cross advises residents of Kakamega County to register for their health insurance cover to access subsidised healthcare.
HEA_02845,Health,KEMRI reminds the public in Murang'a County that access to subsidised dialysis is now available at designated centres.
HEA_02846,Health,Notice: a free medical camp organised by CDC will be held in Kajiado County this May.
HEA_02847,Health,KEMSA announces eye and dental camps for residents of Lamu County starting this December.
HEA_02848,Health,Notice: a free medical camp organised by Division of Disease Surveillance and Response will be held in Nandi County this December.
HEA_02849,Health,Division of Disease Surveillance and Response reminds the public in Kiambu County that access to eye and dental camps is now available at designated centres.
HEA_02850,Health,Notice: a free medical camp organised by Kenya Red Cross will be held in Bungoma County this December.
HEA_02851,Health,KEMSA announces outpatient services for residents of Wajir County starting this November.
HEA_02852,Health,Kenya Medical Association reminds the public in Nakuru County that access to subsidised dialysis is now available at designated centres.
HEA_02853,Health,CDC announces subsidised dialysis for residents of West Pokot County starting this January.
HEA_02854,Health,Ministry of Health reminds the public in Narok County that access to subsidised dialysis is now available at designated centres.
HEA_02855,Health,Kenya Red Cross reminds the public in Kakamega County that access to eye and dental camps is now available at designated centres.
HEA_02856,Health,SHA (Social Health Authority) announces subsidised dialysis for residents of Kakamega County starting this February.
HEA_02857,Health,CDC announces SHA registration for residents of Isiolo County starting this September.
HEA_02858,Health,KEMRI reminds the public in Lamu County that access to outpatient services is now available at designated centres.
HEA_02859,Health,Notice: a free medical camp organised by Ministry of Health - Reproductive Health Unit will be held in Nandi County this December.
HEA_02860,Health,Division of Disease Surveillance and Response advises residents of Lamu County to carry a valid national ID when seeking treatment to access subsidised healthcare.
HEA_02861,Health,CDC reminds the public in Kisii County that access to outpatient services is now available at designated centres.
HEA_02862,Health,Kenya Medical Association announces SHA registration for residents of Kakamega County starting this May.
HEA_02863,Health,Ministry of Health reminds the public in Mombasa County that access to NHIF/SHA claims support is now available at designated centres.
HEA_02864,Health,KEMSA reminds the public in Makueni County that access to subsidised dialysis is now available at designated centres.
HEA_02865,Health,Notice: a free medical camp organised by CDC will be held in Baringo County this November.
HEA_02866,Health,Division of Disease Surveillance and Response advises residents of Nyamira County to visit the nearest Huduma Centre for assistance to access subsidised healthcare.
HEA_02867,Health,KEMSA advises residents of Embu County to visit the nearest Huduma Centre for assistance to access subsidised healthcare.
HEA_02868,Health,Ministry of Health announces SHA registration for residents of Kericho County starting this October.
HEA_02869,Health,CDC advises residents of Turkana County to carry a valid national ID when seeking treatment to access subsidised healthcare.
HEA_02870,Health,Notice: a free medical camp organised by KEMRI will be held in Homa Bay County this April.
HEA_02871,Health,Kenya Red Cross advises residents of Isiolo County to carry a valid national ID when seeking treatment to access subsidised healthcare.
HEA_02872,Health,KEMRI advises residents of Turkana County to visit the nearest Huduma Centre for assistance to access subsidised healthcare.
HEA_02873,Health,SHA (Social Health Authority) reminds the public in Samburu County that access to outpatient services is now available at designated centres.
HEA_02874,Health,Kenya Medical Association advises residents of Tana River County to confirm their facility is accredited before visiting to access subsidised healthcare.
HEA_02875,Health,KEMRI reminds the public in Embu County that access to subsidised dialysis is now available at designated centres.
HEA_02876,Health,SHA (Social Health Authority) announces subsidised dialysis for residents of Meru County starting this September.
HEA_02877,Health,KEMSA announces outpatient services for residents of Embu County starting this February.
HEA_02878,Health,Notice: a free medical camp organised by Division of Disease Surveillance and Response will be held in Uasin Gishu County this April.
HEA_02879,Health,SHA (Social Health Authority) advises residents of Narok County to confirm their facility is accredited before visiting to access subsidised healthcare.
HEA_02880,Health,Notice: a free medical camp organised by CDC will be held in Wajir County this August.
HEA_02881,Health,Ministry of Health announces outpatient services for residents of Samburu County starting this July.
HEA_02882,Health,Division of Disease Surveillance and Response announces SHA registration for residents of West Pokot County starting this May.
HEA_02883,Health,Kenya Red Cross reminds the public in Kitui County that access to SHA registration is now available at designated centres.
HEA_02884,Health,Ministry of Health - Reproductive Health Unit reminds the public in Kwale County that access to eye and dental camps is now available at designated centres.
HEA_02885,Health,Notice: a free medical camp organised by Ministry of Health will be held in Marsabit County this April.
HEA_02886,Health,Ministry of Health advises residents of Mandera County to visit the nearest Huduma Centre for assistance to access subsidised healthcare.
HEA_02887,Health,Ministry of Health - Reproductive Health Unit advises residents of Kilifi County to visit the nearest Huduma Centre for assistance to access subsidised healthcare.
HEA_02888,Health,Kenya Medical Association advises residents of Meru County to visit the nearest Huduma Centre for assistance to access subsidised healthcare.
HEA_02889,Health,Division of Disease Surveillance and Response advises residents of Wajir County to register for their health insurance cover to access subsidised healthcare.
HEA_02890,Health,KEMRI reminds the public in Kirinyaga County that access to eye and dental camps is now available at designated centres.
HEA_02891,Health,Notice: a free medical camp organised by Kenya Red Cross will be held in Busia County this June.
HEA_02892,Health,Ministry of Health announces outpatient services for residents of Kiambu County starting this January.
HEA_02893,Health,KEMSA announces subsidised dialysis for residents of Uasin Gishu County starting this January.
HEA_02894,Health,CDC reminds the public in Isiolo County that access to SHA registration is now available at designated centres.
HEA_02895,Health,Division of Disease Surveillance and Response announces outpatient services for residents of Kitui County starting this February.
HEA_02896,Health,SHA (Social Health Authority) announces outpatient services for residents of Laikipia County starting this August.
HEA_02897,Health,KEMSA reminds the public in Bungoma County that access to SHA registration is now available at designated centres.
HEA_02898,Health,Notice: a free medical camp organised by Ministry of Health - Reproductive Health Unit will be held in Laikipia County this May.
HEA_02899,Health,Division of Disease Surveillance and Response advises residents of Homa Bay County to carry a valid national ID when seeking treatment to access subsidised healthcare.
HEA_02900,Health,Ministry of Health - Reproductive Health Unit announces subsidised dialysis for residents of Nakuru County starting this December.
HEA_02901,Health,KEMSA advises residents of Kitui County to visit the nearest Huduma Centre for assistance to access subsidised healthcare.
HEA_02902,Health,KEMRI advises residents of Homa Bay County to register for their health insurance cover to access subsidised healthcare.
HEA_02903,Health,Kenya Red Cross reminds the public in Busia County that access to free medical camps is now available at designated centres.
HEA_02904,Health,Kenya Red Cross advises residents of Meru County to carry a valid national ID when seeking treatment to access subsidised healthcare.
HEA_02905,Health,Notice: a free medical camp organised by Ministry of Health - Reproductive Health Unit will be held in Homa Bay County this October.
HEA_02906,Health,Notice: a free medical camp organised by KEMSA will be held in Murang'a County this July.
HEA_02907,Health,Notice: a free medical camp organised by KEMSA will be held in Vihiga County this December.
HEA_02908,Health,Kenya Medical Association announces free medical camps for residents of Siaya County starting this January.
HEA_02909,Health,Ministry of Health advises residents of Marsabit County to register for their health insurance cover to access subsidised healthcare.
HEA_02910,Health,KEMSA advises residents of Trans Nzoia County to register for their health insurance cover to access subsidised healthcare.
HEA_02911,Health,Ministry of Health - Reproductive Health Unit reminds the public in Turkana County that access to eye and dental camps is now available at designated centres.
HEA_02912,Health,Ministry of Health - Reproductive Health Unit reminds the public in Embu County that access to subsidised dialysis is now available at designated centres.
HEA_02913,Health,Notice: a free medical camp organised by CDC will be held in Nandi County this February.
HEA_02914,Health,Notice: a free medical camp organised by CDC will be held in Kiambu County this June.
HEA_02915,Health,Kenya Red Cross advises residents of Kiambu County to confirm their facility is accredited before visiting to access subsidised healthcare.
HEA_02916,Health,Division of Disease Surveillance and Response announces SHA registration for residents of Kajiado County starting this May.
HEA_02917,Health,Notice: a free medical camp organised by Kenya Medical Association will be held in Kisumu County this January.
HEA_02918,Health,SHA (Social Health Authority) advises residents of Kitui County to register for their health insurance cover to access subsidised healthcare.
HEA_02919,Health,CDC announces free medical camps for residents of Nyamira County starting this May.
HEA_02920,Health,Notice: a free medical camp organised by Kenya Red Cross will be held in Nandi County this July.
HEA_02921,Health,CDC announces subsidised dialysis for residents of Meru County starting this July.
HEA_02922,Health,KEMSA advises residents of Migori County to register for their health insurance cover to access subsidised healthcare.
HEA_02923,Health,Division of Disease Surveillance and Response advises residents of Kajiado County to visit the nearest Huduma Centre for assistance to access subsidised healthcare.
HEA_02924,Health,CDC announces free medical camps for residents of West Pokot County starting this September.
HEA_02925,Health,Division of Disease Surveillance and Response advises residents of Isiolo County to visit the nearest Huduma Centre for assistance to access subsidised healthcare.
HEA_02926,Health,KEMSA advises residents of Kericho County to confirm their facility is accredited before visiting to access subsidised healthcare.
HEA_02927,Health,Kenya Red Cross advises residents of Tana River County to carry a valid national ID when seeking treatment to access subsidised healthcare.
HEA_02928,Health,CDC reminds the public in Uasin Gishu County that access to outpatient services is now available at designated centres.
HEA_02929,Health,Notice: a free medical camp organised by KEMSA will be held in Nairobi County this May.
HEA_02930,Health,SHA (Social Health Authority) announces subsidised dialysis for residents of Makueni County starting this December.
HEA_02931,Health,Notice: a free medical camp organised by KEMRI will be held in Nairobi County this October.
HEA_02932,Health,Ministry of Health announces free medical camps for residents of Uasin Gishu County starting this March.
HEA_02933,Health,KEMSA reminds the public in Machakos County that access to free medical camps is now available at designated centres.
HEA_02934,Health,Kenya Medical Association reminds the public in Vihiga County that access to free medical camps is now available at designated centres.
HEA_02935,Health,Kenya Medical Association advises residents of Wajir County to visit the nearest Huduma Centre for assistance to access subsidised healthcare.
HEA_02936,Health,Ministry of Health - Reproductive Health Unit advises residents of Marsabit County to carry a valid national ID when seeking treatment to access subsidised healthcare.
HEA_02937,Health,Notice: a free medical camp organised by Ministry of Health will be held in Siaya County this February.
HEA_02938,Health,Notice: a free medical camp organised by CDC will be held in Garissa County this November.
HEA_02939,Health,KEMRI reminds the public in Homa Bay County that access to NHIF/SHA claims support is now available at designated centres.
HEA_02940,Health,CDC announces free medical camps for residents of Busia County starting this August.
HEA_02941,Health,Division of Disease Surveillance and Response announces outpatient services for residents of Nyandarua County starting this January.
HEA_02942,Health,Notice: a free medical camp organised by SHA (Social Health Authority) will be held in Siaya County this August.
HEA_02943,Health,KEMSA reminds the public in Nyamira County that access to outpatient services is now available at designated centres.
HEA_02944,Health,Notice: a free medical camp organised by KEMRI will be held in Kajiado County this February.
HEA_02945,Health,Division of Disease Surveillance and Response announces outpatient services for residents of Machakos County starting this November.
HEA_02946,Health,Kenya Medical Association reminds the public in Tana River County that access to SHA registration is now available at designated centres.
HEA_02947,Health,Notice: a free medical camp organised by Kenya Red Cross will be held in Makueni County this November.
HEA_02948,Health,Notice: a free medical camp organised by Kenya Medical Association will be held in Homa Bay County this May.
HEA_02949,Health,Notice: a free medical camp organised by SHA (Social Health Authority) will be held in Mombasa County this February.
HEA_02950,Health,KEMRI reminds the public in Vihiga County that access to free medical camps is now available at designated centres.
HEA_02951,Health,Kenya Red Cross reminds the public in Garissa County that access to outpatient services is now available at designated centres.
HEA_02952,Health,CDC reminds the public in Homa Bay County that access to SHA registration is now available at designated centres.
HEA_02953,Health,SHA (Social Health Authority) announces SHA registration for residents of Kakamega County starting this February.
HEA_02954,Health,Division of Disease Surveillance and Response advises residents of Vihiga County to confirm their facility is accredited before visiting to access subsidised healthcare.
HEA_02955,Health,Ministry of Health reminds the public in Turkana County that access to outpatient services is now available at designated centres.
HEA_02956,Health,CDC reminds the public in Kilifi County that access to eye and dental camps is now available at designated centres.
HEA_02957,Health,Ministry of Health reminds the public in Embu County that access to free medical camps is now available at designated centres.
HEA_02958,Health,Division of Disease Surveillance and Response announces outpatient services for residents of Garissa County starting this May.
HEA_02959,Health,Ministry of Health - Reproductive Health Unit announces eye and dental camps for residents of Makueni County starting this June.
HEA_02960,Health,Notice: a free medical camp organised by Division of Disease Surveillance and Response will be held in Machakos County this May.
HEA_02961,Health,Ministry of Health reminds the public in Murang'a County that access to eye and dental camps is now available at designated centres.
HEA_02962,Health,Notice: a free medical camp organised by KEMSA will be held in Embu County this September.
HEA_02963,Health,Notice: a free medical camp organised by Kenya Medical Association will be held in Turkana County this March.
HEA_02964,Health,SHA (Social Health Authority) reminds the public in Kiambu County that access to subsidised dialysis is now available at designated centres.
HEA_02965,Health,Division of Disease Surveillance and Response advises residents of Kirinyaga County to register for their health insurance cover to access subsidised healthcare.
HEA_02966,Health,Division of Disease Surveillance and Response reminds the public in Busia County that access to eye and dental camps is now available at designated centres.
HEA_02967,Health,Kenya Medical Association advises residents of Tharaka-Nithi County to confirm their facility is accredited before visiting to access subsidised healthcare.
HEA_02968,Health,Notice: a free medical camp organised by Division of Disease Surveillance and Response will be held in Nandi County this June.
HEA_02969,Health,KEMSA advises residents of Murang'a County to register for their health insurance cover to access subsidised healthcare.
HEA_02970,Health,Kenya Red Cross advises residents of Narok County to carry a valid national ID when seeking treatment to access subsidised healthcare.
HEA_02971,Health,Kenya Medical Association advises residents of Busia County to register for their health insurance cover to access subsidised healthcare.
HEA_02972,Health,SHA (Social Health Authority) advises residents of Taita-Taveta County to confirm their facility is accredited before visiting to access subsidised healthcare.
HEA_02973,Health,Notice: a free medical camp organised by KEMSA will be held in Nyamira County this June.
HEA_02974,Health,Notice: a free medical camp organised by Kenya Medical Association will be held in Mandera County this July.
HEA_02975,Health,Kenya Red Cross announces SHA registration for residents of Busia County starting this October.
HEA_02976,Health,Notice: a free medical camp organised by KEMRI will be held in Nandi County this January.
HEA_02977,Health,CDC advises residents of Marsabit County to carry a valid national ID when seeking treatment to access subsidised healthcare.
HEA_02978,Health,Ministry of Health - Reproductive Health Unit announces free medical camps for residents of Kitui County starting this December.
HEA_02979,Health,KEMRI advises residents of Nandi County to visit the nearest Huduma Centre for assistance to access subsidised healthcare.
HEA_02980,Health,Ministry of Health advises residents of Nyeri County to register for their health insurance cover to access subsidised healthcare.
HEA_02981,Health,Ministry of Health - Reproductive Health Unit reminds the public in Uasin Gishu County that access to subsidised dialysis is now available at designated centres.
HEA_02982,Health,Kenya Medical Association advises residents of Meru County to confirm their facility is accredited before visiting to access subsidised healthcare.
HEA_02983,Health,Kenya Red Cross reminds the public in Nyamira County that access to NHIF/SHA claims support is now available at designated centres.
HEA_02984,Health,Division of Disease Surveillance and Response reminds the public in West Pokot County that access to NHIF/SHA claims support is now available at designated centres.
HEA_02985,Health,Notice: a free medical camp organised by SHA (Social Health Authority) will be held in Kisii County this March.
HEA_02986,Health,Notice: a free medical camp organised by KEMRI will be held in Kericho County this October.
HEA_02987,Health,Notice: a free medical camp organised by SHA (Social Health Authority) will be held in Bungoma County this April.
HEA_02988,Health,Notice: a free medical camp organised by CDC will be held in Kitui County this August.
HEA_02989,Health,Notice: a free medical camp organised by Ministry of Health will be held in Baringo County this October.
HEA_02990,Health,Ministry of Health - Reproductive Health Unit reminds the public in Vihiga County that access to SHA registration is now available at designated centres.
HEA_02991,Health,Ministry of Health advises residents of Bomet County to register for their health insurance cover to access subsidised healthcare.
HEA_02992,Health,Notice: a free medical camp organised by Ministry of Health - Reproductive Health Unit will be held in Nyamira County this March.
HEA_02993,Health,Division of Disease Surveillance and Response announces NHIF/SHA claims support for residents of Lamu County starting this December.
HEA_02994,Health,Notice: a free medical camp organised by Ministry of Health will be held in Nyamira County this October.
HEA_02995,Health,Kenya Medical Association reminds the public in Nyamira County that access to outpatient services is now available at designated centres.
HEA_02996,Health,Ministry of Health - Reproductive Health Unit advises residents of Kirinyaga County to carry a valid national ID when seeking treatment to access subsidised healthcare.
HEA_02997,Health,Notice: a free medical camp organised by KEMRI will be held in Kakamega County this September.
HEA_02998,Health,KEMSA reminds the public in Kericho County that access to subsidised dialysis is now available at designated centres.
HEA_02999,Health,Notice: a free medical camp organised by Ministry of Health will be held in Busia County this January.
HEA_03000,Health,Notice: a free medical camp organised by SHA (Social Health Authority) will be held in Lamu County this October.
HEA_03001,Health,CDC announces free medical camps for residents of Uasin Gishu County starting this December.
HEA_03002,Health,KEMRI advises residents of Bungoma County to visit the nearest Huduma Centre for assistance to access subsidised healthcare.
HEA_03003,Health,Ministry of Health - Reproductive Health Unit announces NHIF/SHA claims support for residents of Nairobi County starting this February.
HEA_03004,Health,SHA (Social Health Authority) announces eye and dental camps for residents of Trans Nzoia County starting this October.
HEA_03005,Health,Kenya Medical Association reminds the public in Samburu County that access to outpatient services is now available at designated centres.
HEA_03006,Health,Division of Disease Surveillance and Response advises residents of Meru County to carry a valid national ID when seeking treatment to access subsidised healthcare.
HEA_03007,Health,Notice: a free medical camp organised by KEMSA will be held in Nyamira County this July.
HEA_03008,Health,Notice: a free medical camp organised by Ministry of Health - Reproductive Health Unit will be held in Taita-Taveta County this March.
HEA_03009,Health,Notice: a free medical camp organised by Kenya Medical Association will be held in Tharaka-Nithi County this April.
HEA_03010,Health,Notice: a free medical camp organised by SHA (Social Health Authority) will be held in Kiambu County this August.
HEA_03011,Health,CDC announces subsidised dialysis for residents of Makueni County starting this January.
HEA_03012,Health,CDC announces NHIF/SHA claims support for residents of Tana River County starting this November.
HEA_03013,Health,KEMSA announces SHA registration for residents of Mombasa County starting this September.
HEA_03014,Health,Division of Disease Surveillance and Response announces SHA registration for residents of Samburu County starting this May.
HEA_03015,Health,Notice: a free medical camp organised by SHA (Social Health Authority) will be held in Meru County this April.
HEA_03016,Health,KEMSA reminds the public in Kericho County that access to NHIF/SHA claims support is now available at designated centres.
HEA_03017,Health,KEMSA announces subsidised dialysis for residents of Bungoma County starting this June.
HEA_03018,Health,Ministry of Health - Reproductive Health Unit advises residents of Nyamira County to visit the nearest Huduma Centre for assistance to access subsidised healthcare.
